[Midd4VCServer] Connected with result code 0
[Midd4VCServer] Server started and subscribed to topics.
[Midd4VCServer] Starting fault injection on broker...
[Midd4VCServer] job received: d61dc3d5-0cd4-49d3-ae0c-4899b83be3de
[Midd4VCServer] Vehicle registered: veh12
[Midd4VCServer] Assigning job d61dc3d5-0cd4-49d3-ae0c-4899b83be3de to vehicle veh12
[Midd4VCServer] job d61dc3d5-0cd4-49d3-ae0c-4899b83be3de completed by vehicle veh12
[Midd4VCServer] Vehicle registered: veh15
[Midd4VCServer] Vehicle registered: veh3
[Midd4VCServer] Vehicle registered: veh2
[Midd4VCServer] Vehicle registered: veh13
[Midd4VCServer] Vehicle registered: veh8
[Midd4VCServer] Vehicle registered: veh11
[Midd4VCServer] Vehicle registered: veh19
[Midd4VCServer] Vehicle registered: veh4
[Midd4VCServer] Vehicle registered: veh10
[Midd4VCServer] Disconnected with result code 7
[Midd4VCServer] Connected with result code 0
[Midd4VCServer] Disconnected with result code 0
[Midd4VCServer] Server stopped.
[Midd4VCServer] Connected with result code 0
[Midd4VCServer] Server started and subscribed to topics.
[Midd4VCServer] job received: 5458b268-9911-46b9-bd07-de62369f0598
[Midd4VCServer] Assigning job 5458b268-9911-46b9-bd07-de62369f0598 to vehicle veh15
[Midd4VCServer] Vehicle registered: veh25
[Midd4VCServer] job received: 345a17b0-c54d-4210-afc5-12e4261e960e
[Midd4VCServer] Assigning job 345a17b0-c54d-4210-afc5-12e4261e960e to vehicle veh3
[Midd4VCServer] job received: d3ac7231-b1ab-485a-9fec-a1033e8f39c4
[Midd4VCServer] Assigning job d3ac7231-b1ab-485a-9fec-a1033e8f39c4 to vehicle veh2
[Midd4VCServer] Vehicle registered: veh32
[Midd4VCServer] Vehicle registered: veh37
[Midd4VCServer] Vehicle registered: veh6
[Midd4VCServer] job received: c06bd165-edb5-4127-8512-f23fdf25f2f4
[Midd4VCServer] Assigning job c06bd165-edb5-4127-8512-f23fdf25f2f4 to vehicle veh13
[Midd4VCServer] job received: 660db36a-bffc-4c96-882c-75941af5bc2d
[Midd4VCServer] Assigning job 660db36a-bffc-4c96-882c-75941af5bc2d to vehicle veh8
[Midd4VCServer] Vehicle veh2 already registered.
[Midd4VCServer] Vehicle veh13 already registered.
[Midd4VCServer] Vehicle veh25 already registered.
[Midd4VCServer] Vehicle registered: veh34
[Midd4VCServer] job received: b9d3110c-25e4-470e-aecc-e23dc030f89f
[Midd4VCServer] Assigning job b9d3110c-25e4-470e-aecc-e23dc030f89f to vehicle veh11
[Midd4VCServer] job received: 11f865e5-dd78-409e-b67e-e788233a208f
[Midd4VCServer] Assigning job 11f865e5-dd78-409e-b67e-e788233a208f to vehicle veh19
[Midd4VCServer] job 11f865e5-dd78-409e-b67e-e788233a208f completed by vehicle veh19
[Midd4VCServer] job received: 485b54a9-4c0e-45d9-bf7a-2185b6003c24
[Midd4VCServer] Assigning job 485b54a9-4c0e-45d9-bf7a-2185b6003c24 to vehicle veh4
[Midd4VCServer] Vehicle registered: veh30
[Midd4VCServer] job received: 413cff5d-08fd-4d24-a50e-2275e8a0fb8b
[Midd4VCServer] Assigning job 413cff5d-08fd-4d24-a50e-2275e8a0fb8b to vehicle veh10
[Midd4VCServer] job 413cff5d-08fd-4d24-a50e-2275e8a0fb8b completed by vehicle veh10
[Midd4VCServer] Vehicle veh11 already registered.
[Midd4VCServer] Vehicle veh8 already registered.
[Midd4VCServer] job received: 246564d6-c281-46f7-a4b1-ae5bb3671a7c
[Midd4VCServer] Assigning job 246564d6-c281-46f7-a4b1-ae5bb3671a7c to vehicle veh25
[Midd4VCServer] Vehicle registered: veh40
[Midd4VCServer] Vehicle registered: veh18
[Midd4VCServer] Vehicle registered: veh23
[Midd4VCServer] Vehicle registered: veh16
[Midd4VCServer] job received: 4e9045fb-fc19-4d47-95b6-19215d2947e9
[Midd4VCServer] Assigning job 4e9045fb-fc19-4d47-95b6-19215d2947e9 to vehicle veh32
[Midd4VCServer] job 4e9045fb-fc19-4d47-95b6-19215d2947e9 completed by vehicle veh32
[Midd4VCServer] job received: b9efa013-a1f7-499a-9bb8-5b1fc04df2a4
[Midd4VCServer] Assigning job b9efa013-a1f7-499a-9bb8-5b1fc04df2a4 to vehicle veh37
[Midd4VCServer] job received: c3b1af69-f6b8-452b-aa3f-fa1143a110ad
[Midd4VCServer] Assigning job c3b1af69-f6b8-452b-aa3f-fa1143a110ad to vehicle veh6
[Midd4VCServer] job c3b1af69-f6b8-452b-aa3f-fa1143a110ad completed by vehicle veh6
[Midd4VCServer] job received: 51f07a8e-63ea-4bf7-899e-1c092dd5c33b
[Midd4VCServer] Assigning job 51f07a8e-63ea-4bf7-899e-1c092dd5c33b to vehicle veh34
[Midd4VCServer] job 51f07a8e-63ea-4bf7-899e-1c092dd5c33b completed by vehicle veh34
[Midd4VCServer] job received: 85e15a49-4184-4b9e-a2a0-37dce49478df
[Midd4VCServer] Assigning job 85e15a49-4184-4b9e-a2a0-37dce49478df to vehicle veh30
[Midd4VCServer] job 85e15a49-4184-4b9e-a2a0-37dce49478df completed by vehicle veh30
[Midd4VCServer] job received: e147957d-9c95-47b4-a717-77cf3a70fc10
[Midd4VCServer] Assigning job e147957d-9c95-47b4-a717-77cf3a70fc10 to vehicle veh40
[Midd4VCServer] job e147957d-9c95-47b4-a717-77cf3a70fc10 completed by vehicle veh40
[Midd4VCServer] job received: 7e10c93c-33de-497a-a64c-9868a8ce6467
[Midd4VCServer] Assigning job 7e10c93c-33de-497a-a64c-9868a8ce6467 to vehicle veh18
[Midd4VCServer] job 7e10c93c-33de-497a-a64c-9868a8ce6467 completed by vehicle veh18
[Midd4VCServer] job received: 655ca608-c7e1-4eba-8cb2-bb30e97f4eb1
[Midd4VCServer] Assigning job 655ca608-c7e1-4eba-8cb2-bb30e97f4eb1 to vehicle veh23
[Midd4VCServer] Vehicle registered: veh5
[Midd4VCServer] Vehicle veh25 already registered.
[Midd4VCServer] Vehicle veh12 already registered.
[Midd4VCServer] job received: f20ddfa8-5dd8-4215-8dab-02ac9c72ac15
[Midd4VCServer] Assigning job f20ddfa8-5dd8-4215-8dab-02ac9c72ac15 to vehicle veh16
[Midd4VCServer] job received: 61fc631f-e223-4877-bed8-e0c30cf7175b
[Midd4VCServer] Assigning job 61fc631f-e223-4877-bed8-e0c30cf7175b to vehicle veh5
[Midd4VCServer] job 61fc631f-e223-4877-bed8-e0c30cf7175b completed by vehicle veh5
[Midd4VCServer] Vehicle veh16 already registered.
[Midd4VCServer] Vehicle veh4 already registered.
[Midd4VCServer] job received: 09cc8ef7-98c3-44a0-b397-ef2b26de4266
[Midd4VCServer] Assigning job 09cc8ef7-98c3-44a0-b397-ef2b26de4266 to vehicle veh12
[Midd4VCServer] job 09cc8ef7-98c3-44a0-b397-ef2b26de4266 completed by vehicle veh12
[Midd4VCServer] Vehicle veh6 already registered.
[Midd4VCServer] job received: f4800a32-1f5b-45fc-9f49-bce059e2b494
[Midd4VCServer] Assigning job f4800a32-1f5b-45fc-9f49-bce059e2b494 to vehicle veh19
[Midd4VCServer] Vehicle veh18 already registered.
[Midd4VCServer] Vehicle registered: veh9
[Midd4VCServer] job received: ca476cac-b931-4fad-81dd-f52bca5bd936
[Midd4VCServer] Assigning job ca476cac-b931-4fad-81dd-f52bca5bd936 to vehicle veh9
[Midd4VCServer] job ca476cac-b931-4fad-81dd-f52bca5bd936 completed by vehicle veh9
[Midd4VCServer] Vehicle registered: veh39
[Midd4VCServer] job received: fd9f5f6f-8b63-45e0-bce9-c4ded131d7df
[Midd4VCServer] Assigning job fd9f5f6f-8b63-45e0-bce9-c4ded131d7df to vehicle veh39
[Midd4VCServer] job fd9f5f6f-8b63-45e0-bce9-c4ded131d7df completed by vehicle veh39
[Midd4VCServer] Vehicle registered: veh36
[Midd4VCServer] job received: d19e36f1-d03a-4674-95ea-f2a396fd3f80
[Midd4VCServer] Assigning job d19e36f1-d03a-4674-95ea-f2a396fd3f80 to vehicle veh36
[Midd4VCServer] job d19e36f1-d03a-4674-95ea-f2a396fd3f80 completed by vehicle veh36
[Midd4VCServer] Vehicle veh23 already registered.
[Midd4VCServer] job received: e23347a4-b299-4453-9947-fac8053308f5
[Midd4VCServer] Assigning job e23347a4-b299-4453-9947-fac8053308f5 to vehicle veh10
[Midd4VCServer] Vehicle registered: veh26
[Midd4VCServer] job received: f9da4367-329c-4f2a-a49d-d2147894b940
[Midd4VCServer] Assigning job f9da4367-329c-4f2a-a49d-d2147894b940 to vehicle veh26
[Midd4VCServer] job f9da4367-329c-4f2a-a49d-d2147894b940 completed by vehicle veh26
[Midd4VCServer] job received: e40eea0e-7516-44d9-8329-27bc41bf2e5b
[Midd4VCServer] Assigning job e40eea0e-7516-44d9-8329-27bc41bf2e5b to vehicle veh32
[Midd4VCServer] Vehicle registered: veh20
[Midd4VCServer] job received: 0b60f31b-ab4d-4744-af7a-0476d2c9f795
[Midd4VCServer] Assigning job 0b60f31b-ab4d-4744-af7a-0476d2c9f795 to vehicle veh20
[Midd4VCServer] job 0b60f31b-ab4d-4744-af7a-0476d2c9f795 completed by vehicle veh20
[Midd4VCServer] job received: a0b8d295-e2d4-4267-869c-291862970776
[Midd4VCServer] Assigning job a0b8d295-e2d4-4267-869c-291862970776 to vehicle veh6
[Midd4VCServer] job a0b8d295-e2d4-4267-869c-291862970776 completed by vehicle veh6
[Midd4VCServer] Vehicle veh9 already registered.
[Midd4VCServer] Vehicle veh16 already registered.
[Midd4VCServer] job received: 1fb17743-7499-496e-8524-862b4b057d86
[Midd4VCServer] Assigning job 1fb17743-7499-496e-8524-862b4b057d86 to vehicle veh34
[Midd4VCServer] Vehicle veh5 already registered.
[Midd4VCServer] Vehicle veh3 already registered.
[Midd4VCServer] job received: 886565b0-f20a-4637-a87b-bbb9b79fcaf3
[Midd4VCServer] Assigning job 886565b0-f20a-4637-a87b-bbb9b79fcaf3 to vehicle veh30
[Midd4VCServer] Vehicle veh40 already registered.
[Midd4VCServer] Vehicle veh32 already registered.
[Midd4VCServer] job received: b6f54132-f61b-4393-af1c-cc1bf296e342
[Midd4VCServer] Assigning job b6f54132-f61b-4393-af1c-cc1bf296e342 to vehicle veh40
[Midd4VCServer] job b6f54132-f61b-4393-af1c-cc1bf296e342 completed by vehicle veh40
[Midd4VCServer] job received: c76061f1-4d9c-49fe-85d8-5e3caaf4d2d2
[Midd4VCServer] Assigning job c76061f1-4d9c-49fe-85d8-5e3caaf4d2d2 to vehicle veh18
[Midd4VCServer] job received: 564d9402-6d93-4ca0-8810-b6aab747751f
[Midd4VCServer] Assigning job 564d9402-6d93-4ca0-8810-b6aab747751f to vehicle veh5
[Midd4VCServer] job 564d9402-6d93-4ca0-8810-b6aab747751f completed by vehicle veh5
[Midd4VCServer] job received: c4fc6f6c-71a0-4c22-b984-4d300a627b66
[Midd4VCServer] Assigning job c4fc6f6c-71a0-4c22-b984-4d300a627b66 to vehicle veh9
[Midd4VCServer] job c4fc6f6c-71a0-4c22-b984-4d300a627b66 completed by vehicle veh9
[Midd4VCServer] Vehicle veh16 already registered.
[Midd4VCServer] job received: 34b0c995-bf8e-4b5e-b9b8-bd5e8d938682
[Midd4VCServer] Assigning job 34b0c995-bf8e-4b5e-b9b8-bd5e8d938682 to vehicle veh39
[Midd4VCServer] Vehicle veh26 already registered.
[Midd4VCServer] Vehicle veh37 already registered.
[Midd4VCServer] Vehicle veh34 already registered.
[Midd4VCServer] job received: fc97bf3a-0a23-43d6-8dce-4d8b55cf3376
[Midd4VCServer] Assigning job fc97bf3a-0a23-43d6-8dce-4d8b55cf3376 to vehicle veh36
[Midd4VCServer] job fc97bf3a-0a23-43d6-8dce-4d8b55cf3376 completed by vehicle veh36
[Midd4VCServer] job received: 48cafa93-0902-48c1-9228-3b05ca94a438
[Midd4VCServer] Assigning job 48cafa93-0902-48c1-9228-3b05ca94a438 to vehicle veh26
[Midd4VCServer] job 48cafa93-0902-48c1-9228-3b05ca94a438 completed by vehicle veh26
[Midd4VCServer] Vehicle registered: veh33
[Midd4VCServer] job received: 3e51bd19-384a-4cce-a390-547809c48c30
[Midd4VCServer] Assigning job 3e51bd19-384a-4cce-a390-547809c48c30 to vehicle veh33
[Midd4VCServer] job 3e51bd19-384a-4cce-a390-547809c48c30 completed by vehicle veh33
[Midd4VCServer] job received: 325b547a-fece-47da-9c17-b2c0dd32103c
[Midd4VCServer] Assigning job 325b547a-fece-47da-9c17-b2c0dd32103c to vehicle veh20
[Midd4VCServer] Vehicle registered: veh1
[Midd4VCServer] Vehicle veh6 already registered.
[Midd4VCServer] Disconnected with result code 0
[Midd4VCServer] Server stopped.
[Midd4VCServer] Connected with result code 0
[Midd4VCServer] Server started and subscribed to topics.
[Midd4VCServer] job received: a907ba14-3dc4-487a-9562-0be4898b10db
[Midd4VC] Job 5458b268-9911-46b9-bd07-de62369f0598 timed out. Re-enqueueing.
[Midd4VC] Job 345a17b0-c54d-4210-afc5-12e4261e960e timed out. Re-enqueueing.
[Midd4VC] Job d3ac7231-b1ab-485a-9fec-a1033e8f39c4 timed out. Re-enqueueing.
[Midd4VC] Job c06bd165-edb5-4127-8512-f23fdf25f2f4 timed out. Re-enqueueing.
[Midd4VC] Job 660db36a-bffc-4c96-882c-75941af5bc2d timed out. Re-enqueueing.
[Midd4VCServer] Assigning job 660db36a-bffc-4c96-882c-75941af5bc2d to vehicle veh15
[Midd4VCServer] Assigning job c06bd165-edb5-4127-8512-f23fdf25f2f4 to vehicle veh3
[Midd4VCServer] Assigning job d3ac7231-b1ab-485a-9fec-a1033e8f39c4 to vehicle veh2
[Midd4VCServer] Assigning job 345a17b0-c54d-4210-afc5-12e4261e960e to vehicle veh13
[Midd4VCServer] Assigning job 5458b268-9911-46b9-bd07-de62369f0598 to vehicle veh8
[Midd4VCServer] Assigning job a907ba14-3dc4-487a-9562-0be4898b10db to vehicle veh1
[Midd4VCServer] job 660db36a-bffc-4c96-882c-75941af5bc2d completed by vehicle veh15
[Midd4VCServer] job a907ba14-3dc4-487a-9562-0be4898b10db completed by vehicle veh1
[Midd4VCServer] job c06bd165-edb5-4127-8512-f23fdf25f2f4 completed by vehicle veh3
[Midd4VCServer] Vehicle veh20 already registered.
[Midd4VCServer] job received: b85f8c66-98cb-4cf2-a334-649dc03febab
[Midd4VC] Job b9d3110c-25e4-470e-aecc-e23dc030f89f timed out. Re-enqueueing.
[Midd4VCServer] Assigning job b9d3110c-25e4-470e-aecc-e23dc030f89f to vehicle veh11
[Midd4VCServer] Assigning job b85f8c66-98cb-4cf2-a334-649dc03febab to vehicle veh15
[Midd4VCServer] job b85f8c66-98cb-4cf2-a334-649dc03febab completed by vehicle veh15
[Midd4VCServer] Vehicle veh15 already registered.
[Midd4VCServer] Vehicle veh5 already registered.
[Midd4VCServer] job received: 830df641-8793-4012-995f-147be8071061
[Midd4VC] Job 485b54a9-4c0e-45d9-bf7a-2185b6003c24 timed out. Re-enqueueing.
[Midd4VCServer] Assigning job 485b54a9-4c0e-45d9-bf7a-2185b6003c24 to vehicle veh4
[Midd4VCServer] Assigning job 830df641-8793-4012-995f-147be8071061 to vehicle veh3
[Midd4VCServer] job received: 9023550a-6736-4a8c-9fca-daeb15f547d0
[Midd4VCServer] Assigning job 9023550a-6736-4a8c-9fca-daeb15f547d0 to vehicle veh33
[Midd4VCServer] job received: 116889e8-9551-44bd-8e87-4eed493d20e9
[Midd4VCServer] Assigning job 116889e8-9551-44bd-8e87-4eed493d20e9 to vehicle veh1
[Midd4VCServer] job 116889e8-9551-44bd-8e87-4eed493d20e9 completed by vehicle veh1
[Midd4VCServer] Vehicle veh23 already registered.
[Midd4VCServer] job received: 7a46d25c-3cbf-4ac5-ae7d-854d85b70c6f
[Midd4VCServer] Assigning job 7a46d25c-3cbf-4ac5-ae7d-854d85b70c6f to vehicle veh12
[Midd4VCServer] job received: bc5f1b9f-615a-4153-9ed0-c89d8a9873f1
[Midd4VCServer] Assigning job bc5f1b9f-615a-4153-9ed0-c89d8a9873f1 to vehicle veh15
[Midd4VCServer] job bc5f1b9f-615a-4153-9ed0-c89d8a9873f1 completed by vehicle veh15
[Midd4VCServer] Vehicle veh4 already registered.
[Midd4VCServer] Vehicle registered: veh28
[Midd4VCServer] job received: 27a2032f-3908-4d29-9cf2-2aaca866b40d
[Midd4VC] Job 246564d6-c281-46f7-a4b1-ae5bb3671a7c timed out. Re-enqueueing.
[Midd4VCServer] Assigning job 246564d6-c281-46f7-a4b1-ae5bb3671a7c to vehicle veh25
[Midd4VCServer] Assigning job 27a2032f-3908-4d29-9cf2-2aaca866b40d to vehicle veh28
[Midd4VCServer] job 27a2032f-3908-4d29-9cf2-2aaca866b40d completed by vehicle veh28
[Midd4VCServer] job received: fc606af4-d1da-4727-8658-31dd09dd50a6
[Midd4VCServer] Assigning job fc606af4-d1da-4727-8658-31dd09dd50a6 to vehicle veh28
[Midd4VCServer] job fc606af4-d1da-4727-8658-31dd09dd50a6 completed by vehicle veh28
[Midd4VCServer] Vehicle registered: veh21
[Midd4VCServer] Vehicle veh34 already registered.
[Midd4VCServer] Vehicle veh18 already registered.
[Midd4VCServer] job received: 5996070d-c4d2-40ca-8646-0f350764fde6
[Midd4VCServer] Assigning job 5996070d-c4d2-40ca-8646-0f350764fde6 to vehicle veh21
[Midd4VCServer] job 5996070d-c4d2-40ca-8646-0f350764fde6 completed by vehicle veh21
[Midd4VCServer] job received: 2a766108-20be-4a4d-9f4f-d9ffc6d3a876
[Midd4VCServer] Assigning job 2a766108-20be-4a4d-9f4f-d9ffc6d3a876 to vehicle veh21
[Midd4VCServer] job 2a766108-20be-4a4d-9f4f-d9ffc6d3a876 completed by vehicle veh21
[Midd4VCServer] Vehicle veh32 already registered.
[Midd4VCServer] job received: 82ea652c-d0e6-448c-afa6-892aef587895
[Midd4VCServer] Assigning job 82ea652c-d0e6-448c-afa6-892aef587895 to vehicle veh6
[Midd4VCServer] Vehicle registered: veh14
[Midd4VC] Job b9efa013-a1f7-499a-9bb8-5b1fc04df2a4 timed out. Re-enqueueing.
[Midd4VCServer] Assigning job b9efa013-a1f7-499a-9bb8-5b1fc04df2a4 to vehicle veh37
[Midd4VCServer] job b9efa013-a1f7-499a-9bb8-5b1fc04df2a4 completed by vehicle veh37
[Midd4VCServer] job received: 6f3a772f-d919-4171-8306-ef39f8ebe623
[Midd4VCServer] Assigning job 6f3a772f-d919-4171-8306-ef39f8ebe623 to vehicle veh14
[Midd4VCServer] job 6f3a772f-d919-4171-8306-ef39f8ebe623 completed by vehicle veh14
[Midd4VCServer] job received: 07519965-d9da-409d-b2c1-c7d8eceaaf6b
[Midd4VCServer] Assigning job 07519965-d9da-409d-b2c1-c7d8eceaaf6b to vehicle veh37
[Midd4VCServer] job 07519965-d9da-409d-b2c1-c7d8eceaaf6b completed by vehicle veh37
[Midd4VCServer] Vehicle veh39 already registered.
[Midd4VCServer] Vehicle veh30 already registered.
[Midd4VCServer] Vehicle veh16 already registered.
[Midd4VCServer] Vehicle veh25 already registered.
[Midd4VCServer] Vehicle registered: veh27
[Midd4VC] Job 655ca608-c7e1-4eba-8cb2-bb30e97f4eb1 timed out. Re-enqueueing.
[Midd4VCServer] Assigning job 655ca608-c7e1-4eba-8cb2-bb30e97f4eb1 to vehicle veh23
[Midd4VCServer] job 655ca608-c7e1-4eba-8cb2-bb30e97f4eb1 completed by vehicle veh23
[Midd4VCServer] Vehicle veh18 already registered.
[Midd4VCServer] job received: 95493aec-00c4-47f4-b781-2de990eefe55
[Midd4VC] Job f20ddfa8-5dd8-4215-8dab-02ac9c72ac15 timed out. Re-enqueueing.
[Midd4VCServer] Assigning job f20ddfa8-5dd8-4215-8dab-02ac9c72ac15 to vehicle veh16
[Midd4VCServer] Assigning job 95493aec-00c4-47f4-b781-2de990eefe55 to vehicle veh27
[Midd4VCServer] job 95493aec-00c4-47f4-b781-2de990eefe55 completed by vehicle veh27
[Midd4VCServer] job f20ddfa8-5dd8-4215-8dab-02ac9c72ac15 completed by vehicle veh16
[Midd4VCServer] Vehicle veh11 already registered.
[Midd4VCServer] job received: c2a3e389-1513-4b74-bf14-cfdc8cfd3bfc
[Midd4VCServer] Assigning job c2a3e389-1513-4b74-bf14-cfdc8cfd3bfc to vehicle veh23
[Midd4VCServer] job c2a3e389-1513-4b74-bf14-cfdc8cfd3bfc completed by vehicle veh23
[Midd4VCServer] Vehicle registered: veh29
[Midd4VCServer] job received: 77fc7c4c-df95-43f2-a666-ecc6cc3f5efd
[Midd4VCServer] Assigning job 77fc7c4c-df95-43f2-a666-ecc6cc3f5efd to vehicle veh29
[Midd4VCServer] job 77fc7c4c-df95-43f2-a666-ecc6cc3f5efd completed by vehicle veh29
[Midd4VCServer] job received: eb283c15-3856-4d6c-8dae-8d9288c374c2
[Midd4VCServer] Assigning job eb283c15-3856-4d6c-8dae-8d9288c374c2 to vehicle veh16
[Midd4VCServer] job eb283c15-3856-4d6c-8dae-8d9288c374c2 completed by vehicle veh16
[Midd4VCServer] job received: e4aadd29-154a-475a-a204-01983efccb02
[Midd4VCServer] Assigning job e4aadd29-154a-475a-a204-01983efccb02 to vehicle veh14
[Midd4VCServer] Vehicle registered: veh17
[Midd4VCServer] Vehicle veh28 already registered.
[Midd4VCServer] Vehicle registered: veh7
[Midd4VCServer] Vehicle veh19 already registered.
[Midd4VCServer] job received: 6e0b967c-c48b-454c-9177-759e58b8ee05
[Midd4VCServer] Assigning job 6e0b967c-c48b-454c-9177-759e58b8ee05 to vehicle veh17
[Midd4VCServer] job 6e0b967c-c48b-454c-9177-759e58b8ee05 completed by vehicle veh17
[Midd4VCServer] Vehicle registered: veh24
[Midd4VC] Job f4800a32-1f5b-45fc-9f49-bce059e2b494 timed out. Re-enqueueing.
[Midd4VCServer] Assigning job f4800a32-1f5b-45fc-9f49-bce059e2b494 to vehicle veh7
[Midd4VCServer] job f4800a32-1f5b-45fc-9f49-bce059e2b494 completed by vehicle veh7
[Midd4VCServer] job received: 0f2e41fd-b99a-4356-907c-cbcc6b3c68f8
[Midd4VCServer] Assigning job 0f2e41fd-b99a-4356-907c-cbcc6b3c68f8 to vehicle veh24
[Midd4VCServer] job 0f2e41fd-b99a-4356-907c-cbcc6b3c68f8 completed by vehicle veh24
[Midd4VCServer] Vehicle registered: veh38
[Midd4VCServer] job received: 11bd6efe-af5d-4f98-ae2d-5a724aa28f44
[Midd4VC] Job e23347a4-b299-4453-9947-fac8053308f5 timed out. Re-enqueueing.
[Midd4VCServer] Assigning job e23347a4-b299-4453-9947-fac8053308f5 to vehicle veh38
[Midd4VCServer] Assigning job 11bd6efe-af5d-4f98-ae2d-5a724aa28f44 to vehicle veh19
[Midd4VCServer] job e23347a4-b299-4453-9947-fac8053308f5 completed by vehicle veh38
[Midd4VCServer] job 11bd6efe-af5d-4f98-ae2d-5a724aa28f44 completed by vehicle veh19
[Midd4VCServer] Vehicle veh30 already registered.
[Midd4VCServer] job received: f6ec15bf-e2c5-40f9-97e7-392073725471
[Midd4VCServer] Assigning job f6ec15bf-e2c5-40f9-97e7-392073725471 to vehicle veh10
[Midd4VCServer] Vehicle registered: veh35
[Midd4VCServer] job received: 227832b4-3df1-43bb-8d77-d79cc9d4385f
[Midd4VC] Job e40eea0e-7516-44d9-8329-27bc41bf2e5b timed out. Re-enqueueing.
[Midd4VCServer] Assigning job e40eea0e-7516-44d9-8329-27bc41bf2e5b to vehicle veh35
[Midd4VCServer] Assigning job 227832b4-3df1-43bb-8d77-d79cc9d4385f to vehicle veh32
[Midd4VCServer] job e40eea0e-7516-44d9-8329-27bc41bf2e5b completed by vehicle veh35
[Midd4VCServer] job received: b2bc5d08-8381-4b50-a8e9-d8a47c084de3
[Midd4VCServer] Assigning job b2bc5d08-8381-4b50-a8e9-d8a47c084de3 to vehicle veh27
[Midd4VCServer] job received: 6bd00c54-b9fd-4279-b1b8-ddffa77d75ea
[Midd4VCServer] Assigning job 6bd00c54-b9fd-4279-b1b8-ddffa77d75ea to vehicle veh29
[Midd4VCServer] job 6bd00c54-b9fd-4279-b1b8-ddffa77d75ea completed by vehicle veh29
[Midd4VCServer] job received: a9593c68-8067-4f99-9098-5bfeeda232d1
[Midd4VCServer] Assigning job a9593c68-8067-4f99-9098-5bfeeda232d1 to vehicle veh17
[Midd4VCServer] job a9593c68-8067-4f99-9098-5bfeeda232d1 completed by vehicle veh17
[Midd4VCServer] Vehicle veh19 already registered.
[Midd4VCServer] job received: dae80d0d-fecf-4aad-a44d-de2ad8bd0acb
[Midd4VCServer] Assigning job dae80d0d-fecf-4aad-a44d-de2ad8bd0acb to vehicle veh7
[Midd4VCServer] Vehicle veh23 already registered.
[Midd4VCServer] job received: f7c0170a-899e-407e-b988-aecf444a5ade
[Midd4VC] Job 1fb17743-7499-496e-8524-862b4b057d86 timed out. Re-enqueueing.
[Midd4VC] Job 886565b0-f20a-4637-a87b-bbb9b79fcaf3 timed out. Re-enqueueing.
[Midd4VCServer] Assigning job 886565b0-f20a-4637-a87b-bbb9b79fcaf3 to vehicle veh34
[Midd4VCServer] Assigning job 1fb17743-7499-496e-8524-862b4b057d86 to vehicle veh30
[Midd4VCServer] Assigning job f7c0170a-899e-407e-b988-aecf444a5ade to vehicle veh24
[Midd4VCServer] job 1fb17743-7499-496e-8524-862b4b057d86 completed by vehicle veh30
[Midd4VCServer] job f7c0170a-899e-407e-b988-aecf444a5ade completed by vehicle veh24
[Midd4VCServer] job received: 6061de85-871b-4bbe-a035-81c77b407f15
[Midd4VC] Job c76061f1-4d9c-49fe-85d8-5e3caaf4d2d2 timed out. Re-enqueueing.
[Midd4VCServer] Assigning job c76061f1-4d9c-49fe-85d8-5e3caaf4d2d2 to vehicle veh18
[Midd4VCServer] Assigning job 6061de85-871b-4bbe-a035-81c77b407f15 to vehicle veh38
[Midd4VCServer] job 6061de85-871b-4bbe-a035-81c77b407f15 completed by vehicle veh38
[Midd4VCServer] Vehicle veh1 already registered.
[Midd4VCServer] Vehicle veh40 already registered.
[Midd4VCServer] Vehicle veh38 already registered.
[Midd4VCServer] job received: dcd49d0e-420f-4387-a740-eeb72307223f
[Midd4VCServer] Assigning job dcd49d0e-420f-4387-a740-eeb72307223f to vehicle veh35
[Midd4VCServer] job received: 63be851c-8f85-42d9-9962-c576f9342302
[Midd4VC] Job 34b0c995-bf8e-4b5e-b9b8-bd5e8d938682 timed out. Re-enqueueing.
[Midd4VCServer] Assigning job 34b0c995-bf8e-4b5e-b9b8-bd5e8d938682 to vehicle veh39
[Midd4VCServer] Assigning job 63be851c-8f85-42d9-9962-c576f9342302 to vehicle veh19
[Midd4VCServer] job 63be851c-8f85-42d9-9962-c576f9342302 completed by vehicle veh19
[Midd4VCServer] Vehicle veh9 already registered.
[Midd4VCServer] job received: 258d6ddb-781c-4ad1-adc5-74f1fc1b4ea3
[Midd4VCServer] Assigning job 258d6ddb-781c-4ad1-adc5-74f1fc1b4ea3 to vehicle veh37
[Midd4VCServer] Vehicle registered: veh31
[Midd4VCServer] job received: 126f3b23-0086-4eb9-9028-b08685957b6b
[Midd4VCServer] Assigning job 126f3b23-0086-4eb9-9028-b08685957b6b to vehicle veh31
[Midd4VCServer] job 126f3b23-0086-4eb9-9028-b08685957b6b completed by vehicle veh31
[Midd4VCServer] Vehicle veh15 already registered.
[Midd4VCServer] job received: a6b62f99-bf7d-42fb-a09d-b5e205979fe9
[Midd4VCServer] Assigning job a6b62f99-bf7d-42fb-a09d-b5e205979fe9 to vehicle veh31
[Midd4VCServer] job a6b62f99-bf7d-42fb-a09d-b5e205979fe9 completed by vehicle veh31
[Midd4VCServer] job received: 32122e61-15a5-48df-8d42-bb12d04644c8
[Midd4VCServer] Assigning job 32122e61-15a5-48df-8d42-bb12d04644c8 to vehicle veh30
[Midd4VCServer] job 32122e61-15a5-48df-8d42-bb12d04644c8 completed by vehicle veh30
[Midd4VCServer] Vehicle veh33 already registered.
[Midd4VCServer] job received: 0e2c905e-bfca-4f91-891e-e131c72dec97
[Midd4VCServer] Assigning job 0e2c905e-bfca-4f91-891e-e131c72dec97 to vehicle veh40
[Midd4VCServer] job 0e2c905e-bfca-4f91-891e-e131c72dec97 completed by vehicle veh40
[Midd4VCServer] Vehicle veh32 already registered.
[Midd4VCServer] Vehicle veh10 already registered.
[Midd4VCServer] job received: ceb502cc-77d0-4630-b3e8-63ab4fdf7568
[Midd4VC] Job 325b547a-fece-47da-9c17-b2c0dd32103c timed out. Re-enqueueing.
[Midd4VCServer] Assigning job 325b547a-fece-47da-9c17-b2c0dd32103c to vehicle veh20
[Midd4VCServer] Assigning job ceb502cc-77d0-4630-b3e8-63ab4fdf7568 to vehicle veh23
[Midd4VCServer] job 325b547a-fece-47da-9c17-b2c0dd32103c completed by vehicle veh20
[Midd4VCServer] job received: c0643cb7-2eb6-4a4c-9f3f-f2c8cd82f617
[Midd4VCServer] Assigning job c0643cb7-2eb6-4a4c-9f3f-f2c8cd82f617 to vehicle veh16
[Midd4VCServer] job received: f23827e5-20e1-48ec-abc7-637aa7c62b3c
[Midd4VCServer] Assigning job f23827e5-20e1-48ec-abc7-637aa7c62b3c to vehicle veh5
[Midd4VCServer] Vehicle registered: veh22
[Midd4VCServer] Vehicle veh20 already registered.
[Midd4VCServer] job received: 0592de34-8a78-4b49-9018-658fe109f247
[Midd4VC] Job d3ac7231-b1ab-485a-9fec-a1033e8f39c4 timed out. Re-enqueueing.
[Midd4VC] Job 345a17b0-c54d-4210-afc5-12e4261e960e timed out. Re-enqueueing.
[Midd4VC] Job 5458b268-9911-46b9-bd07-de62369f0598 timed out. Re-enqueueing.
[Midd4VCServer] Assigning job 5458b268-9911-46b9-bd07-de62369f0598 to vehicle veh2
[Midd4VCServer] Assigning job 345a17b0-c54d-4210-afc5-12e4261e960e to vehicle veh13
[Midd4VCServer] Assigning job d3ac7231-b1ab-485a-9fec-a1033e8f39c4 to vehicle veh8
[Midd4VCServer] Assigning job 0592de34-8a78-4b49-9018-658fe109f247 to vehicle veh22
[Midd4VCServer] job 345a17b0-c54d-4210-afc5-12e4261e960e completed by vehicle veh13
[Midd4VCServer] job 0592de34-8a78-4b49-9018-658fe109f247 completed by vehicle veh22
[Midd4VCServer] Vehicle veh13 already registered.
[Midd4VCServer] job received: b365e640-ba71-4487-8781-dbcc69d367fc
[Midd4VC] Job b9d3110c-25e4-470e-aecc-e23dc030f89f timed out. Re-enqueueing.
[Midd4VCServer] Assigning job b9d3110c-25e4-470e-aecc-e23dc030f89f to vehicle veh11
[Midd4VCServer] Assigning job b365e640-ba71-4487-8781-dbcc69d367fc to vehicle veh13
[Midd4VCServer] job b9d3110c-25e4-470e-aecc-e23dc030f89f completed by vehicle veh11
[Midd4VCServer] job b365e640-ba71-4487-8781-dbcc69d367fc completed by vehicle veh13
[Midd4VCServer] Vehicle veh11 already registered.
[Midd4VCServer] Vehicle veh16 already registered.
[Midd4VCServer] job received: aecdfee3-f87a-40fa-8ac6-5855b085ecfa
[Midd4VCServer] Assigning job aecdfee3-f87a-40fa-8ac6-5855b085ecfa to vehicle veh11
[Midd4VCServer] job aecdfee3-f87a-40fa-8ac6-5855b085ecfa completed by vehicle veh11
[Midd4VCServer] job received: 8fa988fb-019c-4f9e-898f-25297a2b827e
[Midd4VCServer] Assigning job 8fa988fb-019c-4f9e-898f-25297a2b827e to vehicle veh22
[Midd4VCServer] job 8fa988fb-019c-4f9e-898f-25297a2b827e completed by vehicle veh22
[Midd4VCServer] Vehicle veh23 already registered.
[Midd4VCServer] job received: 05624c9e-075d-4cae-89f2-174acf2f0957
[Midd4VC] Job 485b54a9-4c0e-45d9-bf7a-2185b6003c24 timed out. Re-enqueueing.
[Midd4VC] Job 830df641-8793-4012-995f-147be8071061 timed out. Re-enqueueing.
[Midd4VCServer] Assigning job 830df641-8793-4012-995f-147be8071061 to vehicle veh4
[Midd4VCServer] Assigning job 485b54a9-4c0e-45d9-bf7a-2185b6003c24 to vehicle veh3
[Midd4VCServer] Assigning job 05624c9e-075d-4cae-89f2-174acf2f0957 to vehicle veh13
[Midd4VCServer] job 05624c9e-075d-4cae-89f2-174acf2f0957 completed by vehicle veh13
[Midd4VCServer] job received: 89d61e9c-a39a-44e4-a0e2-7e23d34a4023
[Midd4VC] Job 9023550a-6736-4a8c-9fca-daeb15f547d0 timed out. Re-enqueueing.
[Midd4VCServer] Assigning job 9023550a-6736-4a8c-9fca-daeb15f547d0 to vehicle veh33
[Midd4VCServer] Assigning job 89d61e9c-a39a-44e4-a0e2-7e23d34a4023 to vehicle veh11
[Midd4VCServer] job 9023550a-6736-4a8c-9fca-daeb15f547d0 completed by vehicle veh33
[Midd4VCServer] job 89d61e9c-a39a-44e4-a0e2-7e23d34a4023 completed by vehicle veh11
[Midd4VCServer] Vehicle veh6 already registered.
[Midd4VCServer] Vehicle veh40 already registered.
[Midd4VCServer] Vehicle veh12 already registered.
[Midd4VCServer] Vehicle veh25 already registered.
[Midd4VCServer] Vehicle veh34 already registered.
[Midd4VCServer] job received: ee2d178e-e7d9-41f3-9622-16d4708b9c93
[Midd4VC] Job 7a46d25c-3cbf-4ac5-ae7d-854d85b70c6f timed out. Re-enqueueing.
[Midd4VC] Job 246564d6-c281-46f7-a4b1-ae5bb3671a7c timed out. Re-enqueueing.
[Midd4VCServer] Assigning job 246564d6-c281-46f7-a4b1-ae5bb3671a7c to vehicle veh25
[Midd4VCServer] Assigning job 7a46d25c-3cbf-4ac5-ae7d-854d85b70c6f to vehicle veh12
[Midd4VCServer] Assigning job ee2d178e-e7d9-41f3-9622-16d4708b9c93 to vehicle veh9
[Midd4VCServer] job 246564d6-c281-46f7-a4b1-ae5bb3671a7c completed by vehicle veh25
[Midd4VCServer] job 7a46d25c-3cbf-4ac5-ae7d-854d85b70c6f completed by vehicle veh12
[Midd4VCServer] Vehicle veh4 already registered.
[Midd4VCServer] job received: 56f71e2a-e6d2-4f86-b6de-c98b45ba7c8f
[Midd4VCServer] Assigning job 56f71e2a-e6d2-4f86-b6de-c98b45ba7c8f to vehicle veh25
[Midd4VCServer] job 56f71e2a-e6d2-4f86-b6de-c98b45ba7c8f completed by vehicle veh25
[Midd4VCServer] job received: da8eff7d-b193-4480-bb79-68332e02de1a
[Midd4VCServer] Assigning job da8eff7d-b193-4480-bb79-68332e02de1a to vehicle veh25
[Midd4VCServer] job da8eff7d-b193-4480-bb79-68332e02de1a completed by vehicle veh25
[Midd4VCServer] job received: 9cd81048-283c-4f20-b113-8732d93e4879
[Midd4VC] Job 82ea652c-d0e6-448c-afa6-892aef587895 timed out. Re-enqueueing.
[Midd4VCServer] Assigning job 82ea652c-d0e6-448c-afa6-892aef587895 to vehicle veh6
[Midd4VCServer] Assigning job 9cd81048-283c-4f20-b113-8732d93e4879 to vehicle veh36
[Midd4VCServer] job 82ea652c-d0e6-448c-afa6-892aef587895 completed by vehicle veh6
[Midd4VCServer] Vehicle veh14 already registered.
[Midd4VCServer] job received: e70ff247-3d9b-4201-ac74-1f4bada908ab
[Midd4VCServer] Assigning job e70ff247-3d9b-4201-ac74-1f4bada908ab to vehicle veh26
[Midd4VCServer] Vehicle veh27 already registered.
[Midd4VCServer] Vehicle veh40 already registered.
[Midd4VCServer] job received: 4bd85a90-a662-4439-8de9-f18778b1edc4
[Midd4VCServer] Assigning job 4bd85a90-a662-4439-8de9-f18778b1edc4 to vehicle veh20
[Midd4VCServer] job received: 76ca44c7-af25-443a-9a1d-c8726854d420
[Midd4VCServer] Assigning job 76ca44c7-af25-443a-9a1d-c8726854d420 to vehicle veh33
[Midd4VCServer] job received: 5f250378-9fd5-4529-9f46-fc8d15a5a3f6
[Midd4VCServer] Assigning job 5f250378-9fd5-4529-9f46-fc8d15a5a3f6 to vehicle veh1
[Midd4VCServer] Vehicle veh7 already registered.
[Midd4VCServer] job received: 8e8d628e-f67d-4777-8526-241b577273bf
[Midd4VCServer] Assigning job 8e8d628e-f67d-4777-8526-241b577273bf to vehicle veh28
[Midd4VCServer] Vehicle veh9 already registered.
[Midd4VCServer] Vehicle veh37 already registered.
[Midd4VCServer] Vehicle veh24 already registered.
[Midd4VCServer] Vehicle veh11 already registered.
[Midd4VCServer] job received: 30e3f619-d774-40e9-9597-f217793db4ce
[Midd4VCServer] Assigning job 30e3f619-d774-40e9-9597-f217793db4ce to vehicle veh21
[Midd4VCServer] job received: cff4cd79-eead-4a10-88ba-8779c44dc6ec
[Midd4VCServer] Assigning job cff4cd79-eead-4a10-88ba-8779c44dc6ec to vehicle veh29
[Midd4VCServer] job received: 7fec5ec5-ecf5-4ae5-987d-e5f5bc58652b
[Midd4VCServer] Assigning job 7fec5ec5-ecf5-4ae5-987d-e5f5bc58652b to vehicle veh17
[Midd4VCServer] Vehicle veh26 already registered.
[Midd4VCServer] job received: aa8ca001-7798-4ba1-812c-2174a48a2e39
[Midd4VCServer] Assigning job aa8ca001-7798-4ba1-812c-2174a48a2e39 to vehicle veh24
[Midd4VCServer] job aa8ca001-7798-4ba1-812c-2174a48a2e39 completed by vehicle veh24
[Midd4VCServer] Vehicle veh10 already registered.
[Midd4VCServer] job received: a6ac3160-22e8-47e0-8d2d-1c71d0821b08
[Midd4VC] Job e4aadd29-154a-475a-a204-01983efccb02 timed out. Re-enqueueing.
[Midd4VCServer] Assigning job e4aadd29-154a-475a-a204-01983efccb02 to vehicle veh14
[Midd4VCServer] Assigning job a6ac3160-22e8-47e0-8d2d-1c71d0821b08 to vehicle veh38
[Midd4VCServer] job e4aadd29-154a-475a-a204-01983efccb02 completed by vehicle veh14
[Midd4VCServer] job received: 30807a9b-461e-423a-8f51-6e0a0dcf1c08
[Midd4VCServer] Assigning job 30807a9b-461e-423a-8f51-6e0a0dcf1c08 to vehicle veh14
[Midd4VCServer] job 30807a9b-461e-423a-8f51-6e0a0dcf1c08 completed by vehicle veh14
[Midd4VCServer] job received: 11e476e3-cdd0-468f-a6c7-c02310d26c72
[Midd4VCServer] Assigning job 11e476e3-cdd0-468f-a6c7-c02310d26c72 to vehicle veh31
[Midd4VCServer] job 11e476e3-cdd0-468f-a6c7-c02310d26c72 completed by vehicle veh31
[Midd4VCServer] Vehicle veh6 already registered.
[Midd4VCServer] Vehicle veh8 already registered.
[Midd4VCServer] Vehicle veh10 already registered.
[Midd4VCServer] job received: 560607c1-6151-434a-9aba-ce05a65d5385
[Midd4VC] Job f6ec15bf-e2c5-40f9-97e7-392073725471 timed out. Re-enqueueing.
[Midd4VCServer] Assigning job f6ec15bf-e2c5-40f9-97e7-392073725471 to vehicle veh10
[Midd4VCServer] Assigning job 560607c1-6151-434a-9aba-ce05a65d5385 to vehicle veh22
[Midd4VCServer] job f6ec15bf-e2c5-40f9-97e7-392073725471 completed by vehicle veh10
[Midd4VCServer] Vehicle veh28 already registered.
[Midd4VCServer] job received: 3bc9f5b4-4fa7-4dff-8a7f-ddb181d5590d
[Midd4VCServer] Assigning job 3bc9f5b4-4fa7-4dff-8a7f-ddb181d5590d to vehicle veh10
[Midd4VCServer] job 3bc9f5b4-4fa7-4dff-8a7f-ddb181d5590d completed by vehicle veh10
[Midd4VCServer] Vehicle veh11 already registered.
[Midd4VCServer] Vehicle veh32 already registered.
[Midd4VCServer] job received: 357fff72-525a-40ed-883b-7646782e028b
[Midd4VC] Job 227832b4-3df1-43bb-8d77-d79cc9d4385f timed out. Re-enqueueing.
[Midd4VC] Job b2bc5d08-8381-4b50-a8e9-d8a47c084de3 timed out. Re-enqueueing.
[Midd4VCServer] Assigning job b2bc5d08-8381-4b50-a8e9-d8a47c084de3 to vehicle veh32
[Midd4VCServer] Assigning job 227832b4-3df1-43bb-8d77-d79cc9d4385f to vehicle veh27
[Midd4VCServer] Assigning job 357fff72-525a-40ed-883b-7646782e028b to vehicle veh12
[Midd4VCServer] job b2bc5d08-8381-4b50-a8e9-d8a47c084de3 completed by vehicle veh32
[Midd4VCServer] job 357fff72-525a-40ed-883b-7646782e028b completed by vehicle veh12
[Midd4VCServer] Vehicle veh17 already registered.
[Midd4VCServer] Vehicle veh29 already registered.
[Midd4VCServer] job received: 5c20be59-69a0-4e7e-a553-812274f95eaa
[Midd4VCServer] Assigning job 5c20be59-69a0-4e7e-a553-812274f95eaa to vehicle veh32
[Midd4VCServer] job 5c20be59-69a0-4e7e-a553-812274f95eaa completed by vehicle veh32
[Midd4VCServer] Vehicle veh12 already registered.
[Midd4VCServer] job received: d2ee58dc-df4f-429a-8965-21bc2948d54c
[Midd4VCServer] Assigning job d2ee58dc-df4f-429a-8965-21bc2948d54c to vehicle veh15
[Midd4VCServer] job d2ee58dc-df4f-429a-8965-21bc2948d54c completed by vehicle veh15
[Midd4VCServer] Vehicle veh35 already registered.
[Midd4VCServer] job received: 7e35be4f-af54-4e56-a717-d20b434232b3
[Midd4VC] Job dae80d0d-fecf-4aad-a44d-de2ad8bd0acb timed out. Re-enqueueing.
[Midd4VCServer] Assigning job dae80d0d-fecf-4aad-a44d-de2ad8bd0acb to vehicle veh7
[Midd4VCServer] Assigning job 7e35be4f-af54-4e56-a717-d20b434232b3 to vehicle veh13
[Midd4VCServer] job dae80d0d-fecf-4aad-a44d-de2ad8bd0acb completed by vehicle veh7
[Midd4VCServer] job received: 2dccbfe7-1f17-43d5-afa1-036c8d64f6ab
[Midd4VCServer] Assigning job 2dccbfe7-1f17-43d5-afa1-036c8d64f6ab to vehicle veh7
[Midd4VCServer] job 2dccbfe7-1f17-43d5-afa1-036c8d64f6ab completed by vehicle veh7
[Midd4VCServer] Vehicle veh23 already registered.
[Midd4VCServer] Vehicle veh22 already registered.
[Midd4VCServer] job received: c850ac91-c6ff-4026-9e15-bc75b767fe70
[Midd4VCServer] Assigning job c850ac91-c6ff-4026-9e15-bc75b767fe70 to vehicle veh11
[Midd4VCServer] Vehicle veh25 already registered.
[Midd4VCServer] job received: 7a70b5a2-2ed4-4d12-8f0e-79dd3b2c0dfd
[Midd4VCServer] Assigning job 7a70b5a2-2ed4-4d12-8f0e-79dd3b2c0dfd to vehicle veh19
[Midd4VCServer] job 7a70b5a2-2ed4-4d12-8f0e-79dd3b2c0dfd completed by vehicle veh19
[Midd4VCServer] Vehicle veh19 already registered.
[Midd4VCServer] Vehicle veh37 already registered.
[Midd4VCServer] Vehicle veh16 already registered.
[Midd4VCServer] job received: 27bc5e53-40fd-4ed3-a8fb-c5c1d9bc2832
[Midd4VC] Job 886565b0-f20a-4637-a87b-bbb9b79fcaf3 timed out. Re-enqueueing.
[Midd4VC] Job c76061f1-4d9c-49fe-85d8-5e3caaf4d2d2 timed out. Re-enqueueing.
[Midd4VC] Job dcd49d0e-420f-4387-a740-eeb72307223f timed out. Re-enqueueing.
[Midd4VC] Job 34b0c995-bf8e-4b5e-b9b8-bd5e8d938682 timed out. Re-enqueueing.
[Midd4VCServer] Assigning job 34b0c995-bf8e-4b5e-b9b8-bd5e8d938682 to vehicle veh34
[Midd4VCServer] Assigning job dcd49d0e-420f-4387-a740-eeb72307223f to vehicle veh18
[Midd4VCServer] Assigning job c76061f1-4d9c-49fe-85d8-5e3caaf4d2d2 to vehicle veh39
[Midd4VCServer] Assigning job 886565b0-f20a-4637-a87b-bbb9b79fcaf3 to vehicle veh35
[Midd4VCServer] Assigning job 27bc5e53-40fd-4ed3-a8fb-c5c1d9bc2832 to vehicle veh10
[Midd4VCServer] job dcd49d0e-420f-4387-a740-eeb72307223f completed by vehicle veh18
[Midd4VCServer] job 886565b0-f20a-4637-a87b-bbb9b79fcaf3 completed by vehicle veh35
[Midd4VCServer] job c76061f1-4d9c-49fe-85d8-5e3caaf4d2d2 completed by vehicle veh39
[Midd4VCServer] job 27bc5e53-40fd-4ed3-a8fb-c5c1d9bc2832 completed by vehicle veh10
[Midd4VCServer] Vehicle veh39 already registered.
[Midd4VCServer] Vehicle veh1 already registered.
[Midd4VCServer] Vehicle veh18 already registered.
[Midd4VCServer] Vehicle veh38 already registered.
[Midd4VCServer] job received: 7e8c310f-dc65-4c45-981a-7c9f6f7a0a20
[Midd4VCServer] Assigning job 7e8c310f-dc65-4c45-981a-7c9f6f7a0a20 to vehicle veh18
[Midd4VCServer] job 7e8c310f-dc65-4c45-981a-7c9f6f7a0a20 completed by vehicle veh18
[Midd4VCServer] Vehicle veh40 already registered.
[Midd4VCServer] job received: 8e25d295-b7c2-43e0-8b42-fcef04646ebb
[Midd4VCServer] Assigning job 8e25d295-b7c2-43e0-8b42-fcef04646ebb to vehicle veh39
[Midd4VCServer] job 8e25d295-b7c2-43e0-8b42-fcef04646ebb completed by vehicle veh39
[Midd4VCServer] Vehicle veh2 already registered.
[Midd4VCServer] job received: e6c31447-18ad-4427-a4ef-7b5c9ab17970
[Midd4VC] Job 258d6ddb-781c-4ad1-adc5-74f1fc1b4ea3 timed out. Re-enqueueing.
[Midd4VCServer] Assigning job 258d6ddb-781c-4ad1-adc5-74f1fc1b4ea3 to vehicle veh37
[Midd4VCServer] Assigning job e6c31447-18ad-4427-a4ef-7b5c9ab17970 to vehicle veh35
[Midd4VCServer] job 258d6ddb-781c-4ad1-adc5-74f1fc1b4ea3 completed by vehicle veh37
[Midd4VCServer] job e6c31447-18ad-4427-a4ef-7b5c9ab17970 completed by vehicle veh35
[Midd4VCServer] Vehicle veh8 already registered.
[Midd4VCServer] job received: 6bcd182f-ee94-491c-9d85-2a520f04bd37
[Midd4VCServer] Assigning job 6bcd182f-ee94-491c-9d85-2a520f04bd37 to vehicle veh25
[Midd4VCServer] job 6bcd182f-ee94-491c-9d85-2a520f04bd37 completed by vehicle veh25
[Midd4VCServer] Vehicle veh36 already registered.
[Midd4VCServer] job received: b3b02ce3-d7ed-434a-a239-633be83d6275
[Midd4VCServer] Assigning job b3b02ce3-d7ed-434a-a239-633be83d6275 to vehicle veh32
[Midd4VCServer] Vehicle veh20 already registered.
[Midd4VCServer] job received: 70ea8cf1-9e50-4335-b88b-e2577338e11c
[Midd4VCServer] Assigning job 70ea8cf1-9e50-4335-b88b-e2577338e11c to vehicle veh37
[Midd4VCServer] job 70ea8cf1-9e50-4335-b88b-e2577338e11c completed by vehicle veh37
[Midd4VCServer] job received: 83839429-312f-4052-8db4-2eface22ddf7
[Midd4VC] Job ceb502cc-77d0-4630-b3e8-63ab4fdf7568 timed out. Re-enqueueing.
[Midd4VC] Job c0643cb7-2eb6-4a4c-9f3f-f2c8cd82f617 timed out. Re-enqueueing.
[Midd4VC] Job f23827e5-20e1-48ec-abc7-637aa7c62b3c timed out. Re-enqueueing.
[Midd4VCServer] Assigning job f23827e5-20e1-48ec-abc7-637aa7c62b3c to vehicle veh23
[Midd4VCServer] Assigning job c0643cb7-2eb6-4a4c-9f3f-f2c8cd82f617 to vehicle veh16
[Midd4VCServer] Assigning job ceb502cc-77d0-4630-b3e8-63ab4fdf7568 to vehicle veh5
[Midd4VCServer] Assigning job 83839429-312f-4052-8db4-2eface22ddf7 to vehicle veh6
[Midd4VCServer] job 83839429-312f-4052-8db4-2eface22ddf7 completed by vehicle veh6
[Midd4VCServer] job received: 764ba151-a07d-45a0-bc5c-9bd5f0b652fa
[Midd4VCServer] Assigning job 764ba151-a07d-45a0-bc5c-9bd5f0b652fa to vehicle veh30
[Midd4VCServer] Vehicle veh2 already registered.
[Midd4VCServer] job received: 4aa48cba-bad5-4c74-9c38-082add1050eb
[Midd4VCServer] Assigning job 4aa48cba-bad5-4c74-9c38-082add1050eb to vehicle veh40
[Midd4VCServer] job 4aa48cba-bad5-4c74-9c38-082add1050eb completed by vehicle veh40
[Midd4VCServer] job received: 11d8b01a-c1ff-42d1-b8c3-052b041f3856
[Midd4VCServer] Assigning job 11d8b01a-c1ff-42d1-b8c3-052b041f3856 to vehicle veh18
[Midd4VCServer] job 11d8b01a-c1ff-42d1-b8c3-052b041f3856 completed by vehicle veh18
[Midd4VCServer] Vehicle veh14 already registered.
[Midd4VCServer] Vehicle veh26 already registered.
[Midd4VCServer] Vehicle veh11 already registered.
[Midd4VCServer] job received: c551f36a-1e96-4584-979b-99c045cfa026
[Midd4VCServer] Assigning job c551f36a-1e96-4584-979b-99c045cfa026 to vehicle veh39
[Midd4VCServer] job c551f36a-1e96-4584-979b-99c045cfa026 completed by vehicle veh39
[Midd4VCServer] Vehicle veh7 already registered.
[Midd4VCServer] job received: 80470a47-7832-4db0-aa71-0226192a7f15
[Midd4VC] Job 5458b268-9911-46b9-bd07-de62369f0598 timed out. Re-enqueueing.
[Midd4VC] Job d3ac7231-b1ab-485a-9fec-a1033e8f39c4 timed out. Re-enqueueing.
[Midd4VCServer] Assigning job d3ac7231-b1ab-485a-9fec-a1033e8f39c4 to vehicle veh2
[Midd4VCServer] Assigning job 5458b268-9911-46b9-bd07-de62369f0598 to vehicle veh8
[Midd4VCServer] Assigning job 80470a47-7832-4db0-aa71-0226192a7f15 to vehicle veh14
[Midd4VCServer] job 80470a47-7832-4db0-aa71-0226192a7f15 completed by vehicle veh14
[Midd4VCServer] job d3ac7231-b1ab-485a-9fec-a1033e8f39c4 completed by vehicle veh2
[Midd4VCServer] Vehicle veh30 already registered.
[Midd4VCServer] Vehicle veh27 already registered.
[Midd4VCServer] Vehicle veh9 already registered.
[Midd4VCServer] job received: ca6f29c7-da7f-4b23-8e0c-a121ce94ae7b
[Midd4VC] Job 830df641-8793-4012-995f-147be8071061 timed out. Re-enqueueing.
[Midd4VC] Job 485b54a9-4c0e-45d9-bf7a-2185b6003c24 timed out. Re-enqueueing.
[Midd4VCServer] Assigning job 485b54a9-4c0e-45d9-bf7a-2185b6003c24 to vehicle veh4
[Midd4VCServer] Assigning job 830df641-8793-4012-995f-147be8071061 to vehicle veh3
[Midd4VCServer] Assigning job ca6f29c7-da7f-4b23-8e0c-a121ce94ae7b to vehicle veh2
[Midd4VCServer] job received: a42e0b8f-e3cd-4087-8bf9-d32de27e120f
[Midd4VCServer] Assigning job a42e0b8f-e3cd-4087-8bf9-d32de27e120f to vehicle veh7
[Midd4VCServer] job a42e0b8f-e3cd-4087-8bf9-d32de27e120f completed by vehicle veh7
[Midd4VCServer] job received: 407bb2e0-679a-4de1-94b9-ea1ae6347a6b
[Midd4VCServer] Assigning job 407bb2e0-679a-4de1-94b9-ea1ae6347a6b to vehicle veh24
[Midd4VCServer] job received: cd0d6181-2bf1-46f2-9fd7-6f0fe15a0f4a
[Midd4VC] Job ee2d178e-e7d9-41f3-9622-16d4708b9c93 timed out. Re-enqueueing.
[Midd4VCServer] Assigning job ee2d178e-e7d9-41f3-9622-16d4708b9c93 to vehicle veh9
[Midd4VCServer] Assigning job cd0d6181-2bf1-46f2-9fd7-6f0fe15a0f4a to vehicle veh35
[Midd4VCServer] job ee2d178e-e7d9-41f3-9622-16d4708b9c93 completed by vehicle veh9
[Midd4VCServer] job cd0d6181-2bf1-46f2-9fd7-6f0fe15a0f4a completed by vehicle veh35
[Midd4VCServer] Vehicle veh31 already registered.
[Midd4VCServer] Vehicle veh23 already registered.
[Midd4VCServer] job received: 569ac704-ff4f-4cbd-a9ab-7e620a3f29a0
[Midd4VCServer] Assigning job 569ac704-ff4f-4cbd-a9ab-7e620a3f29a0 to vehicle veh9
[Midd4VCServer] job 569ac704-ff4f-4cbd-a9ab-7e620a3f29a0 completed by vehicle veh9
[Midd4VCServer] job received: 50218d98-f320-4b84-9eb5-2888e3601844
[Midd4VCServer] Assigning job 50218d98-f320-4b84-9eb5-2888e3601844 to vehicle veh31
[Midd4VCServer] job 50218d98-f320-4b84-9eb5-2888e3601844 completed by vehicle veh31
[Midd4VCServer] job received: c3cb0f62-627c-4b84-9a5e-0fdf3ec3bf6e
[Midd4VCServer] Assigning job c3cb0f62-627c-4b84-9a5e-0fdf3ec3bf6e to vehicle veh12
[Midd4VCServer] Vehicle veh5 already registered.
[Midd4VCServer] job received: 685519f4-51d5-443d-82f9-c154af00215a
[Midd4VC] Job 9cd81048-283c-4f20-b113-8732d93e4879 timed out. Re-enqueueing.
[Midd4VC] Job e70ff247-3d9b-4201-ac74-1f4bada908ab timed out. Re-enqueueing.
[Midd4VCServer] Assigning job e70ff247-3d9b-4201-ac74-1f4bada908ab to vehicle veh36
[Midd4VCServer] Assigning job 9cd81048-283c-4f20-b113-8732d93e4879 to vehicle veh26
[Midd4VCServer] Assigning job 685519f4-51d5-443d-82f9-c154af00215a to vehicle veh15
[Midd4VCServer] job received: a0649bd5-df62-42eb-95af-c370bf787f93
[Midd4VCServer] Assigning job a0649bd5-df62-42eb-95af-c370bf787f93 to vehicle veh19
[Midd4VCServer] job a0649bd5-df62-42eb-95af-c370bf787f93 completed by vehicle veh19
[Midd4VCServer] job received: 9785c6ec-e8d4-46c5-8cbb-763ee4286667
[Midd4VCServer] Assigning job 9785c6ec-e8d4-46c5-8cbb-763ee4286667 to vehicle veh10
[Midd4VCServer] Vehicle veh19 already registered.
[Midd4VCServer] Vehicle veh11 already registered.
[Midd4VCServer] job received: adbcebae-b15f-4ba7-951b-daf3ab27d080
[Midd4VC] Job 4bd85a90-a662-4439-8de9-f18778b1edc4 timed out. Re-enqueueing.
[Midd4VC] Job 76ca44c7-af25-443a-9a1d-c8726854d420 timed out. Re-enqueueing.
[Midd4VC] Job 5f250378-9fd5-4529-9f46-fc8d15a5a3f6 timed out. Re-enqueueing.
[Midd4VC] Job 8e8d628e-f67d-4777-8526-241b577273bf timed out. Re-enqueueing.
[Midd4VCServer] Assigning job 8e8d628e-f67d-4777-8526-241b577273bf to vehicle veh20
[Midd4VCServer] Assigning job 5f250378-9fd5-4529-9f46-fc8d15a5a3f6 to vehicle veh33
[Midd4VCServer] Assigning job 76ca44c7-af25-443a-9a1d-c8726854d420 to vehicle veh1
[Midd4VCServer] Assigning job 4bd85a90-a662-4439-8de9-f18778b1edc4 to vehicle veh28
[Midd4VCServer] Assigning job adbcebae-b15f-4ba7-951b-daf3ab27d080 to vehicle veh25
[Midd4VCServer] job received: cac76d69-4b1a-4e69-ba7d-79371eb2d753
[Midd4VC] Job 30e3f619-d774-40e9-9597-f217793db4ce timed out. Re-enqueueing.
[Midd4VCServer] Assigning job 30e3f619-d774-40e9-9597-f217793db4ce to vehicle veh21
[Midd4VCServer] Assigning job cac76d69-4b1a-4e69-ba7d-79371eb2d753 to vehicle veh37
[Midd4VCServer] job 30e3f619-d774-40e9-9597-f217793db4ce completed by vehicle veh21
[Midd4VCServer] Vehicle veh21 already registered.
[Midd4VCServer] job received: fc41ccc4-77e3-45b2-8018-a5a67dad7a76
[Midd4VC] Job cff4cd79-eead-4a10-88ba-8779c44dc6ec timed out. Re-enqueueing.
[Midd4VC] Job 7fec5ec5-ecf5-4ae5-987d-e5f5bc58652b timed out. Re-enqueueing.
[Midd4VCServer] Assigning job 7fec5ec5-ecf5-4ae5-987d-e5f5bc58652b to vehicle veh29
[Midd4VCServer] Assigning job cff4cd79-eead-4a10-88ba-8779c44dc6ec to vehicle veh17
[Midd4VCServer] Assigning job fc41ccc4-77e3-45b2-8018-a5a67dad7a76 to vehicle veh21
[Midd4VCServer] job 7fec5ec5-ecf5-4ae5-987d-e5f5bc58652b completed by vehicle veh29
[Midd4VCServer] job fc41ccc4-77e3-45b2-8018-a5a67dad7a76 completed by vehicle veh21
[Midd4VCServer] Vehicle veh29 already registered.
[Midd4VCServer] job received: 357e4c4e-0a7c-4eb5-8e87-3cfc50fbb735
[Midd4VC] Job a6ac3160-22e8-47e0-8d2d-1c71d0821b08 timed out. Re-enqueueing.
[Midd4VCServer] Assigning job a6ac3160-22e8-47e0-8d2d-1c71d0821b08 to vehicle veh38
[Midd4VCServer] Assigning job 357e4c4e-0a7c-4eb5-8e87-3cfc50fbb735 to vehicle veh29
[Midd4VCServer] job a6ac3160-22e8-47e0-8d2d-1c71d0821b08 completed by vehicle veh38
[Midd4VCServer] job 357e4c4e-0a7c-4eb5-8e87-3cfc50fbb735 completed by vehicle veh29
[Midd4VCServer] job received: e555a722-35ad-4417-a415-9cf610bfba33
[Midd4VCServer] Assigning job e555a722-35ad-4417-a415-9cf610bfba33 to vehicle veh38
[Midd4VCServer] job e555a722-35ad-4417-a415-9cf610bfba33 completed by vehicle veh38
[Midd4VCServer] Vehicle veh27 already registered.
[Midd4VCServer] job received: c5d2ac3f-906d-414c-88ca-bc64a53af41f
[Midd4VCServer] Assigning job c5d2ac3f-906d-414c-88ca-bc64a53af41f to vehicle veh6
[Midd4VCServer] Vehicle veh31 already registered.
[Midd4VCServer] job received: 835d5cee-6984-4291-afcf-acb55a7d2e45
[Midd4VCServer] Assigning job 835d5cee-6984-4291-afcf-acb55a7d2e45 to vehicle veh40
[Midd4VCServer] Vehicle veh15 already registered.
[Midd4VCServer] job received: 42b1c8fe-cc05-47a1-a299-cc96cfd4c7db
[Midd4VCServer] Assigning job 42b1c8fe-cc05-47a1-a299-cc96cfd4c7db to vehicle veh18
[Midd4VCServer] Vehicle veh21 already registered.
[Midd4VCServer] job received: b87ce72d-5de9-4ee1-be92-252c0b89962e
[Midd4VC] Job 560607c1-6151-434a-9aba-ce05a65d5385 timed out. Re-enqueueing.
[Midd4VCServer] Assigning job 560607c1-6151-434a-9aba-ce05a65d5385 to vehicle veh22
[Midd4VCServer] Assigning job b87ce72d-5de9-4ee1-be92-252c0b89962e to vehicle veh9
[Midd4VCServer] job 560607c1-6151-434a-9aba-ce05a65d5385 completed by vehicle veh22
[Midd4VCServer] job b87ce72d-5de9-4ee1-be92-252c0b89962e completed by vehicle veh9
[Midd4VCServer] job received: 01a58119-660f-492c-a0f6-2cbe95cc4fbb
[Midd4VCServer] Assigning job 01a58119-660f-492c-a0f6-2cbe95cc4fbb to vehicle veh22
[Midd4VCServer] job 01a58119-660f-492c-a0f6-2cbe95cc4fbb completed by vehicle veh22
[Midd4VCServer] Vehicle veh12 already registered.
[Midd4VCServer] Vehicle veh4 already registered.
[Midd4VCServer] Vehicle veh33 already registered.
[Midd4VCServer] job received: e4c01bb7-e4d2-4c30-962d-0167bcd3ca7c
[Midd4VCServer] Assigning job e4c01bb7-e4d2-4c30-962d-0167bcd3ca7c to vehicle veh39
[Midd4VCServer] Vehicle veh32 already registered.
[Midd4VCServer] job received: dc9387f3-d655-4498-a816-6ab6e6de663b
[Midd4VC] Job 227832b4-3df1-43bb-8d77-d79cc9d4385f timed out. Re-enqueueing.
[Midd4VCServer] Assigning job 227832b4-3df1-43bb-8d77-d79cc9d4385f to vehicle veh27
[Midd4VCServer] Assigning job dc9387f3-d655-4498-a816-6ab6e6de663b to vehicle veh21
[Midd4VCServer] job dc9387f3-d655-4498-a816-6ab6e6de663b completed by vehicle veh21
[Midd4VCServer] job received: 248b8a28-0618-43be-b783-c4e959a9eb31
[Midd4VCServer] Assigning job 248b8a28-0618-43be-b783-c4e959a9eb31 to vehicle veh14
[Midd4VCServer] Vehicle veh3 already registered.
[Midd4VCServer] job received: aeb55a28-9834-458c-92bc-80fb6181f9e9
[Midd4VC] Job 7e35be4f-af54-4e56-a717-d20b434232b3 timed out. Re-enqueueing.
[Midd4VCServer] Assigning job 7e35be4f-af54-4e56-a717-d20b434232b3 to vehicle veh13
[Midd4VCServer] Assigning job aeb55a28-9834-458c-92bc-80fb6181f9e9 to vehicle veh29
[Midd4VCServer] job aeb55a28-9834-458c-92bc-80fb6181f9e9 completed by vehicle veh29
[Midd4VCServer] job received: 73eacda0-b857-4562-9869-7dbc9f7ec03e
[Midd4VCServer] Assigning job 73eacda0-b857-4562-9869-7dbc9f7ec03e to vehicle veh7
[Midd4VCServer] job 73eacda0-b857-4562-9869-7dbc9f7ec03e completed by vehicle veh7
[Midd4VCServer] Vehicle veh39 already registered.
[Midd4VCServer] Vehicle veh38 already registered.
[Midd4VCServer] Vehicle veh33 already registered.
[Midd4VCServer] job received: 9f7b92d5-09e4-4751-b5cf-d0aac8465fea
[Midd4VC] Job c850ac91-c6ff-4026-9e15-bc75b767fe70 timed out. Re-enqueueing.
[Midd4VCServer] Assigning job c850ac91-c6ff-4026-9e15-bc75b767fe70 to vehicle veh11
[Midd4VCServer] Assigning job 9f7b92d5-09e4-4751-b5cf-d0aac8465fea to vehicle veh38
[Midd4VCServer] job c850ac91-c6ff-4026-9e15-bc75b767fe70 completed by vehicle veh11
[Midd4VCServer] job 9f7b92d5-09e4-4751-b5cf-d0aac8465fea completed by vehicle veh38
[Midd4VCServer] Vehicle veh24 already registered.
[Midd4VCServer] Vehicle veh3 already registered.
[Midd4VCServer] Vehicle veh36 already registered.
[Midd4VCServer] job received: d4871a96-865d-4584-a97a-c93452af5466
[Midd4VCServer] Assigning job d4871a96-865d-4584-a97a-c93452af5466 to vehicle veh11
[Midd4VCServer] job d4871a96-865d-4584-a97a-c93452af5466 completed by vehicle veh11
[Midd4VCServer] Vehicle veh20 already registered.
[Midd4VCServer] Vehicle veh34 already registered.
[Midd4VCServer] Vehicle veh30 already registered.
[Midd4VCServer] job received: 7723b06f-f4e0-4e7c-bdd8-94f0f8325ed3
[Midd4VC] Job 34b0c995-bf8e-4b5e-b9b8-bd5e8d938682 timed out. Re-enqueueing.
[Midd4VCServer] Assigning job 34b0c995-bf8e-4b5e-b9b8-bd5e8d938682 to vehicle veh34
[Midd4VCServer] Assigning job 7723b06f-f4e0-4e7c-bdd8-94f0f8325ed3 to vehicle veh35
[Midd4VCServer] job 34b0c995-bf8e-4b5e-b9b8-bd5e8d938682 completed by vehicle veh34
[Midd4VCServer] Vehicle veh28 already registered.
[Midd4VCServer] job received: 62583ea8-9aba-475f-a412-4a74a8479c7f
[Midd4VCServer] Assigning job 62583ea8-9aba-475f-a412-4a74a8479c7f to vehicle veh34
[Midd4VCServer] job 62583ea8-9aba-475f-a412-4a74a8479c7f completed by vehicle veh34
[Midd4VCServer] job received: b7483493-6d92-4cb9-ba89-7e907576ebdc
[Midd4VCServer] Assigning job b7483493-6d92-4cb9-ba89-7e907576ebdc to vehicle veh34
[Midd4VCServer] job b7483493-6d92-4cb9-ba89-7e907576ebdc completed by vehicle veh34
[Midd4VCServer] job received: e680cf16-a96c-48b8-bb2d-f9c519773555
[Midd4VCServer] Assigning job e680cf16-a96c-48b8-bb2d-f9c519773555 to vehicle veh34
[Midd4VCServer] job e680cf16-a96c-48b8-bb2d-f9c519773555 completed by vehicle veh34
[Midd4VCServer] job received: 8db1a99f-7fc0-4770-88e6-68520da31060
[Midd4VCServer] Assigning job 8db1a99f-7fc0-4770-88e6-68520da31060 to vehicle veh31
[Midd4VCServer] job 8db1a99f-7fc0-4770-88e6-68520da31060 completed by vehicle veh31
[Midd4VCServer] Vehicle veh29 already registered.
[Midd4VCServer] job received: ca38bfaa-f8bd-4084-b1ab-c0c37110a425
[Midd4VCServer] Assigning job ca38bfaa-f8bd-4084-b1ab-c0c37110a425 to vehicle veh22
[Midd4VCServer] job ca38bfaa-f8bd-4084-b1ab-c0c37110a425 completed by vehicle veh22
[Midd4VCServer] job received: 2d461db4-b092-4a23-b352-7dc694033e13
[Midd4VCServer] Assigning job 2d461db4-b092-4a23-b352-7dc694033e13 to vehicle veh11
[Midd4VCServer] job 2d461db4-b092-4a23-b352-7dc694033e13 completed by vehicle veh11
[Midd4VCServer] job received: 5fa71c15-a8ba-40b3-8900-a487e21e68c2
[Midd4VCServer] Assigning job 5fa71c15-a8ba-40b3-8900-a487e21e68c2 to vehicle veh19
[Midd4VCServer] Vehicle veh10 already registered.
[Midd4VCServer] job received: 48060405-c447-40e5-b2e0-7923d8304017
[Midd4VCServer] Assigning job 48060405-c447-40e5-b2e0-7923d8304017 to vehicle veh34
[Midd4VCServer] job 48060405-c447-40e5-b2e0-7923d8304017 completed by vehicle veh34
[Midd4VCServer] Vehicle veh5 already registered.
[Midd4VCServer] Vehicle veh11 already registered.
[Midd4VCServer] Vehicle veh4 already registered.
[Midd4VCServer] Vehicle veh35 already registered.
[Midd4VCServer] Vehicle veh30 already registered.
[Midd4VCServer] Vehicle veh25 already registered.
[Midd4VCServer] Vehicle veh26 already registered.
[Midd4VCServer] job received: 86ec83b4-4045-44c5-b193-4ac4e842d733
[Midd4VC] Job b3b02ce3-d7ed-434a-a239-633be83d6275 timed out. Re-enqueueing.
[Midd4VC] Job f23827e5-20e1-48ec-abc7-637aa7c62b3c timed out. Re-enqueueing.
[Midd4VC] Job c0643cb7-2eb6-4a4c-9f3f-f2c8cd82f617 timed out. Re-enqueueing.
[Midd4VC] Job ceb502cc-77d0-4630-b3e8-63ab4fdf7568 timed out. Re-enqueueing.
[Midd4VC] Job 764ba151-a07d-45a0-bc5c-9bd5f0b652fa timed out. Re-enqueueing.
[Midd4VCServer] Assigning job 764ba151-a07d-45a0-bc5c-9bd5f0b652fa to vehicle veh23
[Midd4VCServer] Assigning job ceb502cc-77d0-4630-b3e8-63ab4fdf7568 to vehicle veh16
[Midd4VCServer] Assigning job c0643cb7-2eb6-4a4c-9f3f-f2c8cd82f617 to vehicle veh5
[Midd4VCServer] Assigning job f23827e5-20e1-48ec-abc7-637aa7c62b3c to vehicle veh32
[Midd4VCServer] Assigning job b3b02ce3-d7ed-434a-a239-633be83d6275 to vehicle veh30
[Midd4VCServer] Assigning job 86ec83b4-4045-44c5-b193-4ac4e842d733 to vehicle veh9
[Midd4VCServer] job c0643cb7-2eb6-4a4c-9f3f-f2c8cd82f617 completed by vehicle veh5
[Midd4VCServer] job b3b02ce3-d7ed-434a-a239-633be83d6275 completed by vehicle veh30
[Midd4VCServer] job received: ec445b3f-9e6a-450c-8d9d-93ea6634b2d6
[Midd4VCServer] Assigning job ec445b3f-9e6a-450c-8d9d-93ea6634b2d6 to vehicle veh5
[Midd4VCServer] job ec445b3f-9e6a-450c-8d9d-93ea6634b2d6 completed by vehicle veh5
[Midd4VCServer] Vehicle veh40 already registered.
[Midd4VCServer] job received: 24e40093-cec5-4ded-b0b2-d729aad05ba7
[Midd4VCServer] Assigning job 24e40093-cec5-4ded-b0b2-d729aad05ba7 to vehicle veh30
[Midd4VCServer] job 24e40093-cec5-4ded-b0b2-d729aad05ba7 completed by vehicle veh30
[Midd4VCServer] Vehicle veh27 already registered.
[Midd4VCServer] Vehicle veh24 already registered.
[Midd4VCServer] job received: b1ab4be7-7612-41d6-8740-7831f7e6308c
[Midd4VCServer] Assigning job b1ab4be7-7612-41d6-8740-7831f7e6308c to vehicle veh5
[Midd4VCServer] job b1ab4be7-7612-41d6-8740-7831f7e6308c completed by vehicle veh5
[Midd4VCServer] Vehicle veh17 already registered.
[Midd4VCServer] Vehicle veh16 already registered.
[Midd4VCServer] job received: 09dc1c85-125d-40dd-82f0-5e80e40d0361
[Midd4VC] Job 5458b268-9911-46b9-bd07-de62369f0598 timed out. Re-enqueueing.
[Midd4VCServer] Assigning job 5458b268-9911-46b9-bd07-de62369f0598 to vehicle veh8
[Midd4VCServer] Assigning job 09dc1c85-125d-40dd-82f0-5e80e40d0361 to vehicle veh30
[Midd4VCServer] job 09dc1c85-125d-40dd-82f0-5e80e40d0361 completed by vehicle veh30
[Midd4VCServer] job received: 85438727-eaca-4bcf-b134-f73a2a4b1098
[Midd4VCServer] Assigning job 85438727-eaca-4bcf-b134-f73a2a4b1098 to vehicle veh5
[Midd4VCServer] job 85438727-eaca-4bcf-b134-f73a2a4b1098 completed by vehicle veh5
[Midd4VCServer] job received: df025585-4258-485f-8aab-3504f987aa9c
[Midd4VCServer] Assigning job df025585-4258-485f-8aab-3504f987aa9c to vehicle veh21
[Midd4VCServer] Vehicle veh39 already registered.
[Midd4VCServer] job received: 26d77420-0364-4d29-83be-a804d6d53025
[Midd4VCServer] Assigning job 26d77420-0364-4d29-83be-a804d6d53025 to vehicle veh29
[Midd4VCServer] job received: 4451af1a-d23b-48e5-b132-d9dd7c31f99f
[Midd4VC] Job 485b54a9-4c0e-45d9-bf7a-2185b6003c24 timed out. Re-enqueueing.
[Midd4VC] Job 830df641-8793-4012-995f-147be8071061 timed out. Re-enqueueing.
[Midd4VC] Job ca6f29c7-da7f-4b23-8e0c-a121ce94ae7b timed out. Re-enqueueing.
[Midd4VC] Job 407bb2e0-679a-4de1-94b9-ea1ae6347a6b timed out. Re-enqueueing.
[Midd4VCServer] Assigning job 407bb2e0-679a-4de1-94b9-ea1ae6347a6b to vehicle veh4
[Midd4VCServer] Assigning job ca6f29c7-da7f-4b23-8e0c-a121ce94ae7b to vehicle veh3
[Midd4VCServer] Assigning job 830df641-8793-4012-995f-147be8071061 to vehicle veh2
[Midd4VCServer] Assigning job 485b54a9-4c0e-45d9-bf7a-2185b6003c24 to vehicle veh24
[Midd4VCServer] Assigning job 4451af1a-d23b-48e5-b132-d9dd7c31f99f to vehicle veh7
[Midd4VCServer] job 485b54a9-4c0e-45d9-bf7a-2185b6003c24 completed by vehicle veh24
[Midd4VCServer] Vehicle veh21 already registered.
[Midd4VCServer] Vehicle veh15 already registered.
[Midd4VCServer] Vehicle veh8 already registered.
[Midd4VCServer] Vehicle veh1 already registered.
[Midd4VCServer] Vehicle veh6 already registered.
[Midd4VCServer] Vehicle veh36 already registered.
[Midd4VCServer] job received: f158a2b6-ad3e-4b85-a6e3-7d378e48bfb9
[Midd4VC] Job c3cb0f62-627c-4b84-9a5e-0fdf3ec3bf6e timed out. Re-enqueueing.
[Midd4VCServer] Assigning job c3cb0f62-627c-4b84-9a5e-0fdf3ec3bf6e to vehicle veh12
[Midd4VCServer] Assigning job f158a2b6-ad3e-4b85-a6e3-7d378e48bfb9 to vehicle veh24
[Midd4VCServer] job f158a2b6-ad3e-4b85-a6e3-7d378e48bfb9 completed by vehicle veh24
[Midd4VCServer] job received: 07d1fca5-3982-49ab-bfd3-6c59e03afe25
[Midd4VCServer] Assigning job 07d1fca5-3982-49ab-bfd3-6c59e03afe25 to vehicle veh24
[Midd4VCServer] job 07d1fca5-3982-49ab-bfd3-6c59e03afe25 completed by vehicle veh24
[Midd4VCServer] Vehicle veh26 already registered.
[Midd4VCServer] job received: b9cdbfb2-bd28-422e-b2c3-f41ac5d4cf9a
[Midd4VC] Job e70ff247-3d9b-4201-ac74-1f4bada908ab timed out. Re-enqueueing.
[Midd4VC] Job 9cd81048-283c-4f20-b113-8732d93e4879 timed out. Re-enqueueing.
[Midd4VC] Job 685519f4-51d5-443d-82f9-c154af00215a timed out. Re-enqueueing.
[Midd4VC] Job 9785c6ec-e8d4-46c5-8cbb-763ee4286667 timed out. Re-enqueueing.
[Midd4VCServer] Assigning job 9785c6ec-e8d4-46c5-8cbb-763ee4286667 to vehicle veh36
[Midd4VCServer] Assigning job 685519f4-51d5-443d-82f9-c154af00215a to vehicle veh26
[Midd4VCServer] Assigning job 9cd81048-283c-4f20-b113-8732d93e4879 to vehicle veh15
[Midd4VCServer] Assigning job e70ff247-3d9b-4201-ac74-1f4bada908ab to vehicle veh10
[Midd4VCServer] Assigning job b9cdbfb2-bd28-422e-b2c3-f41ac5d4cf9a to vehicle veh38
[Midd4VCServer] job 9cd81048-283c-4f20-b113-8732d93e4879 completed by vehicle veh15
[Midd4VCServer] job 9785c6ec-e8d4-46c5-8cbb-763ee4286667 completed by vehicle veh36
[Midd4VCServer] job 685519f4-51d5-443d-82f9-c154af00215a completed by vehicle veh26
[Midd4VCServer] job received: 078a9aba-9286-452f-8291-892071ae5d0e
[Midd4VCServer] Assigning job 078a9aba-9286-452f-8291-892071ae5d0e to vehicle veh36
[Midd4VCServer] job 078a9aba-9286-452f-8291-892071ae5d0e completed by vehicle veh36
[Midd4VCServer] Vehicle veh14 already registered.
[Midd4VCServer] Vehicle veh16 already registered.
[Midd4VCServer] Vehicle veh34 already registered.
[Midd4VCServer] Vehicle veh40 already registered.
[Midd4VCServer] Vehicle veh8 already registered.
[Midd4VCServer] job received: ea838659-7c87-4fec-b75e-aed002b93137
[Midd4VCServer] Assigning job ea838659-7c87-4fec-b75e-aed002b93137 to vehicle veh26
[Midd4VCServer] job ea838659-7c87-4fec-b75e-aed002b93137 completed by vehicle veh26
[Midd4VCServer] job received: 854c61c8-4e41-4faa-85ed-c5a93917bb9f
[Midd4VCServer] Assigning job 854c61c8-4e41-4faa-85ed-c5a93917bb9f to vehicle veh36
[Midd4VCServer] job 854c61c8-4e41-4faa-85ed-c5a93917bb9f completed by vehicle veh36
[Midd4VCServer] Vehicle veh12 already registered.
[Midd4VCServer] Vehicle veh21 already registered.
[Midd4VCServer] Vehicle veh13 already registered.
[Midd4VCServer] job received: e534da0d-f6df-4c37-a6e7-7fdc8f9af075
[Midd4VC] Job 8e8d628e-f67d-4777-8526-241b577273bf timed out. Re-enqueueing.
[Midd4VC] Job 5f250378-9fd5-4529-9f46-fc8d15a5a3f6 timed out. Re-enqueueing.
[Midd4VC] Job 76ca44c7-af25-443a-9a1d-c8726854d420 timed out. Re-enqueueing.
[Midd4VC] Job 4bd85a90-a662-4439-8de9-f18778b1edc4 timed out. Re-enqueueing.
[Midd4VC] Job adbcebae-b15f-4ba7-951b-daf3ab27d080 timed out. Re-enqueueing.
[Midd4VC] Job cac76d69-4b1a-4e69-ba7d-79371eb2d753 timed out. Re-enqueueing.
[Midd4VCServer] Assigning job cac76d69-4b1a-4e69-ba7d-79371eb2d753 to vehicle veh20
[Midd4VCServer] Assigning job adbcebae-b15f-4ba7-951b-daf3ab27d080 to vehicle veh33
[Midd4VCServer] Assigning job 4bd85a90-a662-4439-8de9-f18778b1edc4 to vehicle veh1
[Midd4VCServer] Assigning job 76ca44c7-af25-443a-9a1d-c8726854d420 to vehicle veh28
[Midd4VCServer] Assigning job 5f250378-9fd5-4529-9f46-fc8d15a5a3f6 to vehicle veh25
[Midd4VCServer] Assigning job 8e8d628e-f67d-4777-8526-241b577273bf to vehicle veh37
[Midd4VCServer] Assigning job e534da0d-f6df-4c37-a6e7-7fdc8f9af075 to vehicle veh26
[Midd4VCServer] job adbcebae-b15f-4ba7-951b-daf3ab27d080 completed by vehicle veh33
[Midd4VCServer] job 76ca44c7-af25-443a-9a1d-c8726854d420 completed by vehicle veh28
[Midd4VCServer] job 5f250378-9fd5-4529-9f46-fc8d15a5a3f6 completed by vehicle veh25
[Midd4VCServer] job e534da0d-f6df-4c37-a6e7-7fdc8f9af075 completed by vehicle veh26
[Midd4VCServer] job received: 6e120a69-0214-4c38-a843-2d6b44226eba
[Midd4VCServer] Assigning job 6e120a69-0214-4c38-a843-2d6b44226eba to vehicle veh33
[Midd4VCServer] job 6e120a69-0214-4c38-a843-2d6b44226eba completed by vehicle veh33
[Midd4VCServer] Vehicle veh30 already registered.
[Midd4VCServer] Vehicle veh23 already registered.
[Midd4VCServer] Vehicle veh38 already registered.
[Midd4VCServer] job received: c004c50c-1f97-4c0c-bf26-f9475afa731c
[Midd4VC] Job cff4cd79-eead-4a10-88ba-8779c44dc6ec timed out. Re-enqueueing.
[Midd4VCServer] Assigning job cff4cd79-eead-4a10-88ba-8779c44dc6ec to vehicle veh17
[Midd4VCServer] Assigning job c004c50c-1f97-4c0c-bf26-f9475afa731c to vehicle veh28
[Midd4VCServer] job cff4cd79-eead-4a10-88ba-8779c44dc6ec completed by vehicle veh17
[Midd4VCServer] job received: 94bfe4f3-b00a-4d0c-9ec0-810f308b4dcc
[Midd4VCServer] Assigning job 94bfe4f3-b00a-4d0c-9ec0-810f308b4dcc to vehicle veh17
[Midd4VCServer] job 94bfe4f3-b00a-4d0c-9ec0-810f308b4dcc completed by vehicle veh17
[Midd4VCServer] job received: 458c8f9c-2908-4d5f-8346-e481f813d331
[Midd4VCServer] Assigning job 458c8f9c-2908-4d5f-8346-e481f813d331 to vehicle veh33
[Midd4VCServer] job 458c8f9c-2908-4d5f-8346-e481f813d331 completed by vehicle veh33
[Midd4VCServer] job received: ea806699-527e-42da-bc5a-4e3cf5ca3fdb
[Midd4VC] Job c5d2ac3f-906d-414c-88ca-bc64a53af41f timed out. Re-enqueueing.
[Midd4VC] Job 835d5cee-6984-4291-afcf-acb55a7d2e45 timed out. Re-enqueueing.
[Midd4VCServer] Assigning job 835d5cee-6984-4291-afcf-acb55a7d2e45 to vehicle veh6
[Midd4VCServer] Assigning job c5d2ac3f-906d-414c-88ca-bc64a53af41f to vehicle veh40
[Midd4VCServer] Assigning job ea806699-527e-42da-bc5a-4e3cf5ca3fdb to vehicle veh17
[Midd4VCServer] job ea806699-527e-42da-bc5a-4e3cf5ca3fdb completed by vehicle veh17
[Midd4VCServer] Vehicle veh7 already registered.
[Midd4VCServer] Vehicle veh9 already registered.
[Midd4VCServer] Vehicle veh28 already registered.
[Midd4VCServer] Vehicle veh10 already registered.
[Midd4VCServer] job received: fb6d6b2f-8cad-42c5-912f-16226aaaefd5
[Midd4VC] Job 42b1c8fe-cc05-47a1-a299-cc96cfd4c7db timed out. Re-enqueueing.
[Midd4VCServer] Assigning job 42b1c8fe-cc05-47a1-a299-cc96cfd4c7db to vehicle veh18
[Midd4VCServer] Assigning job fb6d6b2f-8cad-42c5-912f-16226aaaefd5 to vehicle veh15
[Midd4VCServer] job received: edfc45c9-7eb1-436f-a8f7-f10f10911169
[Midd4VCServer] Assigning job edfc45c9-7eb1-436f-a8f7-f10f10911169 to vehicle veh25
[Midd4VCServer] job received: 5edb44ba-4641-4cca-b480-a8168c5047c4
[Midd4VCServer] Assigning job 5edb44ba-4641-4cca-b480-a8168c5047c4 to vehicle veh36
[Midd4VCServer] job 5edb44ba-4641-4cca-b480-a8168c5047c4 completed by vehicle veh36
[Midd4VCServer] Vehicle veh40 already registered.
[Midd4VCServer] job received: 102e15f1-ca1b-47e4-a7e0-521a37f05879
[Midd4VCServer] Assigning job 102e15f1-ca1b-47e4-a7e0-521a37f05879 to vehicle veh26
[Midd4VCServer] job 102e15f1-ca1b-47e4-a7e0-521a37f05879 completed by vehicle veh26
[Midd4VCServer] Vehicle veh5 already registered.
[Midd4VCServer] Vehicle veh6 already registered.
[Midd4VCServer] Vehicle veh2 already registered.
[Midd4VCServer] Vehicle veh35 already registered.
[Midd4VCServer] Vehicle veh29 already registered.
[Midd4VCServer] Vehicle veh32 already registered.
[Midd4VCServer] job received: a79d7dfd-9880-40ae-8fa4-c1857746b326
[Midd4VC] Job e4c01bb7-e4d2-4c30-962d-0167bcd3ca7c timed out. Re-enqueueing.
[Midd4VC] Job 227832b4-3df1-43bb-8d77-d79cc9d4385f timed out. Re-enqueueing.
[Midd4VC] Job 248b8a28-0618-43be-b783-c4e959a9eb31 timed out. Re-enqueueing.
[Midd4VCServer] Assigning job 248b8a28-0618-43be-b783-c4e959a9eb31 to vehicle veh27
[Midd4VCServer] Assigning job 227832b4-3df1-43bb-8d77-d79cc9d4385f to vehicle veh39
[Midd4VCServer] Assigning job e4c01bb7-e4d2-4c30-962d-0167bcd3ca7c to vehicle veh14
[Midd4VCServer] Assigning job a79d7dfd-9880-40ae-8fa4-c1857746b326 to vehicle veh33
[Midd4VCServer] job e4c01bb7-e4d2-4c30-962d-0167bcd3ca7c completed by vehicle veh14
[Midd4VCServer] job a79d7dfd-9880-40ae-8fa4-c1857746b326 completed by vehicle veh33
[Midd4VCServer] Vehicle veh12 already registered.
[Midd4VCServer] job received: ee66a2e1-a9ad-426b-98d4-f53e1b6d9cee
[Midd4VC] Job 7e35be4f-af54-4e56-a717-d20b434232b3 timed out. Re-enqueueing.
[Midd4VCServer] Assigning job 7e35be4f-af54-4e56-a717-d20b434232b3 to vehicle veh13
[Midd4VCServer] Assigning job ee66a2e1-a9ad-426b-98d4-f53e1b6d9cee to vehicle veh14
[Midd4VCServer] job ee66a2e1-a9ad-426b-98d4-f53e1b6d9cee completed by vehicle veh14
[Midd4VCServer] job 7e35be4f-af54-4e56-a717-d20b434232b3 completed by vehicle veh13
[Midd4VCServer] Vehicle veh15 already registered.
[Midd4VCServer] job received: ff981f9d-fcdb-432e-84f1-5e5a46edb48e
[Midd4VCServer] Assigning job ff981f9d-fcdb-432e-84f1-5e5a46edb48e to vehicle veh13
[Midd4VCServer] job ff981f9d-fcdb-432e-84f1-5e5a46edb48e completed by vehicle veh13
[Midd4VCServer] job received: 1f9c9883-2607-4577-8fd3-d25883d5641a
[Midd4VCServer] Assigning job 1f9c9883-2607-4577-8fd3-d25883d5641a to vehicle veh13
[Midd4VCServer] job 1f9c9883-2607-4577-8fd3-d25883d5641a completed by vehicle veh13
[Midd4VCServer] job received: 7cf8e53b-32a7-4646-8ac5-38d16a83c34c
[Midd4VCServer] Assigning job 7cf8e53b-32a7-4646-8ac5-38d16a83c34c to vehicle veh17
[Midd4VCServer] Vehicle veh26 already registered.
[Midd4VCServer] Vehicle veh8 already registered.
[Midd4VCServer] job received: da3124f7-4f70-4722-a06d-4f54edabe86e
[Midd4VCServer] Assigning job da3124f7-4f70-4722-a06d-4f54edabe86e to vehicle veh31
[Midd4VCServer] job received: 36bd6809-e8d0-44a7-91a0-7b3b7bd65a67
[Midd4VCServer] Assigning job 36bd6809-e8d0-44a7-91a0-7b3b7bd65a67 to vehicle veh22
[Midd4VCServer] Vehicle veh25 already registered.
[Midd4VCServer] job received: a0639118-f110-46ed-894b-6258c174f230
[Midd4VCServer] Assigning job a0639118-f110-46ed-894b-6258c174f230 to vehicle veh13
[Midd4VCServer] job a0639118-f110-46ed-894b-6258c174f230 completed by vehicle veh13
[Midd4VCServer] Vehicle veh38 already registered.
[Midd4VCServer] Vehicle veh18 already registered.
[Midd4VCServer] Vehicle veh4 already registered.
[Midd4VCServer] job received: d0b81a91-6608-42d9-8459-bf18338f3561
[Midd4VC] Job 7723b06f-f4e0-4e7c-bdd8-94f0f8325ed3 timed out. Re-enqueueing.
[Midd4VCServer] Assigning job 7723b06f-f4e0-4e7c-bdd8-94f0f8325ed3 to vehicle veh35
[Midd4VCServer] Assigning job d0b81a91-6608-42d9-8459-bf18338f3561 to vehicle veh11
[Midd4VCServer] job d0b81a91-6608-42d9-8459-bf18338f3561 completed by vehicle veh11
[Midd4VCServer] job received: 7ddbc46a-f80c-4c27-a288-04ee1a63f0b1
[Midd4VCServer] Assigning job 7ddbc46a-f80c-4c27-a288-04ee1a63f0b1 to vehicle veh34
[Midd4VCServer] Vehicle veh11 already registered.
[Midd4VCServer] Vehicle veh12 already registered.
[Midd4VCServer] job received: 36b7d1fe-8ca6-4cdf-920d-45423cb17bec
[Midd4VCServer] Assigning job 36b7d1fe-8ca6-4cdf-920d-45423cb17bec to vehicle veh30
[Midd4VCServer] Vehicle veh37 already registered.
[Midd4VCServer] job received: 83e5850b-8909-4ad8-91bd-80c021b4cda2
[Midd4VC] Job 5fa71c15-a8ba-40b3-8900-a487e21e68c2 timed out. Re-enqueueing.
[Midd4VCServer] Assigning job 5fa71c15-a8ba-40b3-8900-a487e21e68c2 to vehicle veh19
[Midd4VCServer] Assigning job 83e5850b-8909-4ad8-91bd-80c021b4cda2 to vehicle veh5
[Midd4VCServer] job 83e5850b-8909-4ad8-91bd-80c021b4cda2 completed by vehicle veh5
[Midd4VCServer] Vehicle veh23 already registered.
[Midd4VCServer] job received: 87747654-5ddf-4a6f-acbb-a0aa6d2ae9d0
[Midd4VCServer] Assigning job 87747654-5ddf-4a6f-acbb-a0aa6d2ae9d0 to vehicle veh36
[Midd4VCServer] job 87747654-5ddf-4a6f-acbb-a0aa6d2ae9d0 completed by vehicle veh36
[Midd4VCServer] job received: 37e54f22-39f7-4622-8424-07593da71689
[Midd4VCServer] Assigning job 37e54f22-39f7-4622-8424-07593da71689 to vehicle veh26
[Midd4VCServer] job received: 53fb8b00-fe0a-42e8-9791-d2fec77eacb5
[Midd4VC] Job 764ba151-a07d-45a0-bc5c-9bd5f0b652fa timed out. Re-enqueueing.
[Midd4VC] Job ceb502cc-77d0-4630-b3e8-63ab4fdf7568 timed out. Re-enqueueing.
[Midd4VC] Job f23827e5-20e1-48ec-abc7-637aa7c62b3c timed out. Re-enqueueing.
[Midd4VC] Job 86ec83b4-4045-44c5-b193-4ac4e842d733 timed out. Re-enqueueing.
[Midd4VCServer] Assigning job 86ec83b4-4045-44c5-b193-4ac4e842d733 to vehicle veh23
[Midd4VCServer] Assigning job f23827e5-20e1-48ec-abc7-637aa7c62b3c to vehicle veh16
[Midd4VCServer] Assigning job ceb502cc-77d0-4630-b3e8-63ab4fdf7568 to vehicle veh32
[Midd4VCServer] Assigning job 764ba151-a07d-45a0-bc5c-9bd5f0b652fa to vehicle veh9
[Midd4VCServer] Assigning job 53fb8b00-fe0a-42e8-9791-d2fec77eacb5 to vehicle veh33
[Midd4VCServer] job ceb502cc-77d0-4630-b3e8-63ab4fdf7568 completed by vehicle veh32
[Midd4VCServer] job 86ec83b4-4045-44c5-b193-4ac4e842d733 completed by vehicle veh23
[Midd4VCServer] job 764ba151-a07d-45a0-bc5c-9bd5f0b652fa completed by vehicle veh9
[Midd4VCServer] Vehicle veh24 already registered.
[Midd4VCServer] Vehicle veh10 already registered.
[Midd4VCServer] job received: 1c3c11a1-2ca6-4708-884a-7a8cc49153d8
[Midd4VCServer] Assigning job 1c3c11a1-2ca6-4708-884a-7a8cc49153d8 to vehicle veh23
[Midd4VCServer] job 1c3c11a1-2ca6-4708-884a-7a8cc49153d8 completed by vehicle veh23
[Midd4VCServer] Vehicle veh3 already registered.
[Midd4VCServer] job received: ff38e3a8-4bb1-4c9a-9db6-bab746f9613a
[Midd4VCServer] Assigning job ff38e3a8-4bb1-4c9a-9db6-bab746f9613a to vehicle veh32
[Midd4VCServer] job ff38e3a8-4bb1-4c9a-9db6-bab746f9613a completed by vehicle veh32
[Midd4VCServer] job received: 81c38bc1-e95e-4342-9cac-3501c4642964
[Midd4VCServer] Assigning job 81c38bc1-e95e-4342-9cac-3501c4642964 to vehicle veh23
[Midd4VCServer] job 81c38bc1-e95e-4342-9cac-3501c4642964 completed by vehicle veh23
[Midd4VCServer] job received: d4319d8d-e974-4e4e-90cc-8582570ee195
[Midd4VCServer] Assigning job d4319d8d-e974-4e4e-90cc-8582570ee195 to vehicle veh32
[Midd4VCServer] Vehicle veh17 already registered.
[Midd4VCServer] Vehicle veh40 already registered.
[Midd4VCServer] Vehicle veh39 already registered.
[Midd4VCServer] Vehicle veh27 already registered.
[Midd4VCServer] job received: 2d44cb27-6c92-4c12-91eb-752bca84adeb
[Midd4VC] Job 5458b268-9911-46b9-bd07-de62369f0598 timed out. Re-enqueueing.
[Midd4VCServer] Assigning job 5458b268-9911-46b9-bd07-de62369f0598 to vehicle veh8
[Midd4VCServer] Assigning job 2d44cb27-6c92-4c12-91eb-752bca84adeb to vehicle veh23
[Midd4VCServer] job 2d44cb27-6c92-4c12-91eb-752bca84adeb completed by vehicle veh23
[Midd4VCServer] Vehicle veh12 already registered.
[Midd4VCServer] job received: 5078d1aa-d298-400b-9201-59b5f3cf8406
[Midd4VC] Job df025585-4258-485f-8aab-3504f987aa9c timed out. Re-enqueueing.
[Midd4VC] Job 26d77420-0364-4d29-83be-a804d6d53025 timed out. Re-enqueueing.
[Midd4VCServer] Assigning job 26d77420-0364-4d29-83be-a804d6d53025 to vehicle veh21
[Midd4VCServer] Assigning job df025585-4258-485f-8aab-3504f987aa9c to vehicle veh29
[Midd4VCServer] Assigning job 5078d1aa-d298-400b-9201-59b5f3cf8406 to vehicle veh23
[Midd4VCServer] job 26d77420-0364-4d29-83be-a804d6d53025 completed by vehicle veh21
[Midd4VCServer] job 5078d1aa-d298-400b-9201-59b5f3cf8406 completed by vehicle veh23
[Midd4VCServer] job received: c8440c71-1998-4f25-9765-968d948a7715
[Midd4VCServer] Assigning job c8440c71-1998-4f25-9765-968d948a7715 to vehicle veh9
[Midd4VCServer] job c8440c71-1998-4f25-9765-968d948a7715 completed by vehicle veh9
[Midd4VCServer] Vehicle veh21 already registered.
[Midd4VCServer] job received: 1d3f1058-4f4a-4b8f-a768-b14d76f4b1ee
[Midd4VCServer] Assigning job 1d3f1058-4f4a-4b8f-a768-b14d76f4b1ee to vehicle veh21
[Midd4VCServer] job 1d3f1058-4f4a-4b8f-a768-b14d76f4b1ee completed by vehicle veh21
[Midd4VCServer] Vehicle veh32 already registered.
[Midd4VCServer] job received: 16a7e489-59ad-4c38-8351-0c59bbda7a31
[Midd4VC] Job 407bb2e0-679a-4de1-94b9-ea1ae6347a6b timed out. Re-enqueueing.
[Midd4VC] Job ca6f29c7-da7f-4b23-8e0c-a121ce94ae7b timed out. Re-enqueueing.
[Midd4VC] Job 830df641-8793-4012-995f-147be8071061 timed out. Re-enqueueing.
[Midd4VC] Job 4451af1a-d23b-48e5-b132-d9dd7c31f99f timed out. Re-enqueueing.
[Midd4VCServer] Assigning job 4451af1a-d23b-48e5-b132-d9dd7c31f99f to vehicle veh4
[Midd4VCServer] Assigning job 830df641-8793-4012-995f-147be8071061 to vehicle veh3
[Midd4VCServer] Assigning job ca6f29c7-da7f-4b23-8e0c-a121ce94ae7b to vehicle veh2
[Midd4VCServer] Assigning job 407bb2e0-679a-4de1-94b9-ea1ae6347a6b to vehicle veh7
[Midd4VCServer] Assigning job 16a7e489-59ad-4c38-8351-0c59bbda7a31 to vehicle veh14
[Midd4VCServer] job 830df641-8793-4012-995f-147be8071061 completed by vehicle veh3
[Midd4VCServer] Vehicle veh16 already registered.
[Midd4VCServer] Vehicle veh3 already registered.
[Midd4VCServer] job received: 76298d2b-ec73-4faa-93b4-2086ff603309
[Midd4VC] Job c3cb0f62-627c-4b84-9a5e-0fdf3ec3bf6e timed out. Re-enqueueing.
[Midd4VCServer] Assigning job c3cb0f62-627c-4b84-9a5e-0fdf3ec3bf6e to vehicle veh3
[Midd4VCServer] Assigning job 76298d2b-ec73-4faa-93b4-2086ff603309 to vehicle veh12
[Midd4VCServer] job c3cb0f62-627c-4b84-9a5e-0fdf3ec3bf6e completed by vehicle veh3
[Midd4VCServer] job 76298d2b-ec73-4faa-93b4-2086ff603309 completed by vehicle veh12
[Midd4VCServer] job received: 804a71c2-256a-4951-8c12-b8a01374c2cc
[Midd4VCServer] Assigning job 804a71c2-256a-4951-8c12-b8a01374c2cc to vehicle veh3
[Midd4VCServer] job 804a71c2-256a-4951-8c12-b8a01374c2cc completed by vehicle veh3
[Midd4VCServer] job received: 1a91a2d3-dec5-4da6-8f12-cf8d412b49fd
[Midd4VCServer] Assigning job 1a91a2d3-dec5-4da6-8f12-cf8d412b49fd to vehicle veh3
[Midd4VCServer] job 1a91a2d3-dec5-4da6-8f12-cf8d412b49fd completed by vehicle veh3
[Midd4VCServer] Vehicle veh11 already registered.
[Midd4VCServer] Vehicle veh25 already registered.
[Midd4VCServer] job received: e0d0c167-cad5-46f1-9bdf-8016e97c1f1c
[Midd4VCServer] Assigning job e0d0c167-cad5-46f1-9bdf-8016e97c1f1c to vehicle veh12
[Midd4VCServer] job e0d0c167-cad5-46f1-9bdf-8016e97c1f1c completed by vehicle veh12
[Midd4VCServer] Vehicle veh10 already registered.
[Midd4VCServer] Vehicle veh14 already registered.
[Midd4VCServer] job received: 73d51b94-6103-4261-913a-ae158d95ba78
[Midd4VC] Job e70ff247-3d9b-4201-ac74-1f4bada908ab timed out. Re-enqueueing.
[Midd4VC] Job b9cdbfb2-bd28-422e-b2c3-f41ac5d4cf9a timed out. Re-enqueueing.
[Midd4VCServer] Assigning job b9cdbfb2-bd28-422e-b2c3-f41ac5d4cf9a to vehicle veh10
[Midd4VCServer] Assigning job e70ff247-3d9b-4201-ac74-1f4bada908ab to vehicle veh3
[Midd4VCServer] Assigning job 73d51b94-6103-4261-913a-ae158d95ba78 to vehicle veh38
[Midd4VCServer] job e70ff247-3d9b-4201-ac74-1f4bada908ab completed by vehicle veh3
[Midd4VCServer] job b9cdbfb2-bd28-422e-b2c3-f41ac5d4cf9a completed by vehicle veh10
[Midd4VCServer] Vehicle veh35 already registered.
[Midd4VCServer] job received: 20e5f40a-2ed5-43c5-b2b5-12dd4cfefb79
[Midd4VCServer] Assigning job 20e5f40a-2ed5-43c5-b2b5-12dd4cfefb79 to vehicle veh10
[Midd4VCServer] job 20e5f40a-2ed5-43c5-b2b5-12dd4cfefb79 completed by vehicle veh10
[Midd4VCServer] Vehicle veh7 already registered.
[Midd4VCServer] Vehicle veh33 already registered.
[Midd4VCServer] job received: ab3aa1ca-71dc-4869-bc2d-dd781189f852
[Midd4VCServer] Assigning job ab3aa1ca-71dc-4869-bc2d-dd781189f852 to vehicle veh12
[Midd4VCServer] Vehicle veh39 already registered.
[Midd4VCServer] job received: 4be6ef3c-2919-4a51-9cc6-cdb16901780e
[Midd4VC] Job cac76d69-4b1a-4e69-ba7d-79371eb2d753 timed out. Re-enqueueing.
[Midd4VC] Job 4bd85a90-a662-4439-8de9-f18778b1edc4 timed out. Re-enqueueing.
[Midd4VC] Job 8e8d628e-f67d-4777-8526-241b577273bf timed out. Re-enqueueing.
[Midd4VCServer] Assigning job 8e8d628e-f67d-4777-8526-241b577273bf to vehicle veh20
[Midd4VCServer] Assigning job 4bd85a90-a662-4439-8de9-f18778b1edc4 to vehicle veh1
[Midd4VCServer] Assigning job cac76d69-4b1a-4e69-ba7d-79371eb2d753 to vehicle veh37
[Midd4VCServer] Assigning job 4be6ef3c-2919-4a51-9cc6-cdb16901780e to vehicle veh3
[Midd4VCServer] job cac76d69-4b1a-4e69-ba7d-79371eb2d753 completed by vehicle veh37
[Midd4VCServer] job 4be6ef3c-2919-4a51-9cc6-cdb16901780e completed by vehicle veh3
[Midd4VCServer] job received: a9048c3c-9090-4ef1-b383-cbb00c65aa26
[Midd4VCServer] Assigning job a9048c3c-9090-4ef1-b383-cbb00c65aa26 to vehicle veh37
[Midd4VCServer] job a9048c3c-9090-4ef1-b383-cbb00c65aa26 completed by vehicle veh37
[Midd4VCServer] job received: c037e6e2-4f76-4e56-8b5e-ae588cd5d716
[Midd4VC] Job c004c50c-1f97-4c0c-bf26-f9475afa731c timed out. Re-enqueueing.
[Midd4VCServer] Assigning job c004c50c-1f97-4c0c-bf26-f9475afa731c to vehicle veh28
[Midd4VCServer] Assigning job c037e6e2-4f76-4e56-8b5e-ae588cd5d716 to vehicle veh10
[Midd4VCServer] job c037e6e2-4f76-4e56-8b5e-ae588cd5d716 completed by vehicle veh10
[Midd4VCServer] Vehicle veh34 already registered.
[Midd4VCServer] job received: 12b861a5-59be-475c-8ed5-0b909ee3dc88
[Midd4VCServer] Assigning job 12b861a5-59be-475c-8ed5-0b909ee3dc88 to vehicle veh37
[Midd4VCServer] job 12b861a5-59be-475c-8ed5-0b909ee3dc88 completed by vehicle veh37
[Midd4VCServer] Vehicle veh4 already registered.
[Midd4VCServer] job received: 4c085e4c-8147-4340-8020-a3a8c61a693c
[Midd4VCServer] Assigning job 4c085e4c-8147-4340-8020-a3a8c61a693c to vehicle veh24
[Midd4VCServer] job received: b64fc62e-502e-4f45-bc6f-7da82fac8ce7
[Midd4VC] Job 835d5cee-6984-4291-afcf-acb55a7d2e45 timed out. Re-enqueueing.
[Midd4VC] Job c5d2ac3f-906d-414c-88ca-bc64a53af41f timed out. Re-enqueueing.
[Midd4VCServer] Assigning job c5d2ac3f-906d-414c-88ca-bc64a53af41f to vehicle veh6
[Midd4VCServer] Assigning job 835d5cee-6984-4291-afcf-acb55a7d2e45 to vehicle veh40
[Midd4VCServer] Assigning job b64fc62e-502e-4f45-bc6f-7da82fac8ce7 to vehicle veh3
[Midd4VCServer] job b64fc62e-502e-4f45-bc6f-7da82fac8ce7 completed by vehicle veh3
[Midd4VCServer] Vehicle veh11 already registered.
[Midd4VCServer] Vehicle veh7 already registered.
[Midd4VCServer] job received: ac25123c-37a2-426a-bd4f-950d94216818
[Midd4VC] Job 42b1c8fe-cc05-47a1-a299-cc96cfd4c7db timed out. Re-enqueueing.
[Midd4VC] Job fb6d6b2f-8cad-42c5-912f-16226aaaefd5 timed out. Re-enqueueing.
[Midd4VCServer] Assigning job fb6d6b2f-8cad-42c5-912f-16226aaaefd5 to vehicle veh18
[Midd4VCServer] Assigning job 42b1c8fe-cc05-47a1-a299-cc96cfd4c7db to vehicle veh15
[Midd4VCServer] Assigning job ac25123c-37a2-426a-bd4f-950d94216818 to vehicle veh13
[Midd4VCServer] Vehicle veh38 already registered.
[Midd4VCServer] job received: b9500aba-c302-44f5-b518-101249ce717c
[Midd4VC] Job edfc45c9-7eb1-436f-a8f7-f10f10911169 timed out. Re-enqueueing.
[Midd4VCServer] Assigning job edfc45c9-7eb1-436f-a8f7-f10f10911169 to vehicle veh25
[Midd4VCServer] Assigning job b9500aba-c302-44f5-b518-101249ce717c to vehicle veh11
[Midd4VCServer] job b9500aba-c302-44f5-b518-101249ce717c completed by vehicle veh11
[Midd4VCServer] job received: 3088d52f-4009-4b26-98bb-2aebe7807ddc
[Midd4VCServer] Assigning job 3088d52f-4009-4b26-98bb-2aebe7807ddc to vehicle veh10
[Midd4VCServer] job 3088d52f-4009-4b26-98bb-2aebe7807ddc completed by vehicle veh10
[Midd4VCServer] job received: 32855873-e7b0-4d5c-99c6-a3ab58b3937d
[Midd4VCServer] Assigning job 32855873-e7b0-4d5c-99c6-a3ab58b3937d to vehicle veh37
[Midd4VCServer] Vehicle veh20 already registered.
[Midd4VCServer] Vehicle veh26 already registered.
[Midd4VCServer] job received: ab3180c2-a91e-4540-bdd1-0f3a3574f08b
[Midd4VC] Job 248b8a28-0618-43be-b783-c4e959a9eb31 timed out. Re-enqueueing.
[Midd4VC] Job 227832b4-3df1-43bb-8d77-d79cc9d4385f timed out. Re-enqueueing.
[Midd4VCServer] Assigning job 227832b4-3df1-43bb-8d77-d79cc9d4385f to vehicle veh27
[Midd4VCServer] Assigning job 248b8a28-0618-43be-b783-c4e959a9eb31 to vehicle veh39
[Midd4VCServer] Assigning job ab3180c2-a91e-4540-bdd1-0f3a3574f08b to vehicle veh23
[Midd4VCServer] job 248b8a28-0618-43be-b783-c4e959a9eb31 completed by vehicle veh39
[Midd4VCServer] job received: 91cd02c3-864a-4baf-a83e-9d5cb14c0f65
[Midd4VCServer] Assigning job 91cd02c3-864a-4baf-a83e-9d5cb14c0f65 to vehicle veh39
[Midd4VCServer] job 91cd02c3-864a-4baf-a83e-9d5cb14c0f65 completed by vehicle veh39
[Midd4VCServer] job received: 5df7a4c7-ca8f-4d24-8e91-44d0a7b5bac1
[Midd4VCServer] Assigning job 5df7a4c7-ca8f-4d24-8e91-44d0a7b5bac1 to vehicle veh39
[Midd4VCServer] job 5df7a4c7-ca8f-4d24-8e91-44d0a7b5bac1 completed by vehicle veh39
[Midd4VCServer] job received: b816599e-3bb6-4c94-82c6-4188ceb1cc51
[Midd4VC] Job 7cf8e53b-32a7-4646-8ac5-38d16a83c34c timed out. Re-enqueueing.
[Midd4VCServer] Assigning job 7cf8e53b-32a7-4646-8ac5-38d16a83c34c to vehicle veh17
[Midd4VCServer] Assigning job b816599e-3bb6-4c94-82c6-4188ceb1cc51 to vehicle veh5
[Midd4VCServer] job 7cf8e53b-32a7-4646-8ac5-38d16a83c34c completed by vehicle veh17
[Midd4VCServer] job received: d5972b68-783e-489c-809f-be7a23fb18d7
[Midd4VCServer] Assigning job d5972b68-783e-489c-809f-be7a23fb18d7 to vehicle veh17
[Midd4VCServer] job d5972b68-783e-489c-809f-be7a23fb18d7 completed by vehicle veh17
[Midd4VCServer] job received: f048fc78-a290-4254-9363-85edf244e5d8
[Midd4VCServer] Assigning job f048fc78-a290-4254-9363-85edf244e5d8 to vehicle veh9
[Midd4VCServer] job f048fc78-a290-4254-9363-85edf244e5d8 completed by vehicle veh9
[Midd4VCServer] job received: 37e83537-8890-4036-9d34-235ebcd75e2d
[Midd4VC] Job da3124f7-4f70-4722-a06d-4f54edabe86e timed out. Re-enqueueing.
[Midd4VC] Job 36bd6809-e8d0-44a7-91a0-7b3b7bd65a67 timed out. Re-enqueueing.
[Midd4VCServer] Assigning job 36bd6809-e8d0-44a7-91a0-7b3b7bd65a67 to vehicle veh31
[Midd4VCServer] Assigning job da3124f7-4f70-4722-a06d-4f54edabe86e to vehicle veh22
[Midd4VCServer] Assigning job 37e83537-8890-4036-9d34-235ebcd75e2d to vehicle veh39
[Midd4VCServer] job 37e83537-8890-4036-9d34-235ebcd75e2d completed by vehicle veh39
[Midd4VCServer] job received: 75864f09-0a50-4cce-ac9a-bbe575c4adf3
[Midd4VCServer] Assigning job 75864f09-0a50-4cce-ac9a-bbe575c4adf3 to vehicle veh36
[Midd4VCServer] job received: e3c7feee-4218-4918-b7d0-79c2c3589730
[Midd4VCServer] Assigning job e3c7feee-4218-4918-b7d0-79c2c3589730 to vehicle veh21
[Midd4VCServer] job e3c7feee-4218-4918-b7d0-79c2c3589730 completed by vehicle veh21
[Midd4VCServer] Vehicle veh19 already registered.
[Midd4VCServer] Vehicle veh11 already registered.
[Midd4VCServer] Vehicle veh28 already registered.
[Midd4VCServer] Vehicle veh37 already registered.
[Midd4VCServer] job received: 9139a5bc-3be0-4344-a4f5-26a87adecb3a
[Midd4VC] Job 7723b06f-f4e0-4e7c-bdd8-94f0f8325ed3 timed out. Re-enqueueing.
[Midd4VC] Job 7ddbc46a-f80c-4c27-a288-04ee1a63f0b1 timed out. Re-enqueueing.
[Midd4VC] Job 36b7d1fe-8ca6-4cdf-920d-45423cb17bec timed out. Re-enqueueing.
[Midd4VCServer] Assigning job 36b7d1fe-8ca6-4cdf-920d-45423cb17bec to vehicle veh35
[Midd4VCServer] Assigning job 7ddbc46a-f80c-4c27-a288-04ee1a63f0b1 to vehicle veh34
[Midd4VCServer] Assigning job 7723b06f-f4e0-4e7c-bdd8-94f0f8325ed3 to vehicle veh30
[Midd4VCServer] Assigning job 9139a5bc-3be0-4344-a4f5-26a87adecb3a to vehicle veh17
[Midd4VCServer] job 7ddbc46a-f80c-4c27-a288-04ee1a63f0b1 completed by vehicle veh34
[Midd4VCServer] job 9139a5bc-3be0-4344-a4f5-26a87adecb3a completed by vehicle veh17
[Midd4VCServer] job received: dfb709f9-2c98-4dfb-b4e2-4bfbd62ad5ae
[Midd4VCServer] Assigning job dfb709f9-2c98-4dfb-b4e2-4bfbd62ad5ae to vehicle veh34
[Midd4VCServer] job dfb709f9-2c98-4dfb-b4e2-4bfbd62ad5ae completed by vehicle veh34
[Midd4VCServer] job received: 3b8cbb9c-de53-4bdb-a8df-d9affc86f362
[Midd4VCServer] Assigning job 3b8cbb9c-de53-4bdb-a8df-d9affc86f362 to vehicle veh3
[Midd4VCServer] job 3b8cbb9c-de53-4bdb-a8df-d9affc86f362 completed by vehicle veh3
[Midd4VCServer] Vehicle veh40 already registered.
[Midd4VCServer] Vehicle veh34 already registered.
[Midd4VCServer] job received: 8972e8bc-eb0e-4af1-90b1-8914d6c6a422
[Midd4VC] Job 5fa71c15-a8ba-40b3-8900-a487e21e68c2 timed out. Re-enqueueing.
[Midd4VCServer] Assigning job 5fa71c15-a8ba-40b3-8900-a487e21e68c2 to vehicle veh19
[Midd4VCServer] Assigning job 8972e8bc-eb0e-4af1-90b1-8914d6c6a422 to vehicle veh11
[Midd4VCServer] job 5fa71c15-a8ba-40b3-8900-a487e21e68c2 completed by vehicle veh19
[Midd4VCServer] job 8972e8bc-eb0e-4af1-90b1-8914d6c6a422 completed by vehicle veh11
[Midd4VCServer] Vehicle veh15 already registered.
[Midd4VCServer] Vehicle veh32 already registered.
[Midd4VCServer] job received: 2fafd972-0a02-4b40-b8d4-d676ee44f602
[Midd4VCServer] Assigning job 2fafd972-0a02-4b40-b8d4-d676ee44f602 to vehicle veh19
[Midd4VCServer] job 2fafd972-0a02-4b40-b8d4-d676ee44f602 completed by vehicle veh19
[Midd4VCServer] job received: a4d96d6c-0bed-429b-8a8d-14882c096a0d
[Midd4VCServer] Assigning job a4d96d6c-0bed-429b-8a8d-14882c096a0d to vehicle veh19
[Midd4VCServer] job a4d96d6c-0bed-429b-8a8d-14882c096a0d completed by vehicle veh19
[Midd4VCServer] job received: 7fa1dc82-0299-4577-b5fa-9e29a48234b3
[Midd4VC] Job 37e54f22-39f7-4622-8424-07593da71689 timed out. Re-enqueueing.
[Midd4VCServer] Assigning job 37e54f22-39f7-4622-8424-07593da71689 to vehicle veh26
[Midd4VCServer] Assigning job 7fa1dc82-0299-4577-b5fa-9e29a48234b3 to vehicle veh19
[Midd4VCServer] job 37e54f22-39f7-4622-8424-07593da71689 completed by vehicle veh26
[Midd4VCServer] job 7fa1dc82-0299-4577-b5fa-9e29a48234b3 completed by vehicle veh19
[Midd4VCServer] Vehicle veh23 already registered.
[Midd4VCServer] job received: 85c2a0d2-79c3-4921-a75a-943542fc1716
[Midd4VC] Job f23827e5-20e1-48ec-abc7-637aa7c62b3c timed out. Re-enqueueing.
[Midd4VC] Job 53fb8b00-fe0a-42e8-9791-d2fec77eacb5 timed out. Re-enqueueing.
[Midd4VCServer] Assigning job 53fb8b00-fe0a-42e8-9791-d2fec77eacb5 to vehicle veh16
[Midd4VCServer] Assigning job f23827e5-20e1-48ec-abc7-637aa7c62b3c to vehicle veh33
[Midd4VCServer] Assigning job 85c2a0d2-79c3-4921-a75a-943542fc1716 to vehicle veh26
[Midd4VCServer] job 85c2a0d2-79c3-4921-a75a-943542fc1716 completed by vehicle veh26
[Midd4VCServer] job 53fb8b00-fe0a-42e8-9791-d2fec77eacb5 completed by vehicle veh16
[Midd4VCServer] Vehicle veh38 already registered.
[Midd4VCServer] Vehicle veh16 already registered.
[Midd4VCServer] Vehicle veh39 already registered.
[Midd4VCServer] job received: 76971721-c485-4612-ab98-057d74f6478e
[Midd4VC] Job d4319d8d-e974-4e4e-90cc-8582570ee195 timed out. Re-enqueueing.
[Midd4VCServer] Assigning job d4319d8d-e974-4e4e-90cc-8582570ee195 to vehicle veh16
[Midd4VCServer] Assigning job 76971721-c485-4612-ab98-057d74f6478e to vehicle veh32
[Midd4VCServer] job d4319d8d-e974-4e4e-90cc-8582570ee195 completed by vehicle veh16
[Midd4VCServer] job 76971721-c485-4612-ab98-057d74f6478e completed by vehicle veh32
[Midd4VCServer] job received: 0d460505-9f4f-42d0-8901-9b629ab9db70
[Midd4VCServer] Assigning job 0d460505-9f4f-42d0-8901-9b629ab9db70 to vehicle veh16
[Midd4VCServer] job 0d460505-9f4f-42d0-8901-9b629ab9db70 completed by vehicle veh16
[Midd4VCServer] job received: f2af018d-54fd-4d22-b2e8-b2b5b1c5f34e
[Midd4VCServer] Assigning job f2af018d-54fd-4d22-b2e8-b2b5b1c5f34e to vehicle veh16
[Midd4VCServer] job f2af018d-54fd-4d22-b2e8-b2b5b1c5f34e completed by vehicle veh16
[Midd4VCServer] Vehicle veh14 already registered.
[Midd4VCServer] Vehicle veh11 already registered.
[Midd4VCServer] Vehicle veh25 already registered.
[Midd4VCServer] Vehicle veh18 already registered.
[Midd4VCServer] Vehicle veh22 already registered.
[Midd4VCServer] job received: 4c50fef7-38b5-4ce3-8a12-cca292e7b3f5
[Midd4VC] Job 5458b268-9911-46b9-bd07-de62369f0598 timed out. Re-enqueueing.
[Midd4VC] Job df025585-4258-485f-8aab-3504f987aa9c timed out. Re-enqueueing.
[Midd4VCServer] Assigning job df025585-4258-485f-8aab-3504f987aa9c to vehicle veh8
[Midd4VCServer] Assigning job 5458b268-9911-46b9-bd07-de62369f0598 to vehicle veh29
[Midd4VCServer] Assigning job 4c50fef7-38b5-4ce3-8a12-cca292e7b3f5 to vehicle veh32
[Midd4VCServer] job 4c50fef7-38b5-4ce3-8a12-cca292e7b3f5 completed by vehicle veh32
[Midd4VCServer] Vehicle veh12 already registered.
[Midd4VCServer] job received: c66ef9b7-9bb1-40a1-b53e-e97af715ce06
[Midd4VCServer] Assigning job c66ef9b7-9bb1-40a1-b53e-e97af715ce06 to vehicle veh16
[Midd4VCServer] job c66ef9b7-9bb1-40a1-b53e-e97af715ce06 completed by vehicle veh16
[Midd4VCServer] Vehicle veh9 already registered.
[Midd4VCServer] job received: 9ca1fcb0-0c3b-47a8-8cf3-23edb9db2aec
[Midd4VCServer] Assigning job 9ca1fcb0-0c3b-47a8-8cf3-23edb9db2aec to vehicle veh32
[Midd4VCServer] Vehicle veh27 already registered.
[Midd4VCServer] job received: 345cc2be-8fe5-46a8-aa25-5e9b67f9a45d
[Midd4VC] Job 4451af1a-d23b-48e5-b132-d9dd7c31f99f timed out. Re-enqueueing.
[Midd4VC] Job ca6f29c7-da7f-4b23-8e0c-a121ce94ae7b timed out. Re-enqueueing.
[Midd4VC] Job 407bb2e0-679a-4de1-94b9-ea1ae6347a6b timed out. Re-enqueueing.
[Midd4VC] Job 16a7e489-59ad-4c38-8351-0c59bbda7a31 timed out. Re-enqueueing.
[Midd4VCServer] Assigning job 16a7e489-59ad-4c38-8351-0c59bbda7a31 to vehicle veh4
[Midd4VCServer] Assigning job 407bb2e0-679a-4de1-94b9-ea1ae6347a6b to vehicle veh2
[Midd4VCServer] Assigning job ca6f29c7-da7f-4b23-8e0c-a121ce94ae7b to vehicle veh7
[Midd4VCServer] Assigning job 4451af1a-d23b-48e5-b132-d9dd7c31f99f to vehicle veh14
[Midd4VCServer] Assigning job 345cc2be-8fe5-46a8-aa25-5e9b67f9a45d to vehicle veh16
[Midd4VCServer] job received: fd075704-0ab3-4024-87a6-77465fa20564
[Midd4VCServer] Assigning job fd075704-0ab3-4024-87a6-77465fa20564 to vehicle veh10
[Midd4VCServer] job 345cc2be-8fe5-46a8-aa25-5e9b67f9a45d completed by vehicle veh16
[Midd4VCServer] job 4451af1a-d23b-48e5-b132-d9dd7c31f99f completed by vehicle veh14
[Midd4VCServer] Vehicle veh1 already registered.
[Midd4VCServer] job received: 680a1ccf-de71-478d-804c-f5b1d5dfd1e2
[Midd4VCServer] Assigning job 680a1ccf-de71-478d-804c-f5b1d5dfd1e2 to vehicle veh14
[Midd4VCServer] job 680a1ccf-de71-478d-804c-f5b1d5dfd1e2 completed by vehicle veh14
[Midd4VCServer] Vehicle veh3 already registered.
[Midd4VCServer] job received: 87ecbe14-71b0-4e3c-be11-d79df8f1d421
[Midd4VCServer] Assigning job 87ecbe14-71b0-4e3c-be11-d79df8f1d421 to vehicle veh34
[Midd4VCServer] job received: 29fbb15c-a0c2-430c-b760-18a5f95babf8
[Midd4VC] Job 73d51b94-6103-4261-913a-ae158d95ba78 timed out. Re-enqueueing.
[Midd4VCServer] Assigning job 73d51b94-6103-4261-913a-ae158d95ba78 to vehicle veh38
[Midd4VCServer] Assigning job 29fbb15c-a0c2-430c-b760-18a5f95babf8 to vehicle veh16
[Midd4VCServer] job 29fbb15c-a0c2-430c-b760-18a5f95babf8 completed by vehicle veh16
[Midd4VCServer] job received: aa9968b6-825b-4f53-a2ad-86462a887b45
[Midd4VCServer] Assigning job aa9968b6-825b-4f53-a2ad-86462a887b45 to vehicle veh9
[Midd4VCServer] Vehicle veh35 already registered.
[Midd4VCServer] Vehicle veh11 already registered.
[Midd4VCServer] Vehicle veh14 already registered.
[Midd4VCServer] Vehicle veh10 already registered.
[Midd4VCServer] job received: e7ed7b4a-beb9-48b2-8cb4-e38d09886fe9
[Midd4VC] Job ab3aa1ca-71dc-4869-bc2d-dd781189f852 timed out. Re-enqueueing.
[Midd4VCServer] Assigning job ab3aa1ca-71dc-4869-bc2d-dd781189f852 to vehicle veh12
[Midd4VCServer] Assigning job e7ed7b4a-beb9-48b2-8cb4-e38d09886fe9 to vehicle veh39
[Midd4VCServer] Vehicle veh20 already registered.
[Midd4VCServer] job received: 00c57ea2-beb8-49d9-af21-6c49f3330134
[Midd4VC] Job 8e8d628e-f67d-4777-8526-241b577273bf timed out. Re-enqueueing.
[Midd4VC] Job 4bd85a90-a662-4439-8de9-f18778b1edc4 timed out. Re-enqueueing.
[Midd4VCServer] Assigning job 4bd85a90-a662-4439-8de9-f18778b1edc4 to vehicle veh20
[Midd4VCServer] Assigning job 8e8d628e-f67d-4777-8526-241b577273bf to vehicle veh1
[Midd4VCServer] Assigning job 00c57ea2-beb8-49d9-af21-6c49f3330134 to vehicle veh26
[Midd4VCServer] job 00c57ea2-beb8-49d9-af21-6c49f3330134 completed by vehicle veh26
[Midd4VCServer] job 4bd85a90-a662-4439-8de9-f18778b1edc4 completed by vehicle veh20
[Midd4VCServer] job 8e8d628e-f67d-4777-8526-241b577273bf completed by vehicle veh1
[Midd4VCServer] Vehicle veh34 already registered.
[Midd4VCServer] job received: c6e97291-57e3-4b8a-86c1-c0f24538ecf6
[Midd4VCServer] Assigning job c6e97291-57e3-4b8a-86c1-c0f24538ecf6 to vehicle veh20
[Midd4VCServer] job c6e97291-57e3-4b8a-86c1-c0f24538ecf6 completed by vehicle veh20
[Midd4VCServer] job received: eae086d6-2eeb-4200-9b78-3ade0165d546
[Midd4VCServer] Assigning job eae086d6-2eeb-4200-9b78-3ade0165d546 to vehicle veh1
[Midd4VCServer] job eae086d6-2eeb-4200-9b78-3ade0165d546 completed by vehicle veh1
[Midd4VCServer] job received: 25804ece-b1d2-4839-b8b1-1460fa7eec21
[Midd4VC] Job c004c50c-1f97-4c0c-bf26-f9475afa731c timed out. Re-enqueueing.
[Midd4VCServer] Assigning job c004c50c-1f97-4c0c-bf26-f9475afa731c to vehicle veh28
[Midd4VCServer] Assigning job 25804ece-b1d2-4839-b8b1-1460fa7eec21 to vehicle veh20
[Midd4VCServer] job 25804ece-b1d2-4839-b8b1-1460fa7eec21 completed by vehicle veh20
[Midd4VCServer] job received: 0844ccfa-3267-4b5d-b045-09eb56a49e81
[Midd4VCServer] Assigning job 0844ccfa-3267-4b5d-b045-09eb56a49e81 to vehicle veh1
[Midd4VCServer] job 0844ccfa-3267-4b5d-b045-09eb56a49e81 completed by vehicle veh1
[Midd4VCServer] job received: 8bd0bf6d-4e6b-4680-9435-706cd3309b82
[Midd4VC] Job 4c085e4c-8147-4340-8020-a3a8c61a693c timed out. Re-enqueueing.
[Midd4VCServer] Assigning job 4c085e4c-8147-4340-8020-a3a8c61a693c to vehicle veh20
[Midd4VCServer] Assigning job 8bd0bf6d-4e6b-4680-9435-706cd3309b82 to vehicle veh1
[Midd4VCServer] job 4c085e4c-8147-4340-8020-a3a8c61a693c completed by vehicle veh20
[Midd4VCServer] job 8bd0bf6d-4e6b-4680-9435-706cd3309b82 completed by vehicle veh1
[Midd4VCServer] job received: 077f06ca-0240-41da-afb3-edd5726f9e4d
[Midd4VCServer] Assigning job 077f06ca-0240-41da-afb3-edd5726f9e4d to vehicle veh20
[Midd4VCServer] job 077f06ca-0240-41da-afb3-edd5726f9e4d completed by vehicle veh20
[Midd4VCServer] job received: d5d6fcc0-9bd4-43be-97d3-cacb6ba5cbd5
[Midd4VCServer] Assigning job d5d6fcc0-9bd4-43be-97d3-cacb6ba5cbd5 to vehicle veh1
[Midd4VCServer] job d5d6fcc0-9bd4-43be-97d3-cacb6ba5cbd5 completed by vehicle veh1
[Midd4VCServer] Vehicle veh27 already registered.
[Midd4VCServer] Vehicle veh31 already registered.
[Midd4VCServer] job received: b70dbe2e-7474-4b76-b540-ba0527944171
[Midd4VC] Job c5d2ac3f-906d-414c-88ca-bc64a53af41f timed out. Re-enqueueing.
[Midd4VC] Job 835d5cee-6984-4291-afcf-acb55a7d2e45 timed out. Re-enqueueing.
[Midd4VCServer] Assigning job 835d5cee-6984-4291-afcf-acb55a7d2e45 to vehicle veh6
[Midd4VCServer] Assigning job c5d2ac3f-906d-414c-88ca-bc64a53af41f to vehicle veh40
[Midd4VCServer] Assigning job b70dbe2e-7474-4b76-b540-ba0527944171 to vehicle veh24
[Midd4VCServer] job c5d2ac3f-906d-414c-88ca-bc64a53af41f completed by vehicle veh40
[Midd4VCServer] Vehicle veh39 already registered.
[Midd4VCServer] Vehicle veh15 already registered.
[Midd4VCServer] Vehicle veh37 already registered.
[Midd4VCServer] job received: 82f2825a-16ce-463e-911c-f7872c685a0d
[Midd4VC] Job fb6d6b2f-8cad-42c5-912f-16226aaaefd5 timed out. Re-enqueueing.
[Midd4VC] Job 42b1c8fe-cc05-47a1-a299-cc96cfd4c7db timed out. Re-enqueueing.
[Midd4VC] Job ac25123c-37a2-426a-bd4f-950d94216818 timed out. Re-enqueueing.
[Midd4VCServer] Assigning job ac25123c-37a2-426a-bd4f-950d94216818 to vehicle veh18
[Midd4VCServer] Assigning job 42b1c8fe-cc05-47a1-a299-cc96cfd4c7db to vehicle veh15
[Midd4VCServer] Assigning job fb6d6b2f-8cad-42c5-912f-16226aaaefd5 to vehicle veh40
[Midd4VCServer] Assigning job 82f2825a-16ce-463e-911c-f7872c685a0d to vehicle veh13
[Midd4VCServer] job ac25123c-37a2-426a-bd4f-950d94216818 completed by vehicle veh18
[Midd4VCServer] job fb6d6b2f-8cad-42c5-912f-16226aaaefd5 completed by vehicle veh40
[Midd4VCServer] Vehicle veh23 already registered.
[Midd4VCServer] job received: c6a08690-b611-41be-ac18-30bcf11b281d
[Midd4VCServer] Assigning job c6a08690-b611-41be-ac18-30bcf11b281d to vehicle veh18
[Midd4VCServer] job c6a08690-b611-41be-ac18-30bcf11b281d completed by vehicle veh18
[Midd4VCServer] Vehicle veh8 already registered.
[Midd4VCServer] Vehicle veh10 already registered.
[Midd4VCServer] job received: cdc51dd7-2674-4c29-8e9b-d922c393562e
[Midd4VC] Job edfc45c9-7eb1-436f-a8f7-f10f10911169 timed out. Re-enqueueing.
[Midd4VC] Job 32855873-e7b0-4d5c-99c6-a3ab58b3937d timed out. Re-enqueueing.
[Midd4VCServer] Assigning job 32855873-e7b0-4d5c-99c6-a3ab58b3937d to vehicle veh25
[Midd4VCServer] Assigning job edfc45c9-7eb1-436f-a8f7-f10f10911169 to vehicle veh40
[Midd4VCServer] Assigning job cdc51dd7-2674-4c29-8e9b-d922c393562e to vehicle veh18
[Midd4VCServer] job edfc45c9-7eb1-436f-a8f7-f10f10911169 completed by vehicle veh40
[Midd4VCServer] job cdc51dd7-2674-4c29-8e9b-d922c393562e completed by vehicle veh18
[Midd4VCServer] Vehicle veh17 already registered.
[Midd4VCServer] job received: 3816862b-7210-4381-be33-eda523abcc87
[Midd4VC] Job 227832b4-3df1-43bb-8d77-d79cc9d4385f timed out. Re-enqueueing.
[Midd4VC] Job ab3180c2-a91e-4540-bdd1-0f3a3574f08b timed out. Re-enqueueing.
[Midd4VCServer] Assigning job ab3180c2-a91e-4540-bdd1-0f3a3574f08b to vehicle veh27
[Midd4VCServer] Assigning job 227832b4-3df1-43bb-8d77-d79cc9d4385f to vehicle veh37
[Midd4VCServer] Assigning job 3816862b-7210-4381-be33-eda523abcc87 to vehicle veh40
[Midd4VCServer] job ab3180c2-a91e-4540-bdd1-0f3a3574f08b completed by vehicle veh27
[Midd4VCServer] job 3816862b-7210-4381-be33-eda523abcc87 completed by vehicle veh40
[Midd4VCServer] job 227832b4-3df1-43bb-8d77-d79cc9d4385f completed by vehicle veh37
[Midd4VCServer] Vehicle veh12 already registered.
[Midd4VCServer] job received: 3685074c-984a-48a7-8e44-18c1cca0a749
[Midd4VCServer] Assigning job 3685074c-984a-48a7-8e44-18c1cca0a749 to vehicle veh27
[Midd4VCServer] job 3685074c-984a-48a7-8e44-18c1cca0a749 completed by vehicle veh27
[Midd4VCServer] Vehicle veh5 already registered.
[Midd4VCServer] Vehicle veh26 already registered.
[Midd4VCServer] job received: df7f4481-536d-4091-888f-d3fe0ef152e7
[Midd4VC] Job b816599e-3bb6-4c94-82c6-4188ceb1cc51 timed out. Re-enqueueing.
[Midd4VC] Job 36bd6809-e8d0-44a7-91a0-7b3b7bd65a67 timed out. Re-enqueueing.
[Midd4VC] Job da3124f7-4f70-4722-a06d-4f54edabe86e timed out. Re-enqueueing.
[Midd4VCServer] Assigning job da3124f7-4f70-4722-a06d-4f54edabe86e to vehicle veh27
[Midd4VCServer] Assigning job 36bd6809-e8d0-44a7-91a0-7b3b7bd65a67 to vehicle veh31
[Midd4VCServer] Assigning job b816599e-3bb6-4c94-82c6-4188ceb1cc51 to vehicle veh22
[Midd4VCServer] Assigning job df7f4481-536d-4091-888f-d3fe0ef152e7 to vehicle veh18
[Midd4VCServer] job da3124f7-4f70-4722-a06d-4f54edabe86e completed by vehicle veh27
[Midd4VCServer] job df7f4481-536d-4091-888f-d3fe0ef152e7 completed by vehicle veh18
[Midd4VCServer] job received: ccec6138-d8e4-4021-85b5-7d134c7eff36
[Midd4VC] Job 75864f09-0a50-4cce-ac9a-bbe575c4adf3 timed out. Re-enqueueing.
[Midd4VCServer] Assigning job 75864f09-0a50-4cce-ac9a-bbe575c4adf3 to vehicle veh27
[Midd4VCServer] Assigning job ccec6138-d8e4-4021-85b5-7d134c7eff36 to vehicle veh23
[Midd4VCServer] Vehicle veh7 already registered.
[Midd4VCServer] Vehicle veh20 already registered.
[Midd4VCServer] job received: a83755b3-999d-434f-b115-18411ff0784c
[Midd4VCServer] Assigning job a83755b3-999d-434f-b115-18411ff0784c to vehicle veh5
[Midd4VCServer] job received: 137e3f2e-1cc2-4e42-8480-d6529eb74d9b
[Midd4VCServer] Assigning job 137e3f2e-1cc2-4e42-8480-d6529eb74d9b to vehicle veh36
[Midd4VCServer] job received: 3bd53663-19a0-4bb5-81ac-f82b8c07a3fd
[Midd4VCServer] Assigning job 3bd53663-19a0-4bb5-81ac-f82b8c07a3fd to vehicle veh20
[Midd4VCServer] job 3bd53663-19a0-4bb5-81ac-f82b8c07a3fd completed by vehicle veh20
[Midd4VCServer] Vehicle veh30 already registered.
[Midd4VCServer] job received: 0cbc726b-62d6-4b8d-b298-200ea419a02d
[Midd4VCServer] Assigning job 0cbc726b-62d6-4b8d-b298-200ea419a02d to vehicle veh1
[Midd4VCServer] job 0cbc726b-62d6-4b8d-b298-200ea419a02d completed by vehicle veh1
[Midd4VCServer] Vehicle veh34 already registered.
[Midd4VCServer] job received: c9fdc470-02eb-43ca-83cb-ff0a6cce5f84
[Midd4VCServer] Assigning job c9fdc470-02eb-43ca-83cb-ff0a6cce5f84 to vehicle veh37
[Midd4VCServer] Vehicle veh12 already registered.
[Midd4VCServer] Vehicle veh8 already registered.
[Midd4VCServer] Vehicle veh7 already registered.
[Midd4VCServer] job received: 80f65f2e-c3da-40e0-9b7a-95d20997fcab
[Midd4VC] Job 36b7d1fe-8ca6-4cdf-920d-45423cb17bec timed out. Re-enqueueing.
[Midd4VC] Job 7723b06f-f4e0-4e7c-bdd8-94f0f8325ed3 timed out. Re-enqueueing.
[Midd4VCServer] Assigning job 7723b06f-f4e0-4e7c-bdd8-94f0f8325ed3 to vehicle veh35
[Midd4VCServer] Assigning job 36b7d1fe-8ca6-4cdf-920d-45423cb17bec to vehicle veh30
[Midd4VCServer] Assigning job 80f65f2e-c3da-40e0-9b7a-95d20997fcab to vehicle veh40
[Midd4VCServer] job 36b7d1fe-8ca6-4cdf-920d-45423cb17bec completed by vehicle veh30
[Midd4VCServer] Vehicle veh27 already registered.
[Midd4VCServer] job received: e67e7ec4-b757-42e9-bc63-5a50e4eab587
[Midd4VCServer] Assigning job e67e7ec4-b757-42e9-bc63-5a50e4eab587 to vehicle veh30
[Midd4VCServer] job e67e7ec4-b757-42e9-bc63-5a50e4eab587 completed by vehicle veh30
[Midd4VCServer] Vehicle veh19 already registered.
[Midd4VCServer] Vehicle veh20 already registered.
[Midd4VCServer] job received: 6675b7fb-0cc8-487f-9f92-09a537d8df3c
[Midd4VCServer] Assigning job 6675b7fb-0cc8-487f-9f92-09a537d8df3c to vehicle veh30
[Midd4VCServer] job 6675b7fb-0cc8-487f-9f92-09a537d8df3c completed by vehicle veh30
[Midd4VCServer] Vehicle veh26 already registered.
[Midd4VCServer] job received: f30d2a99-be44-4852-8465-afeafa334ce2
[Midd4VC] Job f23827e5-20e1-48ec-abc7-637aa7c62b3c timed out. Re-enqueueing.
[Midd4VCServer] Assigning job f23827e5-20e1-48ec-abc7-637aa7c62b3c to vehicle veh33
[Midd4VCServer] Assigning job f30d2a99-be44-4852-8465-afeafa334ce2 to vehicle veh18
[Midd4VCServer] Vehicle veh15 already registered.
[Midd4VCServer] Vehicle veh14 already registered.
[Midd4VCServer] job received: 70e6b644-03e0-45c2-90fd-5ab15df6c950
[Midd4VCServer] Assigning job 70e6b644-03e0-45c2-90fd-5ab15df6c950 to vehicle veh20
[Midd4VCServer] job 70e6b644-03e0-45c2-90fd-5ab15df6c950 completed by vehicle veh20
[Midd4VCServer] Vehicle veh32 already registered.
[Midd4VCServer] Vehicle veh8 already registered.
[Midd4VCServer] Vehicle veh7 already registered.
[Midd4VCServer] job received: 34dbcc53-4062-4b9a-a28c-8463fac2356a
[Midd4VCServer] Assigning job 34dbcc53-4062-4b9a-a28c-8463fac2356a to vehicle veh1
[Midd4VCServer] job 34dbcc53-4062-4b9a-a28c-8463fac2356a completed by vehicle veh1
[Midd4VCServer] job received: 13b06f4c-e7ad-46a6-a910-cda7d57e6f7f
[Midd4VCServer] Assigning job 13b06f4c-e7ad-46a6-a910-cda7d57e6f7f to vehicle veh21
[Midd4VCServer] job received: a9c6bb1a-a681-496e-bf4c-16d93c1d5c72
[Midd4VCServer] Assigning job a9c6bb1a-a681-496e-bf4c-16d93c1d5c72 to vehicle veh14
[Midd4VCServer] job a9c6bb1a-a681-496e-bf4c-16d93c1d5c72 completed by vehicle veh14
[Midd4VCServer] Vehicle veh29 already registered.
[Midd4VCServer] job received: e47e2617-3d3f-4d7f-88cc-391659a0b389
[Midd4VCServer] Assigning job e47e2617-3d3f-4d7f-88cc-391659a0b389 to vehicle veh17
[Midd4VCServer] job e47e2617-3d3f-4d7f-88cc-391659a0b389 completed by vehicle veh17
[Midd4VCServer] Vehicle veh27 already registered.
[Midd4VCServer] Vehicle veh39 already registered.
[Midd4VCServer] Vehicle veh22 already registered.
[Midd4VCServer] job received: 0f00f1ef-c11c-4ebe-bcd7-ac8c6abaa596
[Midd4VCServer] Assigning job 0f00f1ef-c11c-4ebe-bcd7-ac8c6abaa596 to vehicle veh3
[Midd4VCServer] job received: b98b517e-7b45-43fc-ba3b-ea66ad25755d
[Midd4VCServer] Assigning job b98b517e-7b45-43fc-ba3b-ea66ad25755d to vehicle veh11
[Midd4VCServer] job received: 83437647-b23f-445c-b0ad-a04beb18dee5
[Midd4VCServer] Assigning job 83437647-b23f-445c-b0ad-a04beb18dee5 to vehicle veh19
[Midd4VCServer] job 83437647-b23f-445c-b0ad-a04beb18dee5 completed by vehicle veh19
[Midd4VCServer] Vehicle veh2 already registered.
[Midd4VCServer] job received: 06aaba8c-ca00-461f-8076-05fd101e9276
[Midd4VC] Job df025585-4258-485f-8aab-3504f987aa9c timed out. Re-enqueueing.
[Midd4VC] Job 5458b268-9911-46b9-bd07-de62369f0598 timed out. Re-enqueueing.
[Midd4VCServer] Assigning job 5458b268-9911-46b9-bd07-de62369f0598 to vehicle veh8
[Midd4VCServer] Assigning job df025585-4258-485f-8aab-3504f987aa9c to vehicle veh29
[Midd4VCServer] Assigning job 06aaba8c-ca00-461f-8076-05fd101e9276 to vehicle veh30
[Midd4VCServer] job 5458b268-9911-46b9-bd07-de62369f0598 completed by vehicle veh8
[Midd4VCServer] job df025585-4258-485f-8aab-3504f987aa9c completed by vehicle veh29
[Midd4VCServer] job 06aaba8c-ca00-461f-8076-05fd101e9276 completed by vehicle veh30
[Midd4VCServer] Vehicle veh33 already registered.
[Midd4VCServer] Vehicle veh4 already registered.
[Midd4VCServer] Vehicle veh9 already registered.
[Midd4VCServer] Vehicle veh28 already registered.
[Midd4VCServer] job received: db93c995-a9dc-492d-a714-eaab20f66325
[Midd4VC] Job 9ca1fcb0-0c3b-47a8-8cf3-23edb9db2aec timed out. Re-enqueueing.
[Midd4VC] Job 16a7e489-59ad-4c38-8351-0c59bbda7a31 timed out. Re-enqueueing.
[Midd4VC] Job 407bb2e0-679a-4de1-94b9-ea1ae6347a6b timed out. Re-enqueueing.
[Midd4VC] Job ca6f29c7-da7f-4b23-8e0c-a121ce94ae7b timed out. Re-enqueueing.
[Midd4VC] Job fd075704-0ab3-4024-87a6-77465fa20564 timed out. Re-enqueueing.
[Midd4VCServer] Assigning job fd075704-0ab3-4024-87a6-77465fa20564 to vehicle veh4
[Midd4VCServer] Assigning job ca6f29c7-da7f-4b23-8e0c-a121ce94ae7b to vehicle veh2
[Midd4VCServer] Assigning job 407bb2e0-679a-4de1-94b9-ea1ae6347a6b to vehicle veh8
[Midd4VCServer] Assigning job 16a7e489-59ad-4c38-8351-0c59bbda7a31 to vehicle veh7
[Midd4VCServer] Assigning job 9ca1fcb0-0c3b-47a8-8cf3-23edb9db2aec to vehicle veh29
[Midd4VCServer] Assigning job db93c995-a9dc-492d-a714-eaab20f66325 to vehicle veh32
[Midd4VCServer] job db93c995-a9dc-492d-a714-eaab20f66325 completed by vehicle veh32
[Midd4VCServer] job fd075704-0ab3-4024-87a6-77465fa20564 completed by vehicle veh4
[Midd4VCServer] job 407bb2e0-679a-4de1-94b9-ea1ae6347a6b completed by vehicle veh8
[Midd4VCServer] job 9ca1fcb0-0c3b-47a8-8cf3-23edb9db2aec completed by vehicle veh29
[Midd4VCServer] job ca6f29c7-da7f-4b23-8e0c-a121ce94ae7b completed by vehicle veh2
[Midd4VCServer] job received: ac2ae6aa-0042-4c70-808a-981a1140a6e7
[Midd4VC] Job 87ecbe14-71b0-4e3c-be11-d79df8f1d421 timed out. Re-enqueueing.
[Midd4VCServer] Assigning job 87ecbe14-71b0-4e3c-be11-d79df8f1d421 to vehicle veh4
[Midd4VCServer] Assigning job ac2ae6aa-0042-4c70-808a-981a1140a6e7 to vehicle veh2
[Midd4VCServer] job 87ecbe14-71b0-4e3c-be11-d79df8f1d421 completed by vehicle veh4
[Midd4VCServer] job ac2ae6aa-0042-4c70-808a-981a1140a6e7 completed by vehicle veh2
[Midd4VCServer] job received: d7dfad1d-e389-4c1b-9b36-5986e2e4d5c0
[Midd4VCServer] Assigning job d7dfad1d-e389-4c1b-9b36-5986e2e4d5c0 to vehicle veh8
[Midd4VCServer] job d7dfad1d-e389-4c1b-9b36-5986e2e4d5c0 completed by vehicle veh8
[Midd4VCServer] job received: e33aeddd-aecb-4a66-b7c7-4066ca22a095
[Midd4VC] Job 73d51b94-6103-4261-913a-ae158d95ba78 timed out. Re-enqueueing.
[Midd4VCServer] Assigning job 73d51b94-6103-4261-913a-ae158d95ba78 to vehicle veh4
[Midd4VCServer] Assigning job e33aeddd-aecb-4a66-b7c7-4066ca22a095 to vehicle veh2
[Midd4VCServer] job e33aeddd-aecb-4a66-b7c7-4066ca22a095 completed by vehicle veh2
[Midd4VCServer] job 73d51b94-6103-4261-913a-ae158d95ba78 completed by vehicle veh4
[Midd4VCServer] job received: cf59663b-a8b3-46d7-b212-9e2c700b433c
[Midd4VC] Job aa9968b6-825b-4f53-a2ad-86462a887b45 timed out. Re-enqueueing.
[Midd4VCServer] Assigning job aa9968b6-825b-4f53-a2ad-86462a887b45 to vehicle veh8
[Midd4VCServer] Assigning job cf59663b-a8b3-46d7-b212-9e2c700b433c to vehicle veh4
[Midd4VCServer] job cf59663b-a8b3-46d7-b212-9e2c700b433c completed by vehicle veh4
[Midd4VCServer] job aa9968b6-825b-4f53-a2ad-86462a887b45 completed by vehicle veh8
[Midd4VCServer] Vehicle veh24 already registered.
[Midd4VCServer] job received: c74d353e-d6d6-4944-8e4e-dad4bf9159ee
[Midd4VCServer] Assigning job c74d353e-d6d6-4944-8e4e-dad4bf9159ee to vehicle veh2
[Midd4VCServer] job c74d353e-d6d6-4944-8e4e-dad4bf9159ee completed by vehicle veh2
[Midd4VCServer] Vehicle veh14 already registered.
[Midd4VCServer] job received: 814377e3-6dd3-4184-a81b-7ee8eeec04ac
[Midd4VCServer] Assigning job 814377e3-6dd3-4184-a81b-7ee8eeec04ac to vehicle veh8
[Midd4VCServer] job 814377e3-6dd3-4184-a81b-7ee8eeec04ac completed by vehicle veh8
[Midd4VCServer] job received: 64ac910f-8ba5-4afd-acfd-76cb3e4544b2
[Midd4VCServer] Assigning job 64ac910f-8ba5-4afd-acfd-76cb3e4544b2 to vehicle veh4
[Midd4VCServer] job 64ac910f-8ba5-4afd-acfd-76cb3e4544b2 completed by vehicle veh4
[Midd4VCServer] job received: 0e6e96cf-40ae-4fca-b099-9fd6f3af6de2
[Midd4VCServer] Assigning job 0e6e96cf-40ae-4fca-b099-9fd6f3af6de2 to vehicle veh2
[Midd4VCServer] job 0e6e96cf-40ae-4fca-b099-9fd6f3af6de2 completed by vehicle veh2
[Midd4VCServer] Vehicle veh40 already registered.
[Midd4VCServer] Vehicle veh37 already registered.
[Midd4VCServer] Vehicle veh30 already registered.
[Midd4VCServer] Vehicle veh26 already registered.
[Midd4VCServer] Vehicle veh12 already registered.
[Midd4VCServer] job received: 20da791c-af61-431a-ba65-e8c92d1c0e18
[Midd4VC] Job ab3aa1ca-71dc-4869-bc2d-dd781189f852 timed out. Re-enqueueing.
[Midd4VC] Job e7ed7b4a-beb9-48b2-8cb4-e38d09886fe9 timed out. Re-enqueueing.
[Midd4VC] Job c004c50c-1f97-4c0c-bf26-f9475afa731c timed out. Re-enqueueing.
[Midd4VCServer] Assigning job c004c50c-1f97-4c0c-bf26-f9475afa731c to vehicle veh28
[Midd4VCServer] Assigning job e7ed7b4a-beb9-48b2-8cb4-e38d09886fe9 to vehicle veh8
[Midd4VCServer] Assigning job ab3aa1ca-71dc-4869-bc2d-dd781189f852 to vehicle veh4
[Midd4VCServer] Assigning job 20da791c-af61-431a-ba65-e8c92d1c0e18 to vehicle veh38
[Midd4VCServer] job e7ed7b4a-beb9-48b2-8cb4-e38d09886fe9 completed by vehicle veh8
[Midd4VCServer] Vehicle veh31 already registered.
[Midd4VCServer] job received: 433ef1f9-ce53-4cab-bdab-d896bec1fd7a
[Midd4VCServer] Assigning job 433ef1f9-ce53-4cab-bdab-d896bec1fd7a to vehicle veh12
[Midd4VCServer] job 433ef1f9-ce53-4cab-bdab-d896bec1fd7a completed by vehicle veh12
[Midd4VCServer] job received: 81f6ae01-8b9d-4dcb-93dc-8196c9285dda
[Midd4VC] Job 835d5cee-6984-4291-afcf-acb55a7d2e45 timed out. Re-enqueueing.
[Midd4VC] Job b70dbe2e-7474-4b76-b540-ba0527944171 timed out. Re-enqueueing.
[Midd4VCServer] Assigning job b70dbe2e-7474-4b76-b540-ba0527944171 to vehicle veh6
[Midd4VCServer] Assigning job 835d5cee-6984-4291-afcf-acb55a7d2e45 to vehicle veh2
[Midd4VCServer] Assigning job 81f6ae01-8b9d-4dcb-93dc-8196c9285dda to vehicle veh8
[Midd4VCServer] job 835d5cee-6984-4291-afcf-acb55a7d2e45 completed by vehicle veh2
[Midd4VCServer] job received: 58876ccb-aa45-42ba-ab73-b872c83f4dcd
[Midd4VCServer] Assigning job 58876ccb-aa45-42ba-ab73-b872c83f4dcd to vehicle veh24
[Midd4VCServer] job received: 62fc9051-20a4-42ce-9e70-8886ea42e3b2
[Midd4VCServer] Assigning job 62fc9051-20a4-42ce-9e70-8886ea42e3b2 to vehicle veh12
[Midd4VCServer] job 62fc9051-20a4-42ce-9e70-8886ea42e3b2 completed by vehicle veh12
[Midd4VCServer] Vehicle veh18 already registered.
[Midd4VCServer] job received: f1fb3b02-72d8-42c3-8fd4-a64143434ae8
[Midd4VCServer] Assigning job f1fb3b02-72d8-42c3-8fd4-a64143434ae8 to vehicle veh2
[Midd4VCServer] job f1fb3b02-72d8-42c3-8fd4-a64143434ae8 completed by vehicle veh2
[Midd4VCServer] job received: a369ab77-dd27-4604-99d9-032be1c07087
[Midd4VC] Job 42b1c8fe-cc05-47a1-a299-cc96cfd4c7db timed out. Re-enqueueing.
[Midd4VC] Job 82f2825a-16ce-463e-911c-f7872c685a0d timed out. Re-enqueueing.
[Midd4VCServer] Assigning job 82f2825a-16ce-463e-911c-f7872c685a0d to vehicle veh15
[Midd4VCServer] Assigning job 42b1c8fe-cc05-47a1-a299-cc96cfd4c7db to vehicle veh13
[Midd4VCServer] Assigning job a369ab77-dd27-4604-99d9-032be1c07087 to vehicle veh29
[Midd4VCServer] job 82f2825a-16ce-463e-911c-f7872c685a0d completed by vehicle veh15
[Midd4VCServer] job a369ab77-dd27-4604-99d9-032be1c07087 completed by vehicle veh29
[Midd4VCServer] Vehicle veh36 already registered.
[Midd4VCServer] job received: 09ca3b4c-4f75-413d-8800-5087a6285a4b
[Midd4VCServer] Assigning job 09ca3b4c-4f75-413d-8800-5087a6285a4b to vehicle veh15
[Midd4VCServer] job 09ca3b4c-4f75-413d-8800-5087a6285a4b completed by vehicle veh15
[Midd4VCServer] job received: 6a83aa19-bc3f-4938-b6de-89cb90bdb623
[Midd4VCServer] Assigning job 6a83aa19-bc3f-4938-b6de-89cb90bdb623 to vehicle veh15
[Midd4VCServer] job 6a83aa19-bc3f-4938-b6de-89cb90bdb623 completed by vehicle veh15
[Midd4VCServer] Vehicle veh34 already registered.
[Midd4VCServer] Vehicle veh28 already registered.
[Midd4VCServer] Vehicle veh13 already registered.
[Midd4VCServer] Vehicle veh14 already registered.
[Midd4VCServer] Vehicle veh6 already registered.
[Midd4VCServer] job received: f4af4af6-4554-41eb-93de-629feda79558
[Midd4VC] Job 32855873-e7b0-4d5c-99c6-a3ab58b3937d timed out. Re-enqueueing.
[Midd4VCServer] Assigning job 32855873-e7b0-4d5c-99c6-a3ab58b3937d to vehicle veh25
[Midd4VCServer] Assigning job f4af4af6-4554-41eb-93de-629feda79558 to vehicle veh12
[Midd4VCServer] job received: b40e5538-1fd3-4bac-9d93-857cea2e30a0
[Midd4VCServer] Assigning job b40e5538-1fd3-4bac-9d93-857cea2e30a0 to vehicle veh15
[Midd4VCServer] job b40e5538-1fd3-4bac-9d93-857cea2e30a0 completed by vehicle veh15
[Midd4VCServer] Vehicle veh37 already registered.
[Midd4VCServer] job received: 6fd8dbb1-56c1-403d-b7a7-3d8555ef589d
[Midd4VCServer] Assigning job 6fd8dbb1-56c1-403d-b7a7-3d8555ef589d to vehicle veh2
[Midd4VCServer] job 6fd8dbb1-56c1-403d-b7a7-3d8555ef589d completed by vehicle veh2
[Midd4VCServer] Vehicle veh2 already registered.
[Midd4VCServer] job received: 177e1843-3915-42d6-a30d-2332344ff12c
[Midd4VCServer] Assigning job 177e1843-3915-42d6-a30d-2332344ff12c to vehicle veh10
[Midd4VCServer] job received: 0aa6391a-66fb-4bc8-8d27-beafc1e77313
[Midd4VCServer] Assigning job 0aa6391a-66fb-4bc8-8d27-beafc1e77313 to vehicle veh32
[Midd4VCServer] job received: 63a984dd-071c-43e5-b1ae-eee7e5c9d0f0
[Midd4VCServer] Assigning job 63a984dd-071c-43e5-b1ae-eee7e5c9d0f0 to vehicle veh34
[Midd4VCServer] Vehicle veh6 already registered.
[Midd4VCServer] Vehicle veh11 already registered.
[Midd4VCServer] job received: 863d253e-2c7c-4eee-afc5-49acb29cbb1b
[Midd4VC] Job 36bd6809-e8d0-44a7-91a0-7b3b7bd65a67 timed out. Re-enqueueing.
[Midd4VC] Job b816599e-3bb6-4c94-82c6-4188ceb1cc51 timed out. Re-enqueueing.
[Midd4VC] Job 75864f09-0a50-4cce-ac9a-bbe575c4adf3 timed out. Re-enqueueing.
[Midd4VC] Job ccec6138-d8e4-4021-85b5-7d134c7eff36 timed out. Re-enqueueing.
[Midd4VCServer] Assigning job ccec6138-d8e4-4021-85b5-7d134c7eff36 to vehicle veh27
[Midd4VCServer] Assigning job 75864f09-0a50-4cce-ac9a-bbe575c4adf3 to vehicle veh31
[Midd4VCServer] Assigning job b816599e-3bb6-4c94-82c6-4188ceb1cc51 to vehicle veh22
[Midd4VCServer] Assigning job 36bd6809-e8d0-44a7-91a0-7b3b7bd65a67 to vehicle veh23
[Midd4VCServer] Assigning job 863d253e-2c7c-4eee-afc5-49acb29cbb1b to vehicle veh9
[Midd4VCServer] job ccec6138-d8e4-4021-85b5-7d134c7eff36 completed by vehicle veh27
[Midd4VCServer] job b816599e-3bb6-4c94-82c6-4188ceb1cc51 completed by vehicle veh22
[Midd4VCServer] Vehicle veh16 already registered.
[Midd4VCServer] job received: d2a129df-31f8-4ae1-ae07-10633bcd6d1e
[Midd4VCServer] Assigning job d2a129df-31f8-4ae1-ae07-10633bcd6d1e to vehicle veh27
[Midd4VCServer] job d2a129df-31f8-4ae1-ae07-10633bcd6d1e completed by vehicle veh27
[Midd4VCServer] Vehicle veh37 already registered.
[Midd4VCServer] Vehicle veh27 already registered.
[Midd4VCServer] Vehicle veh5 already registered.
[Midd4VCServer] Vehicle veh14 already registered.
[Midd4VCServer] Vehicle veh32 already registered.
[Midd4VCServer] job received: 02f7fa4c-054b-492e-9ff6-e01a91622f35
[Midd4VC] Job a83755b3-999d-434f-b115-18411ff0784c timed out. Re-enqueueing.
[Midd4VC] Job 137e3f2e-1cc2-4e42-8480-d6529eb74d9b timed out. Re-enqueueing.
[Midd4VCServer] Assigning job 137e3f2e-1cc2-4e42-8480-d6529eb74d9b to vehicle veh27
[Midd4VCServer] Assigning job a83755b3-999d-434f-b115-18411ff0784c to vehicle veh22
[Midd4VCServer] Assigning job 02f7fa4c-054b-492e-9ff6-e01a91622f35 to vehicle veh5
[Midd4VCServer] job a83755b3-999d-434f-b115-18411ff0784c completed by vehicle veh22
[Midd4VCServer] job 137e3f2e-1cc2-4e42-8480-d6529eb74d9b completed by vehicle veh27
[Midd4VCServer] job 02f7fa4c-054b-492e-9ff6-e01a91622f35 completed by vehicle veh5
[Midd4VCServer] Vehicle veh26 already registered.
[Midd4VCServer] Vehicle veh9 already registered.
[Midd4VCServer] job received: 2db7c904-2fbd-4dba-9788-4b3db4ac3d00
[Midd4VCServer] Assigning job 2db7c904-2fbd-4dba-9788-4b3db4ac3d00 to vehicle veh36
[Midd4VCServer] Vehicle veh11 already registered.
[Midd4VCServer] job received: a2420c80-3bf5-474f-891b-cc944269366b
[Midd4VC] Job c9fdc470-02eb-43ca-83cb-ff0a6cce5f84 timed out. Re-enqueueing.
[Midd4VCServer] Assigning job c9fdc470-02eb-43ca-83cb-ff0a6cce5f84 to vehicle veh27
[Midd4VCServer] Assigning job a2420c80-3bf5-474f-891b-cc944269366b to vehicle veh22
[Midd4VCServer] job c9fdc470-02eb-43ca-83cb-ff0a6cce5f84 completed by vehicle veh27
[Midd4VCServer] job a2420c80-3bf5-474f-891b-cc944269366b completed by vehicle veh22
[Midd4VCServer] Vehicle veh19 already registered.
[Midd4VCServer] Vehicle veh3 already registered.
[Midd4VCServer] Vehicle veh17 already registered.
[Midd4VCServer] job received: 0acefe02-23f5-477d-afd5-0330dd8c0b69
[Midd4VC] Job 7723b06f-f4e0-4e7c-bdd8-94f0f8325ed3 timed out. Re-enqueueing.
[Midd4VC] Job 80f65f2e-c3da-40e0-9b7a-95d20997fcab timed out. Re-enqueueing.
[Midd4VCServer] Assigning job 80f65f2e-c3da-40e0-9b7a-95d20997fcab to vehicle veh35
[Midd4VCServer] Assigning job 7723b06f-f4e0-4e7c-bdd8-94f0f8325ed3 to vehicle veh37
[Midd4VCServer] Assigning job 0acefe02-23f5-477d-afd5-0330dd8c0b69 to vehicle veh40
[Midd4VCServer] job 7723b06f-f4e0-4e7c-bdd8-94f0f8325ed3 completed by vehicle veh37
[Midd4VCServer] Vehicle veh28 already registered.
[Midd4VCServer] Vehicle veh36 already registered.
[Midd4VCServer] job received: f5921236-d1e8-4c86-bc0e-7eb1b2cd0a54
[Midd4VCServer] Assigning job f5921236-d1e8-4c86-bc0e-7eb1b2cd0a54 to vehicle veh5
[Midd4VCServer] job f5921236-d1e8-4c86-bc0e-7eb1b2cd0a54 completed by vehicle veh5
[Midd4VCServer] Vehicle veh34 already registered.
[Midd4VCServer] Vehicle veh40 already registered.
[Midd4VCServer] Vehicle veh4 already registered.
[Midd4VCServer] Vehicle veh22 already registered.
[Midd4VCServer] Vehicle veh38 already registered.
[Midd4VCServer] job received: 2848cedb-0c43-4246-a98a-b462efc272f6
[Midd4VCServer] Assigning job 2848cedb-0c43-4246-a98a-b462efc272f6 to vehicle veh39
[Midd4VCServer] job received: 34b718d6-8ef2-4814-910a-fae68bd34a80
[Midd4VCServer] Assigning job 34b718d6-8ef2-4814-910a-fae68bd34a80 to vehicle veh27
[Midd4VCServer] job 34b718d6-8ef2-4814-910a-fae68bd34a80 completed by vehicle veh27
[Midd4VCServer] job received: 4874df1b-1b67-4be7-bd81-6be08a2a8114
[Midd4VCServer] Assigning job 4874df1b-1b67-4be7-bd81-6be08a2a8114 to vehicle veh29
[Midd4VCServer] Vehicle veh32 already registered.
[Midd4VCServer] Vehicle veh13 already registered.
[Midd4VCServer] Vehicle veh16 already registered.
[Midd4VCServer] job received: 159abfd3-bdb7-42d1-a948-a5dfa72934f6
[Midd4VC] Job f23827e5-20e1-48ec-abc7-637aa7c62b3c timed out. Re-enqueueing.
[Midd4VC] Job f30d2a99-be44-4852-8465-afeafa334ce2 timed out. Re-enqueueing.
[Midd4VCServer] Assigning job f30d2a99-be44-4852-8465-afeafa334ce2 to vehicle veh33
[Midd4VCServer] Assigning job f23827e5-20e1-48ec-abc7-637aa7c62b3c to vehicle veh18
[Midd4VCServer] Assigning job 159abfd3-bdb7-42d1-a948-a5dfa72934f6 to vehicle veh22
[Midd4VCServer] job f30d2a99-be44-4852-8465-afeafa334ce2 completed by vehicle veh33
[Midd4VCServer] job 159abfd3-bdb7-42d1-a948-a5dfa72934f6 completed by vehicle veh22
[Midd4VCServer] job f23827e5-20e1-48ec-abc7-637aa7c62b3c completed by vehicle veh18
[Midd4VCServer] job received: 8594ea99-18dc-4c72-9b53-50c4073afaf3
[Midd4VCServer] Assigning job 8594ea99-18dc-4c72-9b53-50c4073afaf3 to vehicle veh33
[Midd4VCServer] Vehicle veh18 already registered.
[Midd4VCServer] job received: f3af4c66-d566-4100-98df-c2945b76b0fb
[Midd4VCServer] Assigning job f3af4c66-d566-4100-98df-c2945b76b0fb to vehicle veh15
[Midd4VCServer] job received: 2f7ffe6f-1db1-4d72-a574-610d5a5e42e4
[Midd4VC] Job 13b06f4c-e7ad-46a6-a910-cda7d57e6f7f timed out. Re-enqueueing.
[Midd4VCServer] Assigning job 13b06f4c-e7ad-46a6-a910-cda7d57e6f7f to vehicle veh21
[Midd4VCServer] Assigning job 2f7ffe6f-1db1-4d72-a574-610d5a5e42e4 to vehicle veh2
[Midd4VCServer] Vehicle veh25 already registered.
[Midd4VCServer] job received: 97d9f3cf-a6c0-4c02-bef2-8642af8edd7c
[Midd4VC] Job 0f00f1ef-c11c-4ebe-bcd7-ac8c6abaa596 timed out. Re-enqueueing.
[Midd4VCServer] Assigning job 0f00f1ef-c11c-4ebe-bcd7-ac8c6abaa596 to vehicle veh3
[Midd4VCServer] Assigning job 97d9f3cf-a6c0-4c02-bef2-8642af8edd7c to vehicle veh37
[Midd4VCServer] Vehicle veh27 already registered.
[Midd4VCServer] job received: 01180d15-4018-441d-b8dc-f14e44c38109
[Midd4VC] Job b98b517e-7b45-43fc-ba3b-ea66ad25755d timed out. Re-enqueueing.
[Midd4VCServer] Assigning job b98b517e-7b45-43fc-ba3b-ea66ad25755d to vehicle veh11
[Midd4VCServer] Assigning job 01180d15-4018-441d-b8dc-f14e44c38109 to vehicle veh18
[Midd4VCServer] job b98b517e-7b45-43fc-ba3b-ea66ad25755d completed by vehicle veh11
[Midd4VCServer] job 01180d15-4018-441d-b8dc-f14e44c38109 completed by vehicle veh18
[Midd4VCServer] job received: 8b2dedcd-fd1b-4386-93f8-d79ec1374bda
[Midd4VCServer] Assigning job 8b2dedcd-fd1b-4386-93f8-d79ec1374bda to vehicle veh16
[Midd4VCServer] job 8b2dedcd-fd1b-4386-93f8-d79ec1374bda completed by vehicle veh16
[Midd4VCServer] Vehicle veh20 already registered.
[Midd4VCServer] Vehicle veh37 already registered.
[Midd4VCServer] Vehicle veh36 already registered.
[Midd4VCServer] job received: 8b28bc59-54ab-4645-99f3-6556ea7656da
[Midd4VCServer] Assigning job 8b28bc59-54ab-4645-99f3-6556ea7656da to vehicle veh5
[Midd4VCServer] job 8b28bc59-54ab-4645-99f3-6556ea7656da completed by vehicle veh5
[Midd4VCServer] Vehicle veh35 already registered.
[Midd4VCServer] job received: 5eee980a-6d6a-480f-9d6e-288e0e3ed3a1
[Midd4VCServer] Assigning job 5eee980a-6d6a-480f-9d6e-288e0e3ed3a1 to vehicle veh26
[Midd4VCServer] Vehicle veh6 already registered.
[Midd4VCServer] job received: 10171aa6-a278-45f3-a3e5-5f8b2b490e72
[Midd4VCServer] Assigning job 10171aa6-a278-45f3-a3e5-5f8b2b490e72 to vehicle veh20
[Midd4VCServer] job 10171aa6-a278-45f3-a3e5-5f8b2b490e72 completed by vehicle veh20
[Midd4VCServer] Vehicle veh24 already registered.
[Midd4VCServer] Vehicle veh29 already registered.
[Midd4VCServer] Vehicle veh30 already registered.
[Midd4VCServer] job received: 5812fb7c-7b53-4872-bfc3-ed4524fdc046
[Midd4VCServer] Assigning job 5812fb7c-7b53-4872-bfc3-ed4524fdc046 to vehicle veh1
[Midd4VCServer] Vehicle veh10 already registered.
[Midd4VCServer] job received: e6a5cbaa-a86d-4f46-bea9-d39a073f9e13
[Midd4VC] Job 16a7e489-59ad-4c38-8351-0c59bbda7a31 timed out. Re-enqueueing.
[Midd4VCServer] Assigning job 16a7e489-59ad-4c38-8351-0c59bbda7a31 to vehicle veh7
[Midd4VCServer] Assigning job e6a5cbaa-a86d-4f46-bea9-d39a073f9e13 to vehicle veh14
[Midd4VCServer] job received: 22a5098c-d8a5-420e-b68c-cf5d177b478a
[Midd4VCServer] Assigning job 22a5098c-d8a5-420e-b68c-cf5d177b478a to vehicle veh27
[Midd4VCServer] job 22a5098c-d8a5-420e-b68c-cf5d177b478a completed by vehicle veh27
[Midd4VCServer] job received: 5df2bca8-b138-401e-a978-840065420c29
[Midd4VCServer] Assigning job 5df2bca8-b138-401e-a978-840065420c29 to vehicle veh17
[Midd4VCServer] job 5df2bca8-b138-401e-a978-840065420c29 completed by vehicle veh17
[Midd4VCServer] Vehicle veh21 already registered.
[Midd4VCServer] job received: 896f9e25-5c82-4964-9b89-4182a2d8efbb
[Midd4VCServer] Assigning job 896f9e25-5c82-4964-9b89-4182a2d8efbb to vehicle veh22
[Midd4VCServer] job received: 83d0137e-c269-48b5-8fb5-d803985e4b8d
[Midd4VCServer] Assigning job 83d0137e-c269-48b5-8fb5-d803985e4b8d to vehicle veh11
[Midd4VCServer] job 83d0137e-c269-48b5-8fb5-d803985e4b8d completed by vehicle veh11
[Midd4VCServer] Vehicle veh7 already registered.
[Midd4VCServer] Vehicle veh23 already registered.
[Midd4VCServer] job received: 73dfd38c-51ad-4700-a222-facc46b158bf
[Midd4VCServer] Assigning job 73dfd38c-51ad-4700-a222-facc46b158bf to vehicle veh19
[Midd4VCServer] job received: 80af101d-d086-4494-83bc-76cfb73a4f67
[Midd4VC] Job c004c50c-1f97-4c0c-bf26-f9475afa731c timed out. Re-enqueueing.
[Midd4VC] Job ab3aa1ca-71dc-4869-bc2d-dd781189f852 timed out. Re-enqueueing.
[Midd4VC] Job 20da791c-af61-431a-ba65-e8c92d1c0e18 timed out. Re-enqueueing.
[Midd4VCServer] Assigning job 20da791c-af61-431a-ba65-e8c92d1c0e18 to vehicle veh28
[Midd4VCServer] Assigning job ab3aa1ca-71dc-4869-bc2d-dd781189f852 to vehicle veh4
[Midd4VCServer] Assigning job c004c50c-1f97-4c0c-bf26-f9475afa731c to vehicle veh38
[Midd4VCServer] Assigning job 80af101d-d086-4494-83bc-76cfb73a4f67 to vehicle veh30
[Midd4VCServer] job c004c50c-1f97-4c0c-bf26-f9475afa731c completed by vehicle veh38
[Midd4VCServer] job ab3aa1ca-71dc-4869-bc2d-dd781189f852 completed by vehicle veh4
[Midd4VCServer] job 80af101d-d086-4494-83bc-76cfb73a4f67 completed by vehicle veh30
[Midd4VCServer] job received: 0cc9ec69-bbfa-4394-94af-5d49b5a1efd5
[Midd4VCServer] Assigning job 0cc9ec69-bbfa-4394-94af-5d49b5a1efd5 to vehicle veh4
[Midd4VCServer] job 0cc9ec69-bbfa-4394-94af-5d49b5a1efd5 completed by vehicle veh4
[Midd4VCServer] job received: 7bed12f7-7adb-4b9e-8b38-680edacd4b85
[Midd4VCServer] Assigning job 7bed12f7-7adb-4b9e-8b38-680edacd4b85 to vehicle veh38
[Midd4VCServer] job 7bed12f7-7adb-4b9e-8b38-680edacd4b85 completed by vehicle veh38
[Midd4VCServer] job received: 4e8fcdff-9784-47e5-865c-b52c7458e8e8
[Midd4VCServer] Assigning job 4e8fcdff-9784-47e5-865c-b52c7458e8e8 to vehicle veh4
[Midd4VCServer] Vehicle veh19 already registered.
[Midd4VCServer] Vehicle veh33 already registered.
[Midd4VCServer] job received: 5b077523-0eda-48ce-84ef-9f4ef5e2ed4a
[Midd4VC] Job b70dbe2e-7474-4b76-b540-ba0527944171 timed out. Re-enqueueing.
[Midd4VC] Job 81f6ae01-8b9d-4dcb-93dc-8196c9285dda timed out. Re-enqueueing.
[Midd4VC] Job 58876ccb-aa45-42ba-ab73-b872c83f4dcd timed out. Re-enqueueing.
[Midd4VC] Job 42b1c8fe-cc05-47a1-a299-cc96cfd4c7db timed out. Re-enqueueing.
[Midd4VCServer] Assigning job 42b1c8fe-cc05-47a1-a299-cc96cfd4c7db to vehicle veh6
[Midd4VCServer] Assigning job 58876ccb-aa45-42ba-ab73-b872c83f4dcd to vehicle veh8
[Midd4VCServer] Assigning job 81f6ae01-8b9d-4dcb-93dc-8196c9285dda to vehicle veh24
[Midd4VCServer] Assigning job b70dbe2e-7474-4b76-b540-ba0527944171 to vehicle veh13
[Midd4VCServer] Assigning job 5b077523-0eda-48ce-84ef-9f4ef5e2ed4a to vehicle veh38
[Midd4VCServer] job 5b077523-0eda-48ce-84ef-9f4ef5e2ed4a completed by vehicle veh38
[Midd4VCServer] job 42b1c8fe-cc05-47a1-a299-cc96cfd4c7db completed by vehicle veh6
[Midd4VCServer] job b70dbe2e-7474-4b76-b540-ba0527944171 completed by vehicle veh13
[Midd4VCServer] job received: 7d501c14-5237-4fec-8dd9-20cb6af2d849
[Midd4VCServer] Assigning job 7d501c14-5237-4fec-8dd9-20cb6af2d849 to vehicle veh6
[Midd4VCServer] job 7d501c14-5237-4fec-8dd9-20cb6af2d849 completed by vehicle veh6
[Midd4VCServer] job received: fb24a2f2-d2db-41b7-9ffa-f9393fa50a29
[Midd4VCServer] Assigning job fb24a2f2-d2db-41b7-9ffa-f9393fa50a29 to vehicle veh6
[Midd4VCServer] job fb24a2f2-d2db-41b7-9ffa-f9393fa50a29 completed by vehicle veh6
[Midd4VCServer] job received: 1b549f6a-0794-43e1-ae17-a054176160a0
[Midd4VCServer] Assigning job 1b549f6a-0794-43e1-ae17-a054176160a0 to vehicle veh6
[Midd4VCServer] job 1b549f6a-0794-43e1-ae17-a054176160a0 completed by vehicle veh6
[Midd4VCServer] Vehicle veh16 already registered.
[Midd4VCServer] Vehicle veh7 already registered.
[Midd4VCServer] job received: 3b409037-4fa3-4a0d-9677-76178a86d416
[Midd4VC] Job 32855873-e7b0-4d5c-99c6-a3ab58b3937d timed out. Re-enqueueing.
[Midd4VC] Job f4af4af6-4554-41eb-93de-629feda79558 timed out. Re-enqueueing.
[Midd4VCServer] Assigning job f4af4af6-4554-41eb-93de-629feda79558 to vehicle veh25
[Midd4VCServer] Assigning job 32855873-e7b0-4d5c-99c6-a3ab58b3937d to vehicle veh12
[Midd4VCServer] Assigning job 3b409037-4fa3-4a0d-9677-76178a86d416 to vehicle veh13
[Midd4VCServer] job f4af4af6-4554-41eb-93de-629feda79558 completed by vehicle veh25
[Midd4VCServer] job 3b409037-4fa3-4a0d-9677-76178a86d416 completed by vehicle veh13
[Midd4VCServer] Vehicle veh34 already registered.
[Midd4VCServer] Vehicle veh25 already registered.
[Midd4VCServer] job received: 67f43c02-a327-463b-87ad-4b3c0e9acc45
[Midd4VC] Job 177e1843-3915-42d6-a30d-2332344ff12c timed out. Re-enqueueing.
[Midd4VC] Job 0aa6391a-66fb-4bc8-8d27-beafc1e77313 timed out. Re-enqueueing.
[Midd4VC] Job 63a984dd-071c-43e5-b1ae-eee7e5c9d0f0 timed out. Re-enqueueing.
[Midd4VCServer] Assigning job 63a984dd-071c-43e5-b1ae-eee7e5c9d0f0 to vehicle veh25
[Midd4VCServer] Assigning job 0aa6391a-66fb-4bc8-8d27-beafc1e77313 to vehicle veh10
[Midd4VCServer] Assigning job 177e1843-3915-42d6-a30d-2332344ff12c to vehicle veh32
[Midd4VCServer] Assigning job 67f43c02-a327-463b-87ad-4b3c0e9acc45 to vehicle veh6
[Midd4VCServer] job 63a984dd-071c-43e5-b1ae-eee7e5c9d0f0 completed by vehicle veh25
[Midd4VCServer] Vehicle veh40 already registered.
[Midd4VCServer] job received: 0354f6eb-ef0c-4e36-8cd5-fd95a5a51b99
[Midd4VCServer] Assigning job 0354f6eb-ef0c-4e36-8cd5-fd95a5a51b99 to vehicle veh25
[Midd4VCServer] job 0354f6eb-ef0c-4e36-8cd5-fd95a5a51b99 completed by vehicle veh25
[Midd4VCServer] Vehicle veh33 already registered.
[Midd4VCServer] job received: 1eaba476-4f3a-4f34-8a6e-97fb8e731e95
[Midd4VC] Job 75864f09-0a50-4cce-ac9a-bbe575c4adf3 timed out. Re-enqueueing.
[Midd4VC] Job 36bd6809-e8d0-44a7-91a0-7b3b7bd65a67 timed out. Re-enqueueing.
[Midd4VC] Job 863d253e-2c7c-4eee-afc5-49acb29cbb1b timed out. Re-enqueueing.
[Midd4VCServer] Assigning job 863d253e-2c7c-4eee-afc5-49acb29cbb1b to vehicle veh31
[Midd4VCServer] Assigning job 36bd6809-e8d0-44a7-91a0-7b3b7bd65a67 to vehicle veh23
[Midd4VCServer] Assigning job 75864f09-0a50-4cce-ac9a-bbe575c4adf3 to vehicle veh25
[Midd4VCServer] Assigning job 1eaba476-4f3a-4f34-8a6e-97fb8e731e95 to vehicle veh34
[Midd4VCServer] job 36bd6809-e8d0-44a7-91a0-7b3b7bd65a67 completed by vehicle veh23
[Midd4VCServer] job 1eaba476-4f3a-4f34-8a6e-97fb8e731e95 completed by vehicle veh34
[Midd4VCServer] Vehicle veh14 already registered.
[Midd4VCServer] Vehicle veh29 already registered.
[Midd4VCServer] job received: 61d7df5f-18a5-49ca-9ab9-ba4c4f539611
[Midd4VCServer] Assigning job 61d7df5f-18a5-49ca-9ab9-ba4c4f539611 to vehicle veh23
[Midd4VCServer] job 61d7df5f-18a5-49ca-9ab9-ba4c4f539611 completed by vehicle veh23
[Midd4VCServer] job received: d3cd957c-b07c-40e9-861a-190839a24504
[Midd4VCServer] Assigning job d3cd957c-b07c-40e9-861a-190839a24504 to vehicle veh9
[Midd4VCServer] Vehicle veh8 already registered.
[Midd4VCServer] Vehicle veh3 already registered.
[Midd4VCServer] job received: a37848df-6520-4043-a7da-02d6bff102dc
[Midd4VCServer] Assigning job a37848df-6520-4043-a7da-02d6bff102dc to vehicle veh38
[Midd4VCServer] Vehicle veh22 already registered.
[Midd4VCServer] Vehicle veh17 already registered.
[Midd4VCServer] job received: e66797b6-492e-4bbf-aaf6-a441c02d008c
[Midd4VCServer] Assigning job e66797b6-492e-4bbf-aaf6-a441c02d008c to vehicle veh13
[Midd4VCServer] job e66797b6-492e-4bbf-aaf6-a441c02d008c completed by vehicle veh13
[Midd4VCServer] job received: 4242a40d-44d0-4df1-9cc7-bc4a3e79c261
[Midd4VC] Job 2db7c904-2fbd-4dba-9788-4b3db4ac3d00 timed out. Re-enqueueing.
[Midd4VCServer] Assigning job 2db7c904-2fbd-4dba-9788-4b3db4ac3d00 to vehicle veh36
[Midd4VCServer] Assigning job 4242a40d-44d0-4df1-9cc7-bc4a3e79c261 to vehicle veh34
[Midd4VCServer] job 4242a40d-44d0-4df1-9cc7-bc4a3e79c261 completed by vehicle veh34
[Midd4VCServer] job received: eea051be-6931-477e-90ec-2d0472dc41a4
[Midd4VC] Job 80f65f2e-c3da-40e0-9b7a-95d20997fcab timed out. Re-enqueueing.
[Midd4VC] Job 0acefe02-23f5-477d-afd5-0330dd8c0b69 timed out. Re-enqueueing.
[Midd4VCServer] Assigning job 0acefe02-23f5-477d-afd5-0330dd8c0b69 to vehicle veh35
[Midd4VCServer] Assigning job 80f65f2e-c3da-40e0-9b7a-95d20997fcab to vehicle veh40
[Midd4VCServer] Assigning job eea051be-6931-477e-90ec-2d0472dc41a4 to vehicle veh23
[Midd4VCServer] job eea051be-6931-477e-90ec-2d0472dc41a4 completed by vehicle veh23
[Midd4VCServer] job 0acefe02-23f5-477d-afd5-0330dd8c0b69 completed by vehicle veh35
[Midd4VCServer] job 80f65f2e-c3da-40e0-9b7a-95d20997fcab completed by vehicle veh40
[Midd4VCServer] Vehicle veh20 already registered.
[Midd4VCServer] job received: c85c638e-ca82-4c7c-972a-17a8d0c4da46
[Midd4VCServer] Assigning job c85c638e-ca82-4c7c-972a-17a8d0c4da46 to vehicle veh35
[Midd4VCServer] job c85c638e-ca82-4c7c-972a-17a8d0c4da46 completed by vehicle veh35
[Midd4VCServer] Vehicle veh21 already registered.
[Midd4VCServer] Vehicle veh18 already registered.
[Midd4VCServer] Vehicle veh33 already registered.
[Midd4VCServer] Vehicle veh36 already registered.
[Midd4VCServer] Vehicle veh27 already registered.
[Midd4VCServer] job received: c2b44d33-55ef-43ee-9dbc-7a3f8fdd26d2
[Midd4VC] Job 2848cedb-0c43-4246-a98a-b462efc272f6 timed out. Re-enqueueing.
[Midd4VCServer] Assigning job 2848cedb-0c43-4246-a98a-b462efc272f6 to vehicle veh35
[Midd4VCServer] Assigning job c2b44d33-55ef-43ee-9dbc-7a3f8fdd26d2 to vehicle veh39
[Midd4VCServer] job 2848cedb-0c43-4246-a98a-b462efc272f6 completed by vehicle veh35
[Midd4VCServer] job received: cd99a456-68d5-430e-ad4c-6aac7c2db501
[Midd4VC] Job 4874df1b-1b67-4be7-bd81-6be08a2a8114 timed out. Re-enqueueing.
[Midd4VCServer] Assigning job 4874df1b-1b67-4be7-bd81-6be08a2a8114 to vehicle veh35
[Midd4VCServer] Assigning job cd99a456-68d5-430e-ad4c-6aac7c2db501 to vehicle veh29
[Midd4VCServer] job 4874df1b-1b67-4be7-bd81-6be08a2a8114 completed by vehicle veh35
[Midd4VCServer] job cd99a456-68d5-430e-ad4c-6aac7c2db501 completed by vehicle veh29
[Midd4VCServer] job received: 71c41979-6088-4e41-a93f-f9e1f6cf57e0
[Midd4VCServer] Assigning job 71c41979-6088-4e41-a93f-f9e1f6cf57e0 to vehicle veh35
[Midd4VCServer] job 71c41979-6088-4e41-a93f-f9e1f6cf57e0 completed by vehicle veh35
[Midd4VCServer] Vehicle veh31 already registered.
[Midd4VCServer] Vehicle veh12 already registered.
[Midd4VCServer] job received: 408ff4bd-3478-40da-8edd-138a06f4c584
[Midd4VC] Job 8594ea99-18dc-4c72-9b53-50c4073afaf3 timed out. Re-enqueueing.
[Midd4VCServer] Assigning job 8594ea99-18dc-4c72-9b53-50c4073afaf3 to vehicle veh33
[Midd4VCServer] Assigning job 408ff4bd-3478-40da-8edd-138a06f4c584 to vehicle veh40
[Midd4VCServer] job 408ff4bd-3478-40da-8edd-138a06f4c584 completed by vehicle veh40
[Midd4VCServer] Vehicle veh6 already registered.
[Midd4VCServer] job received: 23343e28-3a36-4cf2-8093-108a79ca72ac
[Midd4VC] Job f3af4c66-d566-4100-98df-c2945b76b0fb timed out. Re-enqueueing.
[Midd4VCServer] Assigning job f3af4c66-d566-4100-98df-c2945b76b0fb to vehicle veh15
[Midd4VCServer] Assigning job 23343e28-3a36-4cf2-8093-108a79ca72ac to vehicle veh29
[Midd4VCServer] job 23343e28-3a36-4cf2-8093-108a79ca72ac completed by vehicle veh29
[Midd4VCServer] job received: 103e5df1-85f8-4def-900f-cce80c7827a9
[Midd4VC] Job 13b06f4c-e7ad-46a6-a910-cda7d57e6f7f timed out. Re-enqueueing.
[Midd4VC] Job 2f7ffe6f-1db1-4d72-a574-610d5a5e42e4 timed out. Re-enqueueing.
[Midd4VCServer] Assigning job 2f7ffe6f-1db1-4d72-a574-610d5a5e42e4 to vehicle veh21
[Midd4VCServer] Assigning job 13b06f4c-e7ad-46a6-a910-cda7d57e6f7f to vehicle veh2
[Midd4VCServer] Assigning job 103e5df1-85f8-4def-900f-cce80c7827a9 to vehicle veh35
[Midd4VCServer] job 2f7ffe6f-1db1-4d72-a574-610d5a5e42e4 completed by vehicle veh21
[Midd4VCServer] job 103e5df1-85f8-4def-900f-cce80c7827a9 completed by vehicle veh35
[Midd4VCServer] job received: ccd9927e-0394-48f4-a6f9-2cbf928fcf58
[Midd4VCServer] Assigning job ccd9927e-0394-48f4-a6f9-2cbf928fcf58 to vehicle veh21
[Midd4VCServer] job ccd9927e-0394-48f4-a6f9-2cbf928fcf58 completed by vehicle veh21
[Midd4VCServer] job received: 04896788-faba-4440-84f9-579a37a9e5d0
[Midd4VCServer] Assigning job 04896788-faba-4440-84f9-579a37a9e5d0 to vehicle veh13
[Midd4VCServer] job received: 8ac2e38f-55ef-40f2-8032-b17c5ffb1369
[Midd4VCServer] Assigning job 8ac2e38f-55ef-40f2-8032-b17c5ffb1369 to vehicle veh34
[Midd4VCServer] job 8ac2e38f-55ef-40f2-8032-b17c5ffb1369 completed by vehicle veh34
[Midd4VCServer] Vehicle veh25 already registered.
[Midd4VCServer] Vehicle veh8 already registered.
[Midd4VCServer] job received: a9e8b648-8c8b-424e-8c37-072e1ab08350
[Midd4VCServer] Assigning job a9e8b648-8c8b-424e-8c37-072e1ab08350 to vehicle veh40
[Midd4VCServer] Vehicle veh38 already registered.
[Midd4VCServer] Vehicle veh4 already registered.
[Midd4VCServer] job received: 3d62af2e-c013-4d63-bdbd-9a8f5fdcae3d
[Midd4VC] Job 0f00f1ef-c11c-4ebe-bcd7-ac8c6abaa596 timed out. Re-enqueueing.
[Midd4VC] Job 97d9f3cf-a6c0-4c02-bef2-8642af8edd7c timed out. Re-enqueueing.
[Midd4VCServer] Assigning job 97d9f3cf-a6c0-4c02-bef2-8642af8edd7c to vehicle veh3
[Midd4VCServer] Assigning job 0f00f1ef-c11c-4ebe-bcd7-ac8c6abaa596 to vehicle veh37
[Midd4VCServer] Assigning job 3d62af2e-c013-4d63-bdbd-9a8f5fdcae3d to vehicle veh18
[Midd4VCServer] job 0f00f1ef-c11c-4ebe-bcd7-ac8c6abaa596 completed by vehicle veh37
[Midd4VCServer] job 3d62af2e-c013-4d63-bdbd-9a8f5fdcae3d completed by vehicle veh18
[Midd4VCServer] Vehicle veh32 already registered.
[Midd4VCServer] Vehicle veh37 already registered.
[Midd4VCServer] Vehicle veh16 already registered.
[Midd4VCServer] Vehicle veh40 already registered.
[Midd4VCServer] job received: 983061f9-71cc-4121-84a4-662dc7337bbe
[Midd4VC] Job 5eee980a-6d6a-480f-9d6e-288e0e3ed3a1 timed out. Re-enqueueing.
[Midd4VC] Job 5812fb7c-7b53-4872-bfc3-ed4524fdc046 timed out. Re-enqueueing.
[Midd4VCServer] Assigning job 5812fb7c-7b53-4872-bfc3-ed4524fdc046 to vehicle veh26
[Midd4VCServer] Assigning job 5eee980a-6d6a-480f-9d6e-288e0e3ed3a1 to vehicle veh1
[Midd4VCServer] Assigning job 983061f9-71cc-4121-84a4-662dc7337bbe to vehicle veh37
[Midd4VCServer] job 983061f9-71cc-4121-84a4-662dc7337bbe completed by vehicle veh37
[Midd4VCServer] Vehicle veh29 already registered.
[Midd4VCServer] job received: f5f9c97d-fc26-4b40-b4f4-055b4cc230cd
[Midd4VCServer] Assigning job f5f9c97d-fc26-4b40-b4f4-055b4cc230cd to vehicle veh23
[Midd4VCServer] Vehicle veh9 already registered.
[Midd4VCServer] job received: 5f591680-d1e9-4e62-9f81-2b19710265ac
[Midd4VCServer] Assigning job 5f591680-d1e9-4e62-9f81-2b19710265ac to vehicle veh16
[Midd4VCServer] job 5f591680-d1e9-4e62-9f81-2b19710265ac completed by vehicle veh16
[Midd4VCServer] Vehicle veh15 already registered.
[Midd4VCServer] Vehicle veh1 already registered.
[Midd4VCServer] job received: 8b51bf41-937f-4afb-ba5e-30dee4d51232
[Midd4VC] Job 16a7e489-59ad-4c38-8351-0c59bbda7a31 timed out. Re-enqueueing.
[Midd4VC] Job e6a5cbaa-a86d-4f46-bea9-d39a073f9e13 timed out. Re-enqueueing.
[Midd4VCServer] Assigning job e6a5cbaa-a86d-4f46-bea9-d39a073f9e13 to vehicle veh7
[Midd4VCServer] Assigning job 16a7e489-59ad-4c38-8351-0c59bbda7a31 to vehicle veh14
[Midd4VCServer] Assigning job 8b51bf41-937f-4afb-ba5e-30dee4d51232 to vehicle veh5
[Midd4VCServer] job 16a7e489-59ad-4c38-8351-0c59bbda7a31 completed by vehicle veh14
[Midd4VCServer] job e6a5cbaa-a86d-4f46-bea9-d39a073f9e13 completed by vehicle veh7
[Midd4VCServer] job received: f8a24174-ad84-4ff2-89e4-568b0252786a
[Midd4VCServer] Assigning job f8a24174-ad84-4ff2-89e4-568b0252786a to vehicle veh7
[Midd4VCServer] job f8a24174-ad84-4ff2-89e4-568b0252786a completed by vehicle veh7
[Midd4VCServer] job received: 7e93b44d-e45e-4cee-9078-a10c14bb68d8
[Midd4VC] Job 896f9e25-5c82-4964-9b89-4182a2d8efbb timed out. Re-enqueueing.
[Midd4VCServer] Assigning job 896f9e25-5c82-4964-9b89-4182a2d8efbb to vehicle veh7
[Midd4VCServer] Assigning job 7e93b44d-e45e-4cee-9078-a10c14bb68d8 to vehicle veh22
[Midd4VCServer] job 896f9e25-5c82-4964-9b89-4182a2d8efbb completed by vehicle veh7
[Midd4VCServer] Vehicle veh27 already registered.
[Midd4VCServer] Vehicle veh24 already registered.
[Midd4VCServer] Vehicle veh18 already registered.
[Midd4VCServer] job received: 88d6b9a8-0d10-40f8-882f-a7311030279a
[Midd4VCServer] Assigning job 88d6b9a8-0d10-40f8-882f-a7311030279a to vehicle veh7
[Midd4VCServer] Vehicle veh5 already registered.
[Midd4VCServer] job received: 7d1c856b-8d83-41e8-9f3b-f527a9decc04
[Midd4VCServer] Assigning job 7d1c856b-8d83-41e8-9f3b-f527a9decc04 to vehicle veh20
[Midd4VCServer] Vehicle veh8 already registered.
[Midd4VCServer] job received: 37349e2a-27d1-49e5-b962-cb0596e9bba1
[Midd4VCServer] Assigning job 37349e2a-27d1-49e5-b962-cb0596e9bba1 to vehicle veh21
[Midd4VCServer] Vehicle veh11 already registered.
[Midd4VCServer] Vehicle veh38 already registered.
[Midd4VCServer] Vehicle veh33 already registered.
[Midd4VCServer] job received: a233b4ea-e42b-4afa-879b-26075691a67c
[Midd4VC] Job 73dfd38c-51ad-4700-a222-facc46b158bf timed out. Re-enqueueing.
[Midd4VC] Job 20da791c-af61-431a-ba65-e8c92d1c0e18 timed out. Re-enqueueing.
[Midd4VCServer] Assigning job 20da791c-af61-431a-ba65-e8c92d1c0e18 to vehicle veh28
[Midd4VCServer] Assigning job 73dfd38c-51ad-4700-a222-facc46b158bf to vehicle veh19
[Midd4VCServer] Assigning job a233b4ea-e42b-4afa-879b-26075691a67c to vehicle veh14
[Midd4VCServer] Vehicle veh35 already registered.
[Midd4VCServer] job received: ff172845-9d66-4d51-9e76-cac4ffc8ca36
[Midd4VCServer] Assigning job ff172845-9d66-4d51-9e76-cac4ffc8ca36 to vehicle veh27
[Midd4VCServer] job ff172845-9d66-4d51-9e76-cac4ffc8ca36 completed by vehicle veh27
[Midd4VCServer] Vehicle veh27 already registered.
[Midd4VCServer] Vehicle veh10 already registered.
[Midd4VCServer] Vehicle veh31 already registered.
[Midd4VCServer] job received: d7921a7f-0cba-45c3-850a-07f9bf8256a7
[Midd4VC] Job 4e8fcdff-9784-47e5-865c-b52c7458e8e8 timed out. Re-enqueueing.
[Midd4VCServer] Assigning job 4e8fcdff-9784-47e5-865c-b52c7458e8e8 to vehicle veh4
[Midd4VCServer] Assigning job d7921a7f-0cba-45c3-850a-07f9bf8256a7 to vehicle veh29
[Midd4VCServer] job d7921a7f-0cba-45c3-850a-07f9bf8256a7 completed by vehicle veh29
[Midd4VCServer] job received: 11b30883-00f3-4346-aa55-432dea532787
[Midd4VCServer] Assigning job 11b30883-00f3-4346-aa55-432dea532787 to vehicle veh17
[Midd4VCServer] job 11b30883-00f3-4346-aa55-432dea532787 completed by vehicle veh17
[Midd4VCServer] Vehicle veh2 already registered.
[Midd4VCServer] Vehicle veh19 already registered.
[Midd4VCServer] job received: d5c798e2-c872-45af-b878-9d81c228e8a3
[Midd4VC] Job 58876ccb-aa45-42ba-ab73-b872c83f4dcd timed out. Re-enqueueing.
[Midd4VC] Job 81f6ae01-8b9d-4dcb-93dc-8196c9285dda timed out. Re-enqueueing.
[Midd4VCServer] Assigning job 81f6ae01-8b9d-4dcb-93dc-8196c9285dda to vehicle veh8
[Midd4VCServer] Assigning job 58876ccb-aa45-42ba-ab73-b872c83f4dcd to vehicle veh24
[Midd4VCServer] Assigning job d5c798e2-c872-45af-b878-9d81c228e8a3 to vehicle veh35
[Midd4VCServer] job d5c798e2-c872-45af-b878-9d81c228e8a3 completed by vehicle veh35
[Midd4VCServer] Vehicle veh13 already registered.
[Midd4VCServer] Vehicle veh39 already registered.
[Midd4VCServer] job received: 7132174c-0ab8-4b73-b2b7-ee1c569b35c7
[Midd4VCServer] Assigning job 7132174c-0ab8-4b73-b2b7-ee1c569b35c7 to vehicle veh11
[Midd4VCServer] job 7132174c-0ab8-4b73-b2b7-ee1c569b35c7 completed by vehicle veh11
[Midd4VCServer] job received: fa6d0881-9e6c-4a4c-a3ee-3f2eff95d15e
[Midd4VCServer] Assigning job fa6d0881-9e6c-4a4c-a3ee-3f2eff95d15e to vehicle veh37
[Midd4VCServer] job received: 534936ae-ec63-46a5-97d2-99f1c749e8fe
[Midd4VCServer] Assigning job 534936ae-ec63-46a5-97d2-99f1c749e8fe to vehicle veh34
[Midd4VCServer] job received: 62ab2be3-c9db-482e-8c1a-df55ebda7c25
[Midd4VCServer] Assigning job 62ab2be3-c9db-482e-8c1a-df55ebda7c25 to vehicle veh30
[Midd4VCServer] Vehicle veh39 already registered.
[Midd4VCServer] job received: a11583ec-80e4-403c-ab6f-e73ee19e627d
[Midd4VC] Job 32855873-e7b0-4d5c-99c6-a3ab58b3937d timed out. Re-enqueueing.
[Midd4VCServer] Assigning job 32855873-e7b0-4d5c-99c6-a3ab58b3937d to vehicle veh12
[Midd4VCServer] Assigning job a11583ec-80e4-403c-ab6f-e73ee19e627d to vehicle veh18
[Midd4VCServer] job a11583ec-80e4-403c-ab6f-e73ee19e627d completed by vehicle veh18
[Midd4VCServer] Vehicle veh22 already registered.
[Midd4VCServer] Vehicle veh30 already registered.
[Midd4VCServer] Vehicle veh16 already registered.
[Midd4VCServer] job received: aed56b99-6d4c-47fa-bf2b-55ac8351fea9
[Midd4VC] Job 0aa6391a-66fb-4bc8-8d27-beafc1e77313 timed out. Re-enqueueing.
[Midd4VC] Job 177e1843-3915-42d6-a30d-2332344ff12c timed out. Re-enqueueing.
[Midd4VC] Job 67f43c02-a327-463b-87ad-4b3c0e9acc45 timed out. Re-enqueueing.
[Midd4VCServer] Assigning job 67f43c02-a327-463b-87ad-4b3c0e9acc45 to vehicle veh10
[Midd4VCServer] Assigning job 177e1843-3915-42d6-a30d-2332344ff12c to vehicle veh32
[Midd4VCServer] Assigning job 0aa6391a-66fb-4bc8-8d27-beafc1e77313 to vehicle veh6
[Midd4VCServer] Assigning job aed56b99-6d4c-47fa-bf2b-55ac8351fea9 to vehicle veh16
[Midd4VCServer] job aed56b99-6d4c-47fa-bf2b-55ac8351fea9 completed by vehicle veh16
[Midd4VCServer] job 67f43c02-a327-463b-87ad-4b3c0e9acc45 completed by vehicle veh10
[Midd4VCServer] Vehicle veh26 already registered.
[Midd4VCServer] job received: d784c758-3bf1-4662-b5e6-55a0d8d5db20
[Midd4VC] Job 863d253e-2c7c-4eee-afc5-49acb29cbb1b timed out. Re-enqueueing.
[Midd4VC] Job 75864f09-0a50-4cce-ac9a-bbe575c4adf3 timed out. Re-enqueueing.
[Midd4VCServer] Assigning job 75864f09-0a50-4cce-ac9a-bbe575c4adf3 to vehicle veh31
[Midd4VCServer] Assigning job 863d253e-2c7c-4eee-afc5-49acb29cbb1b to vehicle veh25
[Midd4VCServer] Assigning job d784c758-3bf1-4662-b5e6-55a0d8d5db20 to vehicle veh10
[Midd4VCServer] job d784c758-3bf1-4662-b5e6-55a0d8d5db20 completed by vehicle veh10
[Midd4VCServer] job received: fa957d2d-bf1a-4855-b1b2-f117dc56adf2
[Midd4VCServer] Assigning job fa957d2d-bf1a-4855-b1b2-f117dc56adf2 to vehicle veh10
[Midd4VCServer] job fa957d2d-bf1a-4855-b1b2-f117dc56adf2 completed by vehicle veh10
[Midd4VCServer] Vehicle veh36 already registered.
[Midd4VCServer] job received: a3eaeb76-7506-4e25-b1e0-c799377fb878
[Midd4VCServer] Assigning job a3eaeb76-7506-4e25-b1e0-c799377fb878 to vehicle veh10
[Midd4VCServer] job a3eaeb76-7506-4e25-b1e0-c799377fb878 completed by vehicle veh10
[Midd4VCServer] job received: dec6941a-1d70-41de-a706-c94b25be05a9
[Midd4VC] Job d3cd957c-b07c-40e9-861a-190839a24504 timed out. Re-enqueueing.
[Midd4VCServer] Assigning job d3cd957c-b07c-40e9-861a-190839a24504 to vehicle veh9
[Midd4VCServer] Assigning job dec6941a-1d70-41de-a706-c94b25be05a9 to vehicle veh27
[Midd4VCServer] job dec6941a-1d70-41de-a706-c94b25be05a9 completed by vehicle veh27
[Midd4VCServer] Vehicle veh27 already registered.
[Midd4VCServer] job received: 05fedaa5-52af-441a-9e61-f9aa27b591fe
[Midd4VC] Job a37848df-6520-4043-a7da-02d6bff102dc timed out. Re-enqueueing.
[Midd4VCServer] Assigning job a37848df-6520-4043-a7da-02d6bff102dc to vehicle veh38
[Midd4VCServer] Assigning job 05fedaa5-52af-441a-9e61-f9aa27b591fe to vehicle veh29
[Midd4VCServer] job a37848df-6520-4043-a7da-02d6bff102dc completed by vehicle veh38
[Midd4VCServer] job received: dcee6ac0-3998-4f27-8c0b-745906d7746d
[Midd4VCServer] Assigning job dcee6ac0-3998-4f27-8c0b-745906d7746d to vehicle veh38
[Midd4VCServer] job dcee6ac0-3998-4f27-8c0b-745906d7746d completed by vehicle veh38
[Midd4VCServer] job received: 9decf496-aaa8-4e36-a281-59516f2c4e9b
[Midd4VC] Job 2db7c904-2fbd-4dba-9788-4b3db4ac3d00 timed out. Re-enqueueing.
[Midd4VCServer] Assigning job 2db7c904-2fbd-4dba-9788-4b3db4ac3d00 to vehicle veh36
[Midd4VCServer] Assigning job 9decf496-aaa8-4e36-a281-59516f2c4e9b to vehicle veh38
[Midd4VCServer] job 2db7c904-2fbd-4dba-9788-4b3db4ac3d00 completed by vehicle veh36
[Midd4VCServer] job 9decf496-aaa8-4e36-a281-59516f2c4e9b completed by vehicle veh38
[Midd4VCServer] Vehicle veh40 already registered.
[Midd4VCServer] job received: 6c3cef63-d07d-418e-8b2c-d028a408a009
[Midd4VCServer] Assigning job 6c3cef63-d07d-418e-8b2c-d028a408a009 to vehicle veh36
[Midd4VCServer] job 6c3cef63-d07d-418e-8b2c-d028a408a009 completed by vehicle veh36
[Midd4VCServer] Vehicle veh18 already registered.
[Midd4VCServer] Vehicle veh29 already registered.
[Midd4VCServer] job received: 05e2e9cf-29ea-41ec-9a34-52c36de3f117
[Midd4VCServer] Assigning job 05e2e9cf-29ea-41ec-9a34-52c36de3f117 to vehicle veh36
[Midd4VCServer] job 05e2e9cf-29ea-41ec-9a34-52c36de3f117 completed by vehicle veh36
[Midd4VCServer] Vehicle veh15 already registered.
[Midd4VCServer] Vehicle veh17 already registered.
[Midd4VCServer] job received: 9877b1a8-9c2d-4274-9bd1-8917f6417f39
[Midd4VCServer] Assigning job 9877b1a8-9c2d-4274-9bd1-8917f6417f39 to vehicle veh36
[Midd4VCServer] job 9877b1a8-9c2d-4274-9bd1-8917f6417f39 completed by vehicle veh36
[Midd4VCServer] Vehicle veh20 already registered.
[Midd4VCServer] Vehicle veh24 already registered.
[Midd4VCServer] job received: 731d696d-8352-4a45-8b3d-9a0f3c257150
[Midd4VC] Job c2b44d33-55ef-43ee-9dbc-7a3f8fdd26d2 timed out. Re-enqueueing.
[Midd4VCServer] Assigning job c2b44d33-55ef-43ee-9dbc-7a3f8fdd26d2 to vehicle veh39
[Midd4VCServer] Assigning job 731d696d-8352-4a45-8b3d-9a0f3c257150 to vehicle veh36
[Midd4VCServer] job 731d696d-8352-4a45-8b3d-9a0f3c257150 completed by vehicle veh36
[Midd4VCServer] job c2b44d33-55ef-43ee-9dbc-7a3f8fdd26d2 completed by vehicle veh39
[Midd4VCServer] job received: cfd32bbf-1cb6-4d40-b239-f0a1d820109d
[Midd4VCServer] Assigning job cfd32bbf-1cb6-4d40-b239-f0a1d820109d to vehicle veh39
[Midd4VCServer] job cfd32bbf-1cb6-4d40-b239-f0a1d820109d completed by vehicle veh39
[Midd4VCServer] Vehicle veh4 already registered.
[Midd4VCServer] Vehicle veh25 already registered.
[Midd4VCServer] Vehicle veh8 already registered.
[Midd4VCServer] Vehicle veh19 already registered.
[Midd4VCServer] Vehicle veh22 already registered.
[Midd4VCServer] job received: 68b7a44d-8db0-4298-b75d-ca6f4b6f73b0
[Midd4VC] Job 8594ea99-18dc-4c72-9b53-50c4073afaf3 timed out. Re-enqueueing.
[Midd4VCServer] Assigning job 8594ea99-18dc-4c72-9b53-50c4073afaf3 to vehicle veh33
[Midd4VCServer] Assigning job 68b7a44d-8db0-4298-b75d-ca6f4b6f73b0 to vehicle veh39
[Midd4VCServer] job 68b7a44d-8db0-4298-b75d-ca6f4b6f73b0 completed by vehicle veh39
[Midd4VCServer] job 8594ea99-18dc-4c72-9b53-50c4073afaf3 completed by vehicle veh33
[Midd4VCServer] Vehicle veh32 already registered.
[Midd4VCServer] Vehicle veh3 already registered.
[Midd4VCServer] job received: 176b1c12-cd59-43bd-9161-c8d11b51a2b3
[Midd4VC] Job f3af4c66-d566-4100-98df-c2945b76b0fb timed out. Re-enqueueing.
[Midd4VC] Job 13b06f4c-e7ad-46a6-a910-cda7d57e6f7f timed out. Re-enqueueing.
[Midd4VC] Job 04896788-faba-4440-84f9-579a37a9e5d0 timed out. Re-enqueueing.
[Midd4VCServer] Assigning job 04896788-faba-4440-84f9-579a37a9e5d0 to vehicle veh33
[Midd4VCServer] Assigning job 13b06f4c-e7ad-46a6-a910-cda7d57e6f7f to vehicle veh15
[Midd4VCServer] Assigning job f3af4c66-d566-4100-98df-c2945b76b0fb to vehicle veh2
[Midd4VCServer] Assigning job 176b1c12-cd59-43bd-9161-c8d11b51a2b3 to vehicle veh13
[Midd4VCServer] job 13b06f4c-e7ad-46a6-a910-cda7d57e6f7f completed by vehicle veh15
[Midd4VCServer] job 04896788-faba-4440-84f9-579a37a9e5d0 completed by vehicle veh33
[Midd4VCServer] job received: ca30f4d2-7f17-4f5d-85c8-5aef692f1551
[Midd4VCServer] Assigning job ca30f4d2-7f17-4f5d-85c8-5aef692f1551 to vehicle veh33
[Midd4VCServer] job ca30f4d2-7f17-4f5d-85c8-5aef692f1551 completed by vehicle veh33
[Midd4VCServer] job received: 77779178-ca4f-4bbc-8c0f-f9720ad722a3
[Midd4VC] Job a9e8b648-8c8b-424e-8c37-072e1ab08350 timed out. Re-enqueueing.
[Midd4VCServer] Assigning job a9e8b648-8c8b-424e-8c37-072e1ab08350 to vehicle veh15
[Midd4VCServer] Assigning job 77779178-ca4f-4bbc-8c0f-f9720ad722a3 to vehicle veh40
[Midd4VCServer] job a9e8b648-8c8b-424e-8c37-072e1ab08350 completed by vehicle veh15
[Midd4VCServer] Vehicle veh30 already registered.
[Midd4VCServer] Vehicle veh35 already registered.
[Midd4VCServer] job received: acf3ba88-6866-486c-9a53-740ab0c18835
[Midd4VCServer] Assigning job acf3ba88-6866-486c-9a53-740ab0c18835 to vehicle veh33
[Midd4VCServer] job acf3ba88-6866-486c-9a53-740ab0c18835 completed by vehicle veh33
[Midd4VCServer] Vehicle veh12 already registered.
[Midd4VCServer] Vehicle veh24 already registered.
[Midd4VCServer] Vehicle veh16 already registered.
[Midd4VCServer] job received: 489dfdca-eefc-4358-b53f-475d474f0378
[Midd4VCServer] Assigning job 489dfdca-eefc-4358-b53f-475d474f0378 to vehicle veh15
[Midd4VCServer] job 489dfdca-eefc-4358-b53f-475d474f0378 completed by vehicle veh15
[Midd4VCServer] Vehicle veh11 already registered.
[Midd4VCServer] job received: a1c20521-9db3-4c76-972c-8b54c8c0e42f
[Midd4VC] Job 97d9f3cf-a6c0-4c02-bef2-8642af8edd7c timed out. Re-enqueueing.
[Midd4VCServer] Assigning job 97d9f3cf-a6c0-4c02-bef2-8642af8edd7c to vehicle veh3
[Midd4VCServer] Assigning job a1c20521-9db3-4c76-972c-8b54c8c0e42f to vehicle veh39
[Midd4VCServer] job 97d9f3cf-a6c0-4c02-bef2-8642af8edd7c completed by vehicle veh3
[Midd4VCServer] job received: 17aa9b34-63ae-46a5-8966-25c8c2adf47e
[Midd4VCServer] Assigning job 17aa9b34-63ae-46a5-8966-25c8c2adf47e to vehicle veh3
[Midd4VCServer] job 17aa9b34-63ae-46a5-8966-25c8c2adf47e completed by vehicle veh3
[Midd4VCServer] Vehicle veh5 already registered.
[Midd4VCServer] job received: 226475b2-cbbf-4c45-b68a-63434ffec085
[Midd4VCServer] Assigning job 226475b2-cbbf-4c45-b68a-63434ffec085 to vehicle veh3
[Midd4VCServer] job 226475b2-cbbf-4c45-b68a-63434ffec085 completed by vehicle veh3
[Midd4VCServer] Vehicle veh7 already registered.
[Midd4VCServer] Vehicle veh32 already registered.
[Midd4VCServer] job received: e2cd4729-28c2-4cf9-b6ee-10dc2ff0609f
[Midd4VC] Job 5812fb7c-7b53-4872-bfc3-ed4524fdc046 timed out. Re-enqueueing.
[Midd4VC] Job 5eee980a-6d6a-480f-9d6e-288e0e3ed3a1 timed out. Re-enqueueing.
[Midd4VC] Job f5f9c97d-fc26-4b40-b4f4-055b4cc230cd timed out. Re-enqueueing.
[Midd4VCServer] Assigning job f5f9c97d-fc26-4b40-b4f4-055b4cc230cd to vehicle veh26
[Midd4VCServer] Assigning job 5eee980a-6d6a-480f-9d6e-288e0e3ed3a1 to vehicle veh1
[Midd4VCServer] Assigning job 5812fb7c-7b53-4872-bfc3-ed4524fdc046 to vehicle veh23
[Midd4VCServer] Assigning job e2cd4729-28c2-4cf9-b6ee-10dc2ff0609f to vehicle veh33
[Midd4VCServer] job f5f9c97d-fc26-4b40-b4f4-055b4cc230cd completed by vehicle veh26
[Midd4VCServer] Vehicle veh31 already registered.
[Midd4VCServer] Vehicle veh26 already registered.
[Midd4VCServer] job received: 3ed6fd8e-6c70-492e-b675-58e9169fff9a
[Midd4VCServer] Assigning job 3ed6fd8e-6c70-492e-b675-58e9169fff9a to vehicle veh26
[Midd4VCServer] job 3ed6fd8e-6c70-492e-b675-58e9169fff9a completed by vehicle veh26
[Midd4VCServer] job received: 22da2cf4-f049-499b-bda6-3ab8b8591b52
[Midd4VC] Job 8b51bf41-937f-4afb-ba5e-30dee4d51232 timed out. Re-enqueueing.
[Midd4VCServer] Assigning job 8b51bf41-937f-4afb-ba5e-30dee4d51232 to vehicle veh5
[Midd4VCServer] Assigning job 22da2cf4-f049-499b-bda6-3ab8b8591b52 to vehicle veh26
[Midd4VCServer] job 22da2cf4-f049-499b-bda6-3ab8b8591b52 completed by vehicle veh26
[Midd4VCServer] job 8b51bf41-937f-4afb-ba5e-30dee4d51232 completed by vehicle veh5
[Midd4VCServer] Vehicle veh38 already registered.
[Midd4VCServer] Vehicle veh9 already registered.
[Midd4VCServer] job received: 8d6c7ed6-3e90-4d8e-ac9b-7a07add3c761
[Midd4VC] Job 7e93b44d-e45e-4cee-9078-a10c14bb68d8 timed out. Re-enqueueing.
[Midd4VCServer] Assigning job 7e93b44d-e45e-4cee-9078-a10c14bb68d8 to vehicle veh22
[Midd4VCServer] Assigning job 8d6c7ed6-3e90-4d8e-ac9b-7a07add3c761 to vehicle veh5
[Midd4VCServer] job 8d6c7ed6-3e90-4d8e-ac9b-7a07add3c761 completed by vehicle veh5
[Midd4VCServer] job 7e93b44d-e45e-4cee-9078-a10c14bb68d8 completed by vehicle veh22
[Midd4VCServer] job received: a352acc1-bc41-47d8-ad1e-edff5359f6d3
[Midd4VCServer] Assigning job a352acc1-bc41-47d8-ad1e-edff5359f6d3 to vehicle veh22
[Midd4VCServer] job a352acc1-bc41-47d8-ad1e-edff5359f6d3 completed by vehicle veh22
[Midd4VCServer] job received: 6b2fe033-c278-4843-bca1-56757a873bff
[Midd4VCServer] Assigning job 6b2fe033-c278-4843-bca1-56757a873bff to vehicle veh17
[Midd4VCServer] Vehicle veh10 already registered.
[Midd4VCServer] Vehicle veh31 already registered.
[Midd4VCServer] Vehicle veh20 already registered.
[Midd4VCServer] job received: d861cf8c-4f98-4742-8dfa-a61e6cccdcbe
[Midd4VC] Job 88d6b9a8-0d10-40f8-882f-a7311030279a timed out. Re-enqueueing.
[Midd4VC] Job 7d1c856b-8d83-41e8-9f3b-f527a9decc04 timed out. Re-enqueueing.
[Midd4VCServer] Assigning job 7d1c856b-8d83-41e8-9f3b-f527a9decc04 to vehicle veh7
[Midd4VCServer] Assigning job 88d6b9a8-0d10-40f8-882f-a7311030279a to vehicle veh20
[Midd4VCServer] Assigning job d861cf8c-4f98-4742-8dfa-a61e6cccdcbe to vehicle veh38
[Midd4VCServer] job 88d6b9a8-0d10-40f8-882f-a7311030279a completed by vehicle veh20
[Midd4VCServer] job d861cf8c-4f98-4742-8dfa-a61e6cccdcbe completed by vehicle veh38
[Midd4VCServer] job 7d1c856b-8d83-41e8-9f3b-f527a9decc04 completed by vehicle veh7
[Midd4VCServer] job received: 026fb542-131d-45ab-ab7a-ebb8ca750bd8
[Midd4VC] Job 37349e2a-27d1-49e5-b962-cb0596e9bba1 timed out. Re-enqueueing.
[Midd4VCServer] Assigning job 37349e2a-27d1-49e5-b962-cb0596e9bba1 to vehicle veh7
[Midd4VCServer] Assigning job 026fb542-131d-45ab-ab7a-ebb8ca750bd8 to vehicle veh21
[Midd4VCServer] job 37349e2a-27d1-49e5-b962-cb0596e9bba1 completed by vehicle veh7
[Midd4VCServer] Vehicle veh39 already registered.
[Midd4VCServer] Vehicle veh37 already registered.
[Midd4VCServer] Vehicle veh13 already registered.
[Midd4VCServer] job received: 7368c9e7-6430-45d9-b87e-b8a2886c3855
[Midd4VC] Job 20da791c-af61-431a-ba65-e8c92d1c0e18 timed out. Re-enqueueing.
[Midd4VC] Job 73dfd38c-51ad-4700-a222-facc46b158bf timed out. Re-enqueueing.
[Midd4VC] Job a233b4ea-e42b-4afa-879b-26075691a67c timed out. Re-enqueueing.
[Midd4VCServer] Assigning job a233b4ea-e42b-4afa-879b-26075691a67c to vehicle veh28
[Midd4VCServer] Assigning job 73dfd38c-51ad-4700-a222-facc46b158bf to vehicle veh19
[Midd4VCServer] Assigning job 20da791c-af61-431a-ba65-e8c92d1c0e18 to vehicle veh14
[Midd4VCServer] Assigning job 7368c9e7-6430-45d9-b87e-b8a2886c3855 to vehicle veh7
[Midd4VCServer] job a233b4ea-e42b-4afa-879b-26075691a67c completed by vehicle veh28
[Midd4VCServer] job 73dfd38c-51ad-4700-a222-facc46b158bf completed by vehicle veh19
[Midd4VCServer] job 7368c9e7-6430-45d9-b87e-b8a2886c3855 completed by vehicle veh7
[Midd4VCServer] Vehicle veh19 already registered.
[Midd4VCServer] Vehicle veh35 already registered.
[Midd4VCServer] Vehicle veh28 already registered.
[Midd4VCServer] job received: 145b5c4e-bcb2-428b-bc26-943f2de5d822
[Midd4VCServer] Assigning job 145b5c4e-bcb2-428b-bc26-943f2de5d822 to vehicle veh28
[Midd4VCServer] job 145b5c4e-bcb2-428b-bc26-943f2de5d822 completed by vehicle veh28
[Midd4VCServer] Vehicle veh25 already registered.
[Midd4VCServer] job received: a38dad70-402d-492b-8bc4-d45093113c66
[Midd4VCServer] Assigning job a38dad70-402d-492b-8bc4-d45093113c66 to vehicle veh28
[Midd4VCServer] job a38dad70-402d-492b-8bc4-d45093113c66 completed by vehicle veh28
[Midd4VCServer] Vehicle veh8 already registered.
[Midd4VCServer] Vehicle veh1 already registered.
[Midd4VCServer] Vehicle veh14 already registered.
[Midd4VCServer] Vehicle veh30 already registered.
[Midd4VCServer] Vehicle veh23 already registered.
[Midd4VCServer] job received: 8c2f1061-3398-49d6-af48-5c8fbe1cdbfd
[Midd4VC] Job 4e8fcdff-9784-47e5-865c-b52c7458e8e8 timed out. Re-enqueueing.
[Midd4VCServer] Assigning job 4e8fcdff-9784-47e5-865c-b52c7458e8e8 to vehicle veh28
[Midd4VCServer] Assigning job 8c2f1061-3398-49d6-af48-5c8fbe1cdbfd to vehicle veh4
[Midd4VCServer] job 4e8fcdff-9784-47e5-865c-b52c7458e8e8 completed by vehicle veh28
[Midd4VCServer] Vehicle veh40 already registered.
[Midd4VCServer] job received: 7f8c0752-d685-47e9-bb5d-93fef6a6d3eb
[Midd4VC] Job 81f6ae01-8b9d-4dcb-93dc-8196c9285dda timed out. Re-enqueueing.
[Midd4VC] Job 58876ccb-aa45-42ba-ab73-b872c83f4dcd timed out. Re-enqueueing.
[Midd4VCServer] Assigning job 58876ccb-aa45-42ba-ab73-b872c83f4dcd to vehicle veh8
[Midd4VCServer] Assigning job 81f6ae01-8b9d-4dcb-93dc-8196c9285dda to vehicle veh24
[Midd4VCServer] Assigning job 7f8c0752-d685-47e9-bb5d-93fef6a6d3eb to vehicle veh28
[Midd4VCServer] job 58876ccb-aa45-42ba-ab73-b872c83f4dcd completed by vehicle veh8
[Midd4VCServer] job 7f8c0752-d685-47e9-bb5d-93fef6a6d3eb completed by vehicle veh28
[Midd4VCServer] job received: 6fa930d7-c5f3-4bef-96d0-37b59bbfcf17
[Midd4VCServer] Assigning job 6fa930d7-c5f3-4bef-96d0-37b59bbfcf17 to vehicle veh8
[Midd4VCServer] job 6fa930d7-c5f3-4bef-96d0-37b59bbfcf17 completed by vehicle veh8
[Midd4VCServer] Vehicle veh17 already registered.
[Midd4VCServer] Vehicle veh34 already registered.
[Midd4VCServer] job received: b931d753-4e38-44cc-b0c4-3b30b9e592a9
[Midd4VC] Job fa6d0881-9e6c-4a4c-a3ee-3f2eff95d15e timed out. Re-enqueueing.
[Midd4VCServer] Assigning job fa6d0881-9e6c-4a4c-a3ee-3f2eff95d15e to vehicle veh8
[Midd4VCServer] Assigning job b931d753-4e38-44cc-b0c4-3b30b9e592a9 to vehicle veh28
[Midd4VCServer] job fa6d0881-9e6c-4a4c-a3ee-3f2eff95d15e completed by vehicle veh8
[Midd4VCServer] job b931d753-4e38-44cc-b0c4-3b30b9e592a9 completed by vehicle veh28
[Midd4VCServer] job received: 6c58f047-d986-4966-a6cc-0f83818b611c
[Midd4VC] Job 534936ae-ec63-46a5-97d2-99f1c749e8fe timed out. Re-enqueueing.
[Midd4VCServer] Assigning job 534936ae-ec63-46a5-97d2-99f1c749e8fe to vehicle veh8
[Midd4VCServer] Assigning job 6c58f047-d986-4966-a6cc-0f83818b611c to vehicle veh28
[Midd4VCServer] job 534936ae-ec63-46a5-97d2-99f1c749e8fe completed by vehicle veh8
[Midd4VCServer] job 6c58f047-d986-4966-a6cc-0f83818b611c completed by vehicle veh28
[Midd4VCServer] Vehicle veh15 already registered.
[Midd4VCServer] job received: f476a61a-b1cb-48e1-8dff-4f36be274dcf
[Midd4VC] Job 62ab2be3-c9db-482e-8c1a-df55ebda7c25 timed out. Re-enqueueing.
[Midd4VCServer] Assigning job 62ab2be3-c9db-482e-8c1a-df55ebda7c25 to vehicle veh8
[Midd4VCServer] Assigning job f476a61a-b1cb-48e1-8dff-4f36be274dcf to vehicle veh28
[Midd4VCServer] job 62ab2be3-c9db-482e-8c1a-df55ebda7c25 completed by vehicle veh8
[Midd4VCServer] job f476a61a-b1cb-48e1-8dff-4f36be274dcf completed by vehicle veh28
[Midd4VCServer] Vehicle veh14 already registered.
[Midd4VCServer] job received: 7f6ba12e-3fb8-4d88-8eb5-28474d8b8bde
[Midd4VC] Job 32855873-e7b0-4d5c-99c6-a3ab58b3937d timed out. Re-enqueueing.
[Midd4VCServer] Assigning job 32855873-e7b0-4d5c-99c6-a3ab58b3937d to vehicle veh12
[Midd4VCServer] Assigning job 7f6ba12e-3fb8-4d88-8eb5-28474d8b8bde to vehicle veh8
[Midd4VCServer] job 32855873-e7b0-4d5c-99c6-a3ab58b3937d completed by vehicle veh12
[Midd4VCServer] job 7f6ba12e-3fb8-4d88-8eb5-28474d8b8bde completed by vehicle veh8
[Midd4VCServer] Vehicle veh37 already registered.
[Midd4VCServer] job received: 8ee45357-3ec6-4163-9b41-e4adfcfa18c1
[Midd4VCServer] Assigning job 8ee45357-3ec6-4163-9b41-e4adfcfa18c1 to vehicle veh12
[Midd4VCServer] job 8ee45357-3ec6-4163-9b41-e4adfcfa18c1 completed by vehicle veh12
[Midd4VCServer] Vehicle veh27 already registered.
[Midd4VCServer] Vehicle veh5 already registered.
[Midd4VCServer] job received: d98feed8-3baf-4145-b9a1-1ba496f17a22
[Midd4VC] Job 177e1843-3915-42d6-a30d-2332344ff12c timed out. Re-enqueueing.
[Midd4VC] Job 0aa6391a-66fb-4bc8-8d27-beafc1e77313 timed out. Re-enqueueing.
[Midd4VCServer] Assigning job 0aa6391a-66fb-4bc8-8d27-beafc1e77313 to vehicle veh32
[Midd4VCServer] Assigning job 177e1843-3915-42d6-a30d-2332344ff12c to vehicle veh6
[Midd4VCServer] Assigning job d98feed8-3baf-4145-b9a1-1ba496f17a22 to vehicle veh12
[Midd4VCServer] Vehicle veh19 already registered.
[Midd4VCServer] job received: e9ad7fc9-bc95-49dd-97b1-d0d87e0d8a88
[Midd4VC] Job 75864f09-0a50-4cce-ac9a-bbe575c4adf3 timed out. Re-enqueueing.
[Midd4VC] Job 863d253e-2c7c-4eee-afc5-49acb29cbb1b timed out. Re-enqueueing.
[Midd4VC] Job d3cd957c-b07c-40e9-861a-190839a24504 timed out. Re-enqueueing.
[Midd4VCServer] Assigning job d3cd957c-b07c-40e9-861a-190839a24504 to vehicle veh31
[Midd4VCServer] Assigning job 863d253e-2c7c-4eee-afc5-49acb29cbb1b to vehicle veh25
[Midd4VCServer] Assigning job 75864f09-0a50-4cce-ac9a-bbe575c4adf3 to vehicle veh9
[Midd4VCServer] Assigning job e9ad7fc9-bc95-49dd-97b1-d0d87e0d8a88 to vehicle veh19
[Midd4VCServer] job d3cd957c-b07c-40e9-861a-190839a24504 completed by vehicle veh31
[Midd4VCServer] job 75864f09-0a50-4cce-ac9a-bbe575c4adf3 completed by vehicle veh9
[Midd4VCServer] job e9ad7fc9-bc95-49dd-97b1-d0d87e0d8a88 completed by vehicle veh19
[Midd4VCServer] job received: b8c38aa8-b89a-4098-9e82-135e8c4a3cd1
[Midd4VCServer] Assigning job b8c38aa8-b89a-4098-9e82-135e8c4a3cd1 to vehicle veh31
[Midd4VCServer] job b8c38aa8-b89a-4098-9e82-135e8c4a3cd1 completed by vehicle veh31
[Midd4VCServer] job received: 584ee1b8-7ddf-43f0-ad5d-209f3686fcbe
[Midd4VCServer] Assigning job 584ee1b8-7ddf-43f0-ad5d-209f3686fcbe to vehicle veh31
[Midd4VCServer] job 584ee1b8-7ddf-43f0-ad5d-209f3686fcbe completed by vehicle veh31
[Midd4VCServer] Vehicle veh18 already registered.
[Midd4VCServer] job received: 133f0896-8153-49c0-be7d-89ecfe6d29f8
[Midd4VC] Job 05fedaa5-52af-441a-9e61-f9aa27b591fe timed out. Re-enqueueing.
[Midd4VCServer] Assigning job 05fedaa5-52af-441a-9e61-f9aa27b591fe to vehicle veh31
[Midd4VCServer] Assigning job 133f0896-8153-49c0-be7d-89ecfe6d29f8 to vehicle veh9
[Midd4VCServer] job 05fedaa5-52af-441a-9e61-f9aa27b591fe completed by vehicle veh31
[Midd4VCServer] job 133f0896-8153-49c0-be7d-89ecfe6d29f8 completed by vehicle veh9
[Midd4VCServer] job received: 24097537-1523-489b-9242-68ad0ca5f67b
[Midd4VCServer] Assigning job 24097537-1523-489b-9242-68ad0ca5f67b to vehicle veh31
[Midd4VCServer] job 24097537-1523-489b-9242-68ad0ca5f67b completed by vehicle veh31
[Midd4VCServer] job received: 39941ee4-82f3-46f3-b91d-401725d26222
[Midd4VCServer] Assigning job 39941ee4-82f3-46f3-b91d-401725d26222 to vehicle veh9
[Midd4VCServer] job 39941ee4-82f3-46f3-b91d-401725d26222 completed by vehicle veh9
[Midd4VCServer] job received: ef71b001-3c56-4ddc-bc3b-22d95aaa1220
[Midd4VCServer] Assigning job ef71b001-3c56-4ddc-bc3b-22d95aaa1220 to vehicle veh31
[Midd4VCServer] job ef71b001-3c56-4ddc-bc3b-22d95aaa1220 completed by vehicle veh31
[Midd4VCServer] job received: 6ab18a09-3a48-4dae-bb11-8e46cf83b5ce
[Midd4VCServer] Assigning job 6ab18a09-3a48-4dae-bb11-8e46cf83b5ce to vehicle veh37
[Midd4VCServer] job 6ab18a09-3a48-4dae-bb11-8e46cf83b5ce completed by vehicle veh37
[Midd4VCServer] job received: 1738e1f6-3d1b-4a10-af24-87a7c8a29f4f
[Midd4VCServer] Assigning job 1738e1f6-3d1b-4a10-af24-87a7c8a29f4f to vehicle veh34
[Midd4VCServer] job 1738e1f6-3d1b-4a10-af24-87a7c8a29f4f completed by vehicle veh34
[Midd4VCServer] Vehicle veh13 already registered.
[Midd4VCServer] Vehicle veh22 already registered.
[Midd4VCServer] job received: d0470916-fc5c-42e2-93d0-f93a07cb339b
[Midd4VCServer] Assigning job d0470916-fc5c-42e2-93d0-f93a07cb339b to vehicle veh30
[Midd4VCServer] job received: 8a2ebccb-6be0-48fb-855c-0354080845e5
[Midd4VCServer] Assigning job 8a2ebccb-6be0-48fb-855c-0354080845e5 to vehicle veh9
[Midd4VCServer] job 8a2ebccb-6be0-48fb-855c-0354080845e5 completed by vehicle veh9
[Midd4VCServer] job received: 08c926ff-634d-4c33-9e77-fe07327ef86c
[Midd4VCServer] Assigning job 08c926ff-634d-4c33-9e77-fe07327ef86c to vehicle veh20
[Midd4VCServer] job received: ef618057-5bb6-47da-ab33-05034e21f8c2
[Midd4VCServer] Assigning job ef618057-5bb6-47da-ab33-05034e21f8c2 to vehicle veh28
[Midd4VCServer] Vehicle veh38 already registered.
[Midd4VCServer] Vehicle veh12 already registered.
[Midd4VCServer] job received: c3497166-b136-4e97-83b2-22cbe1410b34
[Midd4VCServer] Assigning job c3497166-b136-4e97-83b2-22cbe1410b34 to vehicle veh29
[Midd4VCServer] Vehicle veh21 already registered.
[Midd4VCServer] Vehicle veh19 already registered.
[Midd4VCServer] job received: f4969124-7abd-40b9-8c2b-37540dc0b21a
[Midd4VC] Job f3af4c66-d566-4100-98df-c2945b76b0fb timed out. Re-enqueueing.
[Midd4VC] Job 176b1c12-cd59-43bd-9161-c8d11b51a2b3 timed out. Re-enqueueing.
[Midd4VCServer] Assigning job 176b1c12-cd59-43bd-9161-c8d11b51a2b3 to vehicle veh2
[Midd4VCServer] Assigning job f3af4c66-d566-4100-98df-c2945b76b0fb to vehicle veh13
[Midd4VCServer] Assigning job f4969124-7abd-40b9-8c2b-37540dc0b21a to vehicle veh7
[Midd4VCServer] job f3af4c66-d566-4100-98df-c2945b76b0fb completed by vehicle veh13
[Midd4VCServer] job received: 3d2c951e-2d20-4117-a11f-d9f5c1654384
[Midd4VC] Job 77779178-ca4f-4bbc-8c0f-f9720ad722a3 timed out. Re-enqueueing.
[Midd4VCServer] Assigning job 77779178-ca4f-4bbc-8c0f-f9720ad722a3 to vehicle veh40
[Midd4VCServer] Assigning job 3d2c951e-2d20-4117-a11f-d9f5c1654384 to vehicle veh13
[Midd4VCServer] job 3d2c951e-2d20-4117-a11f-d9f5c1654384 completed by vehicle veh13
[Midd4VCServer] Vehicle veh21 already registered.
[Midd4VCServer] Vehicle veh10 already registered.
[Midd4VCServer] job received: b30641fd-b252-4c64-8f5c-db35adf6aade
[Midd4VC] Job a1c20521-9db3-4c76-972c-8b54c8c0e42f timed out. Re-enqueueing.
[Midd4VCServer] Assigning job a1c20521-9db3-4c76-972c-8b54c8c0e42f to vehicle veh39
[Midd4VCServer] Assigning job b30641fd-b252-4c64-8f5c-db35adf6aade to vehicle veh35
[Midd4VCServer] job received: 73aaf4b6-6413-4cac-871c-b83a5f39d341
[Midd4VCServer] Assigning job 73aaf4b6-6413-4cac-871c-b83a5f39d341 to vehicle veh31
[Midd4VCServer] job 73aaf4b6-6413-4cac-871c-b83a5f39d341 completed by vehicle veh31
[Midd4VCServer] Vehicle veh11 already registered.
[Midd4VCServer] job received: 3b32c437-89cc-4c9a-99f8-70f2f57d7993
[Midd4VCServer] Assigning job 3b32c437-89cc-4c9a-99f8-70f2f57d7993 to vehicle veh22
[Midd4VCServer] job 3b32c437-89cc-4c9a-99f8-70f2f57d7993 completed by vehicle veh22
[Midd4VCServer] job received: 78001821-4d7e-48ce-9fef-20c70b59ff49
[Midd4VCServer] Assigning job 78001821-4d7e-48ce-9fef-20c70b59ff49 to vehicle veh15
[Midd4VCServer] Vehicle veh7 already registered.
[Midd4VCServer] Vehicle veh30 already registered.
[Midd4VCServer] Vehicle veh24 already registered.
[Midd4VCServer] job received: 0fd799a5-4d5d-460a-b48a-a61caccb7613
[Midd4VC] Job 5eee980a-6d6a-480f-9d6e-288e0e3ed3a1 timed out. Re-enqueueing.
[Midd4VC] Job 5812fb7c-7b53-4872-bfc3-ed4524fdc046 timed out. Re-enqueueing.
[Midd4VC] Job e2cd4729-28c2-4cf9-b6ee-10dc2ff0609f timed out. Re-enqueueing.
[Midd4VCServer] Assigning job e2cd4729-28c2-4cf9-b6ee-10dc2ff0609f to vehicle veh1
[Midd4VCServer] Assigning job 5812fb7c-7b53-4872-bfc3-ed4524fdc046 to vehicle veh23
[Midd4VCServer] Assigning job 5eee980a-6d6a-480f-9d6e-288e0e3ed3a1 to vehicle veh33
[Midd4VCServer] Assigning job 0fd799a5-4d5d-460a-b48a-a61caccb7613 to vehicle veh3
[Midd4VCServer] Vehicle veh6 already registered.
[Midd4VCServer] job received: 6beaa8a7-cd8c-4135-aa50-91b6fd57da6a
[Midd4VCServer] Assigning job 6beaa8a7-cd8c-4135-aa50-91b6fd57da6a to vehicle veh13
[Midd4VCServer] job 6beaa8a7-cd8c-4135-aa50-91b6fd57da6a completed by vehicle veh13
[Midd4VCServer] Vehicle veh17 already registered.
[Midd4VCServer] job received: 0fc1379a-88d4-4a60-995a-af67dcbc1dd0
[Midd4VCServer] Assigning job 0fc1379a-88d4-4a60-995a-af67dcbc1dd0 to vehicle veh8
[Midd4VCServer] job 0fc1379a-88d4-4a60-995a-af67dcbc1dd0 completed by vehicle veh8
[Midd4VCServer] Vehicle veh29 already registered.
[Midd4VCServer] Vehicle veh20 already registered.
[Midd4VCServer] job received: ae28ba81-7505-4dcc-9716-368e66ea4b2f
[Midd4VCServer] Assigning job ae28ba81-7505-4dcc-9716-368e66ea4b2f to vehicle veh11
[Midd4VCServer] job ae28ba81-7505-4dcc-9716-368e66ea4b2f completed by vehicle veh11
[Midd4VCServer] Vehicle veh2 already registered.
[Midd4VCServer] job received: 58041625-bcd7-4b3f-9f5f-5181f5771a73
[Midd4VC] Job 6b2fe033-c278-4843-bca1-56757a873bff timed out. Re-enqueueing.
[Midd4VCServer] Assigning job 6b2fe033-c278-4843-bca1-56757a873bff to vehicle veh17
[Midd4VCServer] Assigning job 58041625-bcd7-4b3f-9f5f-5181f5771a73 to vehicle veh19
[Midd4VCServer] job 6b2fe033-c278-4843-bca1-56757a873bff completed by vehicle veh17
[Midd4VCServer] job received: 779f7fc7-568e-4713-8830-88576a660684
[Midd4VCServer] Assigning job 779f7fc7-568e-4713-8830-88576a660684 to vehicle veh10
[Midd4VCServer] Vehicle veh21 already registered.
[Midd4VCServer] Vehicle veh1 already registered.
[Midd4VCServer] Vehicle veh26 already registered.
[Midd4VCServer] Vehicle veh39 already registered.
[Midd4VCServer] Vehicle veh19 already registered.
[Midd4VCServer] job received: 2f9810ee-3d9f-4c75-8c11-3e72b5b22a6b
[Midd4VC] Job 026fb542-131d-45ab-ab7a-ebb8ca750bd8 timed out. Re-enqueueing.
[Midd4VCServer] Assigning job 026fb542-131d-45ab-ab7a-ebb8ca750bd8 to vehicle veh21
[Midd4VCServer] Assigning job 2f9810ee-3d9f-4c75-8c11-3e72b5b22a6b to vehicle veh37
[Midd4VCServer] job 026fb542-131d-45ab-ab7a-ebb8ca750bd8 completed by vehicle veh21
[Midd4VCServer] Vehicle veh28 already registered.
[Midd4VCServer] job received: df81ef6b-442b-4faf-abbf-ad97ea9ad9f7
[Midd4VC] Job 20da791c-af61-431a-ba65-e8c92d1c0e18 timed out. Re-enqueueing.
[Midd4VCServer] Assigning job 20da791c-af61-431a-ba65-e8c92d1c0e18 to vehicle veh14
[Midd4VCServer] Assigning job df81ef6b-442b-4faf-abbf-ad97ea9ad9f7 to vehicle veh21
[Midd4VCServer] job df81ef6b-442b-4faf-abbf-ad97ea9ad9f7 completed by vehicle veh21
[Midd4VCServer] Vehicle veh20 already registered.
[Midd4VCServer] job received: 21d92200-412d-4ee8-aeb3-ebc8a1105b57
[Midd4VCServer] Assigning job 21d92200-412d-4ee8-aeb3-ebc8a1105b57 to vehicle veh34
[Midd4VCServer] job 21d92200-412d-4ee8-aeb3-ebc8a1105b57 completed by vehicle veh34
[Midd4VCServer] Vehicle veh25 already registered.
[Midd4VCServer] job received: ec8a0c4e-3011-4a2f-b628-3d95ded91b83
[Midd4VCServer] Assigning job ec8a0c4e-3011-4a2f-b628-3d95ded91b83 to vehicle veh18
[Midd4VCServer] job ec8a0c4e-3011-4a2f-b628-3d95ded91b83 completed by vehicle veh18
[Midd4VCServer] job received: ff5a978b-0813-43b4-bbbd-11c7c019cee8
[Midd4VC] Job 8c2f1061-3398-49d6-af48-5c8fbe1cdbfd timed out. Re-enqueueing.
[Midd4VCServer] Assigning job 8c2f1061-3398-49d6-af48-5c8fbe1cdbfd to vehicle veh4
[Midd4VCServer] Assigning job ff5a978b-0813-43b4-bbbd-11c7c019cee8 to vehicle veh16
[Midd4VCServer] Vehicle veh10 already registered.
[Midd4VCServer] job received: 31dbe852-415c-4705-881d-16c16b7557ef
[Midd4VC] Job 81f6ae01-8b9d-4dcb-93dc-8196c9285dda timed out. Re-enqueueing.
[Midd4VCServer] Assigning job 81f6ae01-8b9d-4dcb-93dc-8196c9285dda to vehicle veh24
[Midd4VCServer] Assigning job 31dbe852-415c-4705-881d-16c16b7557ef to vehicle veh5
[Midd4VCServer] job received: 8585f3cd-b309-4d95-be29-46865cef3ccb
[Midd4VCServer] Assigning job 8585f3cd-b309-4d95-be29-46865cef3ccb to vehicle veh9
[Midd4VCServer] job received: c48c75f6-be2e-4d71-801c-67d90287ec9d
[Midd4VCServer] Assigning job c48c75f6-be2e-4d71-801c-67d90287ec9d to vehicle veh36
[Midd4VCServer] job received: 76498d8b-c256-431d-a867-891f179d62e3
[Midd4VCServer] Assigning job 76498d8b-c256-431d-a867-891f179d62e3 to vehicle veh26
[Midd4VCServer] job 76498d8b-c256-431d-a867-891f179d62e3 completed by vehicle veh26
[Midd4VCServer] Vehicle veh16 already registered.
[Midd4VCServer] Vehicle veh9 already registered.
[Midd4VCServer] Vehicle veh24 already registered.
[Midd4VCServer] job received: bfc96677-3a48-4f00-bfbd-279c139de20a
[Midd4VCServer] Assigning job bfc96677-3a48-4f00-bfbd-279c139de20a to vehicle veh21
[Midd4VCServer] job received: beba3cce-712b-46ed-9a44-1817565f52a2
[Midd4VCServer] Assigning job beba3cce-712b-46ed-9a44-1817565f52a2 to vehicle veh27
[Midd4VCServer] job received: 4d423bae-9bd1-4ee8-aba1-5e64a75ec9e1
[Midd4VCServer] Assigning job 4d423bae-9bd1-4ee8-aba1-5e64a75ec9e1 to vehicle veh17
[Midd4VCServer] job received: 19b0f714-88fe-47d5-a94d-47a6adf5cb48
[Midd4VCServer] Assigning job 19b0f714-88fe-47d5-a94d-47a6adf5cb48 to vehicle veh38
[Midd4VCServer] Vehicle veh40 already registered.
[Midd4VCServer] Vehicle veh8 already registered.
[Midd4VCServer] Vehicle veh15 already registered.
[Midd4VCServer] Vehicle veh23 already registered.
[Midd4VCServer] Vehicle veh32 already registered.
[Midd4VCServer] Vehicle veh29 already registered.
[Midd4VCServer] job received: ef07e96d-6650-4646-b09c-4aba764c71ea
[Midd4VC] Job 0aa6391a-66fb-4bc8-8d27-beafc1e77313 timed out. Re-enqueueing.
[Midd4VC] Job 177e1843-3915-42d6-a30d-2332344ff12c timed out. Re-enqueueing.
[Midd4VC] Job d98feed8-3baf-4145-b9a1-1ba496f17a22 timed out. Re-enqueueing.
[Midd4VCServer] Assigning job d98feed8-3baf-4145-b9a1-1ba496f17a22 to vehicle veh32
[Midd4VCServer] Assigning job 177e1843-3915-42d6-a30d-2332344ff12c to vehicle veh6
[Midd4VCServer] Assigning job 0aa6391a-66fb-4bc8-8d27-beafc1e77313 to vehicle veh12
[Midd4VCServer] Assigning job ef07e96d-6650-4646-b09c-4aba764c71ea to vehicle veh31
[Midd4VCServer] job d98feed8-3baf-4145-b9a1-1ba496f17a22 completed by vehicle veh32
[Midd4VCServer] job 177e1843-3915-42d6-a30d-2332344ff12c completed by vehicle veh6
[Midd4VCServer] job ef07e96d-6650-4646-b09c-4aba764c71ea completed by vehicle veh31
[Midd4VCServer] job received: b64bd03f-a8fb-44a9-9655-7e3ccc20b649
[Midd4VCServer] Assigning job b64bd03f-a8fb-44a9-9655-7e3ccc20b649 to vehicle veh32
[Midd4VCServer] job b64bd03f-a8fb-44a9-9655-7e3ccc20b649 completed by vehicle veh32
[Midd4VCServer] job received: 425d960c-9770-412f-b957-2d8a805891ef
[Midd4VC] Job 863d253e-2c7c-4eee-afc5-49acb29cbb1b timed out. Re-enqueueing.
[Midd4VCServer] Assigning job 863d253e-2c7c-4eee-afc5-49acb29cbb1b to vehicle veh25
[Midd4VCServer] Assigning job 425d960c-9770-412f-b957-2d8a805891ef to vehicle veh6
[Midd4VCServer] job 425d960c-9770-412f-b957-2d8a805891ef completed by vehicle veh6
[Midd4VCServer] job received: 518739d0-ce2d-4d4d-835c-33aeabd8412a
[Midd4VCServer] Assigning job 518739d0-ce2d-4d4d-835c-33aeabd8412a to vehicle veh32
[Midd4VCServer] job 518739d0-ce2d-4d4d-835c-33aeabd8412a completed by vehicle veh32
[Midd4VCServer] Vehicle veh13 already registered.
[Midd4VCServer] Vehicle veh35 already registered.
[Midd4VCServer] Vehicle veh6 already registered.
[Midd4VCServer] job received: e9b45c95-14ec-4d0d-a0aa-a1da9b203a08
[Midd4VCServer] Assigning job e9b45c95-14ec-4d0d-a0aa-a1da9b203a08 to vehicle veh6
[Midd4VCServer] job e9b45c95-14ec-4d0d-a0aa-a1da9b203a08 completed by vehicle veh6
[Midd4VCServer] Vehicle veh17 already registered.
[Midd4VCServer] Vehicle veh20 already registered.
[Midd4VCServer] job received: 7bf9adad-b891-45fa-a866-c5ec99993c49
[Midd4VCServer] Assigning job 7bf9adad-b891-45fa-a866-c5ec99993c49 to vehicle veh32
[Midd4VCServer] job 7bf9adad-b891-45fa-a866-c5ec99993c49 completed by vehicle veh32
[Midd4VCServer] job received: e07313e2-0ea4-4807-a84c-b7326bb1fa81
[Midd4VCServer] Assigning job e07313e2-0ea4-4807-a84c-b7326bb1fa81 to vehicle veh6
[Midd4VCServer] job e07313e2-0ea4-4807-a84c-b7326bb1fa81 completed by vehicle veh6
[Midd4VCServer] Vehicle veh12 already registered.
[Midd4VCServer] Vehicle veh37 already registered.
[Midd4VCServer] job received: 91140b62-f60f-4cb3-ae59-37272945c6a4
[Midd4VCServer] Assigning job 91140b62-f60f-4cb3-ae59-37272945c6a4 to vehicle veh32
[Midd4VCServer] job 91140b62-f60f-4cb3-ae59-37272945c6a4 completed by vehicle veh32
[Midd4VCServer] job received: 3400cc1c-5620-4ebd-88d8-c19769878c18
[Midd4VCServer] Assigning job 3400cc1c-5620-4ebd-88d8-c19769878c18 to vehicle veh6
[Midd4VCServer] job 3400cc1c-5620-4ebd-88d8-c19769878c18 completed by vehicle veh6
[Midd4VCServer] Vehicle veh9 already registered.
[Midd4VCServer] job received: 51b255a3-5bfe-4435-bf86-d1a570327c95
[Midd4VCServer] Assigning job 51b255a3-5bfe-4435-bf86-d1a570327c95 to vehicle veh22
[Midd4VCServer] Vehicle veh17 already registered.
[Midd4VCServer] Vehicle veh14 already registered.
[Midd4VCServer] job received: 457f40d3-3a3e-4c16-bfb5-85636932a278
[Midd4VC] Job d0470916-fc5c-42e2-93d0-f93a07cb339b timed out. Re-enqueueing.
[Midd4VC] Job 08c926ff-634d-4c33-9e77-fe07327ef86c timed out. Re-enqueueing.
[Midd4VCServer] Assigning job 08c926ff-634d-4c33-9e77-fe07327ef86c to vehicle veh30
[Midd4VCServer] Assigning job d0470916-fc5c-42e2-93d0-f93a07cb339b to vehicle veh20
[Midd4VCServer] Assigning job 457f40d3-3a3e-4c16-bfb5-85636932a278 to vehicle veh13
[Midd4VCServer] job d0470916-fc5c-42e2-93d0-f93a07cb339b completed by vehicle veh20
[Midd4VCServer] job 457f40d3-3a3e-4c16-bfb5-85636932a278 completed by vehicle veh13
[Midd4VCServer] Vehicle veh24 already registered.
[Midd4VCServer] job received: a4759444-0456-4527-a2d8-a19dffc6e15c
[Midd4VC] Job ef618057-5bb6-47da-ab33-05034e21f8c2 timed out. Re-enqueueing.
[Midd4VC] Job c3497166-b136-4e97-83b2-22cbe1410b34 timed out. Re-enqueueing.
[Midd4VCServer] Assigning job c3497166-b136-4e97-83b2-22cbe1410b34 to vehicle veh28
[Midd4VCServer] Assigning job ef618057-5bb6-47da-ab33-05034e21f8c2 to vehicle veh29
[Midd4VCServer] Assigning job a4759444-0456-4527-a2d8-a19dffc6e15c to vehicle veh20
[Midd4VCServer] job ef618057-5bb6-47da-ab33-05034e21f8c2 completed by vehicle veh29
[Midd4VCServer] job a4759444-0456-4527-a2d8-a19dffc6e15c completed by vehicle veh20
[Midd4VCServer] Vehicle veh10 already registered.
[Midd4VCServer] Vehicle veh19 already registered.
[Midd4VCServer] Vehicle veh28 already registered.
[Midd4VCServer] job received: 37097573-1926-4bd4-9f93-2108323be46b
[Midd4VC] Job 176b1c12-cd59-43bd-9161-c8d11b51a2b3 timed out. Re-enqueueing.
[Midd4VC] Job f4969124-7abd-40b9-8c2b-37540dc0b21a timed out. Re-enqueueing.
[Midd4VCServer] Assigning job f4969124-7abd-40b9-8c2b-37540dc0b21a to vehicle veh2
[Midd4VCServer] Assigning job 176b1c12-cd59-43bd-9161-c8d11b51a2b3 to vehicle veh7
[Midd4VCServer] Assigning job 37097573-1926-4bd4-9f93-2108323be46b to vehicle veh29
[Midd4VCServer] job 37097573-1926-4bd4-9f93-2108323be46b completed by vehicle veh29
[Midd4VCServer] job received: 4dfd88cb-5928-41f5-9e13-344db191b4fa
[Midd4VCServer] Assigning job 4dfd88cb-5928-41f5-9e13-344db191b4fa to vehicle veh8
[Midd4VCServer] job 4dfd88cb-5928-41f5-9e13-344db191b4fa completed by vehicle veh8
[Midd4VCServer] job received: fdfec349-119c-4bea-bca7-8c8d7e38e198
[Midd4VC] Job 77779178-ca4f-4bbc-8c0f-f9720ad722a3 timed out. Re-enqueueing.
[Midd4VCServer] Assigning job 77779178-ca4f-4bbc-8c0f-f9720ad722a3 to vehicle veh40
[Midd4VCServer] Assigning job fdfec349-119c-4bea-bca7-8c8d7e38e198 to vehicle veh11
[Midd4VCServer] Vehicle veh6 already registered.
[Midd4VCServer] job received: 4f628263-e763-42e0-a209-d9320625b6d8
[Midd4VCServer] Assigning job 4f628263-e763-42e0-a209-d9320625b6d8 to vehicle veh32
[Midd4VCServer] job 4f628263-e763-42e0-a209-d9320625b6d8 completed by vehicle veh32
[Midd4VCServer] job received: f9bea5a8-bc96-4a0b-a8b2-3be8e49ddb87
[Midd4VC] Job a1c20521-9db3-4c76-972c-8b54c8c0e42f timed out. Re-enqueueing.
[Midd4VC] Job b30641fd-b252-4c64-8f5c-db35adf6aade timed out. Re-enqueueing.
[Midd4VCServer] Assigning job b30641fd-b252-4c64-8f5c-db35adf6aade to vehicle veh39
[Midd4VCServer] Assigning job a1c20521-9db3-4c76-972c-8b54c8c0e42f to vehicle veh35
[Midd4VCServer] Assigning job f9bea5a8-bc96-4a0b-a8b2-3be8e49ddb87 to vehicle veh6
[Midd4VCServer] job f9bea5a8-bc96-4a0b-a8b2-3be8e49ddb87 completed by vehicle veh6
[Midd4VCServer] job received: 68990d78-3a46-411e-9d7a-2ee49c564306
[Midd4VCServer] Assigning job 68990d78-3a46-411e-9d7a-2ee49c564306 to vehicle veh34
[Midd4VCServer] job 68990d78-3a46-411e-9d7a-2ee49c564306 completed by vehicle veh34
[Midd4VCServer] Vehicle veh30 already registered.
[Midd4VCServer] job received: bfbab9c2-aca5-400a-a6ec-0929fed3424e
[Midd4VC] Job 78001821-4d7e-48ce-9fef-20c70b59ff49 timed out. Re-enqueueing.
[Midd4VCServer] Assigning job 78001821-4d7e-48ce-9fef-20c70b59ff49 to vehicle veh15
[Midd4VCServer] Assigning job bfbab9c2-aca5-400a-a6ec-0929fed3424e to vehicle veh18
[Midd4VCServer] job received: 5cbb8ed2-1dec-4da8-9666-4051c99726d7
[Midd4VCServer] Assigning job 5cbb8ed2-1dec-4da8-9666-4051c99726d7 to vehicle veh26
[Midd4VCServer] Vehicle veh9 already registered.
[Midd4VCServer] Vehicle veh21 already registered.
[Midd4VCServer] job received: 6fc2b605-0274-4807-977e-6b9d7dcbcf3a
[Midd4VC] Job e2cd4729-28c2-4cf9-b6ee-10dc2ff0609f timed out. Re-enqueueing.
[Midd4VC] Job 5812fb7c-7b53-4872-bfc3-ed4524fdc046 timed out. Re-enqueueing.
[Midd4VC] Job 5eee980a-6d6a-480f-9d6e-288e0e3ed3a1 timed out. Re-enqueueing.
[Midd4VC] Job 0fd799a5-4d5d-460a-b48a-a61caccb7613 timed out. Re-enqueueing.
[Midd4VCServer] Assigning job 0fd799a5-4d5d-460a-b48a-a61caccb7613 to vehicle veh1
[Midd4VCServer] Assigning job 5eee980a-6d6a-480f-9d6e-288e0e3ed3a1 to vehicle veh23
[Midd4VCServer] Assigning job 5812fb7c-7b53-4872-bfc3-ed4524fdc046 to vehicle veh33
[Midd4VCServer] Assigning job e2cd4729-28c2-4cf9-b6ee-10dc2ff0609f to vehicle veh3
[Midd4VCServer] Assigning job 6fc2b605-0274-4807-977e-6b9d7dcbcf3a to vehicle veh20
[Midd4VCServer] job received: 500f24fe-d630-4fb8-a5cc-cd619337813a
[Midd4VCServer] Assigning job 500f24fe-d630-4fb8-a5cc-cd619337813a to vehicle veh29
[Midd4VCServer] job received: 93504a4f-150d-42b4-b567-f8e66f874cb8
[Midd4VCServer] Assigning job 93504a4f-150d-42b4-b567-f8e66f874cb8 to vehicle veh31
[Midd4VCServer] job received: bcbc5696-92b3-4176-b59b-36e181df27f2
[Midd4VCServer] Assigning job bcbc5696-92b3-4176-b59b-36e181df27f2 to vehicle veh13
[Midd4VCServer] job bcbc5696-92b3-4176-b59b-36e181df27f2 completed by vehicle veh13
[Midd4VCServer] job received: 237258b6-ce70-479a-a765-c919fc49819a
[Midd4VC] Job 58041625-bcd7-4b3f-9f5f-5181f5771a73 timed out. Re-enqueueing.
[Midd4VC] Job 779f7fc7-568e-4713-8830-88576a660684 timed out. Re-enqueueing.
[Midd4VCServer] Assigning job 779f7fc7-568e-4713-8830-88576a660684 to vehicle veh19
[Midd4VCServer] Assigning job 58041625-bcd7-4b3f-9f5f-5181f5771a73 to vehicle veh10
[Midd4VCServer] Assigning job 237258b6-ce70-479a-a765-c919fc49819a to vehicle veh8
[Midd4VCServer] job 779f7fc7-568e-4713-8830-88576a660684 completed by vehicle veh19
[Midd4VCServer] job 237258b6-ce70-479a-a765-c919fc49819a completed by vehicle veh8
[Midd4VCServer] job received: 460af902-82dc-457e-8808-68a4f107b959
[Midd4VCServer] Assigning job 460af902-82dc-457e-8808-68a4f107b959 to vehicle veh19
[Midd4VCServer] job 460af902-82dc-457e-8808-68a4f107b959 completed by vehicle veh19
[Midd4VCServer] Vehicle veh28 already registered.
[Midd4VCServer] Vehicle veh7 already registered.
[Midd4VCServer] job received: 5ee4d5b3-0a03-4f45-85fa-64f510480aae
[Midd4VCServer] Assigning job 5ee4d5b3-0a03-4f45-85fa-64f510480aae to vehicle veh19
[Midd4VCServer] job 5ee4d5b3-0a03-4f45-85fa-64f510480aae completed by vehicle veh19
[Midd4VCServer] Vehicle veh13 already registered.
[Midd4VCServer] Vehicle veh1 already registered.
[Midd4VCServer] Vehicle veh20 already registered.
[Midd4VCServer] Vehicle veh36 already registered.
[Midd4VCServer] job received: 7bcd69bd-76a2-4c68-8c9f-f38a8595cbb6
[Midd4VC] Job 2f9810ee-3d9f-4c75-8c11-3e72b5b22a6b timed out. Re-enqueueing.
[Midd4VC] Job 20da791c-af61-431a-ba65-e8c92d1c0e18 timed out. Re-enqueueing.
[Midd4VCServer] Assigning job 20da791c-af61-431a-ba65-e8c92d1c0e18 to vehicle veh14
[Midd4VCServer] Assigning job 2f9810ee-3d9f-4c75-8c11-3e72b5b22a6b to vehicle veh37
[Midd4VCServer] Assigning job 7bcd69bd-76a2-4c68-8c9f-f38a8595cbb6 to vehicle veh32
[Midd4VCServer] job 2f9810ee-3d9f-4c75-8c11-3e72b5b22a6b completed by vehicle veh37
[Midd4VCServer] job received: 0422b6d0-8b1d-4c21-adad-dcdf14edc9e2
[Midd4VCServer] Assigning job 0422b6d0-8b1d-4c21-adad-dcdf14edc9e2 to vehicle veh37
[Midd4VCServer] job 0422b6d0-8b1d-4c21-adad-dcdf14edc9e2 completed by vehicle veh37
[Midd4VCServer] Vehicle veh22 already registered.
[Midd4VCServer] Vehicle veh10 already registered.
[Midd4VCServer] Vehicle veh2 already registered.
[Midd4VCServer] job received: 92f72e73-77e3-4b68-99e1-9bd2eb762312
[Midd4VC] Job 8c2f1061-3398-49d6-af48-5c8fbe1cdbfd timed out. Re-enqueueing.
[Midd4VC] Job ff5a978b-0813-43b4-bbbd-11c7c019cee8 timed out. Re-enqueueing.
[Midd4VCServer] Assigning job ff5a978b-0813-43b4-bbbd-11c7c019cee8 to vehicle veh4
[Midd4VCServer] Assigning job 8c2f1061-3398-49d6-af48-5c8fbe1cdbfd to vehicle veh16
[Midd4VCServer] Assigning job 92f72e73-77e3-4b68-99e1-9bd2eb762312 to vehicle veh37
[Midd4VCServer] job ff5a978b-0813-43b4-bbbd-11c7c019cee8 completed by vehicle veh4
[Midd4VCServer] job 92f72e73-77e3-4b68-99e1-9bd2eb762312 completed by vehicle veh37
[Midd4VCServer] job received: 72ceafb1-1ba6-45d3-9029-dad0539c0634
[Midd4VCServer] Assigning job 72ceafb1-1ba6-45d3-9029-dad0539c0634 to vehicle veh4
[Midd4VCServer] job 72ceafb1-1ba6-45d3-9029-dad0539c0634 completed by vehicle veh4
[Midd4VCServer] job received: 6db4941d-37b6-4fc3-a3b1-93e540873558
[Midd4VCServer] Assigning job 6db4941d-37b6-4fc3-a3b1-93e540873558 to vehicle veh4
[Midd4VCServer] job 6db4941d-37b6-4fc3-a3b1-93e540873558 completed by vehicle veh4
[Midd4VCServer] Vehicle veh15 already registered.
[Midd4VCServer] Vehicle veh4 already registered.
[Midd4VCServer] job received: 3e11d5ca-1052-40ae-abd1-9e7ca743f918
[Midd4VC] Job 81f6ae01-8b9d-4dcb-93dc-8196c9285dda timed out. Re-enqueueing.
[Midd4VC] Job 31dbe852-415c-4705-881d-16c16b7557ef timed out. Re-enqueueing.
[Midd4VC] Job 8585f3cd-b309-4d95-be29-46865cef3ccb timed out. Re-enqueueing.
[Midd4VCServer] Assigning job 8585f3cd-b309-4d95-be29-46865cef3ccb to vehicle veh24
[Midd4VCServer] Assigning job 31dbe852-415c-4705-881d-16c16b7557ef to vehicle veh4
[Midd4VCServer] Assigning job 81f6ae01-8b9d-4dcb-93dc-8196c9285dda to vehicle veh5
[Midd4VCServer] Assigning job 3e11d5ca-1052-40ae-abd1-9e7ca743f918 to vehicle veh9
[Midd4VCServer] job 31dbe852-415c-4705-881d-16c16b7557ef completed by vehicle veh4
[Midd4VCServer] job 8585f3cd-b309-4d95-be29-46865cef3ccb completed by vehicle veh24
[Midd4VCServer] job 3e11d5ca-1052-40ae-abd1-9e7ca743f918 completed by vehicle veh9
[Midd4VCServer] job received: acdd3324-1728-42c7-9fb9-89e408df64fb
[Midd4VCServer] Assigning job acdd3324-1728-42c7-9fb9-89e408df64fb to vehicle veh24
[Midd4VCServer] job acdd3324-1728-42c7-9fb9-89e408df64fb completed by vehicle veh24
[Midd4VCServer] job received: a204ae3a-cf6b-45d2-946b-a10e6fde1f71
[Midd4VC] Job c48c75f6-be2e-4d71-801c-67d90287ec9d timed out. Re-enqueueing.
[Midd4VCServer] Assigning job c48c75f6-be2e-4d71-801c-67d90287ec9d to vehicle veh24
[Midd4VCServer] Assigning job a204ae3a-cf6b-45d2-946b-a10e6fde1f71 to vehicle veh4
[Midd4VCServer] job c48c75f6-be2e-4d71-801c-67d90287ec9d completed by vehicle veh24
[Midd4VCServer] job a204ae3a-cf6b-45d2-946b-a10e6fde1f71 completed by vehicle veh4
[Midd4VCServer] job received: 52282e43-54da-48f1-b850-5d1812523d9c
[Midd4VCServer] Assigning job 52282e43-54da-48f1-b850-5d1812523d9c to vehicle veh24
[Midd4VCServer] job 52282e43-54da-48f1-b850-5d1812523d9c completed by vehicle veh24
[Midd4VCServer] Vehicle veh14 already registered.
[Midd4VCServer] job received: 9148be39-7795-4a75-a53f-abaec6b4e14a
[Midd4VC] Job bfc96677-3a48-4f00-bfbd-279c139de20a timed out. Re-enqueueing.
[Midd4VC] Job beba3cce-712b-46ed-9a44-1817565f52a2 timed out. Re-enqueueing.
[Midd4VC] Job 4d423bae-9bd1-4ee8-aba1-5e64a75ec9e1 timed out. Re-enqueueing.
[Midd4VCServer] Assigning job 4d423bae-9bd1-4ee8-aba1-5e64a75ec9e1 to vehicle veh24
[Midd4VCServer] Assigning job beba3cce-712b-46ed-9a44-1817565f52a2 to vehicle veh4
[Midd4VCServer] Assigning job bfc96677-3a48-4f00-bfbd-279c139de20a to vehicle veh36
[Midd4VCServer] Assigning job 9148be39-7795-4a75-a53f-abaec6b4e14a to vehicle veh21
[Midd4VCServer] job 4d423bae-9bd1-4ee8-aba1-5e64a75ec9e1 completed by vehicle veh24
[Midd4VCServer] job beba3cce-712b-46ed-9a44-1817565f52a2 completed by vehicle veh4
[Midd4VCServer] job bfc96677-3a48-4f00-bfbd-279c139de20a completed by vehicle veh36
[Midd4VCServer] job received: a8d3c899-a260-47c9-a52a-05d78df481cc
[Midd4VC] Job 19b0f714-88fe-47d5-a94d-47a6adf5cb48 timed out. Re-enqueueing.
[Midd4VCServer] Assigning job 19b0f714-88fe-47d5-a94d-47a6adf5cb48 to vehicle veh24
[Midd4VCServer] Assigning job a8d3c899-a260-47c9-a52a-05d78df481cc to vehicle veh27
[Midd4VCServer] job 19b0f714-88fe-47d5-a94d-47a6adf5cb48 completed by vehicle veh24
[Midd4VCServer] job received: 6c552a7b-177b-44d3-bc0c-b66a17d1e985
[Midd4VCServer] Assigning job 6c552a7b-177b-44d3-bc0c-b66a17d1e985 to vehicle veh17
[Midd4VCServer] job 6c552a7b-177b-44d3-bc0c-b66a17d1e985 completed by vehicle veh17
[Midd4VCServer] Vehicle veh9 already registered.
[Midd4VCServer] Vehicle veh10 already registered.
[Midd4VCServer] Vehicle veh7 already registered.
[Midd4VCServer] job received: 2d498725-cc4a-4fb6-88e4-e8ef86c5bf0d
[Midd4VC] Job 0aa6391a-66fb-4bc8-8d27-beafc1e77313 timed out. Re-enqueueing.
[Midd4VCServer] Assigning job 0aa6391a-66fb-4bc8-8d27-beafc1e77313 to vehicle veh12
[Midd4VCServer] Assigning job 2d498725-cc4a-4fb6-88e4-e8ef86c5bf0d to vehicle veh24
[Midd4VCServer] job 0aa6391a-66fb-4bc8-8d27-beafc1e77313 completed by vehicle veh12
[Midd4VCServer] job received: e8ac31c2-4dd0-46ee-9f2b-7a14f3d0c203
[Midd4VC] Job 863d253e-2c7c-4eee-afc5-49acb29cbb1b timed out. Re-enqueueing.
[Midd4VCServer] Assigning job 863d253e-2c7c-4eee-afc5-49acb29cbb1b to vehicle veh25
[Midd4VCServer] Assigning job e8ac31c2-4dd0-46ee-9f2b-7a14f3d0c203 to vehicle veh12
[Midd4VCServer] job e8ac31c2-4dd0-46ee-9f2b-7a14f3d0c203 completed by vehicle veh12
[Midd4VCServer] Vehicle veh37 already registered.
[Midd4VCServer] Vehicle veh31 already registered.
[Midd4VCServer] job received: 573038d9-6534-4933-9cce-dc96dbc66cdc
[Midd4VCServer] Assigning job 573038d9-6534-4933-9cce-dc96dbc66cdc to vehicle veh12
[Midd4VCServer] job 573038d9-6534-4933-9cce-dc96dbc66cdc completed by vehicle veh12
[Midd4VCServer] job received: 91716a73-1c3e-4cf2-a72f-21745d9e56d4
[Midd4VCServer] Assigning job 91716a73-1c3e-4cf2-a72f-21745d9e56d4 to vehicle veh38
[Midd4VCServer] job received: 10f99ade-0ca4-44b9-b59b-a519cddbd68c
[Midd4VCServer] Assigning job 10f99ade-0ca4-44b9-b59b-a519cddbd68c to vehicle veh12
[Midd4VCServer] job received: ab8b7480-fa3f-4a50-8028-228f8bac383a
[Midd4VCServer] Assigning job ab8b7480-fa3f-4a50-8028-228f8bac383a to vehicle veh4
[Midd4VCServer] job ab8b7480-fa3f-4a50-8028-228f8bac383a completed by vehicle veh4
[Midd4VCServer] Vehicle veh25 already registered.
[Midd4VCServer] Vehicle veh30 already registered.
[Midd4VCServer] job received: fb9fe18b-1740-409c-956f-f93048000c4a
[Midd4VCServer] Assigning job fb9fe18b-1740-409c-956f-f93048000c4a to vehicle veh9
[Midd4VCServer] job fb9fe18b-1740-409c-956f-f93048000c4a completed by vehicle veh9
[Midd4VCServer] job received: 603ad72a-4f60-4c44-ae75-449dafb82cfc
[Midd4VCServer] Assigning job 603ad72a-4f60-4c44-ae75-449dafb82cfc to vehicle veh36
[Midd4VCServer] job 603ad72a-4f60-4c44-ae75-449dafb82cfc completed by vehicle veh36
[Midd4VCServer] Vehicle veh16 already registered.
[Midd4VCServer] job received: d8b872f2-bf58-44f8-8a6b-49e52705705d
[Midd4VCServer] Assigning job d8b872f2-bf58-44f8-8a6b-49e52705705d to vehicle veh17
[Midd4VCServer] job received: 98a1033c-a05a-4cdb-b4f7-47ca50b888ab
[Midd4VCServer] Assigning job 98a1033c-a05a-4cdb-b4f7-47ca50b888ab to vehicle veh4
[Midd4VCServer] job 98a1033c-a05a-4cdb-b4f7-47ca50b888ab completed by vehicle veh4
[Midd4VCServer] Vehicle veh2 already registered.
[Midd4VCServer] Vehicle veh39 already registered.
[Midd4VCServer] Vehicle veh22 already registered.
[Midd4VCServer] job received: ed52b638-8328-4dbd-ae92-72b4ed1682dc
[Midd4VC] Job 51b255a3-5bfe-4435-bf86-d1a570327c95 timed out. Re-enqueueing.
[Midd4VC] Job 08c926ff-634d-4c33-9e77-fe07327ef86c timed out. Re-enqueueing.
[Midd4VCServer] Assigning job 08c926ff-634d-4c33-9e77-fe07327ef86c to vehicle veh30
[Midd4VCServer] Assigning job 51b255a3-5bfe-4435-bf86-d1a570327c95 to vehicle veh22
[Midd4VCServer] Assigning job ed52b638-8328-4dbd-ae92-72b4ed1682dc to vehicle veh6
[Midd4VCServer] job 08c926ff-634d-4c33-9e77-fe07327ef86c completed by vehicle veh30
[Midd4VCServer] job 51b255a3-5bfe-4435-bf86-d1a570327c95 completed by vehicle veh22
[Midd4VCServer] job received: 2e69fd4f-9d81-4485-899c-9b72607b96a3
[Midd4VCServer] Assigning job 2e69fd4f-9d81-4485-899c-9b72607b96a3 to vehicle veh30
[Midd4VCServer] job 2e69fd4f-9d81-4485-899c-9b72607b96a3 completed by vehicle veh30
[Midd4VCServer] Vehicle veh27 already registered.
[Midd4VCServer] job received: b75cc030-18b1-4f19-ac20-502eb2255a1b
[Midd4VC] Job c3497166-b136-4e97-83b2-22cbe1410b34 timed out. Re-enqueueing.
[Midd4VCServer] Assigning job c3497166-b136-4e97-83b2-22cbe1410b34 to vehicle veh28
[Midd4VCServer] Assigning job b75cc030-18b1-4f19-ac20-502eb2255a1b to vehicle veh30
[Midd4VCServer] job b75cc030-18b1-4f19-ac20-502eb2255a1b completed by vehicle veh30
[Midd4VCServer] job received: 9658d899-7d43-4f13-aabb-08a84ef77667
[Midd4VCServer] Assigning job 9658d899-7d43-4f13-aabb-08a84ef77667 to vehicle veh22
[Midd4VCServer] job 9658d899-7d43-4f13-aabb-08a84ef77667 completed by vehicle veh22
[Midd4VCServer] Vehicle veh24 already registered.
[Midd4VCServer] job received: 56059a0f-2b83-471c-9d57-d39d8b32f010
[Midd4VCServer] Assigning job 56059a0f-2b83-471c-9d57-d39d8b32f010 to vehicle veh34
[Midd4VCServer] Vehicle veh20 already registered.
[Midd4VCServer] Vehicle veh40 already registered.
[Midd4VCServer] Vehicle veh29 already registered.
[Midd4VCServer] job received: c5f0e795-4e5a-4dfb-ae02-1700d54caddc
[Midd4VC] Job f4969124-7abd-40b9-8c2b-37540dc0b21a timed out. Re-enqueueing.
[Midd4VC] Job 176b1c12-cd59-43bd-9161-c8d11b51a2b3 timed out. Re-enqueueing.
[Midd4VC] Job 77779178-ca4f-4bbc-8c0f-f9720ad722a3 timed out. Re-enqueueing.
[Midd4VC] Job fdfec349-119c-4bea-bca7-8c8d7e38e198 timed out. Re-enqueueing.
[Midd4VCServer] Assigning job fdfec349-119c-4bea-bca7-8c8d7e38e198 to vehicle veh2
[Midd4VCServer] Assigning job 77779178-ca4f-4bbc-8c0f-f9720ad722a3 to vehicle veh40
[Midd4VCServer] Assigning job 176b1c12-cd59-43bd-9161-c8d11b51a2b3 to vehicle veh7
[Midd4VCServer] Assigning job f4969124-7abd-40b9-8c2b-37540dc0b21a to vehicle veh11
[Midd4VCServer] Assigning job c5f0e795-4e5a-4dfb-ae02-1700d54caddc to vehicle veh30
[Midd4VCServer] job fdfec349-119c-4bea-bca7-8c8d7e38e198 completed by vehicle veh2
[Midd4VCServer] job 77779178-ca4f-4bbc-8c0f-f9720ad722a3 completed by vehicle veh40
[Midd4VCServer] job c5f0e795-4e5a-4dfb-ae02-1700d54caddc completed by vehicle veh30
[Midd4VCServer] job received: b5c57c12-4f4e-422c-9b7b-c737c061ea70
[Midd4VCServer] Assigning job b5c57c12-4f4e-422c-9b7b-c737c061ea70 to vehicle veh2
[Midd4VCServer] job b5c57c12-4f4e-422c-9b7b-c737c061ea70 completed by vehicle veh2
[Midd4VCServer] Vehicle veh6 already registered.
[Midd4VCServer] Vehicle veh26 already registered.
[Midd4VCServer] job received: 310dfe3e-0956-4172-ab56-784d9c55d151
[Midd4VCServer] Assigning job 310dfe3e-0956-4172-ab56-784d9c55d151 to vehicle veh2
[Midd4VCServer] job 310dfe3e-0956-4172-ab56-784d9c55d151 completed by vehicle veh2
[Midd4VCServer] Vehicle veh39 already registered.
[Midd4VCServer] job received: 9231ada1-fc56-404d-a961-a6ee3396a11d
[Midd4VCServer] Assigning job 9231ada1-fc56-404d-a961-a6ee3396a11d to vehicle veh40
[Midd4VCServer] job 9231ada1-fc56-404d-a961-a6ee3396a11d completed by vehicle veh40
[Midd4VCServer] job received: c35d1b66-6086-4440-8eeb-1284667c80c0
[Midd4VCServer] Assigning job c35d1b66-6086-4440-8eeb-1284667c80c0 to vehicle veh2
[Midd4VCServer] job c35d1b66-6086-4440-8eeb-1284667c80c0 completed by vehicle veh2
[Midd4VCServer] Vehicle veh28 already registered.
[Midd4VCServer] Vehicle veh7 already registered.
[Midd4VCServer] job received: 8590c628-dbc7-4c75-822b-0fc4e052af02
[Midd4VC] Job b30641fd-b252-4c64-8f5c-db35adf6aade timed out. Re-enqueueing.
[Midd4VC] Job a1c20521-9db3-4c76-972c-8b54c8c0e42f timed out. Re-enqueueing.
[Midd4VC] Job 78001821-4d7e-48ce-9fef-20c70b59ff49 timed out. Re-enqueueing.
[Midd4VC] Job bfbab9c2-aca5-400a-a6ec-0929fed3424e timed out. Re-enqueueing.
[Midd4VC] Job 5cbb8ed2-1dec-4da8-9666-4051c99726d7 timed out. Re-enqueueing.
[Midd4VCServer] Assigning job 5cbb8ed2-1dec-4da8-9666-4051c99726d7 to vehicle veh39
[Midd4VCServer] Assigning job bfbab9c2-aca5-400a-a6ec-0929fed3424e to vehicle veh35
[Midd4VCServer] Assigning job 78001821-4d7e-48ce-9fef-20c70b59ff49 to vehicle veh15
[Midd4VCServer] Assigning job a1c20521-9db3-4c76-972c-8b54c8c0e42f to vehicle veh40
[Midd4VCServer] Assigning job b30641fd-b252-4c64-8f5c-db35adf6aade to vehicle veh2
[Midd4VCServer] Assigning job 8590c628-dbc7-4c75-822b-0fc4e052af02 to vehicle veh18
[Midd4VCServer] job 5cbb8ed2-1dec-4da8-9666-4051c99726d7 completed by vehicle veh39
[Midd4VCServer] job a1c20521-9db3-4c76-972c-8b54c8c0e42f completed by vehicle veh40
[Midd4VCServer] job b30641fd-b252-4c64-8f5c-db35adf6aade completed by vehicle veh2
[Midd4VCServer] job bfbab9c2-aca5-400a-a6ec-0929fed3424e completed by vehicle veh35
[Midd4VCServer] Vehicle veh35 already registered.
[Midd4VCServer] Vehicle veh3 already registered.
[Midd4VCServer] job received: 416bd9d8-c12c-484b-99a4-48c3fe3a86ab
[Midd4VC] Job 0fd799a5-4d5d-460a-b48a-a61caccb7613 timed out. Re-enqueueing.
[Midd4VC] Job 5eee980a-6d6a-480f-9d6e-288e0e3ed3a1 timed out. Re-enqueueing.
[Midd4VC] Job 5812fb7c-7b53-4872-bfc3-ed4524fdc046 timed out. Re-enqueueing.
[Midd4VC] Job e2cd4729-28c2-4cf9-b6ee-10dc2ff0609f timed out. Re-enqueueing.
[Midd4VC] Job 6fc2b605-0274-4807-977e-6b9d7dcbcf3a timed out. Re-enqueueing.
[Midd4VCServer] Assigning job 6fc2b605-0274-4807-977e-6b9d7dcbcf3a to vehicle veh1
[Midd4VCServer] Assigning job e2cd4729-28c2-4cf9-b6ee-10dc2ff0609f to vehicle veh23
[Midd4VCServer] Assigning job 5812fb7c-7b53-4872-bfc3-ed4524fdc046 to vehicle veh33
[Midd4VCServer] Assigning job 5eee980a-6d6a-480f-9d6e-288e0e3ed3a1 to vehicle veh3
[Midd4VCServer] Assigning job 0fd799a5-4d5d-460a-b48a-a61caccb7613 to vehicle veh39
[Midd4VCServer] Assigning job 416bd9d8-c12c-484b-99a4-48c3fe3a86ab to vehicle veh35
[Midd4VCServer] job 5eee980a-6d6a-480f-9d6e-288e0e3ed3a1 completed by vehicle veh3
[Midd4VCServer] job 416bd9d8-c12c-484b-99a4-48c3fe3a86ab completed by vehicle veh35
[Midd4VCServer] Vehicle veh37 already registered.
[Midd4VCServer] Vehicle veh29 already registered.
[Midd4VCServer] Vehicle veh19 already registered.
[Midd4VCServer] Vehicle veh40 already registered.
[Midd4VCServer] Vehicle veh23 already registered.
[Midd4VCServer] job received: b8c79e30-7488-4a99-8b75-d7b2c1f89a90
[Midd4VC] Job 500f24fe-d630-4fb8-a5cc-cd619337813a timed out. Re-enqueueing.
[Midd4VC] Job 93504a4f-150d-42b4-b567-f8e66f874cb8 timed out. Re-enqueueing.
[Midd4VCServer] Assigning job 93504a4f-150d-42b4-b567-f8e66f874cb8 to vehicle veh3
[Midd4VCServer] Assigning job 500f24fe-d630-4fb8-a5cc-cd619337813a to vehicle veh40
[Midd4VCServer] Assigning job b8c79e30-7488-4a99-8b75-d7b2c1f89a90 to vehicle veh26
[Midd4VCServer] job 93504a4f-150d-42b4-b567-f8e66f874cb8 completed by vehicle veh3
[Midd4VCServer] job 500f24fe-d630-4fb8-a5cc-cd619337813a completed by vehicle veh40
[Midd4VCServer] job received: 27e9a519-b351-4043-94cc-f25f4d5075a6
[Midd4VCServer] Assigning job 27e9a519-b351-4043-94cc-f25f4d5075a6 to vehicle veh20
[Midd4VCServer] job 27e9a519-b351-4043-94cc-f25f4d5075a6 completed by vehicle veh20
[Midd4VCServer] job received: 122882dc-7dba-4fc4-9928-881c7e96106f
[Midd4VCServer] Assigning job 122882dc-7dba-4fc4-9928-881c7e96106f to vehicle veh29
[Midd4VCServer] job 122882dc-7dba-4fc4-9928-881c7e96106f completed by vehicle veh29
[Midd4VCServer] Vehicle veh39 already registered.
[Midd4VCServer] job received: 2759a8b6-6a4c-4960-a947-fce65ad29ba3
[Midd4VC] Job 58041625-bcd7-4b3f-9f5f-5181f5771a73 timed out. Re-enqueueing.
[Midd4VCServer] Assigning job 58041625-bcd7-4b3f-9f5f-5181f5771a73 to vehicle veh10
[Midd4VCServer] Assigning job 2759a8b6-6a4c-4960-a947-fce65ad29ba3 to vehicle veh35
[Midd4VCServer] job 2759a8b6-6a4c-4960-a947-fce65ad29ba3 completed by vehicle veh35
[Midd4VCServer] job received: 28592bca-574f-485d-ab69-a4a85a0345d9
[Midd4VCServer] Assigning job 28592bca-574f-485d-ab69-a4a85a0345d9 to vehicle veh31
[Midd4VCServer] job received: 5358f276-9a85-4407-91e1-4c39019f0f5c
[Midd4VCServer] Assigning job 5358f276-9a85-4407-91e1-4c39019f0f5c to vehicle veh3
[Midd4VCServer] job 5358f276-9a85-4407-91e1-4c39019f0f5c completed by vehicle veh3
[Midd4VCServer] Vehicle veh27 already registered.
[Midd4VCServer] job received: 9a500c8b-eabb-4fb1-a2eb-ba2c60c1db76
[Midd4VCServer] Assigning job 9a500c8b-eabb-4fb1-a2eb-ba2c60c1db76 to vehicle veh2
[Midd4VCServer] job 9a500c8b-eabb-4fb1-a2eb-ba2c60c1db76 completed by vehicle veh2
[Midd4VCServer] Vehicle veh21 already registered.
[Midd4VCServer] job received: ff7c4325-037c-4255-a402-29cc3569bd2d
[Midd4VCServer] Assigning job ff7c4325-037c-4255-a402-29cc3569bd2d to vehicle veh40
[Midd4VCServer] job ff7c4325-037c-4255-a402-29cc3569bd2d completed by vehicle veh40
[Midd4VCServer] Vehicle veh15 already registered.
[Midd4VCServer] job received: 3ee13c67-5421-45f0-9c80-86829fed6fc9
[Midd4VCServer] Assigning job 3ee13c67-5421-45f0-9c80-86829fed6fc9 to vehicle veh9
[Midd4VCServer] job 3ee13c67-5421-45f0-9c80-86829fed6fc9 completed by vehicle veh9
[Midd4VCServer] Vehicle veh1 already registered.
[Midd4VCServer] Vehicle veh14 already registered.
[Midd4VCServer] job received: 3d306945-d479-4955-934f-5d4b7e58d0e7
[Midd4VC] Job 20da791c-af61-431a-ba65-e8c92d1c0e18 timed out. Re-enqueueing.
[Midd4VC] Job 7bcd69bd-76a2-4c68-8c9f-f38a8595cbb6 timed out. Re-enqueueing.
[Midd4VCServer] Assigning job 7bcd69bd-76a2-4c68-8c9f-f38a8595cbb6 to vehicle veh14
[Midd4VCServer] Assigning job 20da791c-af61-431a-ba65-e8c92d1c0e18 to vehicle veh32
[Midd4VCServer] Assigning job 3d306945-d479-4955-934f-5d4b7e58d0e7 to vehicle veh36
[Midd4VCServer] job 7bcd69bd-76a2-4c68-8c9f-f38a8595cbb6 completed by vehicle veh14
[Midd4VCServer] Vehicle veh16 already registered.
[Midd4VCServer] Vehicle veh18 already registered.
[Midd4VCServer] Vehicle veh13 already registered.
[Midd4VCServer] job received: 639b0e20-0102-48ad-96b4-5c40288508f8
[Midd4VC] Job 8c2f1061-3398-49d6-af48-5c8fbe1cdbfd timed out. Re-enqueueing.
[Midd4VC] Job 81f6ae01-8b9d-4dcb-93dc-8196c9285dda timed out. Re-enqueueing.
[Midd4VCServer] Assigning job 81f6ae01-8b9d-4dcb-93dc-8196c9285dda to vehicle veh14
[Midd4VCServer] Assigning job 8c2f1061-3398-49d6-af48-5c8fbe1cdbfd to vehicle veh16
[Midd4VCServer] Assigning job 639b0e20-0102-48ad-96b4-5c40288508f8 to vehicle veh5
[Midd4VCServer] job 81f6ae01-8b9d-4dcb-93dc-8196c9285dda completed by vehicle veh14
[Midd4VCServer] job 8c2f1061-3398-49d6-af48-5c8fbe1cdbfd completed by vehicle veh16
[Midd4VCServer] job received: e2086537-b01a-444e-9b84-3042ddd4e53f
[Midd4VCServer] Assigning job e2086537-b01a-444e-9b84-3042ddd4e53f to vehicle veh14
[Midd4VCServer] job e2086537-b01a-444e-9b84-3042ddd4e53f completed by vehicle veh14
[Midd4VCServer] job received: 2599dcc9-13ac-4015-8e49-ea851b6b02a6
[Midd4VCServer] Assigning job 2599dcc9-13ac-4015-8e49-ea851b6b02a6 to vehicle veh16
[Midd4VCServer] job 2599dcc9-13ac-4015-8e49-ea851b6b02a6 completed by vehicle veh16
[Midd4VCServer] job received: 3e59cc12-b5f8-42da-92da-1bd44820451f
[Midd4VCServer] Assigning job 3e59cc12-b5f8-42da-92da-1bd44820451f to vehicle veh14
[Midd4VCServer] job 3e59cc12-b5f8-42da-92da-1bd44820451f completed by vehicle veh14
[Midd4VCServer] job received: cafef573-cf9f-46e3-8f12-a05d9510f106
[Midd4VCServer] Assigning job cafef573-cf9f-46e3-8f12-a05d9510f106 to vehicle veh16
[Midd4VCServer] job cafef573-cf9f-46e3-8f12-a05d9510f106 completed by vehicle veh16
[Midd4VCServer] job received: 64272281-7ff6-4603-94e6-7a508f8b69bf
[Midd4VCServer] Assigning job 64272281-7ff6-4603-94e6-7a508f8b69bf to vehicle veh20
[Midd4VCServer] Vehicle veh5 already registered.
[Midd4VCServer] Vehicle veh2 already registered.
[Midd4VCServer] Vehicle veh31 already registered.
[Midd4VCServer] Vehicle veh26 already registered.
[Midd4VCServer] Vehicle veh25 already registered.
[Midd4VCServer] Vehicle veh28 already registered.
[Midd4VCServer] job received: 9b683441-efe3-488a-a0b7-dc1bbd379066
[Midd4VCServer] Assigning job 9b683441-efe3-488a-a0b7-dc1bbd379066 to vehicle veh14
[Midd4VCServer] Vehicle veh4 already registered.
[Midd4VCServer] job received: 505978b1-f7a6-40df-954a-932dc31d20ea
[Midd4VC] Job 9148be39-7795-4a75-a53f-abaec6b4e14a timed out. Re-enqueueing.
[Midd4VC] Job a8d3c899-a260-47c9-a52a-05d78df481cc timed out. Re-enqueueing.
[Midd4VCServer] Assigning job a8d3c899-a260-47c9-a52a-05d78df481cc to vehicle veh21
[Midd4VCServer] Assigning job 9148be39-7795-4a75-a53f-abaec6b4e14a to vehicle veh27
[Midd4VCServer] Assigning job 505978b1-f7a6-40df-954a-932dc31d20ea to vehicle veh29
[Midd4VCServer] job 9148be39-7795-4a75-a53f-abaec6b4e14a completed by vehicle veh27
[Midd4VCServer] job a8d3c899-a260-47c9-a52a-05d78df481cc completed by vehicle veh21
[Midd4VCServer] Vehicle veh32 already registered.
[Midd4VCServer] Vehicle veh7 already registered.
[Midd4VCServer] job received: 663d2da3-0c18-4aff-b345-ec94ca83aed9
[Midd4VCServer] Assigning job 663d2da3-0c18-4aff-b345-ec94ca83aed9 to vehicle veh21
[Midd4VCServer] job 663d2da3-0c18-4aff-b345-ec94ca83aed9 completed by vehicle veh21
[Midd4VCServer] job received: e048b96a-efc6-43ab-8e79-75ea18a78267
[Midd4VC] Job 2d498725-cc4a-4fb6-88e4-e8ef86c5bf0d timed out. Re-enqueueing.
[Midd4VCServer] Assigning job 2d498725-cc4a-4fb6-88e4-e8ef86c5bf0d to vehicle veh24
[Midd4VCServer] Assigning job e048b96a-efc6-43ab-8e79-75ea18a78267 to vehicle veh27
[Midd4VCServer] job e048b96a-efc6-43ab-8e79-75ea18a78267 completed by vehicle veh27
[Midd4VCServer] Vehicle veh14 already registered.
[Midd4VCServer] Vehicle veh34 already registered.
[Midd4VCServer] Vehicle veh20 already registered.
[Midd4VCServer] job received: 1bb331a5-d844-4252-837f-a70af57f6300
[Midd4VC] Job 863d253e-2c7c-4eee-afc5-49acb29cbb1b timed out. Re-enqueueing.
[Midd4VCServer] Assigning job 863d253e-2c7c-4eee-afc5-49acb29cbb1b to vehicle veh25
[Midd4VCServer] Assigning job 1bb331a5-d844-4252-837f-a70af57f6300 to vehicle veh21
[Midd4VCServer] job 863d253e-2c7c-4eee-afc5-49acb29cbb1b completed by vehicle veh25
[Midd4VCServer] job 1bb331a5-d844-4252-837f-a70af57f6300 completed by vehicle veh21
[Midd4VCServer] Vehicle veh17 already registered.
[Midd4VCServer] job received: 77cb7868-b9f4-45b3-be67-a445f591bca0
[Midd4VC] Job 91716a73-1c3e-4cf2-a72f-21745d9e56d4 timed out. Re-enqueueing.
[Midd4VCServer] Assigning job 91716a73-1c3e-4cf2-a72f-21745d9e56d4 to vehicle veh25
[Midd4VCServer] Assigning job 77cb7868-b9f4-45b3-be67-a445f591bca0 to vehicle veh38
[Midd4VCServer] job 91716a73-1c3e-4cf2-a72f-21745d9e56d4 completed by vehicle veh25
[Midd4VCServer] Vehicle veh12 already registered.
[Midd4VCServer] Vehicle veh24 already registered.
[Midd4VCServer] job received: 06463373-7fe4-4162-89ef-1ac1f22ddef1
[Midd4VC] Job 10f99ade-0ca4-44b9-b59b-a519cddbd68c timed out. Re-enqueueing.
[Midd4VCServer] Assigning job 10f99ade-0ca4-44b9-b59b-a519cddbd68c to vehicle veh25
[Midd4VCServer] Assigning job 06463373-7fe4-4162-89ef-1ac1f22ddef1 to vehicle veh12
[Midd4VCServer] job 06463373-7fe4-4162-89ef-1ac1f22ddef1 completed by vehicle veh12
[Midd4VCServer] job received: 0058ae6f-19e8-4f72-a4b2-445801e891c5
[Midd4VCServer] Assigning job 0058ae6f-19e8-4f72-a4b2-445801e891c5 to vehicle veh12
[Midd4VCServer] job 0058ae6f-19e8-4f72-a4b2-445801e891c5 completed by vehicle veh12
[Midd4VCServer] Vehicle veh9 already registered.
[Midd4VCServer] job received: a9c4f905-9f87-4f07-8425-a87f664df918
[Midd4VCServer] Assigning job a9c4f905-9f87-4f07-8425-a87f664df918 to vehicle veh27
[Midd4VCServer] Vehicle veh32 already registered.
[Midd4VCServer] Vehicle veh18 already registered.
[Midd4VCServer] Vehicle veh10 already registered.
[Midd4VCServer] Vehicle veh12 already registered.
[Midd4VCServer] job received: 4592025f-e24f-48c5-a242-53776e56408b
[Midd4VCServer] Assigning job 4592025f-e24f-48c5-a242-53776e56408b to vehicle veh35
[Midd4VCServer] Vehicle veh23 already registered.
[Midd4VCServer] job received: 55b589d1-0300-421e-b05a-68917a43df1f
[Midd4VC] Job d8b872f2-bf58-44f8-8a6b-49e52705705d timed out. Re-enqueueing.
[Midd4VCServer] Assigning job d8b872f2-bf58-44f8-8a6b-49e52705705d to vehicle veh17
[Midd4VCServer] Assigning job 55b589d1-0300-421e-b05a-68917a43df1f to vehicle veh22
[Midd4VCServer] job d8b872f2-bf58-44f8-8a6b-49e52705705d completed by vehicle veh17
[Midd4VCServer] job received: 9d9fa6bb-6475-4b8f-ac66-19711a0c9474
[Midd4VCServer] Assigning job 9d9fa6bb-6475-4b8f-ac66-19711a0c9474 to vehicle veh17
[Midd4VCServer] job 9d9fa6bb-6475-4b8f-ac66-19711a0c9474 completed by vehicle veh17
[Midd4VCServer] job received: 99d1bdf4-aa58-4d84-b190-bba93c0c4d86
[Midd4VCServer] Assigning job 99d1bdf4-aa58-4d84-b190-bba93c0c4d86 to vehicle veh12
[Midd4VCServer] job 99d1bdf4-aa58-4d84-b190-bba93c0c4d86 completed by vehicle veh12
[Midd4VCServer] Vehicle veh28 already registered.
[Midd4VCServer] job received: e9b2f051-27a1-408a-a4cd-84cac46e658a
[Midd4VC] Job ed52b638-8328-4dbd-ae92-72b4ed1682dc timed out. Re-enqueueing.
[Midd4VC] Job c3497166-b136-4e97-83b2-22cbe1410b34 timed out. Re-enqueueing.
[Midd4VCServer] Assigning job c3497166-b136-4e97-83b2-22cbe1410b34 to vehicle veh28
[Midd4VCServer] Assigning job ed52b638-8328-4dbd-ae92-72b4ed1682dc to vehicle veh6
[Midd4VCServer] Assigning job e9b2f051-27a1-408a-a4cd-84cac46e658a to vehicle veh3
[Midd4VCServer] job c3497166-b136-4e97-83b2-22cbe1410b34 completed by vehicle veh28
[Midd4VCServer] job received: 69b5982e-df67-4f2b-bd85-df44c6749d01
[Midd4VCServer] Assigning job 69b5982e-df67-4f2b-bd85-df44c6749d01 to vehicle veh28
[Midd4VCServer] job 69b5982e-df67-4f2b-bd85-df44c6749d01 completed by vehicle veh28
[Midd4VCServer] Vehicle veh31 already registered.
[Midd4VCServer] Vehicle veh2 already registered.
[Midd4VCServer] Vehicle veh19 already registered.
[Midd4VCServer] Vehicle veh1 already registered.
[Midd4VCServer] job received: 64b220a7-2862-47a1-905c-8be7981792c2
[Midd4VC] Job 56059a0f-2b83-471c-9d57-d39d8b32f010 timed out. Re-enqueueing.
[Midd4VCServer] Assigning job 56059a0f-2b83-471c-9d57-d39d8b32f010 to vehicle veh28
[Midd4VCServer] Assigning job 64b220a7-2862-47a1-905c-8be7981792c2 to vehicle veh34
[Midd4VCServer] job 56059a0f-2b83-471c-9d57-d39d8b32f010 completed by vehicle veh28
[Midd4VCServer] job received: a16a6ae2-3f05-4b0a-a0a4-bc331ec046c6
[Midd4VC] Job 176b1c12-cd59-43bd-9161-c8d11b51a2b3 timed out. Re-enqueueing.
[Midd4VC] Job f4969124-7abd-40b9-8c2b-37540dc0b21a timed out. Re-enqueueing.
[Midd4VCServer] Assigning job f4969124-7abd-40b9-8c2b-37540dc0b21a to vehicle veh7
[Midd4VCServer] Assigning job 176b1c12-cd59-43bd-9161-c8d11b51a2b3 to vehicle veh11
[Midd4VCServer] Assigning job a16a6ae2-3f05-4b0a-a0a4-bc331ec046c6 to vehicle veh28
[Midd4VCServer] job a16a6ae2-3f05-4b0a-a0a4-bc331ec046c6 completed by vehicle veh28
[Midd4VCServer] Vehicle veh35 already registered.
[Midd4VCServer] job received: f6188eee-d92c-4cac-93c9-fde4ba2b2747
[Midd4VCServer] Assigning job f6188eee-d92c-4cac-93c9-fde4ba2b2747 to vehicle veh2
[Midd4VCServer] job f6188eee-d92c-4cac-93c9-fde4ba2b2747 completed by vehicle veh2
[Midd4VCServer] job received: 79615eb3-7278-4218-b2bc-c5a17ad4cc72
[Midd4VCServer] Assigning job 79615eb3-7278-4218-b2bc-c5a17ad4cc72 to vehicle veh13
[Midd4VCServer] job 79615eb3-7278-4218-b2bc-c5a17ad4cc72 completed by vehicle veh13
[Midd4VCServer] Vehicle veh9 already registered.
[Midd4VCServer] Vehicle veh16 already registered.
[Midd4VCServer] job received: fdd34ecb-93f0-4b99-867f-c98e928824a2
[Midd4VCServer] Assigning job fdd34ecb-93f0-4b99-867f-c98e928824a2 to vehicle veh8
[Midd4VCServer] Vehicle veh21 already registered.
[Midd4VCServer] Vehicle veh5 already registered.
[Midd4VCServer] Vehicle veh6 already registered.
[Midd4VCServer] job received: b94f1a5c-704e-486c-be0b-e28d9952d9c2
[Midd4VC] Job 78001821-4d7e-48ce-9fef-20c70b59ff49 timed out. Re-enqueueing.
[Midd4VC] Job 8590c628-dbc7-4c75-822b-0fc4e052af02 timed out. Re-enqueueing.
[Midd4VCServer] Assigning job 8590c628-dbc7-4c75-822b-0fc4e052af02 to vehicle veh15
[Midd4VCServer] Assigning job 78001821-4d7e-48ce-9fef-20c70b59ff49 to vehicle veh18
[Midd4VCServer] Assigning job b94f1a5c-704e-486c-be0b-e28d9952d9c2 to vehicle veh19
[Midd4VCServer] job b94f1a5c-704e-486c-be0b-e28d9952d9c2 completed by vehicle veh19
[Midd4VCServer] Vehicle veh27 already registered.
[Midd4VCServer] Vehicle veh34 already registered.
[Midd4VCServer] Vehicle veh33 already registered.
[Midd4VCServer] job received: 74c2dc4c-51eb-4703-b6ba-3d509ff23342
[Midd4VCServer] Assigning job 74c2dc4c-51eb-4703-b6ba-3d509ff23342 to vehicle veh4
[Midd4VCServer] job received: 6599b290-97d6-4718-8457-f1528d40c01c
[Midd4VCServer] Assigning job 6599b290-97d6-4718-8457-f1528d40c01c to vehicle veh37
[Midd4VCServer] Vehicle veh22 already registered.
[Midd4VCServer] job received: 5522e6e5-05f7-44d8-8d88-c1e220f45c86
[Midd4VC] Job 6fc2b605-0274-4807-977e-6b9d7dcbcf3a timed out. Re-enqueueing.
[Midd4VC] Job e2cd4729-28c2-4cf9-b6ee-10dc2ff0609f timed out. Re-enqueueing.
[Midd4VC] Job 5812fb7c-7b53-4872-bfc3-ed4524fdc046 timed out. Re-enqueueing.
[Midd4VC] Job 0fd799a5-4d5d-460a-b48a-a61caccb7613 timed out. Re-enqueueing.
[Midd4VCServer] Assigning job 0fd799a5-4d5d-460a-b48a-a61caccb7613 to vehicle veh1
[Midd4VCServer] Assigning job 5812fb7c-7b53-4872-bfc3-ed4524fdc046 to vehicle veh23
[Midd4VCServer] Assigning job e2cd4729-28c2-4cf9-b6ee-10dc2ff0609f to vehicle veh33
[Midd4VCServer] Assigning job 6fc2b605-0274-4807-977e-6b9d7dcbcf3a to vehicle veh39
[Midd4VCServer] Assigning job 5522e6e5-05f7-44d8-8d88-c1e220f45c86 to vehicle veh30
[Midd4VCServer] job 5812fb7c-7b53-4872-bfc3-ed4524fdc046 completed by vehicle veh23
[Midd4VCServer] job e2cd4729-28c2-4cf9-b6ee-10dc2ff0609f completed by vehicle veh33
[Midd4VCServer] job 6fc2b605-0274-4807-977e-6b9d7dcbcf3a completed by vehicle veh39
[Midd4VCServer] job received: 2b45171a-f24f-4451-9f96-b2f8d52e582e
[Midd4VCServer] Assigning job 2b45171a-f24f-4451-9f96-b2f8d52e582e to vehicle veh23
[Midd4VCServer] job 2b45171a-f24f-4451-9f96-b2f8d52e582e completed by vehicle veh23
[Midd4VCServer] job received: 3de6e24f-faff-48bf-8d7a-f62073e46dcb
[Midd4VCServer] Assigning job 3de6e24f-faff-48bf-8d7a-f62073e46dcb to vehicle veh23
[Midd4VCServer] job 3de6e24f-faff-48bf-8d7a-f62073e46dcb completed by vehicle veh23
[Midd4VCServer] Vehicle veh6 already registered.
[Midd4VCServer] Vehicle veh31 already registered.
[Midd4VCServer] Vehicle veh40 already registered.
[Midd4VCServer] Vehicle veh14 already registered.
[Midd4VCServer] job received: c8998460-89e9-4539-b656-600540c99444
[Midd4VC] Job b8c79e30-7488-4a99-8b75-d7b2c1f89a90 timed out. Re-enqueueing.
[Midd4VC] Job 58041625-bcd7-4b3f-9f5f-5181f5771a73 timed out. Re-enqueueing.
[Midd4VC] Job 28592bca-574f-485d-ab69-a4a85a0345d9 timed out. Re-enqueueing.
[Midd4VCServer] Assigning job 28592bca-574f-485d-ab69-a4a85a0345d9 to vehicle veh10
[Midd4VCServer] Assigning job 58041625-bcd7-4b3f-9f5f-5181f5771a73 to vehicle veh33
[Midd4VCServer] Assigning job b8c79e30-7488-4a99-8b75-d7b2c1f89a90 to vehicle veh23
[Midd4VCServer] Assigning job c8998460-89e9-4539-b656-600540c99444 to vehicle veh39
[Midd4VCServer] job 58041625-bcd7-4b3f-9f5f-5181f5771a73 completed by vehicle veh33
[Midd4VCServer] job b8c79e30-7488-4a99-8b75-d7b2c1f89a90 completed by vehicle veh23
[Midd4VCServer] job c8998460-89e9-4539-b656-600540c99444 completed by vehicle veh39
[Midd4VCServer] Vehicle veh18 already registered.
[Midd4VCServer] Vehicle veh36 already registered.
[Midd4VCServer] job received: 89f7821a-6395-4364-ad2b-ecaf66004f27
[Midd4VCServer] Assigning job 89f7821a-6395-4364-ad2b-ecaf66004f27 to vehicle veh26
[Midd4VCServer] Vehicle veh12 already registered.
[Midd4VCServer] job received: de818558-08c7-4c87-865c-512af5d3c30c
[Midd4VCServer] Assigning job de818558-08c7-4c87-865c-512af5d3c30c to vehicle veh33
[Midd4VCServer] job de818558-08c7-4c87-865c-512af5d3c30c completed by vehicle veh33
[Midd4VCServer] Vehicle veh24 already registered.
[Midd4VCServer] Vehicle veh20 already registered.
[Midd4VCServer] job received: c3a6202d-e661-48a7-88a6-2b176cc716af
[Midd4VCServer] Assigning job c3a6202d-e661-48a7-88a6-2b176cc716af to vehicle veh31
[Midd4VCServer] job c3a6202d-e661-48a7-88a6-2b176cc716af completed by vehicle veh31
[Midd4VCServer] job received: 6490653d-2dbc-46d7-bd43-4787e5f7dda8
[Midd4VCServer] Assigning job 6490653d-2dbc-46d7-bd43-4787e5f7dda8 to vehicle veh23
[Midd4VCServer] job 6490653d-2dbc-46d7-bd43-4787e5f7dda8 completed by vehicle veh23
[Midd4VCServer] job received: ee28ae5f-a62f-4347-8284-962c1c008630
[Midd4VC] Job 20da791c-af61-431a-ba65-e8c92d1c0e18 timed out. Re-enqueueing.
[Midd4VC] Job 3d306945-d479-4955-934f-5d4b7e58d0e7 timed out. Re-enqueueing.
[Midd4VCServer] Assigning job 3d306945-d479-4955-934f-5d4b7e58d0e7 to vehicle veh32
[Midd4VCServer] Assigning job 20da791c-af61-431a-ba65-e8c92d1c0e18 to vehicle veh39
[Midd4VCServer] Assigning job ee28ae5f-a62f-4347-8284-962c1c008630 to vehicle veh36
[Midd4VCServer] job 20da791c-af61-431a-ba65-e8c92d1c0e18 completed by vehicle veh39
[Midd4VCServer] job ee28ae5f-a62f-4347-8284-962c1c008630 completed by vehicle veh36
[Midd4VCServer] Vehicle veh36 already registered.
[Midd4VCServer] job received: 576d13cc-0820-4ea6-b6ec-5d172f31249a
[Midd4VCServer] Assigning job 576d13cc-0820-4ea6-b6ec-5d172f31249a to vehicle veh33
[Midd4VCServer] job received: 207ecf52-9b16-4e4c-ab15-e8f41f1e30d0
[Midd4VCServer] Assigning job 207ecf52-9b16-4e4c-ab15-e8f41f1e30d0 to vehicle veh31
[Midd4VCServer] job 207ecf52-9b16-4e4c-ab15-e8f41f1e30d0 completed by vehicle veh31
[Midd4VCServer] Vehicle veh19 already registered.
[Midd4VCServer] Vehicle veh26 already registered.
[Midd4VCServer] job received: 6c12032f-99b9-4991-9297-7201f4146558
[Midd4VCServer] Assigning job 6c12032f-99b9-4991-9297-7201f4146558 to vehicle veh40
[Midd4VCServer] Vehicle veh29 already registered.
[Midd4VCServer] job received: 6ea1aef3-914a-4b89-8696-0823342a98ba
[Midd4VCServer] Assigning job 6ea1aef3-914a-4b89-8696-0823342a98ba to vehicle veh23
[Midd4VCServer] Vehicle veh34 already registered.
[Midd4VCServer] Vehicle veh24 already registered.
[Midd4VCServer] job received: 3ea96262-c25c-46c3-9664-f230d7f78f94
[Midd4VC] Job 639b0e20-0102-48ad-96b4-5c40288508f8 timed out. Re-enqueueing.
[Midd4VC] Job 64272281-7ff6-4603-94e6-7a508f8b69bf timed out. Re-enqueueing.
[Midd4VCServer] Assigning job 64272281-7ff6-4603-94e6-7a508f8b69bf to vehicle veh5
[Midd4VCServer] Assigning job 639b0e20-0102-48ad-96b4-5c40288508f8 to vehicle veh20
[Midd4VCServer] Assigning job 3ea96262-c25c-46c3-9664-f230d7f78f94 to vehicle veh16
[Midd4VCServer] job 3ea96262-c25c-46c3-9664-f230d7f78f94 completed by vehicle veh16
[Midd4VCServer] Vehicle veh36 already registered.
[Midd4VCServer] Vehicle veh37 already registered.
[Midd4VCServer] job received: bed79f06-1ace-4412-90c5-c32598c7893f
[Midd4VCServer] Assigning job bed79f06-1ace-4412-90c5-c32598c7893f to vehicle veh9
[Midd4VCServer] Vehicle veh29 already registered.
[Midd4VCServer] Vehicle veh38 already registered.
[Midd4VCServer] job received: a577c4af-4eb0-4c1b-83f8-c746f3b7e995
[Midd4VC] Job 9b683441-efe3-488a-a0b7-dc1bbd379066 timed out. Re-enqueueing.
[Midd4VCServer] Assigning job 9b683441-efe3-488a-a0b7-dc1bbd379066 to vehicle veh14
[Midd4VCServer] Assigning job a577c4af-4eb0-4c1b-83f8-c746f3b7e995 to vehicle veh39
[Midd4VCServer] job a577c4af-4eb0-4c1b-83f8-c746f3b7e995 completed by vehicle veh39
[Midd4VCServer] job received: 6e6b005f-3c37-46ad-ae66-68912662d794
[Midd4VCServer] Assigning job 6e6b005f-3c37-46ad-ae66-68912662d794 to vehicle veh36
[Midd4VCServer] job 6e6b005f-3c37-46ad-ae66-68912662d794 completed by vehicle veh36
[Midd4VCServer] job received: d600fd0e-4960-4abc-b0bf-094678396c31
[Midd4VCServer] Assigning job d600fd0e-4960-4abc-b0bf-094678396c31 to vehicle veh28
[Midd4VCServer] job received: 5c8b427f-b667-440b-ab67-f466cb7a42ec
[Midd4VCServer] Assigning job 5c8b427f-b667-440b-ab67-f466cb7a42ec to vehicle veh21
[Midd4VCServer] job 5c8b427f-b667-440b-ab67-f466cb7a42ec completed by vehicle veh21
[Midd4VCServer] job received: c9c621ad-e9fe-4f9e-a0d9-cd5687d8c792
[Midd4VC] Job 505978b1-f7a6-40df-954a-932dc31d20ea timed out. Re-enqueueing.
[Midd4VCServer] Assigning job 505978b1-f7a6-40df-954a-932dc31d20ea to vehicle veh29
[Midd4VCServer] Assigning job c9c621ad-e9fe-4f9e-a0d9-cd5687d8c792 to vehicle veh17
[Midd4VCServer] job 505978b1-f7a6-40df-954a-932dc31d20ea completed by vehicle veh29
[Midd4VCServer] job received: 146a62eb-846d-42d4-9442-ebffdfd50d84
[Midd4VCServer] Assigning job 146a62eb-846d-42d4-9442-ebffdfd50d84 to vehicle veh29
[Midd4VCServer] job 146a62eb-846d-42d4-9442-ebffdfd50d84 completed by vehicle veh29
[Midd4VCServer] Vehicle veh17 already registered.
[Midd4VCServer] Vehicle veh3 already registered.
[Midd4VCServer] Vehicle veh11 already registered.
[Midd4VCServer] Vehicle veh28 already registered.
[Midd4VCServer] Vehicle veh10 already registered.
[Midd4VCServer] Vehicle veh24 already registered.
[Midd4VCServer] Vehicle veh15 already registered.
[Midd4VCServer] job received: c900935e-81d0-4deb-bb39-2a93a8bf0619
[Midd4VC] Job 2d498725-cc4a-4fb6-88e4-e8ef86c5bf0d timed out. Re-enqueueing.
[Midd4VC] Job 77cb7868-b9f4-45b3-be67-a445f591bca0 timed out. Re-enqueueing.
[Midd4VCServer] Assigning job 77cb7868-b9f4-45b3-be67-a445f591bca0 to vehicle veh24
[Midd4VCServer] Assigning job 2d498725-cc4a-4fb6-88e4-e8ef86c5bf0d to vehicle veh38
[Midd4VCServer] Assigning job c900935e-81d0-4deb-bb39-2a93a8bf0619 to vehicle veh31
[Midd4VCServer] job 2d498725-cc4a-4fb6-88e4-e8ef86c5bf0d completed by vehicle veh38
[Midd4VCServer] job 77cb7868-b9f4-45b3-be67-a445f591bca0 completed by vehicle veh24
[Midd4VCServer] Vehicle veh2 already registered.
[Midd4VCServer] job received: b579aefe-7d9a-4191-b08f-3be4a0badc3b
[Midd4VCServer] Assigning job b579aefe-7d9a-4191-b08f-3be4a0badc3b to vehicle veh24
[Midd4VCServer] job b579aefe-7d9a-4191-b08f-3be4a0badc3b completed by vehicle veh24
[Midd4VCServer] Vehicle veh3 already registered.
[Midd4VCServer] job received: a75ac081-627b-4723-90a5-d491c5f62146
[Midd4VC] Job 10f99ade-0ca4-44b9-b59b-a519cddbd68c timed out. Re-enqueueing.
[Midd4VCServer] Assigning job 10f99ade-0ca4-44b9-b59b-a519cddbd68c to vehicle veh25
[Midd4VCServer] Assigning job a75ac081-627b-4723-90a5-d491c5f62146 to vehicle veh38
[Midd4VCServer] job a75ac081-627b-4723-90a5-d491c5f62146 completed by vehicle veh38
[Midd4VCServer] Vehicle veh40 already registered.
[Midd4VCServer] job received: 8709bbeb-5294-4137-bfc2-198fb356b522
[Midd4VCServer] Assigning job 8709bbeb-5294-4137-bfc2-198fb356b522 to vehicle veh24
[Midd4VCServer] job 8709bbeb-5294-4137-bfc2-198fb356b522 completed by vehicle veh24
[Midd4VCServer] job received: 0aa3c50e-4b5a-4783-9dae-7f45a47f8c59
[Midd4VC] Job a9c4f905-9f87-4f07-8425-a87f664df918 timed out. Re-enqueueing.
[Midd4VCServer] Assigning job a9c4f905-9f87-4f07-8425-a87f664df918 to vehicle veh27
[Midd4VCServer] Assigning job 0aa3c50e-4b5a-4783-9dae-7f45a47f8c59 to vehicle veh38
[Midd4VCServer] job a9c4f905-9f87-4f07-8425-a87f664df918 completed by vehicle veh27
[Midd4VCServer] job 0aa3c50e-4b5a-4783-9dae-7f45a47f8c59 completed by vehicle veh38
[Midd4VCServer] job received: f4ad50a4-aa0b-4f18-a52b-bd41a08416e5
[Midd4VC] Job 4592025f-e24f-48c5-a242-53776e56408b timed out. Re-enqueueing.
[Midd4VCServer] Assigning job 4592025f-e24f-48c5-a242-53776e56408b to vehicle veh35
[Midd4VCServer] Assigning job f4ad50a4-aa0b-4f18-a52b-bd41a08416e5 to vehicle veh27
[Midd4VCServer] job 4592025f-e24f-48c5-a242-53776e56408b completed by vehicle veh35
[Midd4VCServer] job f4ad50a4-aa0b-4f18-a52b-bd41a08416e5 completed by vehicle veh27
[Midd4VCServer] Vehicle veh37 already registered.
[Midd4VCServer] job received: 25059551-245f-43e9-85a2-1c0cdbe1dd9c
[Midd4VC] Job 55b589d1-0300-421e-b05a-68917a43df1f timed out. Re-enqueueing.
[Midd4VCServer] Assigning job 55b589d1-0300-421e-b05a-68917a43df1f to vehicle veh22
[Midd4VCServer] Assigning job 25059551-245f-43e9-85a2-1c0cdbe1dd9c to vehicle veh24
[Midd4VCServer] job 55b589d1-0300-421e-b05a-68917a43df1f completed by vehicle veh22
[Midd4VCServer] job 25059551-245f-43e9-85a2-1c0cdbe1dd9c completed by vehicle veh24
[Midd4VCServer] Vehicle veh22 already registered.
[Midd4VCServer] job received: 92b32798-b55e-4865-b755-db2ccff55908
[Midd4VCServer] Assigning job 92b32798-b55e-4865-b755-db2ccff55908 to vehicle veh38
[Midd4VCServer] job 92b32798-b55e-4865-b755-db2ccff55908 completed by vehicle veh38
[Midd4VCServer] job received: 8e1e5672-341f-4ad4-bed6-d657516669e8
[Midd4VCServer] Assigning job 8e1e5672-341f-4ad4-bed6-d657516669e8 to vehicle veh35
[Midd4VCServer] job 8e1e5672-341f-4ad4-bed6-d657516669e8 completed by vehicle veh35
[Midd4VCServer] Vehicle veh4 already registered.
[Midd4VCServer] Vehicle veh36 already registered.
[Midd4VCServer] Vehicle veh32 already registered.
[Midd4VCServer] job received: 8581c086-0ed6-4808-a2c6-5d58779be6a7
[Midd4VCServer] Assigning job 8581c086-0ed6-4808-a2c6-5d58779be6a7 to vehicle veh22
[Midd4VCServer] job 8581c086-0ed6-4808-a2c6-5d58779be6a7 completed by vehicle veh22
[Midd4VCServer] Vehicle veh23 already registered.
[Midd4VCServer] job received: de1b49ac-6ae7-4be3-955c-f0bd706aa8a0
[Midd4VCServer] Assigning job de1b49ac-6ae7-4be3-955c-f0bd706aa8a0 to vehicle veh12
[Midd4VCServer] Vehicle veh9 already registered.
[Midd4VCServer] Vehicle veh18 already registered.
[Midd4VCServer] job received: 6fd41541-441e-4756-a9f0-200ed3d8ea37
[Midd4VC] Job ed52b638-8328-4dbd-ae92-72b4ed1682dc timed out. Re-enqueueing.
[Midd4VC] Job e9b2f051-27a1-408a-a4cd-84cac46e658a timed out. Re-enqueueing.
[Midd4VCServer] Assigning job e9b2f051-27a1-408a-a4cd-84cac46e658a to vehicle veh6
[Midd4VCServer] Assigning job ed52b638-8328-4dbd-ae92-72b4ed1682dc to vehicle veh3
[Midd4VCServer] Assigning job 6fd41541-441e-4756-a9f0-200ed3d8ea37 to vehicle veh2
[Midd4VCServer] job ed52b638-8328-4dbd-ae92-72b4ed1682dc completed by vehicle veh3
[Midd4VCServer] job e9b2f051-27a1-408a-a4cd-84cac46e658a completed by vehicle veh6
[Midd4VCServer] job received: 1c32b708-8511-4327-a6d0-dc35ae52b04c
[Midd4VCServer] Assigning job 1c32b708-8511-4327-a6d0-dc35ae52b04c to vehicle veh6
[Midd4VCServer] job 1c32b708-8511-4327-a6d0-dc35ae52b04c completed by vehicle veh6
[Midd4VCServer] Vehicle veh16 already registered.
[Midd4VCServer] Vehicle veh27 already registered.
[Midd4VCServer] Vehicle veh6 already registered.
[Midd4VCServer] job received: f4c93b9e-40f6-46cc-8a1d-8488c5483bda
[Midd4VC] Job 64b220a7-2862-47a1-905c-8be7981792c2 timed out. Re-enqueueing.
[Midd4VCServer] Assigning job 64b220a7-2862-47a1-905c-8be7981792c2 to vehicle veh34
[Midd4VCServer] Assigning job f4c93b9e-40f6-46cc-8a1d-8488c5483bda to vehicle veh3
[Midd4VCServer] job f4c93b9e-40f6-46cc-8a1d-8488c5483bda completed by vehicle veh3
[Midd4VCServer] Vehicle veh13 already registered.
[Midd4VCServer] Vehicle veh39 already registered.
[Midd4VCServer] job received: 5f10250d-25d1-4df1-ac94-8cc2508505b2
[Midd4VC] Job f4969124-7abd-40b9-8c2b-37540dc0b21a timed out. Re-enqueueing.
[Midd4VC] Job 176b1c12-cd59-43bd-9161-c8d11b51a2b3 timed out. Re-enqueueing.
[Midd4VCServer] Assigning job 176b1c12-cd59-43bd-9161-c8d11b51a2b3 to vehicle veh7
[Midd4VCServer] Assigning job f4969124-7abd-40b9-8c2b-37540dc0b21a to vehicle veh11
[Midd4VCServer] Assigning job 5f10250d-25d1-4df1-ac94-8cc2508505b2 to vehicle veh13
[Midd4VCServer] job 5f10250d-25d1-4df1-ac94-8cc2508505b2 completed by vehicle veh13
[Midd4VCServer] Vehicle veh35 already registered.
[Midd4VCServer] job received: 25bc4ac3-5634-41af-ac1f-6e276f80aa50
[Midd4VCServer] Assigning job 25bc4ac3-5634-41af-ac1f-6e276f80aa50 to vehicle veh19
[Midd4VCServer] job 25bc4ac3-5634-41af-ac1f-6e276f80aa50 completed by vehicle veh19
[Midd4VCServer] job received: 915d42b0-8e64-4ced-88e7-6c4236bff1d3
[Midd4VCServer] Assigning job 915d42b0-8e64-4ced-88e7-6c4236bff1d3 to vehicle veh6
[Midd4VCServer] job 915d42b0-8e64-4ced-88e7-6c4236bff1d3 completed by vehicle veh6
[Midd4VCServer] Vehicle veh30 already registered.
[Midd4VCServer] job received: b6593d90-5b3c-4805-9a01-10a12a7541a4
[Midd4VC] Job fdd34ecb-93f0-4b99-867f-c98e928824a2 timed out. Re-enqueueing.
[Midd4VCServer] Assigning job fdd34ecb-93f0-4b99-867f-c98e928824a2 to vehicle veh8
[Midd4VCServer] Assigning job b6593d90-5b3c-4805-9a01-10a12a7541a4 to vehicle veh16
[Midd4VCServer] Vehicle veh1 already registered.
[Midd4VCServer] job received: 2880de8b-b1c4-41f9-9339-977259fafd5c
[Midd4VCServer] Assigning job 2880de8b-b1c4-41f9-9339-977259fafd5c to vehicle veh39
[Midd4VCServer] Vehicle veh7 already registered.
[Midd4VCServer] job received: 7624bf1e-6697-4ffd-a3ee-aa02f27d45fa
[Midd4VCServer] Assigning job 7624bf1e-6697-4ffd-a3ee-aa02f27d45fa to vehicle veh36
[Midd4VCServer] job received: 66c6e1e6-4e35-46b4-9cea-66c549359d08
[Midd4VC] Job 8590c628-dbc7-4c75-822b-0fc4e052af02 timed out. Re-enqueueing.
[Midd4VC] Job 78001821-4d7e-48ce-9fef-20c70b59ff49 timed out. Re-enqueueing.
[Midd4VC] Job 74c2dc4c-51eb-4703-b6ba-3d509ff23342 timed out. Re-enqueueing.
[Midd4VCServer] Assigning job 74c2dc4c-51eb-4703-b6ba-3d509ff23342 to vehicle veh15
[Midd4VCServer] Assigning job 78001821-4d7e-48ce-9fef-20c70b59ff49 to vehicle veh18
[Midd4VCServer] Assigning job 8590c628-dbc7-4c75-822b-0fc4e052af02 to vehicle veh4
[Midd4VCServer] Assigning job 66c6e1e6-4e35-46b4-9cea-66c549359d08 to vehicle veh21
[Midd4VCServer] job 74c2dc4c-51eb-4703-b6ba-3d509ff23342 completed by vehicle veh15
[Midd4VCServer] Vehicle veh10 already registered.
[Midd4VCServer] job 8590c628-dbc7-4c75-822b-0fc4e052af02 completed by vehicle veh4
[Midd4VCServer] Vehicle veh39 already registered.
[Midd4VCServer] Vehicle veh33 already registered.
[Midd4VCServer] Vehicle veh20 already registered.
[Midd4VCServer] job received: 32a98d9e-ed19-4b01-a0a9-478731bd4422
[Midd4VC] Job 6599b290-97d6-4718-8457-f1528d40c01c timed out. Re-enqueueing.
[Midd4VCServer] Assigning job 6599b290-97d6-4718-8457-f1528d40c01c to vehicle veh15
[Midd4VCServer] Assigning job 32a98d9e-ed19-4b01-a0a9-478731bd4422 to vehicle veh37
[Midd4VCServer] job 6599b290-97d6-4718-8457-f1528d40c01c completed by vehicle veh15
[Midd4VCServer] Vehicle veh9 already registered.
[Midd4VCServer] Vehicle veh22 already registered.
[Midd4VCServer] job received: 1edd4a56-1b66-4033-8687-c98287c030ae
[Midd4VC] Job 0fd799a5-4d5d-460a-b48a-a61caccb7613 timed out. Re-enqueueing.
[Midd4VC] Job 5522e6e5-05f7-44d8-8d88-c1e220f45c86 timed out. Re-enqueueing.
[Midd4VCServer] Assigning job 5522e6e5-05f7-44d8-8d88-c1e220f45c86 to vehicle veh1
[Midd4VCServer] Assigning job 0fd799a5-4d5d-460a-b48a-a61caccb7613 to vehicle veh15
[Midd4VCServer] Assigning job 1edd4a56-1b66-4033-8687-c98287c030ae to vehicle veh30
[Midd4VCServer] job 0fd799a5-4d5d-460a-b48a-a61caccb7613 completed by vehicle veh15
[Midd4VCServer] job received: 7ef9feea-f8a8-40db-8f02-6b2ac6d00b3a
[Midd4VCServer] Assigning job 7ef9feea-f8a8-40db-8f02-6b2ac6d00b3a to vehicle veh15
[Midd4VCServer] job 7ef9feea-f8a8-40db-8f02-6b2ac6d00b3a completed by vehicle veh15
[Midd4VCServer] Vehicle veh36 already registered.
[Midd4VCServer] Vehicle veh12 already registered.
[Midd4VCServer] job received: c54c2eff-7963-45de-891f-2e5e26803387
[Midd4VCServer] Assigning job c54c2eff-7963-45de-891f-2e5e26803387 to vehicle veh15
[Midd4VCServer] job c54c2eff-7963-45de-891f-2e5e26803387 completed by vehicle veh15
[Midd4VCServer] Vehicle veh40 already registered.
[Midd4VCServer] job received: 1e6ff0a0-1d3e-4984-bb9a-e27cf449e600
[Midd4VCServer] Assigning job 1e6ff0a0-1d3e-4984-bb9a-e27cf449e600 to vehicle veh4
[Midd4VCServer] Vehicle veh39 already registered.
[Midd4VCServer] job received: 87de3dc6-e229-4852-ab6e-27d070df695b
[Midd4VCServer] Assigning job 87de3dc6-e229-4852-ab6e-27d070df695b to vehicle veh27
[Midd4VCServer] job 87de3dc6-e229-4852-ab6e-27d070df695b completed by vehicle veh27
[Midd4VCServer] Vehicle veh3 already registered.
[Midd4VCServer] Vehicle veh19 already registered.
[Midd4VCServer] job received: 3fea662d-75cd-4bd3-8d49-e80608eb36a7
[Midd4VC] Job 28592bca-574f-485d-ab69-a4a85a0345d9 timed out. Re-enqueueing.
[Midd4VC] Job 89f7821a-6395-4364-ad2b-ecaf66004f27 timed out. Re-enqueueing.
[Midd4VCServer] Assigning job 89f7821a-6395-4364-ad2b-ecaf66004f27 to vehicle veh10
[Midd4VCServer] Assigning job 28592bca-574f-485d-ab69-a4a85a0345d9 to vehicle veh26
[Midd4VCServer] Assigning job 3fea662d-75cd-4bd3-8d49-e80608eb36a7 to vehicle veh29
[Midd4VCServer] job 89f7821a-6395-4364-ad2b-ecaf66004f27 completed by vehicle veh10
[Midd4VCServer] job received: def860e2-efbd-4ede-8184-91131fc440fd
[Midd4VCServer] Assigning job def860e2-efbd-4ede-8184-91131fc440fd to vehicle veh10
[Midd4VCServer] job def860e2-efbd-4ede-8184-91131fc440fd completed by vehicle veh10
[Midd4VCServer] Vehicle veh37 already registered.
[Midd4VCServer] Vehicle veh1 already registered.
[Midd4VCServer] job received: b8ab1ef9-b60c-4495-97f7-565f18fb35f5
[Midd4VC] Job 3d306945-d479-4955-934f-5d4b7e58d0e7 timed out. Re-enqueueing.
[Midd4VCServer] Assigning job 3d306945-d479-4955-934f-5d4b7e58d0e7 to vehicle veh10
[Midd4VCServer] Assigning job b8ab1ef9-b60c-4495-97f7-565f18fb35f5 to vehicle veh32
[Midd4VCServer] job 3d306945-d479-4955-934f-5d4b7e58d0e7 completed by vehicle veh10
[Midd4VCServer] job received: f01673ed-90a9-4682-8341-2b851eeaaa7d
[Midd4VCServer] Assigning job f01673ed-90a9-4682-8341-2b851eeaaa7d to vehicle veh10
[Midd4VCServer] job f01673ed-90a9-4682-8341-2b851eeaaa7d completed by vehicle veh10
[Midd4VCServer] job received: 67401818-07e4-49f7-99c9-aa0c920d3b14
[Midd4VC] Job 576d13cc-0820-4ea6-b6ec-5d172f31249a timed out. Re-enqueueing.
[Midd4VCServer] Assigning job 576d13cc-0820-4ea6-b6ec-5d172f31249a to vehicle veh33
[Midd4VCServer] Assigning job 67401818-07e4-49f7-99c9-aa0c920d3b14 to vehicle veh10
[Midd4VCServer] job 67401818-07e4-49f7-99c9-aa0c920d3b14 completed by vehicle veh10
[Midd4VCServer] Vehicle veh4 already registered.
[Midd4VCServer] job received: 4ea65fb3-2835-4ffa-a529-8088ee2539c8
[Midd4VCServer] Assigning job 4ea65fb3-2835-4ffa-a529-8088ee2539c8 to vehicle veh24
[Midd4VCServer] job 4ea65fb3-2835-4ffa-a529-8088ee2539c8 completed by vehicle veh24
[Midd4VCServer] job received: 661d9e7b-fbd4-4bd6-9952-98267a0c4e90
[Midd4VCServer] Assigning job 661d9e7b-fbd4-4bd6-9952-98267a0c4e90 to vehicle veh38
[Midd4VCServer] job 661d9e7b-fbd4-4bd6-9952-98267a0c4e90 completed by vehicle veh38
[Midd4VCServer] Vehicle veh26 already registered.
[Midd4VCServer] job received: 64997617-6453-4487-a7fa-e1e5ae40c5c4
[Midd4VC] Job 6c12032f-99b9-4991-9297-7201f4146558 timed out. Re-enqueueing.
[Midd4VCServer] Assigning job 6c12032f-99b9-4991-9297-7201f4146558 to vehicle veh40
[Midd4VCServer] Assigning job 64997617-6453-4487-a7fa-e1e5ae40c5c4 to vehicle veh35
[Midd4VCServer] Vehicle veh28 already registered.
[Midd4VCServer] Vehicle veh5 already registered.
[Midd4VCServer] job received: 1510925a-a4c8-475f-a3c7-0f420697a8ae
[Midd4VC] Job 6ea1aef3-914a-4b89-8696-0823342a98ba timed out. Re-enqueueing.
[Midd4VCServer] Assigning job 6ea1aef3-914a-4b89-8696-0823342a98ba to vehicle veh23
[Midd4VCServer] Assigning job 1510925a-a4c8-475f-a3c7-0f420697a8ae to vehicle veh22
[Midd4VCServer] job 1510925a-a4c8-475f-a3c7-0f420697a8ae completed by vehicle veh22
[Midd4VCServer] Vehicle veh18 already registered.
[Midd4VCServer] Vehicle veh31 already registered.
[Midd4VCServer] Vehicle veh14 already registered.
[Midd4VCServer] job received: 2f0d2273-ba48-4397-872b-de68e1798913
[Midd4VC] Job 64272281-7ff6-4603-94e6-7a508f8b69bf timed out. Re-enqueueing.
[Midd4VC] Job 639b0e20-0102-48ad-96b4-5c40288508f8 timed out. Re-enqueueing.
[Midd4VC] Job bed79f06-1ace-4412-90c5-c32598c7893f timed out. Re-enqueueing.
[Midd4VCServer] Assigning job bed79f06-1ace-4412-90c5-c32598c7893f to vehicle veh5
[Midd4VCServer] Assigning job 639b0e20-0102-48ad-96b4-5c40288508f8 to vehicle veh20
[Midd4VCServer] Assigning job 64272281-7ff6-4603-94e6-7a508f8b69bf to vehicle veh9
[Midd4VCServer] Assigning job 2f0d2273-ba48-4397-872b-de68e1798913 to vehicle veh15
[Midd4VCServer] job bed79f06-1ace-4412-90c5-c32598c7893f completed by vehicle veh5
[Midd4VCServer] job 639b0e20-0102-48ad-96b4-5c40288508f8 completed by vehicle veh20
[Midd4VCServer] job received: 09454ea2-26d0-4a01-9d67-41e870610ec5
[Midd4VCServer] Assigning job 09454ea2-26d0-4a01-9d67-41e870610ec5 to vehicle veh5
[Midd4VCServer] job 09454ea2-26d0-4a01-9d67-41e870610ec5 completed by vehicle veh5
[Midd4VCServer] Vehicle veh2 already registered.
[Midd4VCServer] Vehicle veh30 already registered.
[Midd4VCServer] job received: 33c486c6-f599-460f-b683-83e6dee9737d
[Midd4VC] Job 9b683441-efe3-488a-a0b7-dc1bbd379066 timed out. Re-enqueueing.
[Midd4VC] Job d600fd0e-4960-4abc-b0bf-094678396c31 timed out. Re-enqueueing.
[Midd4VCServer] Assigning job d600fd0e-4960-4abc-b0bf-094678396c31 to vehicle veh5
[Midd4VCServer] Assigning job 9b683441-efe3-488a-a0b7-dc1bbd379066 to vehicle veh14
[Midd4VCServer] Assigning job 33c486c6-f599-460f-b683-83e6dee9737d to vehicle veh20
[Midd4VCServer] job d600fd0e-4960-4abc-b0bf-094678396c31 completed by vehicle veh5
[Midd4VCServer] job 33c486c6-f599-460f-b683-83e6dee9737d completed by vehicle veh20
[Midd4VCServer] job 9b683441-efe3-488a-a0b7-dc1bbd379066 completed by vehicle veh14
[Midd4VCServer] job received: ca2c04f2-9e86-4311-bdbe-e9517e54ae6a
[Midd4VC] Job c9c621ad-e9fe-4f9e-a0d9-cd5687d8c792 timed out. Re-enqueueing.
[Midd4VCServer] Assigning job c9c621ad-e9fe-4f9e-a0d9-cd5687d8c792 to vehicle veh5
[Midd4VCServer] Assigning job ca2c04f2-9e86-4311-bdbe-e9517e54ae6a to vehicle veh28
[Midd4VCServer] job c9c621ad-e9fe-4f9e-a0d9-cd5687d8c792 completed by vehicle veh5
[Midd4VCServer] Vehicle veh12 already registered.
[Midd4VCServer] Vehicle veh3 already registered.
[Midd4VCServer] Vehicle veh15 already registered.
[Midd4VCServer] Vehicle veh31 already registered.
[Midd4VCServer] Vehicle veh9 already registered.
[Midd4VCServer] job received: 8d8af984-401c-4c90-81d5-f9bcfe6e9d5f
[Midd4VCServer] Assigning job 8d8af984-401c-4c90-81d5-f9bcfe6e9d5f to vehicle veh14
[Midd4VCServer] job 8d8af984-401c-4c90-81d5-f9bcfe6e9d5f completed by vehicle veh14
[Midd4VCServer] Vehicle veh25 already registered.
[Midd4VCServer] job received: 697d64b3-20c0-43ea-87cc-a61561cde232
[Midd4VCServer] Assigning job 697d64b3-20c0-43ea-87cc-a61561cde232 to vehicle veh17
[Midd4VCServer] job 697d64b3-20c0-43ea-87cc-a61561cde232 completed by vehicle veh17
[Midd4VCServer] job received: 5ae101ba-e66e-40c5-9336-ff72e8850668
[Midd4VCServer] Assigning job 5ae101ba-e66e-40c5-9336-ff72e8850668 to vehicle veh5
[Midd4VCServer] Vehicle veh16 already registered.
[Midd4VCServer] Vehicle veh1 already registered.
[Midd4VCServer] job received: 6b1196d8-b8ca-4eb5-ae18-e36273b5998c
[Midd4VCServer] Assigning job 6b1196d8-b8ca-4eb5-ae18-e36273b5998c to vehicle veh20
[Midd4VCServer] job 6b1196d8-b8ca-4eb5-ae18-e36273b5998c completed by vehicle veh20
[Midd4VCServer] Vehicle veh37 already registered.
[Midd4VCServer] Vehicle veh40 already registered.
[Midd4VCServer] Vehicle veh27 already registered.
[Midd4VCServer] job received: 2b63ff2c-84d9-46ac-ba01-d004a555ae0e
[Midd4VC] Job c900935e-81d0-4deb-bb39-2a93a8bf0619 timed out. Re-enqueueing.
[Midd4VCServer] Assigning job c900935e-81d0-4deb-bb39-2a93a8bf0619 to vehicle veh31
[Midd4VCServer] Assigning job 2b63ff2c-84d9-46ac-ba01-d004a555ae0e to vehicle veh14
[Midd4VCServer] job c900935e-81d0-4deb-bb39-2a93a8bf0619 completed by vehicle veh31
[Midd4VCServer] job 2b63ff2c-84d9-46ac-ba01-d004a555ae0e completed by vehicle veh14
[Midd4VCServer] job received: 85885f83-8576-4390-a190-5b3efb060b94
[Midd4VCServer] Assigning job 85885f83-8576-4390-a190-5b3efb060b94 to vehicle veh17
[Midd4VCServer] Vehicle veh39 already registered.
[Midd4VCServer] job received: 57dd142e-e442-4ce1-aeee-23b6a1e095e3
[Midd4VC] Job 10f99ade-0ca4-44b9-b59b-a519cddbd68c timed out. Re-enqueueing.
[Midd4VCServer] Assigning job 10f99ade-0ca4-44b9-b59b-a519cddbd68c to vehicle veh25
[Midd4VCServer] Assigning job 57dd142e-e442-4ce1-aeee-23b6a1e095e3 to vehicle veh31
[Midd4VCServer] job 10f99ade-0ca4-44b9-b59b-a519cddbd68c completed by vehicle veh25
[Midd4VCServer] job 57dd142e-e442-4ce1-aeee-23b6a1e095e3 completed by vehicle veh31
[Midd4VCServer] Vehicle veh8 already registered.
[Midd4VCServer] Vehicle veh28 already registered.
[Midd4VCServer] job received: 70e68141-3d06-4b7b-bcb4-31bf50fdccdd
[Midd4VCServer] Assigning job 70e68141-3d06-4b7b-bcb4-31bf50fdccdd to vehicle veh25
[Midd4VCServer] job 70e68141-3d06-4b7b-bcb4-31bf50fdccdd completed by vehicle veh25
[Midd4VCServer] Vehicle veh30 already registered.
[Midd4VCServer] job received: 6a7e11a6-42a1-4652-b0bd-67f34b20be3f
[Midd4VCServer] Assigning job 6a7e11a6-42a1-4652-b0bd-67f34b20be3f to vehicle veh25
[Midd4VCServer] job 6a7e11a6-42a1-4652-b0bd-67f34b20be3f completed by vehicle veh25
[Midd4VCServer] job received: a6e775aa-50a6-4a03-ba7f-24f41caee4e2
[Midd4VCServer] Assigning job a6e775aa-50a6-4a03-ba7f-24f41caee4e2 to vehicle veh25
[Midd4VCServer] job a6e775aa-50a6-4a03-ba7f-24f41caee4e2 completed by vehicle veh25
[Midd4VCServer] job received: 5a9c03e8-915e-4b0a-a4d6-4f392bca706d
[Midd4VCServer] Assigning job 5a9c03e8-915e-4b0a-a4d6-4f392bca706d to vehicle veh25
[Midd4VCServer] job 5a9c03e8-915e-4b0a-a4d6-4f392bca706d completed by vehicle veh25
[Midd4VCServer] Vehicle veh11 already registered.
[Midd4VCServer] job received: 587249c4-6075-4acb-b319-2118eb8e42c2
[Midd4VCServer] Assigning job 587249c4-6075-4acb-b319-2118eb8e42c2 to vehicle veh25
[Midd4VCServer] job 587249c4-6075-4acb-b319-2118eb8e42c2 completed by vehicle veh25
[Midd4VCServer] job received: 9c6cf4a2-c195-4f30-853a-3c7f8fa9f242
[Midd4VCServer] Assigning job 9c6cf4a2-c195-4f30-853a-3c7f8fa9f242 to vehicle veh25
[Midd4VCServer] job 9c6cf4a2-c195-4f30-853a-3c7f8fa9f242 completed by vehicle veh25
[Midd4VCServer] job received: 248f3196-ca0d-41a2-9599-7c69821cbb72
[Midd4VC] Job de1b49ac-6ae7-4be3-955c-f0bd706aa8a0 timed out. Re-enqueueing.
[Midd4VCServer] Assigning job de1b49ac-6ae7-4be3-955c-f0bd706aa8a0 to vehicle veh12
[Midd4VCServer] Assigning job 248f3196-ca0d-41a2-9599-7c69821cbb72 to vehicle veh3
[Midd4VCServer] job de1b49ac-6ae7-4be3-955c-f0bd706aa8a0 completed by vehicle veh12
[Midd4VCServer] Vehicle veh34 already registered.
[Midd4VCServer] Vehicle veh23 already registered.
[Midd4VCServer] job received: f66ab902-b6f7-4857-a197-ceff551a3dff
[Midd4VC] Job 6fd41541-441e-4756-a9f0-200ed3d8ea37 timed out. Re-enqueueing.
[Midd4VC] Job 64b220a7-2862-47a1-905c-8be7981792c2 timed out. Re-enqueueing.
[Midd4VCServer] Assigning job 64b220a7-2862-47a1-905c-8be7981792c2 to vehicle veh34
[Midd4VCServer] Assigning job 6fd41541-441e-4756-a9f0-200ed3d8ea37 to vehicle veh2
[Midd4VCServer] Assigning job f66ab902-b6f7-4857-a197-ceff551a3dff to vehicle veh12
[Midd4VCServer] job f66ab902-b6f7-4857-a197-ceff551a3dff completed by vehicle veh12
[Midd4VCServer] job 6fd41541-441e-4756-a9f0-200ed3d8ea37 completed by vehicle veh2
[Midd4VCServer] job 64b220a7-2862-47a1-905c-8be7981792c2 completed by vehicle veh34
[Midd4VCServer] Vehicle veh13 already registered.
[Midd4VCServer] Vehicle veh6 already registered.
[Midd4VCServer] job received: 3ae2eb93-079b-464d-8f86-34c29ebbf3f5
[Midd4VC] Job 176b1c12-cd59-43bd-9161-c8d11b51a2b3 timed out. Re-enqueueing.
[Midd4VC] Job f4969124-7abd-40b9-8c2b-37540dc0b21a timed out. Re-enqueueing.
[Midd4VCServer] Assigning job f4969124-7abd-40b9-8c2b-37540dc0b21a to vehicle veh7
[Midd4VCServer] Assigning job 176b1c12-cd59-43bd-9161-c8d11b51a2b3 to vehicle veh11
[Midd4VCServer] Assigning job 3ae2eb93-079b-464d-8f86-34c29ebbf3f5 to vehicle veh34
[Midd4VCServer] job 3ae2eb93-079b-464d-8f86-34c29ebbf3f5 completed by vehicle veh34
[Midd4VCServer] job 176b1c12-cd59-43bd-9161-c8d11b51a2b3 completed by vehicle veh11
[Midd4VCServer] job received: 9ae01ec2-00bf-4b64-bb60-bb4470cbd895
[Midd4VCServer] Assigning job 9ae01ec2-00bf-4b64-bb60-bb4470cbd895 to vehicle veh11
[Midd4VCServer] job 9ae01ec2-00bf-4b64-bb60-bb4470cbd895 completed by vehicle veh11
[Midd4VCServer] Vehicle veh3 already registered.
[Midd4VCServer] job received: 3633e0c3-d4b0-40d4-bb39-dd44ee5d3128
[Midd4VC] Job fdd34ecb-93f0-4b99-867f-c98e928824a2 timed out. Re-enqueueing.
[Midd4VC] Job b6593d90-5b3c-4805-9a01-10a12a7541a4 timed out. Re-enqueueing.
[Midd4VC] Job 2880de8b-b1c4-41f9-9339-977259fafd5c timed out. Re-enqueueing.
[Midd4VC] Job 7624bf1e-6697-4ffd-a3ee-aa02f27d45fa timed out. Re-enqueueing.
[Midd4VCServer] Assigning job 7624bf1e-6697-4ffd-a3ee-aa02f27d45fa to vehicle veh8
[Midd4VCServer] Assigning job 2880de8b-b1c4-41f9-9339-977259fafd5c to vehicle veh11
[Midd4VCServer] Assigning job b6593d90-5b3c-4805-9a01-10a12a7541a4 to vehicle veh34
[Midd4VCServer] Assigning job fdd34ecb-93f0-4b99-867f-c98e928824a2 to vehicle veh16
[Midd4VCServer] Assigning job 3633e0c3-d4b0-40d4-bb39-dd44ee5d3128 to vehicle veh39
[Midd4VCServer] job received: 1dce76da-5ea2-4c0d-bc0b-ee79e1d43124
[Midd4VCServer] Assigning job 1dce76da-5ea2-4c0d-bc0b-ee79e1d43124 to vehicle veh36
[Midd4VCServer] job 7624bf1e-6697-4ffd-a3ee-aa02f27d45fa completed by vehicle veh8
[Midd4VCServer] job 2880de8b-b1c4-41f9-9339-977259fafd5c completed by vehicle veh11
[Midd4VCServer] job fdd34ecb-93f0-4b99-867f-c98e928824a2 completed by vehicle veh16
[Midd4VCServer] job b6593d90-5b3c-4805-9a01-10a12a7541a4 completed by vehicle veh34
[Midd4VCServer] job received: 9f31dd52-46d1-4fc0-b36a-90bd0e86b29c
[Midd4VCServer] Assigning job 9f31dd52-46d1-4fc0-b36a-90bd0e86b29c to vehicle veh8
[Midd4VCServer] job 9f31dd52-46d1-4fc0-b36a-90bd0e86b29c completed by vehicle veh8
[Midd4VCServer] Vehicle veh13 already registered.
[Midd4VCServer] job received: 544a3f5e-700b-4793-a4ae-8d6117afa639
[Midd4VCServer] Assigning job 544a3f5e-700b-4793-a4ae-8d6117afa639 to vehicle veh11
[Midd4VCServer] job 544a3f5e-700b-4793-a4ae-8d6117afa639 completed by vehicle veh11
[Midd4VCServer] job received: 70fcf1c3-9038-4ad3-a1b2-bb1ba2646567
[Midd4VC] Job 78001821-4d7e-48ce-9fef-20c70b59ff49 timed out. Re-enqueueing.
[Midd4VC] Job 66c6e1e6-4e35-46b4-9cea-66c549359d08 timed out. Re-enqueueing.
[Midd4VCServer] Assigning job 66c6e1e6-4e35-46b4-9cea-66c549359d08 to vehicle veh18
[Midd4VCServer] Assigning job 78001821-4d7e-48ce-9fef-20c70b59ff49 to vehicle veh21
[Midd4VCServer] Assigning job 70fcf1c3-9038-4ad3-a1b2-bb1ba2646567 to vehicle veh2
[Midd4VCServer] Vehicle veh22 already registered.
[Midd4VCServer] job received: 42e87842-57da-4323-88e1-47922bd03674
[Midd4VCServer] Assigning job 42e87842-57da-4323-88e1-47922bd03674 to vehicle veh13
[Midd4VCServer] job 42e87842-57da-4323-88e1-47922bd03674 completed by vehicle veh13
[Midd4VCServer] Vehicle veh25 already registered.
[Midd4VCServer] Vehicle veh1 already registered.
[Midd4VCServer] Vehicle veh2 already registered.
[Midd4VCServer] job received: ed8e9638-5fd3-4bd2-8aae-6cbdc9858e7c
[Midd4VC] Job 32a98d9e-ed19-4b01-a0a9-478731bd4422 timed out. Re-enqueueing.
[Midd4VCServer] Assigning job 32a98d9e-ed19-4b01-a0a9-478731bd4422 to vehicle veh37
[Midd4VCServer] Assigning job ed8e9638-5fd3-4bd2-8aae-6cbdc9858e7c to vehicle veh8
[Midd4VCServer] job ed8e9638-5fd3-4bd2-8aae-6cbdc9858e7c completed by vehicle veh8
[Midd4VCServer] Vehicle veh5 already registered.
[Midd4VCServer] Vehicle veh7 already registered.
[Midd4VCServer] Vehicle veh18 already registered.
[Midd4VCServer] job received: 4ec0850b-e8b6-4ab1-8f89-5d7a138733af
[Midd4VC] Job 5522e6e5-05f7-44d8-8d88-c1e220f45c86 timed out. Re-enqueueing.
[Midd4VC] Job 1edd4a56-1b66-4033-8687-c98287c030ae timed out. Re-enqueueing.
[Midd4VCServer] Assigning job 1edd4a56-1b66-4033-8687-c98287c030ae to vehicle veh1
[Midd4VCServer] Assigning job 5522e6e5-05f7-44d8-8d88-c1e220f45c86 to vehicle veh30
[Midd4VCServer] Assigning job 4ec0850b-e8b6-4ab1-8f89-5d7a138733af to vehicle veh11
[Midd4VCServer] job 1edd4a56-1b66-4033-8687-c98287c030ae completed by vehicle veh1
[Midd4VCServer] Vehicle veh32 already registered.
[Midd4VCServer] job received: 8e569287-9409-4e68-830c-28f26b8e2604
[Midd4VC] Job 1e6ff0a0-1d3e-4984-bb9a-e27cf449e600 timed out. Re-enqueueing.
[Midd4VCServer] Assigning job 1e6ff0a0-1d3e-4984-bb9a-e27cf449e600 to vehicle veh1
[Midd4VCServer] Assigning job 8e569287-9409-4e68-830c-28f26b8e2604 to vehicle veh4
[Midd4VCServer] job 1e6ff0a0-1d3e-4984-bb9a-e27cf449e600 completed by vehicle veh1
[Midd4VCServer] job received: a64907b8-ed1c-4f77-9c7b-e464045b350d
[Midd4VC] Job 28592bca-574f-485d-ab69-a4a85a0345d9 timed out. Re-enqueueing.
[Midd4VC] Job 3fea662d-75cd-4bd3-8d49-e80608eb36a7 timed out. Re-enqueueing.
[Midd4VCServer] Assigning job 3fea662d-75cd-4bd3-8d49-e80608eb36a7 to vehicle veh1
[Midd4VCServer] Assigning job 28592bca-574f-485d-ab69-a4a85a0345d9 to vehicle veh26
[Midd4VCServer] Assigning job a64907b8-ed1c-4f77-9c7b-e464045b350d to vehicle veh29
[Midd4VCServer] job 3fea662d-75cd-4bd3-8d49-e80608eb36a7 completed by vehicle veh1
[Midd4VCServer] job received: 4ee2298a-9199-4743-9757-f9675b1d6bda
[Midd4VCServer] Assigning job 4ee2298a-9199-4743-9757-f9675b1d6bda to vehicle veh1
[Midd4VCServer] job 4ee2298a-9199-4743-9757-f9675b1d6bda completed by vehicle veh1
[Midd4VCServer] job received: dc40831b-9759-4e15-a1b9-aff8e06a1d2a
[Midd4VCServer] Assigning job dc40831b-9759-4e15-a1b9-aff8e06a1d2a to vehicle veh1
[Midd4VCServer] job dc40831b-9759-4e15-a1b9-aff8e06a1d2a completed by vehicle veh1
[Midd4VCServer] job received: c777ebc9-fc12-41a3-9e27-fc3e3e948639
[Midd4VCServer] Assigning job c777ebc9-fc12-41a3-9e27-fc3e3e948639 to vehicle veh1
[Midd4VCServer] job c777ebc9-fc12-41a3-9e27-fc3e3e948639 completed by vehicle veh1
[Midd4VCServer] Vehicle veh30 already registered.
[Midd4VCServer] job received: 0f7c9117-c7c7-4907-8486-c967b0b46ea6
[Midd4VCServer] Assigning job 0f7c9117-c7c7-4907-8486-c967b0b46ea6 to vehicle veh1
[Midd4VCServer] job 0f7c9117-c7c7-4907-8486-c967b0b46ea6 completed by vehicle veh1
[Midd4VCServer] job received: 395a2851-8187-4f38-a5cb-286cbcbc72b2
[Midd4VC] Job b8ab1ef9-b60c-4495-97f7-565f18fb35f5 timed out. Re-enqueueing.
[Midd4VC] Job 576d13cc-0820-4ea6-b6ec-5d172f31249a timed out. Re-enqueueing.
[Midd4VCServer] Assigning job 576d13cc-0820-4ea6-b6ec-5d172f31249a to vehicle veh32
[Midd4VCServer] Assigning job b8ab1ef9-b60c-4495-97f7-565f18fb35f5 to vehicle veh33
[Midd4VCServer] Assigning job 395a2851-8187-4f38-a5cb-286cbcbc72b2 to vehicle veh1
[Midd4VCServer] job 576d13cc-0820-4ea6-b6ec-5d172f31249a completed by vehicle veh32
[Midd4VCServer] Vehicle veh13 already registered.
[Midd4VCServer] job received: f7b513c3-49b4-47a1-90e7-0d3a33fdde94
[Midd4VC] Job 6c12032f-99b9-4991-9297-7201f4146558 timed out. Re-enqueueing.
[Midd4VC] Job 64997617-6453-4487-a7fa-e1e5ae40c5c4 timed out. Re-enqueueing.
[Midd4VCServer] Assigning job 64997617-6453-4487-a7fa-e1e5ae40c5c4 to vehicle veh32
[Midd4VCServer] Assigning job 6c12032f-99b9-4991-9297-7201f4146558 to vehicle veh40
[Midd4VCServer] Assigning job f7b513c3-49b4-47a1-90e7-0d3a33fdde94 to vehicle veh35
[Midd4VCServer] job 64997617-6453-4487-a7fa-e1e5ae40c5c4 completed by vehicle veh32
[Midd4VCServer] job f7b513c3-49b4-47a1-90e7-0d3a33fdde94 completed by vehicle veh35
[Midd4VCServer] job received: 45dfe600-910b-405b-966c-a026ab8e164d
[Midd4VCServer] Assigning job 45dfe600-910b-405b-966c-a026ab8e164d to vehicle veh32
[Midd4VCServer] job 45dfe600-910b-405b-966c-a026ab8e164d completed by vehicle veh32
[Midd4VCServer] Vehicle veh35 already registered.
[Midd4VCServer] job received: 21c230bb-ab1a-4fec-a385-69f3e571540a
[Midd4VC] Job 6ea1aef3-914a-4b89-8696-0823342a98ba timed out. Re-enqueueing.
[Midd4VCServer] Assigning job 6ea1aef3-914a-4b89-8696-0823342a98ba to vehicle veh23
[Midd4VCServer] Assigning job 21c230bb-ab1a-4fec-a385-69f3e571540a to vehicle veh19
[Midd4VCServer] Vehicle veh18 already registered.
[Midd4VCServer] Vehicle veh30 already registered.
[Midd4VCServer] Vehicle veh34 already registered.
[Midd4VCServer] Vehicle veh39 already registered.
[Midd4VCServer] job received: 67d6ecc4-a962-49aa-8794-dc8ab86f0c56
[Midd4VC] Job 64272281-7ff6-4603-94e6-7a508f8b69bf timed out. Re-enqueueing.
[Midd4VC] Job 2f0d2273-ba48-4397-872b-de68e1798913 timed out. Re-enqueueing.
[Midd4VCServer] Assigning job 2f0d2273-ba48-4397-872b-de68e1798913 to vehicle veh9
[Midd4VCServer] Assigning job 64272281-7ff6-4603-94e6-7a508f8b69bf to vehicle veh15
[Midd4VCServer] Assigning job 67d6ecc4-a962-49aa-8794-dc8ab86f0c56 to vehicle veh10
[Midd4VCServer] job received: 011cac7f-37d6-4679-81ff-8070850a7057
[Midd4VCServer] Assigning job 011cac7f-37d6-4679-81ff-8070850a7057 to vehicle veh25
[Midd4VCServer] Vehicle veh37 already registered.
[Midd4VCServer] job received: dba88941-4af0-448a-ad02-80cdae06e783
[Midd4VCServer] Assigning job dba88941-4af0-448a-ad02-80cdae06e783 to vehicle veh32
[Midd4VCServer] job dba88941-4af0-448a-ad02-80cdae06e783 completed by vehicle veh32
[Midd4VCServer] job received: b7649bc5-af0f-4dd0-afc9-e58a8f20c61f
[Midd4VC] Job ca2c04f2-9e86-4311-bdbe-e9517e54ae6a timed out. Re-enqueueing.
[Midd4VCServer] Assigning job ca2c04f2-9e86-4311-bdbe-e9517e54ae6a to vehicle veh28
[Midd4VCServer] Assigning job b7649bc5-af0f-4dd0-afc9-e58a8f20c61f to vehicle veh6
[Midd4VCServer] job ca2c04f2-9e86-4311-bdbe-e9517e54ae6a completed by vehicle veh28
[Midd4VCServer] job received: 1809ea40-62f9-4dd2-a892-9a099c4635a8
[Midd4VCServer] Assigning job 1809ea40-62f9-4dd2-a892-9a099c4635a8 to vehicle veh28
[Midd4VCServer] job 1809ea40-62f9-4dd2-a892-9a099c4635a8 completed by vehicle veh28
[Midd4VCServer] job received: 13b4c156-1f30-4354-a1fe-cac9f1ba937d
[Midd4VCServer] Assigning job 13b4c156-1f30-4354-a1fe-cac9f1ba937d to vehicle veh34
[Midd4VCServer] job 13b4c156-1f30-4354-a1fe-cac9f1ba937d completed by vehicle veh34
[Midd4VCServer] Vehicle veh22 already registered.
[Midd4VCServer] job received: de9e5585-81a6-4232-bc9f-7044a732f725
[Midd4VCServer] Assigning job de9e5585-81a6-4232-bc9f-7044a732f725 to vehicle veh16
[Midd4VCServer] Vehicle veh29 already registered.
[Midd4VCServer] Vehicle veh23 already registered.
[Midd4VCServer] Vehicle veh3 already registered.
[Midd4VCServer] job received: fc5cd1f7-d360-4b0d-995a-be6e2e4c2d7e
[Midd4VC] Job 5ae101ba-e66e-40c5-9336-ff72e8850668 timed out. Re-enqueueing.
[Midd4VCServer] Assigning job 5ae101ba-e66e-40c5-9336-ff72e8850668 to vehicle veh5
[Midd4VCServer] Assigning job fc5cd1f7-d360-4b0d-995a-be6e2e4c2d7e to vehicle veh20
[Midd4VCServer] job fc5cd1f7-d360-4b0d-995a-be6e2e4c2d7e completed by vehicle veh20
[Midd4VCServer] job received: eee8b752-9c7a-4349-bad8-0a8d5fb2d999
[Midd4VCServer] Assigning job eee8b752-9c7a-4349-bad8-0a8d5fb2d999 to vehicle veh28
[Midd4VCServer] job eee8b752-9c7a-4349-bad8-0a8d5fb2d999 completed by vehicle veh28
[Midd4VCServer] Vehicle veh12 already registered.
[Midd4VCServer] Vehicle veh8 already registered.
[Midd4VCServer] Vehicle veh1 already registered.
[Midd4VCServer] job received: 9fb593b8-d4ea-4b7d-a960-1a22b4299793
[Midd4VCServer] Assigning job 9fb593b8-d4ea-4b7d-a960-1a22b4299793 to vehicle veh14
[Midd4VCServer] job 9fb593b8-d4ea-4b7d-a960-1a22b4299793 completed by vehicle veh14
[Midd4VCServer] job received: 8726b3ab-9a95-4ffc-b41d-c20714e41a4c
[Midd4VCServer] Assigning job 8726b3ab-9a95-4ffc-b41d-c20714e41a4c to vehicle veh27
[Midd4VCServer] Vehicle veh33 already registered.
[Midd4VCServer] Vehicle veh24 already registered.
[Midd4VCServer] Vehicle veh30 already registered.
[Midd4VCServer] Disconnected with result code 0
[Midd4VCServer] Server stopped.
[Midd4VCServer] Connected with result code 0
[Midd4VCServer] Server started and subscribed to topics.
[Midd4VCServer] job received: 982509dd-776d-4a2e-b3e5-f28b5a5ef6fb
[Midd4VC] Job 85885f83-8576-4390-a190-5b3efb060b94 timed out. Re-enqueueing.
[Midd4VCServer] Assigning job 85885f83-8576-4390-a190-5b3efb060b94 to vehicle veh17
[Midd4VCServer] Assigning job 982509dd-776d-4a2e-b3e5-f28b5a5ef6fb to vehicle veh24
[Midd4VCServer] job 982509dd-776d-4a2e-b3e5-f28b5a5ef6fb completed by vehicle veh24
[Midd4VCServer] Vehicle veh22 already registered.
[Midd4VCServer] Vehicle veh25 already registered.
[Midd4VCServer] job received: 1eec592b-df9e-4b6e-8209-5c1d18cd9666
[Midd4VC] Job 248f3196-ca0d-41a2-9599-7c69821cbb72 timed out. Re-enqueueing.
[Midd4VCServer] Assigning job 248f3196-ca0d-41a2-9599-7c69821cbb72 to vehicle veh3
[Midd4VCServer] Assigning job 1eec592b-df9e-4b6e-8209-5c1d18cd9666 to vehicle veh38
[Midd4VCServer] job 248f3196-ca0d-41a2-9599-7c69821cbb72 completed by vehicle veh3
[Midd4VCServer] job received: 2a0f2210-6dc8-4e00-9364-8352d5d269d7
[Midd4VCServer] Assigning job 2a0f2210-6dc8-4e00-9364-8352d5d269d7 to vehicle veh35
[Midd4VCServer] Vehicle veh30 already registered.
[Midd4VCServer] job received: 1dcd2e04-802f-4819-87b6-28fe27a62568
[Midd4VCServer] Assigning job 1dcd2e04-802f-4819-87b6-28fe27a62568 to vehicle veh31
[Midd4VCServer] Vehicle veh29 already registered.
[Midd4VCServer] job received: 2242a078-582a-445e-8580-91e83f73b8aa
[Midd4VCServer] Assigning job 2242a078-582a-445e-8580-91e83f73b8aa to vehicle veh22
[Midd4VCServer] job received: 7b6c8db0-84a1-4f94-a26e-cb6de6f08723
[Midd4VCServer] Assigning job 7b6c8db0-84a1-4f94-a26e-cb6de6f08723 to vehicle veh12
[Midd4VCServer] Vehicle veh19 already registered.
[Midd4VCServer] Vehicle veh17 already registered.
[Midd4VCServer] Vehicle veh18 already registered.
[Midd4VCServer] Vehicle veh23 already registered.
[Midd4VCServer] Vehicle veh21 already registered.
[Midd4VCServer] job received: 174dfca9-278a-4fb6-9d6c-58d79ab314bf
[Midd4VC] Job f4969124-7abd-40b9-8c2b-37540dc0b21a timed out. Re-enqueueing.
[Midd4VC] Job 3633e0c3-d4b0-40d4-bb39-dd44ee5d3128 timed out. Re-enqueueing.
[Midd4VC] Job 1dce76da-5ea2-4c0d-bc0b-ee79e1d43124 timed out. Re-enqueueing.
[Midd4VCServer] Assigning job 1dce76da-5ea2-4c0d-bc0b-ee79e1d43124 to vehicle veh7
[Midd4VCServer] Assigning job 3633e0c3-d4b0-40d4-bb39-dd44ee5d3128 to vehicle veh39
[Midd4VCServer] Assigning job f4969124-7abd-40b9-8c2b-37540dc0b21a to vehicle veh36
[Midd4VCServer] Assigning job 174dfca9-278a-4fb6-9d6c-58d79ab314bf to vehicle veh3
[Midd4VCServer] job 174dfca9-278a-4fb6-9d6c-58d79ab314bf completed by vehicle veh3
[Midd4VCServer] job 1dce76da-5ea2-4c0d-bc0b-ee79e1d43124 completed by vehicle veh7
[Midd4VCServer] job received: 62dba064-a04f-4e1b-89cc-1d94fac01410
[Midd4VCServer] Assigning job 62dba064-a04f-4e1b-89cc-1d94fac01410 to vehicle veh7
[Midd4VCServer] job 62dba064-a04f-4e1b-89cc-1d94fac01410 completed by vehicle veh7
[Midd4VCServer] job received: 96476520-9538-422c-93a1-c31fb7b1f29a
[Midd4VCServer] Assigning job 96476520-9538-422c-93a1-c31fb7b1f29a to vehicle veh7
[Midd4VCServer] job 96476520-9538-422c-93a1-c31fb7b1f29a completed by vehicle veh7
[Midd4VCServer] Vehicle veh22 already registered.
[Midd4VCServer] job received: 454e9eed-62cb-4abc-8fc0-79b81448c021
[Midd4VCServer] Assigning job 454e9eed-62cb-4abc-8fc0-79b81448c021 to vehicle veh7
[Midd4VCServer] job 454e9eed-62cb-4abc-8fc0-79b81448c021 completed by vehicle veh7
[Midd4VCServer] Vehicle veh7 already registered.
[Midd4VCServer] Vehicle veh27 already registered.
[Midd4VCServer] Vehicle veh24 already registered.
[Midd4VCServer] job received: 54321a9a-59c2-4180-967d-774fc169779f
[Midd4VC] Job 66c6e1e6-4e35-46b4-9cea-66c549359d08 timed out. Re-enqueueing.
[Midd4VC] Job 78001821-4d7e-48ce-9fef-20c70b59ff49 timed out. Re-enqueueing.
[Midd4VC] Job 70fcf1c3-9038-4ad3-a1b2-bb1ba2646567 timed out. Re-enqueueing.
[Midd4VCServer] Assigning job 70fcf1c3-9038-4ad3-a1b2-bb1ba2646567 to vehicle veh18
[Midd4VCServer] Assigning job 78001821-4d7e-48ce-9fef-20c70b59ff49 to vehicle veh7
[Midd4VCServer] Assigning job 66c6e1e6-4e35-46b4-9cea-66c549359d08 to vehicle veh21
[Midd4VCServer] Assigning job 54321a9a-59c2-4180-967d-774fc169779f to vehicle veh2
[Midd4VCServer] job 70fcf1c3-9038-4ad3-a1b2-bb1ba2646567 completed by vehicle veh18
[Midd4VCServer] job 78001821-4d7e-48ce-9fef-20c70b59ff49 completed by vehicle veh7
[Midd4VCServer] Vehicle veh14 already registered.
[Midd4VCServer] job received: 486522db-acf3-41a4-a57a-27f4dae4a404
[Midd4VC] Job 32a98d9e-ed19-4b01-a0a9-478731bd4422 timed out. Re-enqueueing.
[Midd4VCServer] Assigning job 32a98d9e-ed19-4b01-a0a9-478731bd4422 to vehicle veh18
[Midd4VCServer] Assigning job 486522db-acf3-41a4-a57a-27f4dae4a404 to vehicle veh37
[Midd4VCServer] job 32a98d9e-ed19-4b01-a0a9-478731bd4422 completed by vehicle veh18
[Midd4VCServer] job 486522db-acf3-41a4-a57a-27f4dae4a404 completed by vehicle veh37
[Midd4VCServer] job received: bb423644-20c7-4710-8c86-8d04c39dc6a1
[Midd4VCServer] Assigning job bb423644-20c7-4710-8c86-8d04c39dc6a1 to vehicle veh18
[Midd4VCServer] job bb423644-20c7-4710-8c86-8d04c39dc6a1 completed by vehicle veh18
[Midd4VCServer] Vehicle veh33 already registered.
[Midd4VCServer] job received: 8ae4d56a-3240-44c2-9602-ed42cceadf2b
[Midd4VCServer] Assigning job 8ae4d56a-3240-44c2-9602-ed42cceadf2b to vehicle veh37
[Midd4VCServer] job 8ae4d56a-3240-44c2-9602-ed42cceadf2b completed by vehicle veh37
[Midd4VCServer] Vehicle veh6 already registered.
[Midd4VCServer] Vehicle veh2 already registered.
[Midd4VCServer] Vehicle veh31 already registered.
[Midd4VCServer] job received: 26f3c6c4-6272-40ca-ad70-3f69360bca93
[Midd4VC] Job 5522e6e5-05f7-44d8-8d88-c1e220f45c86 timed out. Re-enqueueing.
[Midd4VC] Job 4ec0850b-e8b6-4ab1-8f89-5d7a138733af timed out. Re-enqueueing.
[Midd4VCServer] Assigning job 4ec0850b-e8b6-4ab1-8f89-5d7a138733af to vehicle veh30
[Midd4VCServer] Assigning job 5522e6e5-05f7-44d8-8d88-c1e220f45c86 to vehicle veh18
[Midd4VCServer] Assigning job 26f3c6c4-6272-40ca-ad70-3f69360bca93 to vehicle veh7
[Midd4VCServer] job 5522e6e5-05f7-44d8-8d88-c1e220f45c86 completed by vehicle veh18
[Midd4VCServer] job 26f3c6c4-6272-40ca-ad70-3f69360bca93 completed by vehicle veh7
[Midd4VCServer] job received: a16e9df4-f3c2-4761-9c7b-472e669a245b
[Midd4VCServer] Assigning job a16e9df4-f3c2-4761-9c7b-472e669a245b to vehicle veh11
[Midd4VCServer] job a16e9df4-f3c2-4761-9c7b-472e669a245b completed by vehicle veh11
[Midd4VCServer] job received: 8bd35da6-3b37-4fd5-af90-e549dd2b5cfb
[Midd4VC] Job 8e569287-9409-4e68-830c-28f26b8e2604 timed out. Re-enqueueing.
[Midd4VC] Job 28592bca-574f-485d-ab69-a4a85a0345d9 timed out. Re-enqueueing.
[Midd4VC] Job a64907b8-ed1c-4f77-9c7b-e464045b350d timed out. Re-enqueueing.
[Midd4VCServer] Assigning job a64907b8-ed1c-4f77-9c7b-e464045b350d to vehicle veh26
[Midd4VCServer] Assigning job 28592bca-574f-485d-ab69-a4a85a0345d9 to vehicle veh4
[Midd4VCServer] Assigning job 8e569287-9409-4e68-830c-28f26b8e2604 to vehicle veh29
[Midd4VCServer] Assigning job 8bd35da6-3b37-4fd5-af90-e549dd2b5cfb to vehicle veh37
[Midd4VCServer] job 8bd35da6-3b37-4fd5-af90-e549dd2b5cfb completed by vehicle veh37
[Midd4VCServer] Vehicle veh32 already registered.
[Midd4VCServer] Vehicle veh23 already registered.
[Midd4VCServer] job received: 8f62f16f-2703-4835-8149-b37b7f502fc8
[Midd4VCServer] Assigning job 8f62f16f-2703-4835-8149-b37b7f502fc8 to vehicle veh18
[Midd4VCServer] job 8f62f16f-2703-4835-8149-b37b7f502fc8 completed by vehicle veh18
[Midd4VCServer] job received: f3f5750c-5004-464a-919c-2bc6659d034f
[Midd4VCServer] Assigning job f3f5750c-5004-464a-919c-2bc6659d034f to vehicle veh7
[Midd4VCServer] job f3f5750c-5004-464a-919c-2bc6659d034f completed by vehicle veh7
[Midd4VCServer] Vehicle veh8 already registered.
[Midd4VCServer] Vehicle veh30 already registered.
[Midd4VCServer] Vehicle veh25 already registered.
[Midd4VCServer] job received: ad55e555-43b9-4a91-84c6-be72641303f4
[Midd4VCServer] Assigning job ad55e555-43b9-4a91-84c6-be72641303f4 to vehicle veh13
[Midd4VCServer] job received: 4ecacc6d-7332-4864-a3c6-9f5c40e48818
[Midd4VCServer] Assigning job 4ecacc6d-7332-4864-a3c6-9f5c40e48818 to vehicle veh8
[Midd4VCServer] job 4ecacc6d-7332-4864-a3c6-9f5c40e48818 completed by vehicle veh8
[Midd4VCServer] Vehicle veh1 already registered.
[Midd4VCServer] job received: d897cd29-9355-496d-8e34-264cf059715a
[Midd4VCServer] Assigning job d897cd29-9355-496d-8e34-264cf059715a to vehicle veh11
[Midd4VCServer] job d897cd29-9355-496d-8e34-264cf059715a completed by vehicle veh11
[Midd4VCServer] Vehicle veh31 already registered.
[Midd4VCServer] Vehicle veh38 already registered.
[Midd4VCServer] Vehicle veh15 already registered.
[Midd4VCServer] job received: 7937651a-2213-4480-840b-7064cffa12ee
[Midd4VC] Job b8ab1ef9-b60c-4495-97f7-565f18fb35f5 timed out. Re-enqueueing.
[Midd4VC] Job 395a2851-8187-4f38-a5cb-286cbcbc72b2 timed out. Re-enqueueing.
[Midd4VC] Job 6c12032f-99b9-4991-9297-7201f4146558 timed out. Re-enqueueing.
[Midd4VC] Job 6ea1aef3-914a-4b89-8696-0823342a98ba timed out. Re-enqueueing.
[Midd4VC] Job 21c230bb-ab1a-4fec-a385-69f3e571540a timed out. Re-enqueueing.
[Midd4VCServer] Assigning job 21c230bb-ab1a-4fec-a385-69f3e571540a to vehicle veh33
[Midd4VCServer] Assigning job 6ea1aef3-914a-4b89-8696-0823342a98ba to vehicle veh40
[Midd4VCServer] Assigning job 6c12032f-99b9-4991-9297-7201f4146558 to vehicle veh23
[Midd4VCServer] Assigning job 395a2851-8187-4f38-a5cb-286cbcbc72b2 to vehicle veh1
[Midd4VCServer] Assigning job b8ab1ef9-b60c-4495-97f7-565f18fb35f5 to vehicle veh19
[Midd4VCServer] Assigning job 7937651a-2213-4480-840b-7064cffa12ee to vehicle veh32
[Midd4VCServer] job 21c230bb-ab1a-4fec-a385-69f3e571540a completed by vehicle veh33
[Midd4VCServer] job 6ea1aef3-914a-4b89-8696-0823342a98ba completed by vehicle veh40
[Midd4VCServer] job 7937651a-2213-4480-840b-7064cffa12ee completed by vehicle veh32
[Midd4VCServer] job 395a2851-8187-4f38-a5cb-286cbcbc72b2 completed by vehicle veh1
[Midd4VCServer] job received: f43da3c2-5d57-4040-8ffa-3fed3e8812a6
[Midd4VCServer] Assigning job f43da3c2-5d57-4040-8ffa-3fed3e8812a6 to vehicle veh33
[Midd4VCServer] job f43da3c2-5d57-4040-8ffa-3fed3e8812a6 completed by vehicle veh33
[Midd4VCServer] job received: 8c6b8d0d-fadc-46d4-9dd0-4332434fb2c7
[Midd4VCServer] Assigning job 8c6b8d0d-fadc-46d4-9dd0-4332434fb2c7 to vehicle veh40
[Midd4VCServer] job 8c6b8d0d-fadc-46d4-9dd0-4332434fb2c7 completed by vehicle veh40
[Midd4VCServer] job received: b3178a86-3400-4841-a5a8-f615a7a72c6c
[Midd4VCServer] Assigning job b3178a86-3400-4841-a5a8-f615a7a72c6c to vehicle veh33
[Midd4VCServer] Vehicle veh39 already registered.
[Midd4VCServer] Vehicle veh10 already registered.
[Midd4VCServer] job received: f1118dbc-6b8f-4798-9400-04bf7caa1b73
[Midd4VC] Job 2f0d2273-ba48-4397-872b-de68e1798913 timed out. Re-enqueueing.
[Midd4VC] Job 64272281-7ff6-4603-94e6-7a508f8b69bf timed out. Re-enqueueing.
[Midd4VC] Job 67d6ecc4-a962-49aa-8794-dc8ab86f0c56 timed out. Re-enqueueing.
[Midd4VC] Job 011cac7f-37d6-4679-81ff-8070850a7057 timed out. Re-enqueueing.
[Midd4VCServer] Assigning job 011cac7f-37d6-4679-81ff-8070850a7057 to vehicle veh9
[Midd4VCServer] Assigning job 67d6ecc4-a962-49aa-8794-dc8ab86f0c56 to vehicle veh15
[Midd4VCServer] Assigning job 64272281-7ff6-4603-94e6-7a508f8b69bf to vehicle veh10
[Midd4VCServer] Assigning job 2f0d2273-ba48-4397-872b-de68e1798913 to vehicle veh25
[Midd4VCServer] Assigning job f1118dbc-6b8f-4798-9400-04bf7caa1b73 to vehicle veh40
[Midd4VCServer] job 64272281-7ff6-4603-94e6-7a508f8b69bf completed by vehicle veh10
[Midd4VCServer] job 67d6ecc4-a962-49aa-8794-dc8ab86f0c56 completed by vehicle veh15
[Midd4VCServer] job 2f0d2273-ba48-4397-872b-de68e1798913 completed by vehicle veh25
[Midd4VCServer] Vehicle veh4 already registered.
[Midd4VCServer] Vehicle veh15 already registered.
[Midd4VCServer] Vehicle veh27 already registered.
[Midd4VCServer] job received: 22f99d91-1d55-4894-9a2b-d3a1a3355fdf
[Midd4VCServer] Assigning job 22f99d91-1d55-4894-9a2b-d3a1a3355fdf to vehicle veh1
[Midd4VCServer] job 22f99d91-1d55-4894-9a2b-d3a1a3355fdf completed by vehicle veh1
[Midd4VCServer] Vehicle veh26 already registered.
[Midd4VCServer] job received: 23a0b334-7fa5-4009-80e3-9361439c57c2
[Midd4VC] Job b7649bc5-af0f-4dd0-afc9-e58a8f20c61f timed out. Re-enqueueing.
[Midd4VCServer] Assigning job b7649bc5-af0f-4dd0-afc9-e58a8f20c61f to vehicle veh6
[Midd4VCServer] Assigning job 23a0b334-7fa5-4009-80e3-9361439c57c2 to vehicle veh15
[Midd4VCServer] job 23a0b334-7fa5-4009-80e3-9361439c57c2 completed by vehicle veh15
[Midd4VCServer] job b7649bc5-af0f-4dd0-afc9-e58a8f20c61f completed by vehicle veh6
[Midd4VCServer] job received: 263fde75-f596-4af7-8b73-f97c9f27c476
[Midd4VCServer] Assigning job 263fde75-f596-4af7-8b73-f97c9f27c476 to vehicle veh10
[Midd4VCServer] Vehicle veh28 already registered.
[Midd4VCServer] job received: b2db4c1c-1d8b-489f-82bd-0008c7f61e26
[Midd4VC] Job de9e5585-81a6-4232-bc9f-7044a732f725 timed out. Re-enqueueing.
[Midd4VCServer] Assigning job de9e5585-81a6-4232-bc9f-7044a732f725 to vehicle veh16
[Midd4VCServer] Assigning job b2db4c1c-1d8b-489f-82bd-0008c7f61e26 to vehicle veh25
[Midd4VCServer] Vehicle veh23 already registered.
[Midd4VCServer] Vehicle veh17 already registered.
[Midd4VCServer] job received: 7ab90869-ec0a-46cc-8385-0576bc11daa6
[Midd4VC] Job 5ae101ba-e66e-40c5-9336-ff72e8850668 timed out. Re-enqueueing.
[Midd4VCServer] Assigning job 5ae101ba-e66e-40c5-9336-ff72e8850668 to vehicle veh5
[Midd4VCServer] Assigning job 7ab90869-ec0a-46cc-8385-0576bc11daa6 to vehicle veh37
[Midd4VCServer] job 7ab90869-ec0a-46cc-8385-0576bc11daa6 completed by vehicle veh37
[Midd4VCServer] Vehicle veh21 already registered.
[Midd4VCServer] job received: cd219bd0-7cba-40fc-8927-25d076c9cff4
[Midd4VCServer] Assigning job cd219bd0-7cba-40fc-8927-25d076c9cff4 to vehicle veh6
[Midd4VCServer] job cd219bd0-7cba-40fc-8927-25d076c9cff4 completed by vehicle veh6
[Midd4VCServer] Vehicle veh12 already registered.
[Midd4VCServer] job received: 26041886-57c9-479f-a949-61376282a951
[Midd4VCServer] Assigning job 26041886-57c9-479f-a949-61376282a951 to vehicle veh34
[Midd4VCServer] job 26041886-57c9-479f-a949-61376282a951 completed by vehicle veh34
[Midd4VCServer] Vehicle veh38 already registered.
[Midd4VCServer] Vehicle veh40 already registered.
[Midd4VCServer] Vehicle veh34 already registered.
[Midd4VCServer] job received: baa1ae0f-565c-40a4-8480-07fd95c34818
[Midd4VC] Job 8726b3ab-9a95-4ffc-b41d-c20714e41a4c timed out. Re-enqueueing.
[Midd4VCServer] Assigning job 8726b3ab-9a95-4ffc-b41d-c20714e41a4c to vehicle veh27
[Midd4VCServer] Assigning job baa1ae0f-565c-40a4-8480-07fd95c34818 to vehicle veh18
[Midd4VCServer] job 8726b3ab-9a95-4ffc-b41d-c20714e41a4c completed by vehicle veh27
[Midd4VCServer] job received: a330681c-88f5-496f-8477-4168c9012b0b
[Midd4VCServer] Assigning job a330681c-88f5-496f-8477-4168c9012b0b to vehicle veh20
[Midd4VCServer] Vehicle veh9 already registered.
[Midd4VCServer] Vehicle veh22 already registered.
[Midd4VCServer] job received: 89a3db35-daa2-4f5d-a59e-977a3e1ed823
[Midd4VCServer] Assigning job 89a3db35-daa2-4f5d-a59e-977a3e1ed823 to vehicle veh1
[Midd4VCServer] job 89a3db35-daa2-4f5d-a59e-977a3e1ed823 completed by vehicle veh1
[Midd4VCServer] job received: 28682190-b32b-47b3-b160-2296e9b55373
[Midd4VCServer] Assigning job 28682190-b32b-47b3-b160-2296e9b55373 to vehicle veh28
[Midd4VCServer] job received: f2effd15-e4c5-480c-b9cd-98c37a0e2e8f
[Midd4VCServer] Assigning job f2effd15-e4c5-480c-b9cd-98c37a0e2e8f to vehicle veh14
[Midd4VCServer] Vehicle veh13 already registered.
[Midd4VCServer] job received: 90432eca-992b-4c92-b48d-16b10f53afd2
[Midd4VCServer] Assigning job 90432eca-992b-4c92-b48d-16b10f53afd2 to vehicle veh27
[Midd4VCServer] job 90432eca-992b-4c92-b48d-16b10f53afd2 completed by vehicle veh27
[Midd4VCServer] Vehicle veh23 already registered.
[Midd4VCServer] Vehicle veh30 already registered.
[Midd4VCServer] job received: b680512d-4f8c-4594-884f-fc94f08ff565
[Midd4VC] Job 85885f83-8576-4390-a190-5b3efb060b94 timed out. Re-enqueueing.
[Midd4VCServer] Assigning job 85885f83-8576-4390-a190-5b3efb060b94 to vehicle veh17
[Midd4VCServer] Assigning job b680512d-4f8c-4594-884f-fc94f08ff565 to vehicle veh7
[Midd4VCServer] job received: f092fc62-b86b-4f23-98f7-ba58cacd9fbf
[Midd4VCServer] Assigning job f092fc62-b86b-4f23-98f7-ba58cacd9fbf to vehicle veh24
[Midd4VCServer] Vehicle veh5 already registered.
[Midd4VCServer] job received: 1974e435-58fe-454f-bf57-18bf6eb196ef
[Midd4VC] Job 1eec592b-df9e-4b6e-8209-5c1d18cd9666 timed out. Re-enqueueing.
[Midd4VC] Job 2a0f2210-6dc8-4e00-9364-8352d5d269d7 timed out. Re-enqueueing.
[Midd4VCServer] Assigning job 2a0f2210-6dc8-4e00-9364-8352d5d269d7 to vehicle veh38
[Midd4VCServer] Assigning job 1eec592b-df9e-4b6e-8209-5c1d18cd9666 to vehicle veh35
[Midd4VCServer] Assigning job 1974e435-58fe-454f-bf57-18bf6eb196ef to vehicle veh15
[Midd4VCServer] job 1974e435-58fe-454f-bf57-18bf6eb196ef completed by vehicle veh15
[Midd4VCServer] Vehicle veh4 already registered.
[Midd4VCServer] job received: e684e488-e19f-4042-b136-70c9cd0ece3a
[Midd4VCServer] Assigning job e684e488-e19f-4042-b136-70c9cd0ece3a to vehicle veh3
[Midd4VCServer] job received: 88a00ce5-d140-4789-aa95-badb06dd8778
[Midd4VCServer] Assigning job 88a00ce5-d140-4789-aa95-badb06dd8778 to vehicle veh8
[Midd4VCServer] job received: 5c5d63dd-cbe4-422a-badd-d34990a71cbd
[Midd4VC] Job 1dcd2e04-802f-4819-87b6-28fe27a62568 timed out. Re-enqueueing.
[Midd4VCServer] Assigning job 1dcd2e04-802f-4819-87b6-28fe27a62568 to vehicle veh31
[Midd4VCServer] Assigning job 5c5d63dd-cbe4-422a-badd-d34990a71cbd to vehicle veh11
[Midd4VCServer] job 1dcd2e04-802f-4819-87b6-28fe27a62568 completed by vehicle veh31
[Midd4VCServer] job received: 2e27e5a1-9c86-47b4-9bc5-61099da04c02
[Midd4VCServer] Assigning job 2e27e5a1-9c86-47b4-9bc5-61099da04c02 to vehicle veh31
[Midd4VCServer] job 2e27e5a1-9c86-47b4-9bc5-61099da04c02 completed by vehicle veh31
[Midd4VCServer] Vehicle veh29 already registered.
[Midd4VCServer] Vehicle veh35 already registered.
[Midd4VCServer] Vehicle veh13 already registered.
[Midd4VCServer] job received: def2ebcb-af15-4688-9fd2-4cd672d31977
[Midd4VC] Job 2242a078-582a-445e-8580-91e83f73b8aa timed out. Re-enqueueing.
[Midd4VCServer] Assigning job 2242a078-582a-445e-8580-91e83f73b8aa to vehicle veh22
[Midd4VCServer] Assigning job def2ebcb-af15-4688-9fd2-4cd672d31977 to vehicle veh32
[Midd4VCServer] job 2242a078-582a-445e-8580-91e83f73b8aa completed by vehicle veh22
[Midd4VCServer] Vehicle veh27 already registered.
[Midd4VCServer] job received: 7011a7ad-aff1-41df-9592-e067b37557b3
[Midd4VC] Job 7b6c8db0-84a1-4f94-a26e-cb6de6f08723 timed out. Re-enqueueing.
[Midd4VCServer] Assigning job 7b6c8db0-84a1-4f94-a26e-cb6de6f08723 to vehicle veh12
[Midd4VCServer] Assigning job 7011a7ad-aff1-41df-9592-e067b37557b3 to vehicle veh22
[Midd4VCServer] job 7b6c8db0-84a1-4f94-a26e-cb6de6f08723 completed by vehicle veh12
[Midd4VCServer] job 7011a7ad-aff1-41df-9592-e067b37557b3 completed by vehicle veh22
[Midd4VCServer] Vehicle veh26 already registered.
[Midd4VCServer] Vehicle veh17 already registered.
[Midd4VCServer] job received: b6faa258-6dae-4d19-b00d-cab117c8c23f
[Midd4VC] Job 3633e0c3-d4b0-40d4-bb39-dd44ee5d3128 timed out. Re-enqueueing.
[Midd4VC] Job f4969124-7abd-40b9-8c2b-37540dc0b21a timed out. Re-enqueueing.
[Midd4VCServer] Assigning job f4969124-7abd-40b9-8c2b-37540dc0b21a to vehicle veh39
[Midd4VCServer] Assigning job 3633e0c3-d4b0-40d4-bb39-dd44ee5d3128 to vehicle veh36
[Midd4VCServer] Assigning job b6faa258-6dae-4d19-b00d-cab117c8c23f to vehicle veh12
[Midd4VCServer] job b6faa258-6dae-4d19-b00d-cab117c8c23f completed by vehicle veh12
[Midd4VCServer] Vehicle veh20 already registered.
[Midd4VCServer] Vehicle veh6 already registered.
[Midd4VCServer] Vehicle veh11 already registered.
[Midd4VCServer] job received: 767fc62e-09ea-46d5-b4b0-c0fe5c5cc550
[Midd4VC] Job 66c6e1e6-4e35-46b4-9cea-66c549359d08 timed out. Re-enqueueing.
[Midd4VC] Job 54321a9a-59c2-4180-967d-774fc169779f timed out. Re-enqueueing.
[Midd4VCServer] Assigning job 54321a9a-59c2-4180-967d-774fc169779f to vehicle veh21
[Midd4VCServer] Assigning job 66c6e1e6-4e35-46b4-9cea-66c549359d08 to vehicle veh2
[Midd4VCServer] Assigning job 767fc62e-09ea-46d5-b4b0-c0fe5c5cc550 to vehicle veh37
[Midd4VCServer] Vehicle veh32 already registered.
[Midd4VCServer] job received: 5a88fb40-3f80-42f0-9ab1-96e86541b440
[Midd4VCServer] Assigning job 5a88fb40-3f80-42f0-9ab1-96e86541b440 to vehicle veh6
[Midd4VCServer] job 5a88fb40-3f80-42f0-9ab1-96e86541b440 completed by vehicle veh6
[Midd4VCServer] job received: f1408e4d-709d-48fa-8d3c-e0cc3551c862
[Midd4VCServer] Assigning job f1408e4d-709d-48fa-8d3c-e0cc3551c862 to vehicle veh34
[Midd4VCServer] Vehicle veh16 already registered.
[Midd4VCServer] job received: 1cc32779-9865-408d-81f0-82d2051c0e12
[Midd4VCServer] Assigning job 1cc32779-9865-408d-81f0-82d2051c0e12 to vehicle veh1
[Midd4VCServer] Vehicle veh39 already registered.
[Midd4VCServer] job received: d71d9488-75d8-461d-91cd-0d55c2d83f7e
[Midd4VCServer] Assigning job d71d9488-75d8-461d-91cd-0d55c2d83f7e to vehicle veh27
[Midd4VCServer] Vehicle veh2 already registered.
[Midd4VCServer] job received: 4ca4625d-138e-4473-8ddd-a7a9a7636fe9
[Midd4VC] Job 4ec0850b-e8b6-4ab1-8f89-5d7a138733af timed out. Re-enqueueing.
[Midd4VCServer] Assigning job 4ec0850b-e8b6-4ab1-8f89-5d7a138733af to vehicle veh30
[Midd4VCServer] Assigning job 4ca4625d-138e-4473-8ddd-a7a9a7636fe9 to vehicle veh31
[Midd4VCServer] job 4ca4625d-138e-4473-8ddd-a7a9a7636fe9 completed by vehicle veh31
[Midd4VCServer] job 4ec0850b-e8b6-4ab1-8f89-5d7a138733af completed by vehicle veh30
[Midd4VCServer] Vehicle veh1 already registered.
[Midd4VCServer] Vehicle veh28 already registered.
[Midd4VCServer] Vehicle veh9 already registered.
[Midd4VCServer] job received: 2ddd804e-08d1-4b47-87b6-5e0c0468fe37
[Midd4VC] Job a64907b8-ed1c-4f77-9c7b-e464045b350d timed out. Re-enqueueing.
[Midd4VC] Job 28592bca-574f-485d-ab69-a4a85a0345d9 timed out. Re-enqueueing.
[Midd4VC] Job 8e569287-9409-4e68-830c-28f26b8e2604 timed out. Re-enqueueing.
[Midd4VCServer] Assigning job 8e569287-9409-4e68-830c-28f26b8e2604 to vehicle veh26
[Midd4VCServer] Assigning job 28592bca-574f-485d-ab69-a4a85a0345d9 to vehicle veh4
[Midd4VCServer] Assigning job a64907b8-ed1c-4f77-9c7b-e464045b350d to vehicle veh30
[Midd4VCServer] Assigning job 2ddd804e-08d1-4b47-87b6-5e0c0468fe37 to vehicle veh29
[Midd4VCServer] job a64907b8-ed1c-4f77-9c7b-e464045b350d completed by vehicle veh30
[Midd4VCServer] job received: c759ccfa-427f-4605-b7c2-8259f3654134
[Midd4VCServer] Assigning job c759ccfa-427f-4605-b7c2-8259f3654134 to vehicle veh30
[Midd4VCServer] job c759ccfa-427f-4605-b7c2-8259f3654134 completed by vehicle veh30
[Midd4VCServer] Vehicle veh20 already registered.
[Midd4VCServer] job received: 9f1f2c38-8172-4907-a68f-9370faabe6a6
[Midd4VCServer] Assigning job 9f1f2c38-8172-4907-a68f-9370faabe6a6 to vehicle veh30
[Midd4VCServer] job 9f1f2c38-8172-4907-a68f-9370faabe6a6 completed by vehicle veh30
[Midd4VCServer] Vehicle veh29 already registered.
[Midd4VCServer] job received: ee807b19-8950-4e0b-9476-3463134e71ca
[Midd4VCServer] Assigning job ee807b19-8950-4e0b-9476-3463134e71ca to vehicle veh30
[Midd4VCServer] job ee807b19-8950-4e0b-9476-3463134e71ca completed by vehicle veh30
[Midd4VCServer] Vehicle veh19 already registered.
[Midd4VCServer] Vehicle veh10 already registered.
[Midd4VCServer] job received: 5e4a5d1e-a5f7-440e-8cc8-205320ba2553
[Midd4VCServer] Assigning job 5e4a5d1e-a5f7-440e-8cc8-205320ba2553 to vehicle veh22
[Midd4VCServer] job 5e4a5d1e-a5f7-440e-8cc8-205320ba2553 completed by vehicle veh22
[Midd4VCServer] Vehicle veh21 already registered.
[Midd4VCServer] job received: ad40c851-73b8-479a-b139-9d2ceb9700cf
[Midd4VC] Job ad55e555-43b9-4a91-84c6-be72641303f4 timed out. Re-enqueueing.
[Midd4VCServer] Assigning job ad55e555-43b9-4a91-84c6-be72641303f4 to vehicle veh13
[Midd4VCServer] Assigning job ad40c851-73b8-479a-b139-9d2ceb9700cf to vehicle veh12
[Midd4VCServer] job ad55e555-43b9-4a91-84c6-be72641303f4 completed by vehicle veh13
[Midd4VCServer] job received: e4edbd15-a719-4a04-be57-cb384a0d46b6
[Midd4VCServer] Assigning job e4edbd15-a719-4a04-be57-cb384a0d46b6 to vehicle veh13
[Midd4VCServer] job e4edbd15-a719-4a04-be57-cb384a0d46b6 completed by vehicle veh13
[Midd4VCServer] Vehicle veh26 already registered.
[Midd4VCServer] Vehicle veh17 already registered.
[Midd4VCServer] Vehicle veh8 already registered.
[Midd4VCServer] Vehicle veh14 already registered.
[Midd4VCServer] Vehicle veh28 already registered.
[Midd4VCServer] Vehicle veh6 already registered.
[Midd4VCServer] Vehicle veh9 already registered.
[Midd4VCServer] job received: ce4932be-d2f1-44c1-a1c6-bb670d11151b
[Midd4VC] Job 6c12032f-99b9-4991-9297-7201f4146558 timed out. Re-enqueueing.
[Midd4VC] Job b8ab1ef9-b60c-4495-97f7-565f18fb35f5 timed out. Re-enqueueing.
[Midd4VCServer] Assigning job b8ab1ef9-b60c-4495-97f7-565f18fb35f5 to vehicle veh23
[Midd4VCServer] Assigning job 6c12032f-99b9-4991-9297-7201f4146558 to vehicle veh19
[Midd4VCServer] Assigning job ce4932be-d2f1-44c1-a1c6-bb670d11151b to vehicle veh15
[Midd4VCServer] job 6c12032f-99b9-4991-9297-7201f4146558 completed by vehicle veh19
[Midd4VCServer] job received: d47f02ab-db89-4f0d-8384-bd702e055d44
[Midd4VCServer] Assigning job d47f02ab-db89-4f0d-8384-bd702e055d44 to vehicle veh19
[Midd4VCServer] job d47f02ab-db89-4f0d-8384-bd702e055d44 completed by vehicle veh19
[Midd4VCServer] Vehicle veh15 already registered.
[Midd4VCServer] Vehicle veh37 already registered.
[Midd4VCServer] Vehicle veh4 already registered.
[Midd4VCServer] Vehicle veh39 already registered.
[Midd4VCServer] job received: f64675d8-47da-4ae6-9fda-e0c8c91520f2
[Midd4VC] Job b3178a86-3400-4841-a5a8-f615a7a72c6c timed out. Re-enqueueing.
[Midd4VC] Job 011cac7f-37d6-4679-81ff-8070850a7057 timed out. Re-enqueueing.
[Midd4VC] Job f1118dbc-6b8f-4798-9400-04bf7caa1b73 timed out. Re-enqueueing.
[Midd4VC] Job 263fde75-f596-4af7-8b73-f97c9f27c476 timed out. Re-enqueueing.
[Midd4VCServer] Assigning job 263fde75-f596-4af7-8b73-f97c9f27c476 to vehicle veh9
[Midd4VCServer] Assigning job f1118dbc-6b8f-4798-9400-04bf7caa1b73 to vehicle veh33
[Midd4VCServer] Assigning job 011cac7f-37d6-4679-81ff-8070850a7057 to vehicle veh40
[Midd4VCServer] Assigning job b3178a86-3400-4841-a5a8-f615a7a72c6c to vehicle veh10
[Midd4VCServer] Assigning job f64675d8-47da-4ae6-9fda-e0c8c91520f2 to vehicle veh19
[Midd4VCServer] job 263fde75-f596-4af7-8b73-f97c9f27c476 completed by vehicle veh9
[Midd4VCServer] job f64675d8-47da-4ae6-9fda-e0c8c91520f2 completed by vehicle veh19
[Midd4VCServer] job b3178a86-3400-4841-a5a8-f615a7a72c6c completed by vehicle veh10
[Midd4VCServer] job received: 217bd1ca-ae51-4b80-be7d-feb1c4cd3ffb
[Midd4VCServer] Assigning job 217bd1ca-ae51-4b80-be7d-feb1c4cd3ffb to vehicle veh9
[Midd4VCServer] job 217bd1ca-ae51-4b80-be7d-feb1c4cd3ffb completed by vehicle veh9
[Midd4VCServer] Vehicle veh27 already registered.
[Midd4VCServer] job received: 910f0580-682f-492e-8237-eebc7cfcac85
[Midd4VCServer] Assigning job 910f0580-682f-492e-8237-eebc7cfcac85 to vehicle veh9
[Midd4VCServer] job 910f0580-682f-492e-8237-eebc7cfcac85 completed by vehicle veh9
[Midd4VCServer] job received: 37ee7183-ba16-424a-844e-684597b7fda5
[Midd4VCServer] Assigning job 37ee7183-ba16-424a-844e-684597b7fda5 to vehicle veh9
[Midd4VCServer] job 37ee7183-ba16-424a-844e-684597b7fda5 completed by vehicle veh9
[Midd4VCServer] job received: dee19c9e-a7d1-42f5-8113-0a7b7eafd68a
[Midd4VCServer] Assigning job dee19c9e-a7d1-42f5-8113-0a7b7eafd68a to vehicle veh10
[Midd4VCServer] job dee19c9e-a7d1-42f5-8113-0a7b7eafd68a completed by vehicle veh10
[Midd4VCServer] job received: 9cfeab08-7ea3-4c17-b242-0b3784651d88
[Midd4VC] Job de9e5585-81a6-4232-bc9f-7044a732f725 timed out. Re-enqueueing.
[Midd4VC] Job b2db4c1c-1d8b-489f-82bd-0008c7f61e26 timed out. Re-enqueueing.
[Midd4VCServer] Assigning job b2db4c1c-1d8b-489f-82bd-0008c7f61e26 to vehicle veh16
[Midd4VCServer] Assigning job de9e5585-81a6-4232-bc9f-7044a732f725 to vehicle veh25
[Midd4VCServer] Assigning job 9cfeab08-7ea3-4c17-b242-0b3784651d88 to vehicle veh9
[Midd4VCServer] job b2db4c1c-1d8b-489f-82bd-0008c7f61e26 completed by vehicle veh16
[Midd4VCServer] job 9cfeab08-7ea3-4c17-b242-0b3784651d88 completed by vehicle veh9
[Midd4VCServer] Vehicle veh2 already registered.
[Midd4VCServer] job received: b97b8210-a592-4184-92c1-768e253534f7
[Midd4VC] Job 5ae101ba-e66e-40c5-9336-ff72e8850668 timed out. Re-enqueueing.
[Midd4VCServer] Assigning job 5ae101ba-e66e-40c5-9336-ff72e8850668 to vehicle veh5
[Midd4VCServer] Assigning job b97b8210-a592-4184-92c1-768e253534f7 to vehicle veh16
[Midd4VCServer] job 5ae101ba-e66e-40c5-9336-ff72e8850668 completed by vehicle veh5
[Midd4VCServer] job b97b8210-a592-4184-92c1-768e253534f7 completed by vehicle veh16
[Midd4VCServer] Vehicle veh16 already registered.
[Midd4VCServer] job received: 8aba4011-efd1-46d3-8759-444a93277540
[Midd4VCServer] Assigning job 8aba4011-efd1-46d3-8759-444a93277540 to vehicle veh5
[Midd4VCServer] job 8aba4011-efd1-46d3-8759-444a93277540 completed by vehicle veh5
[Midd4VCServer] Vehicle veh36 already registered.
[Midd4VCServer] Vehicle veh14 already registered.
[Midd4VCServer] Vehicle veh17 already registered.
[Midd4VCServer] job received: ba0f8117-269d-435c-a487-91b3eb6c1196
[Midd4VC] Job baa1ae0f-565c-40a4-8480-07fd95c34818 timed out. Re-enqueueing.
[Midd4VC] Job a330681c-88f5-496f-8477-4168c9012b0b timed out. Re-enqueueing.
[Midd4VC] Job 28682190-b32b-47b3-b160-2296e9b55373 timed out. Re-enqueueing.
[Midd4VC] Job f2effd15-e4c5-480c-b9cd-98c37a0e2e8f timed out. Re-enqueueing.
[Midd4VCServer] Assigning job f2effd15-e4c5-480c-b9cd-98c37a0e2e8f to vehicle veh18
[Midd4VCServer] Assigning job 28682190-b32b-47b3-b160-2296e9b55373 to vehicle veh5
[Midd4VCServer] Assigning job a330681c-88f5-496f-8477-4168c9012b0b to vehicle veh20
[Midd4VCServer] Assigning job baa1ae0f-565c-40a4-8480-07fd95c34818 to vehicle veh28
[Midd4VCServer] Assigning job ba0f8117-269d-435c-a487-91b3eb6c1196 to vehicle veh14
[Midd4VCServer] job 28682190-b32b-47b3-b160-2296e9b55373 completed by vehicle veh5
[Midd4VCServer] job ba0f8117-269d-435c-a487-91b3eb6c1196 completed by vehicle veh14
[Midd4VCServer] job a330681c-88f5-496f-8477-4168c9012b0b completed by vehicle veh20
[Midd4VCServer] job received: 7879562c-2e1e-4cc0-be95-44626f30f5b3
[Midd4VCServer] Assigning job 7879562c-2e1e-4cc0-be95-44626f30f5b3 to vehicle veh16
[Midd4VCServer] job 7879562c-2e1e-4cc0-be95-44626f30f5b3 completed by vehicle veh16
[Midd4VCServer] Vehicle veh32 already registered.
[Midd4VCServer] Vehicle veh6 already registered.
[Midd4VCServer] Vehicle veh21 already registered.
[Midd4VCServer] Vehicle veh19 already registered.
[Midd4VCServer] Vehicle veh23 already registered.
[Midd4VCServer] job received: 6725659b-d291-4de4-8d22-d41022321fb6
[Midd4VCServer] Assigning job 6725659b-d291-4de4-8d22-d41022321fb6 to vehicle veh5
[Midd4VCServer] job 6725659b-d291-4de4-8d22-d41022321fb6 completed by vehicle veh5
[Midd4VCServer] job received: 034354ca-9496-458d-b3d3-dc8c0f72b2a9
[Midd4VCServer] Assigning job 034354ca-9496-458d-b3d3-dc8c0f72b2a9 to vehicle veh20
[Midd4VCServer] job 034354ca-9496-458d-b3d3-dc8c0f72b2a9 completed by vehicle veh20
[Midd4VCServer] job received: 2d431f41-ecce-4ea9-b2e6-e297b914d600
[Midd4VCServer] Assigning job 2d431f41-ecce-4ea9-b2e6-e297b914d600 to vehicle veh14
[Midd4VCServer] job 2d431f41-ecce-4ea9-b2e6-e297b914d600 completed by vehicle veh14
[Midd4VCServer] Vehicle veh9 already registered.
[Midd4VCServer] Vehicle veh7 already registered.
[Midd4VCServer] job received: f68c56cc-f2bc-4e58-834f-0c15fe6156c8
[Midd4VCServer] Assigning job f68c56cc-f2bc-4e58-834f-0c15fe6156c8 to vehicle veh13
[Midd4VCServer] job received: 696d4309-6ee8-4815-ae04-af87f221208f
[Midd4VCServer] Assigning job 696d4309-6ee8-4815-ae04-af87f221208f to vehicle veh19
[Midd4VCServer] job 696d4309-6ee8-4815-ae04-af87f221208f completed by vehicle veh19
[Midd4VCServer] job received: ccdcf3c2-8af7-4c33-9bc3-02924383cb2f
[Midd4VCServer] Assigning job ccdcf3c2-8af7-4c33-9bc3-02924383cb2f to vehicle veh10
[Midd4VCServer] Vehicle veh1 already registered.
[Midd4VCServer] Vehicle veh34 already registered.
[Midd4VCServer] Disconnected with result code 0
[Midd4VCServer] Server stopped.
[Midd4VCServer] Server started and subscribed to topics.
[Midd4VCServer] Connected with result code 0
[Midd4VCServer] Vehicle veh30 already registered.
[Midd4VCServer] job received: 22bc5f42-4ba5-4d95-9910-5afd37e4ebcb
[Midd4VC] Job 85885f83-8576-4390-a190-5b3efb060b94 timed out. Re-enqueueing.
[Midd4VC] Job b680512d-4f8c-4594-884f-fc94f08ff565 timed out. Re-enqueueing.
[Midd4VC] Job f092fc62-b86b-4f23-98f7-ba58cacd9fbf timed out. Re-enqueueing.
[Midd4VC] Job 2a0f2210-6dc8-4e00-9364-8352d5d269d7 timed out. Re-enqueueing.
[Midd4VC] Job 1eec592b-df9e-4b6e-8209-5c1d18cd9666 timed out. Re-enqueueing.
[Midd4VC] Job e684e488-e19f-4042-b136-70c9cd0ece3a timed out. Re-enqueueing.
[Midd4VC] Job 88a00ce5-d140-4789-aa95-badb06dd8778 timed out. Re-enqueueing.
[Midd4VC] Job 5c5d63dd-cbe4-422a-badd-d34990a71cbd timed out. Re-enqueueing.
[Midd4VCServer] Assigning job 5c5d63dd-cbe4-422a-badd-d34990a71cbd to vehicle veh17
[Midd4VCServer] Assigning job 88a00ce5-d140-4789-aa95-badb06dd8778 to vehicle veh38
[Midd4VCServer] Assigning job e684e488-e19f-4042-b136-70c9cd0ece3a to vehicle veh35
[Midd4VCServer] Assigning job 1eec592b-df9e-4b6e-8209-5c1d18cd9666 to vehicle veh7
[Midd4VCServer] Assigning job 2a0f2210-6dc8-4e00-9364-8352d5d269d7 to vehicle veh24
[Midd4VCServer] Assigning job f092fc62-b86b-4f23-98f7-ba58cacd9fbf to vehicle veh3
[Midd4VCServer] Assigning job b680512d-4f8c-4594-884f-fc94f08ff565 to vehicle veh8
[Midd4VCServer] Assigning job 85885f83-8576-4390-a190-5b3efb060b94 to vehicle veh11
[Midd4VCServer] Assigning job 22bc5f42-4ba5-4d95-9910-5afd37e4ebcb to vehicle veh6
[Midd4VCServer] job 22bc5f42-4ba5-4d95-9910-5afd37e4ebcb completed by vehicle veh6
[Midd4VCServer] job 1eec592b-df9e-4b6e-8209-5c1d18cd9666 completed by vehicle veh7
[Midd4VCServer] Vehicle veh1 already registered.
[Midd4VCServer] job received: 9f2b2c24-ce30-4c49-8459-92d5f06bdf5e
[Midd4VCServer] Assigning job 9f2b2c24-ce30-4c49-8459-92d5f06bdf5e to vehicle veh7
[Midd4VCServer] job 9f2b2c24-ce30-4c49-8459-92d5f06bdf5e completed by vehicle veh7
[Midd4VCServer] Vehicle veh28 already registered.
[Midd4VCServer] Vehicle veh37 already registered.
[Midd4VCServer] Vehicle veh2 already registered.
[Midd4VCServer] Vehicle veh10 already registered.
[Midd4VCServer] Vehicle veh12 already registered.
[Midd4VCServer] job received: 8134a584-9a8c-4c03-a67c-43df22a1da9f
[Midd4VC] Job def2ebcb-af15-4688-9fd2-4cd672d31977 timed out. Re-enqueueing.
[Midd4VCServer] Assigning job def2ebcb-af15-4688-9fd2-4cd672d31977 to vehicle veh32
[Midd4VCServer] Assigning job 8134a584-9a8c-4c03-a67c-43df22a1da9f to vehicle veh30
[Midd4VCServer] job def2ebcb-af15-4688-9fd2-4cd672d31977 completed by vehicle veh32
[Midd4VCServer] job 8134a584-9a8c-4c03-a67c-43df22a1da9f completed by vehicle veh30
[Midd4VCServer] job received: 02524690-c8d8-4531-af40-724fad1fad33
[Midd4VCServer] Assigning job 02524690-c8d8-4531-af40-724fad1fad33 to vehicle veh32
[Midd4VCServer] job 02524690-c8d8-4531-af40-724fad1fad33 completed by vehicle veh32
[Midd4VCServer] job received: eb0d8ed8-32ac-4ad6-9921-4b8e76a0dd39
[Midd4VCServer] Assigning job eb0d8ed8-32ac-4ad6-9921-4b8e76a0dd39 to vehicle veh16
[Midd4VCServer] Vehicle veh27 already registered.
[Midd4VCServer] Vehicle veh39 already registered.
[Midd4VCServer] job received: 0fdfba3d-0b9a-47b6-9313-9b6db93a4d04
[Midd4VC] Job f4969124-7abd-40b9-8c2b-37540dc0b21a timed out. Re-enqueueing.
[Midd4VC] Job 3633e0c3-d4b0-40d4-bb39-dd44ee5d3128 timed out. Re-enqueueing.
[Midd4VCServer] Assigning job 3633e0c3-d4b0-40d4-bb39-dd44ee5d3128 to vehicle veh39
[Midd4VCServer] Assigning job f4969124-7abd-40b9-8c2b-37540dc0b21a to vehicle veh36
[Midd4VCServer] Assigning job 0fdfba3d-0b9a-47b6-9313-9b6db93a4d04 to vehicle veh5
[Midd4VCServer] job 3633e0c3-d4b0-40d4-bb39-dd44ee5d3128 completed by vehicle veh39
[Midd4VCServer] Vehicle veh33 already registered.
[Midd4VCServer] job received: b8e7186c-3ad7-485d-8b43-675f5ed70fd7
[Midd4VCServer] Assigning job b8e7186c-3ad7-485d-8b43-675f5ed70fd7 to vehicle veh39
[Midd4VCServer] job b8e7186c-3ad7-485d-8b43-675f5ed70fd7 completed by vehicle veh39
[Midd4VCServer] Vehicle veh8 already registered.
[Midd4VCServer] job received: 07a68bb1-fec3-4831-9387-18617c2a3728
[Midd4VCServer] Assigning job 07a68bb1-fec3-4831-9387-18617c2a3728 to vehicle veh39
[Midd4VCServer] job 07a68bb1-fec3-4831-9387-18617c2a3728 completed by vehicle veh39
[Midd4VCServer] Vehicle veh20 already registered.
[Midd4VCServer] job received: b1c22574-de7a-4fe7-b60f-a429c7a25e8c
[Midd4VC] Job 54321a9a-59c2-4180-967d-774fc169779f timed out. Re-enqueueing.
[Midd4VC] Job 66c6e1e6-4e35-46b4-9cea-66c549359d08 timed out. Re-enqueueing.
[Midd4VC] Job 767fc62e-09ea-46d5-b4b0-c0fe5c5cc550 timed out. Re-enqueueing.
[Midd4VC] Job f1408e4d-709d-48fa-8d3c-e0cc3551c862 timed out. Re-enqueueing.
[Midd4VCServer] Assigning job f1408e4d-709d-48fa-8d3c-e0cc3551c862 to vehicle veh21
[Midd4VCServer] Assigning job 767fc62e-09ea-46d5-b4b0-c0fe5c5cc550 to vehicle veh2
[Midd4VCServer] Assigning job 66c6e1e6-4e35-46b4-9cea-66c549359d08 to vehicle veh37
[Midd4VCServer] Assigning job 54321a9a-59c2-4180-967d-774fc169779f to vehicle veh34
[Midd4VCServer] Assigning job b1c22574-de7a-4fe7-b60f-a429c7a25e8c to vehicle veh39
[Midd4VCServer] job 54321a9a-59c2-4180-967d-774fc169779f completed by vehicle veh34
[Midd4VCServer] job 66c6e1e6-4e35-46b4-9cea-66c549359d08 completed by vehicle veh37
[Midd4VCServer] job b1c22574-de7a-4fe7-b60f-a429c7a25e8c completed by vehicle veh39
[Midd4VCServer] Vehicle veh31 already registered.
[Midd4VCServer] job received: a720c61b-1bb8-409b-b2a1-4182efac74e4
[Midd4VC] Job 1cc32779-9865-408d-81f0-82d2051c0e12 timed out. Re-enqueueing.
[Midd4VCServer] Assigning job 1cc32779-9865-408d-81f0-82d2051c0e12 to vehicle veh1
[Midd4VCServer] Assigning job a720c61b-1bb8-409b-b2a1-4182efac74e4 to vehicle veh37
[Midd4VCServer] job 1cc32779-9865-408d-81f0-82d2051c0e12 completed by vehicle veh1
[Midd4VCServer] job a720c61b-1bb8-409b-b2a1-4182efac74e4 completed by vehicle veh37
[Midd4VCServer] job received: 9e1255b4-51d8-4c00-a8f1-47a8a1462276
[Midd4VC] Job d71d9488-75d8-461d-91cd-0d55c2d83f7e timed out. Re-enqueueing.
[Midd4VCServer] Assigning job d71d9488-75d8-461d-91cd-0d55c2d83f7e to vehicle veh27
[Midd4VCServer] Assigning job 9e1255b4-51d8-4c00-a8f1-47a8a1462276 to vehicle veh34
[Midd4VCServer] job d71d9488-75d8-461d-91cd-0d55c2d83f7e completed by vehicle veh27
[Midd4VCServer] job 9e1255b4-51d8-4c00-a8f1-47a8a1462276 completed by vehicle veh34
[Midd4VCServer] Vehicle veh4 already registered.
[Midd4VCServer] job received: 9c9ee967-6903-4c3c-9234-df568c80ea40
[Midd4VCServer] Assigning job 9c9ee967-6903-4c3c-9234-df568c80ea40 to vehicle veh9
[Midd4VCServer] job received: 720a8745-730a-4e6d-900c-60984c6d9fa6
[Midd4VC] Job 8e569287-9409-4e68-830c-28f26b8e2604 timed out. Re-enqueueing.
[Midd4VC] Job 28592bca-574f-485d-ab69-a4a85a0345d9 timed out. Re-enqueueing.
[Midd4VC] Job 2ddd804e-08d1-4b47-87b6-5e0c0468fe37 timed out. Re-enqueueing.
[Midd4VCServer] Assigning job 2ddd804e-08d1-4b47-87b6-5e0c0468fe37 to vehicle veh26
[Midd4VCServer] Assigning job 28592bca-574f-485d-ab69-a4a85a0345d9 to vehicle veh4
[Midd4VCServer] Assigning job 8e569287-9409-4e68-830c-28f26b8e2604 to vehicle veh29
[Midd4VCServer] Assigning job 720a8745-730a-4e6d-900c-60984c6d9fa6 to vehicle veh39
[Midd4VCServer] job 720a8745-730a-4e6d-900c-60984c6d9fa6 completed by vehicle veh39
[Midd4VCServer] job 28592bca-574f-485d-ab69-a4a85a0345d9 completed by vehicle veh4
[Midd4VCServer] job received: 74b2a64a-0ea8-4359-8119-c3c8ab4575f3
[Midd4VCServer] Assigning job 74b2a64a-0ea8-4359-8119-c3c8ab4575f3 to vehicle veh4
[Midd4VCServer] job 74b2a64a-0ea8-4359-8119-c3c8ab4575f3 completed by vehicle veh4
[Midd4VCServer] Vehicle veh40 already registered.
[Midd4VCServer] Disconnected with result code 0
[Midd4VCServer] Server stopped.
[Midd4VCServer] Connected with result code 0
[Midd4VCServer] Server started and subscribed to topics.
[Midd4VCServer] Vehicle veh28 already registered.
[Midd4VCServer] job received: a882dbcb-fa2e-4d55-81e0-3613b7ac48cd
[Midd4VC] Job ad40c851-73b8-479a-b139-9d2ceb9700cf timed out. Re-enqueueing.
[Midd4VCServer] Assigning job ad40c851-73b8-479a-b139-9d2ceb9700cf to vehicle veh4
[Midd4VCServer] Assigning job a882dbcb-fa2e-4d55-81e0-3613b7ac48cd to vehicle veh12
[Midd4VCServer] job a882dbcb-fa2e-4d55-81e0-3613b7ac48cd completed by vehicle veh12
[Midd4VCServer] job ad40c851-73b8-479a-b139-9d2ceb9700cf completed by vehicle veh4
[Midd4VCServer] Vehicle veh26 already registered.
[Midd4VCServer] Vehicle veh9 already registered.
[Midd4VCServer] job received: ad0489c9-a9e1-4d4e-8c7c-2e3b79e3f06b
[Midd4VCServer] Assigning job ad0489c9-a9e1-4d4e-8c7c-2e3b79e3f06b to vehicle veh4
[Midd4VCServer] job ad0489c9-a9e1-4d4e-8c7c-2e3b79e3f06b completed by vehicle veh4
[Midd4VCServer] Vehicle veh11 already registered.
[Midd4VCServer] job received: 25c04f1b-a502-442d-b6da-8a27967f053e
[Midd4VC] Job b8ab1ef9-b60c-4495-97f7-565f18fb35f5 timed out. Re-enqueueing.
[Midd4VC] Job ce4932be-d2f1-44c1-a1c6-bb670d11151b timed out. Re-enqueueing.
[Midd4VCServer] Assigning job ce4932be-d2f1-44c1-a1c6-bb670d11151b to vehicle veh23
[Midd4VCServer] Assigning job b8ab1ef9-b60c-4495-97f7-565f18fb35f5 to vehicle veh15
[Midd4VCServer] Assigning job 25c04f1b-a502-442d-b6da-8a27967f053e to vehicle veh4
[Midd4VCServer] job 25c04f1b-a502-442d-b6da-8a27967f053e completed by vehicle veh4
[Midd4VCServer] job received: 48dc5528-d30f-4fbe-93d7-9714e4dec054
[Midd4VCServer] Assigning job 48dc5528-d30f-4fbe-93d7-9714e4dec054 to vehicle veh20
[Midd4VCServer] job 48dc5528-d30f-4fbe-93d7-9714e4dec054 completed by vehicle veh20
[Midd4VCServer] job received: 17ddb62c-fddb-4793-9551-aa7a9c2aab92
[Midd4VCServer] Assigning job 17ddb62c-fddb-4793-9551-aa7a9c2aab92 to vehicle veh1
[Midd4VCServer] job 17ddb62c-fddb-4793-9551-aa7a9c2aab92 completed by vehicle veh1
[Midd4VCServer] Vehicle veh22 already registered.
[Midd4VCServer] Vehicle veh16 already registered.
[Midd4VCServer] Vehicle veh35 already registered.
[Midd4VCServer] job received: d10e95cb-3159-4b3b-9fe2-e1fcc89bd8e1
[Midd4VCServer] Assigning job d10e95cb-3159-4b3b-9fe2-e1fcc89bd8e1 to vehicle veh14
[Midd4VCServer] job received: e4bbce28-c9cb-4203-acbc-a4c163a38916
[Midd4VCServer] Assigning job e4bbce28-c9cb-4203-acbc-a4c163a38916 to vehicle veh27
[Midd4VCServer] Vehicle veh31 already registered.
[Midd4VCServer] job received: ac64bdbb-4645-42cc-ab90-d26f51066486
[Midd4VC] Job f1118dbc-6b8f-4798-9400-04bf7caa1b73 timed out. Re-enqueueing.
[Midd4VC] Job 011cac7f-37d6-4679-81ff-8070850a7057 timed out. Re-enqueueing.
[Midd4VCServer] Assigning job 011cac7f-37d6-4679-81ff-8070850a7057 to vehicle veh33
[Midd4VCServer] Assigning job f1118dbc-6b8f-4798-9400-04bf7caa1b73 to vehicle veh40
[Midd4VCServer] Assigning job ac64bdbb-4645-42cc-ab90-d26f51066486 to vehicle veh7
[Midd4VCServer] Vehicle veh27 already registered.
[Midd4VCServer] job f1118dbc-6b8f-4798-9400-04bf7caa1b73 completed by vehicle veh40
[Midd4VCServer] job received: c0319231-b870-48c3-ba21-5cca5af33c21
[Midd4VCServer] Assigning job c0319231-b870-48c3-ba21-5cca5af33c21 to vehicle veh40
[Midd4VCServer] job c0319231-b870-48c3-ba21-5cca5af33c21 completed by vehicle veh40
[Midd4VCServer] Vehicle veh12 already registered.
[Midd4VCServer] job received: 42379096-f121-48a4-9c5e-06ce621c0b83
[Midd4VCServer] Assigning job 42379096-f121-48a4-9c5e-06ce621c0b83 to vehicle veh40
[Midd4VCServer] job 42379096-f121-48a4-9c5e-06ce621c0b83 completed by vehicle veh40
[Midd4VCServer] job received: bea3d0e8-4518-4d52-8256-87cb9850363d
[Midd4VC] Job de9e5585-81a6-4232-bc9f-7044a732f725 timed out. Re-enqueueing.
[Midd4VCServer] Assigning job de9e5585-81a6-4232-bc9f-7044a732f725 to vehicle veh25
[Midd4VCServer] Assigning job bea3d0e8-4518-4d52-8256-87cb9850363d to vehicle veh40
[Midd4VCServer] job bea3d0e8-4518-4d52-8256-87cb9850363d completed by vehicle veh40
[Midd4VCServer] job received: 16365877-536c-41a5-9c16-38ca25180d3c
[Midd4VCServer] Assigning job 16365877-536c-41a5-9c16-38ca25180d3c to vehicle veh31
[Midd4VCServer] job 16365877-536c-41a5-9c16-38ca25180d3c completed by vehicle veh31
[Midd4VCServer] Vehicle veh37 already registered.
[Midd4VCServer] Vehicle veh7 already registered.
[Midd4VCServer] Vehicle veh2 already registered.
[Midd4VCServer] job received: 4ee82ffe-9643-4963-9fcf-6153e58c2686
[Midd4VCServer] Assigning job 4ee82ffe-9643-4963-9fcf-6153e58c2686 to vehicle veh22
[Midd4VCServer] Vehicle veh24 already registered.
[Midd4VCServer] Vehicle veh17 already registered.
[Midd4VCServer] job received: 02c50815-9342-485b-87fa-6c928ce143f3
[Midd4VCServer] Assigning job 02c50815-9342-485b-87fa-6c928ce143f3 to vehicle veh12
[Midd4VCServer] job 02c50815-9342-485b-87fa-6c928ce143f3 completed by vehicle veh12
[Midd4VCServer] Vehicle veh11 already registered.
[Midd4VCServer] job received: 2a863c54-799f-4fc4-821a-0cdc11343d62
[Midd4VC] Job f2effd15-e4c5-480c-b9cd-98c37a0e2e8f timed out. Re-enqueueing.
[Midd4VC] Job baa1ae0f-565c-40a4-8480-07fd95c34818 timed out. Re-enqueueing.
[Midd4VCServer] Assigning job baa1ae0f-565c-40a4-8480-07fd95c34818 to vehicle veh18
[Midd4VCServer] Assigning job f2effd15-e4c5-480c-b9cd-98c37a0e2e8f to vehicle veh28
[Midd4VCServer] Assigning job 2a863c54-799f-4fc4-821a-0cdc11343d62 to vehicle veh19
[Midd4VCServer] job f2effd15-e4c5-480c-b9cd-98c37a0e2e8f completed by vehicle veh28
[Midd4VCServer] Vehicle veh38 already registered.
[Midd4VCServer] job received: ad3305a7-d9d9-48db-bd01-617be0142f51
[Midd4VCServer] Assigning job ad3305a7-d9d9-48db-bd01-617be0142f51 to vehicle veh28
[Midd4VCServer] job ad3305a7-d9d9-48db-bd01-617be0142f51 completed by vehicle veh28
[Midd4VCServer] Vehicle veh21 already registered.
[Midd4VCServer] Vehicle veh9 already registered.
[Midd4VCServer] job received: 49cc30d3-e51a-4b89-b7b7-4fdfb3feaab3
[Midd4VCServer] Assigning job 49cc30d3-e51a-4b89-b7b7-4fdfb3feaab3 to vehicle veh28
[Midd4VCServer] job 49cc30d3-e51a-4b89-b7b7-4fdfb3feaab3 completed by vehicle veh28
[Midd4VCServer] job received: 6fac1bb4-3c85-4bb2-9e3e-26bce171dba3
[Midd4VCServer] Assigning job 6fac1bb4-3c85-4bb2-9e3e-26bce171dba3 to vehicle veh4
[Midd4VCServer] Vehicle veh19 already registered.
[Midd4VCServer] job received: 35179921-124e-4d4f-afa2-7260d86e3307
[Midd4VCServer] Assigning job 35179921-124e-4d4f-afa2-7260d86e3307 to vehicle veh32
[Midd4VCServer] job 35179921-124e-4d4f-afa2-7260d86e3307 completed by vehicle veh32
[Midd4VCServer] job received: 21850fe5-b1b9-432f-88b5-7813132c10c4
[Midd4VCServer] Assigning job 21850fe5-b1b9-432f-88b5-7813132c10c4 to vehicle veh37
[Midd4VCServer] Vehicle veh39 already registered.
[Midd4VCServer] job received: f16577fa-f14a-41d3-8030-f5504d316c14
[Midd4VCServer] Assigning job f16577fa-f14a-41d3-8030-f5504d316c14 to vehicle veh6
[Midd4VCServer] job received: 1810081d-5b1c-4d57-bfd7-706fbec7ad22
[Midd4VC] Job f68c56cc-f2bc-4e58-834f-0c15fe6156c8 timed out. Re-enqueueing.
[Midd4VCServer] Assigning job f68c56cc-f2bc-4e58-834f-0c15fe6156c8 to vehicle veh13
[Midd4VCServer] Assigning job 1810081d-5b1c-4d57-bfd7-706fbec7ad22 to vehicle veh34
[Midd4VCServer] job 1810081d-5b1c-4d57-bfd7-706fbec7ad22 completed by vehicle veh34
[Midd4VCServer] Vehicle veh33 already registered.
[Midd4VCServer] Vehicle veh34 already registered.
[Midd4VCServer] Vehicle veh14 already registered.
[Midd4VCServer] Vehicle veh37 already registered.
[Midd4VCServer] job received: 9c674145-28eb-4ece-91a5-06293acedca3
[Midd4VC] Job ccdcf3c2-8af7-4c33-9bc3-02924383cb2f timed out. Re-enqueueing.
[Midd4VCServer] Assigning job ccdcf3c2-8af7-4c33-9bc3-02924383cb2f to vehicle veh10
[Midd4VCServer] Assigning job 9c674145-28eb-4ece-91a5-06293acedca3 to vehicle veh30
[Midd4VCServer] Vehicle veh18 already registered.
[Midd4VCServer] job received: 25908b1f-bf47-4948-ab42-42a621d4d3f2
[Midd4VCServer] Assigning job 25908b1f-bf47-4948-ab42-42a621d4d3f2 to vehicle veh40
[Midd4VCServer] job received: e80c7e89-ccc1-4d92-89f3-ab9c82122109
[Midd4VC] Job 5c5d63dd-cbe4-422a-badd-d34990a71cbd timed out. Re-enqueueing.
[Midd4VC] Job 88a00ce5-d140-4789-aa95-badb06dd8778 timed out. Re-enqueueing.
[Midd4VC] Job e684e488-e19f-4042-b136-70c9cd0ece3a timed out. Re-enqueueing.
[Midd4VC] Job 2a0f2210-6dc8-4e00-9364-8352d5d269d7 timed out. Re-enqueueing.
[Midd4VC] Job f092fc62-b86b-4f23-98f7-ba58cacd9fbf timed out. Re-enqueueing.
[Midd4VC] Job b680512d-4f8c-4594-884f-fc94f08ff565 timed out. Re-enqueueing.
[Midd4VC] Job 85885f83-8576-4390-a190-5b3efb060b94 timed out. Re-enqueueing.
[Midd4VCServer] Assigning job 85885f83-8576-4390-a190-5b3efb060b94 to vehicle veh17
[Midd4VCServer] Assigning job b680512d-4f8c-4594-884f-fc94f08ff565 to vehicle veh38
[Midd4VCServer] Assigning job f092fc62-b86b-4f23-98f7-ba58cacd9fbf to vehicle veh35
[Midd4VCServer] Assigning job 2a0f2210-6dc8-4e00-9364-8352d5d269d7 to vehicle veh24
[Midd4VCServer] Assigning job e684e488-e19f-4042-b136-70c9cd0ece3a to vehicle veh3
[Midd4VCServer] Assigning job 88a00ce5-d140-4789-aa95-badb06dd8778 to vehicle veh8
[Midd4VCServer] Assigning job 5c5d63dd-cbe4-422a-badd-d34990a71cbd to vehicle veh11
[Midd4VCServer] Assigning job e80c7e89-ccc1-4d92-89f3-ab9c82122109 to vehicle veh39
[Midd4VCServer] job 2a0f2210-6dc8-4e00-9364-8352d5d269d7 completed by vehicle veh24
[Midd4VCServer] job b680512d-4f8c-4594-884f-fc94f08ff565 completed by vehicle veh38
[Midd4VCServer] job e80c7e89-ccc1-4d92-89f3-ab9c82122109 completed by vehicle veh39
[Midd4VCServer] job f092fc62-b86b-4f23-98f7-ba58cacd9fbf completed by vehicle veh35
[Midd4VCServer] job received: 8e03f8a1-b039-48c2-8496-f6f04e6e4eab
[Midd4VCServer] Assigning job 8e03f8a1-b039-48c2-8496-f6f04e6e4eab to vehicle veh38
[Midd4VCServer] job 8e03f8a1-b039-48c2-8496-f6f04e6e4eab completed by vehicle veh38
[Midd4VCServer] job received: 974f3fab-84b1-4175-a196-d4735c39951c
[Midd4VCServer] Assigning job 974f3fab-84b1-4175-a196-d4735c39951c to vehicle veh35
[Midd4VCServer] job 974f3fab-84b1-4175-a196-d4735c39951c completed by vehicle veh35
[Midd4VCServer] Vehicle veh30 already registered.
[Midd4VCServer] job received: 86dfb5b6-15c8-44b4-8ff1-d7ad15d64185
[Midd4VC] Job eb0d8ed8-32ac-4ad6-9921-4b8e76a0dd39 timed out. Re-enqueueing.
[Midd4VCServer] Assigning job eb0d8ed8-32ac-4ad6-9921-4b8e76a0dd39 to vehicle veh24
[Midd4VCServer] Assigning job 86dfb5b6-15c8-44b4-8ff1-d7ad15d64185 to vehicle veh38
[Midd4VCServer] job eb0d8ed8-32ac-4ad6-9921-4b8e76a0dd39 completed by vehicle veh24
[Midd4VCServer] job 86dfb5b6-15c8-44b4-8ff1-d7ad15d64185 completed by vehicle veh38
[Midd4VCServer] job received: e30e96d0-24e6-4cf2-a8a0-7b67f1b2b2b1
[Midd4VCServer] Assigning job e30e96d0-24e6-4cf2-a8a0-7b67f1b2b2b1 to vehicle veh35
[Midd4VCServer] job e30e96d0-24e6-4cf2-a8a0-7b67f1b2b2b1 completed by vehicle veh35
[Midd4VCServer] Vehicle veh25 already registered.
[Midd4VCServer] job received: 001e9792-cb15-4b9d-a30b-5f77c52bd251
[Midd4VC] Job f4969124-7abd-40b9-8c2b-37540dc0b21a timed out. Re-enqueueing.
[Midd4VC] Job 0fdfba3d-0b9a-47b6-9313-9b6db93a4d04 timed out. Re-enqueueing.
[Midd4VCServer] Assigning job 0fdfba3d-0b9a-47b6-9313-9b6db93a4d04 to vehicle veh36
[Midd4VCServer] Assigning job f4969124-7abd-40b9-8c2b-37540dc0b21a to vehicle veh16
[Midd4VCServer] Assigning job 001e9792-cb15-4b9d-a30b-5f77c52bd251 to vehicle veh5
[Midd4VCServer] Vehicle veh15 already registered.
[Midd4VCServer] job received: a6f13435-4a38-491c-b3c5-c9f4509a6e89
[Midd4VCServer] Assigning job a6f13435-4a38-491c-b3c5-c9f4509a6e89 to vehicle veh24
[Midd4VCServer] job a6f13435-4a38-491c-b3c5-c9f4509a6e89 completed by vehicle veh24
[Midd4VCServer] job received: a0291e02-a5e3-48d5-8394-2d13aec77fe3
[Midd4VCServer] Assigning job a0291e02-a5e3-48d5-8394-2d13aec77fe3 to vehicle veh38
[Midd4VCServer] job a0291e02-a5e3-48d5-8394-2d13aec77fe3 completed by vehicle veh38
[Midd4VCServer] Vehicle veh19 already registered.
[Midd4VCServer] Vehicle veh27 already registered.
[Midd4VCServer] job received: 51cd7abf-b4ff-44ee-b0ed-73aec480e804
[Midd4VC] Job f1408e4d-709d-48fa-8d3c-e0cc3551c862 timed out. Re-enqueueing.
[Midd4VC] Job 767fc62e-09ea-46d5-b4b0-c0fe5c5cc550 timed out. Re-enqueueing.
[Midd4VCServer] Assigning job 767fc62e-09ea-46d5-b4b0-c0fe5c5cc550 to vehicle veh21
[Midd4VCServer] Assigning job f1408e4d-709d-48fa-8d3c-e0cc3551c862 to vehicle veh2
[Midd4VCServer] Assigning job 51cd7abf-b4ff-44ee-b0ed-73aec480e804 to vehicle veh35
[Midd4VCServer] job 767fc62e-09ea-46d5-b4b0-c0fe5c5cc550 completed by vehicle veh21
[Midd4VCServer] job f1408e4d-709d-48fa-8d3c-e0cc3551c862 completed by vehicle veh2
[Midd4VCServer] Vehicle veh34 already registered.
[Midd4VCServer] job received: a8cec472-d499-4384-979c-b693411be4ae
[Midd4VCServer] Assigning job a8cec472-d499-4384-979c-b693411be4ae to vehicle veh21
[Midd4VCServer] job a8cec472-d499-4384-979c-b693411be4ae completed by vehicle veh21
[Midd4VCServer] Vehicle veh5 already registered.
[Midd4VCServer] job received: 76c8eee4-2fc4-4a00-8f73-05c04f81d45a
[Midd4VCServer] Assigning job 76c8eee4-2fc4-4a00-8f73-05c04f81d45a to vehicle veh2
[Midd4VCServer] job 76c8eee4-2fc4-4a00-8f73-05c04f81d45a completed by vehicle veh2
[Midd4VCServer] job received: 4e190c69-2f36-46e0-bc14-d6da6cde4bce
[Midd4VCServer] Assigning job 4e190c69-2f36-46e0-bc14-d6da6cde4bce to vehicle veh21
[Midd4VCServer] job 4e190c69-2f36-46e0-bc14-d6da6cde4bce completed by vehicle veh21
[Midd4VCServer] Vehicle veh35 already registered.
[Midd4VCServer] job received: b915d39e-22c8-4cd8-a859-06dc491dea3c
[Midd4VCServer] Assigning job b915d39e-22c8-4cd8-a859-06dc491dea3c to vehicle veh2
[Midd4VCServer] job received: 2e32068d-61e2-4141-b6d9-8fd90433d38d
[Midd4VC] Job 9c9ee967-6903-4c3c-9234-df568c80ea40 timed out. Re-enqueueing.
[Midd4VC] Job 2ddd804e-08d1-4b47-87b6-5e0c0468fe37 timed out. Re-enqueueing.
[Midd4VC] Job 8e569287-9409-4e68-830c-28f26b8e2604 timed out. Re-enqueueing.
[Midd4VCServer] Assigning job 8e569287-9409-4e68-830c-28f26b8e2604 to vehicle veh26
[Midd4VCServer] Assigning job 2ddd804e-08d1-4b47-87b6-5e0c0468fe37 to vehicle veh29
[Midd4VCServer] Assigning job 9c9ee967-6903-4c3c-9234-df568c80ea40 to vehicle veh21
[Midd4VCServer] Assigning job 2e32068d-61e2-4141-b6d9-8fd90433d38d to vehicle veh9
[Midd4VCServer] job 9c9ee967-6903-4c3c-9234-df568c80ea40 completed by vehicle veh21
[Midd4VCServer] job 2e32068d-61e2-4141-b6d9-8fd90433d38d completed by vehicle veh9
[Midd4VCServer] Vehicle veh31 already registered.
[Midd4VCServer] Vehicle veh10 already registered.
[Midd4VCServer] Vehicle veh8 already registered.
[Midd4VCServer] job received: 28511f0e-c87a-4194-85df-28fe51258e17
[Midd4VCServer] Assigning job 28511f0e-c87a-4194-85df-28fe51258e17 to vehicle veh21
[Midd4VCServer] job 28511f0e-c87a-4194-85df-28fe51258e17 completed by vehicle veh21
[Midd4VCServer] job received: c3d385e3-5162-4bcb-a0dc-f729fbbb2321
[Midd4VCServer] Assigning job c3d385e3-5162-4bcb-a0dc-f729fbbb2321 to vehicle veh9
[Midd4VCServer] job c3d385e3-5162-4bcb-a0dc-f729fbbb2321 completed by vehicle veh9
[Midd4VCServer] Vehicle veh37 already registered.
[Midd4VCServer] job received: d172a268-0e8d-46e2-9c4f-a8313cf255e0
[Midd4VCServer] Assigning job d172a268-0e8d-46e2-9c4f-a8313cf255e0 to vehicle veh20
[Midd4VCServer] job received: 6face38a-79e8-4a03-b2e2-3666017bfdf9
[Midd4VCServer] Assigning job 6face38a-79e8-4a03-b2e2-3666017bfdf9 to vehicle veh1
[Midd4VCServer] job 6face38a-79e8-4a03-b2e2-3666017bfdf9 completed by vehicle veh1
[Midd4VCServer] Vehicle veh4 already registered.
[Midd4VCServer] job received: 8fada92a-905f-45cb-8e13-7a927f04c2c6
[Midd4VCServer] Assigning job 8fada92a-905f-45cb-8e13-7a927f04c2c6 to vehicle veh28
[Midd4VCServer] Vehicle veh1 already registered.
[Midd4VCServer] job received: 0fba6d0e-50b4-4ad1-9d00-a71ec629c5b4
[Midd4VCServer] Assigning job 0fba6d0e-50b4-4ad1-9d00-a71ec629c5b4 to vehicle veh21
[Midd4VCServer] job 0fba6d0e-50b4-4ad1-9d00-a71ec629c5b4 completed by vehicle veh21
[Midd4VCServer] Vehicle veh26 already registered.
[Midd4VCServer] Vehicle veh3 already registered.
[Midd4VCServer] Vehicle veh23 already registered.
[Midd4VCServer] Vehicle veh24 already registered.
[Midd4VCServer] job received: f5cb69d4-82a4-442e-be4b-1d8d5912651d
[Midd4VC] Job ce4932be-d2f1-44c1-a1c6-bb670d11151b timed out. Re-enqueueing.
[Midd4VC] Job b8ab1ef9-b60c-4495-97f7-565f18fb35f5 timed out. Re-enqueueing.
[Midd4VCServer] Assigning job b8ab1ef9-b60c-4495-97f7-565f18fb35f5 to vehicle veh23
[Midd4VCServer] Assigning job ce4932be-d2f1-44c1-a1c6-bb670d11151b to vehicle veh15
[Midd4VCServer] Assigning job f5cb69d4-82a4-442e-be4b-1d8d5912651d to vehicle veh24
[Midd4VCServer] job f5cb69d4-82a4-442e-be4b-1d8d5912651d completed by vehicle veh24
[Midd4VCServer] job b8ab1ef9-b60c-4495-97f7-565f18fb35f5 completed by vehicle veh23
[Midd4VCServer] Vehicle veh12 already registered.
[Midd4VCServer] job received: ca9f46c5-984c-477f-af28-e81295702811
[Midd4VCServer] Assigning job ca9f46c5-984c-477f-af28-e81295702811 to vehicle veh23
[Midd4VCServer] job ca9f46c5-984c-477f-af28-e81295702811 completed by vehicle veh23
[Midd4VCServer] job received: 78cd084e-c3c5-4e6b-a534-8817ab4d8678
[Midd4VCServer] Assigning job 78cd084e-c3c5-4e6b-a534-8817ab4d8678 to vehicle veh23
[Midd4VCServer] Vehicle veh15 already registered.
[Midd4VCServer] job received: 7ac05944-49ff-403b-836f-24be0c561ff9
[Midd4VCServer] Assigning job 7ac05944-49ff-403b-836f-24be0c561ff9 to vehicle veh38
[Midd4VCServer] job 7ac05944-49ff-403b-836f-24be0c561ff9 completed by vehicle veh38
[Midd4VCServer] Vehicle veh32 already registered.
[Midd4VCServer] Vehicle veh13 already registered.
[Midd4VCServer] job received: 393d3fec-c1b1-46f2-8451-14c3b7e666e7
[Midd4VC] Job d10e95cb-3159-4b3b-9fe2-e1fcc89bd8e1 timed out. Re-enqueueing.
[Midd4VC] Job e4bbce28-c9cb-4203-acbc-a4c163a38916 timed out. Re-enqueueing.
[Midd4VC] Job 011cac7f-37d6-4679-81ff-8070850a7057 timed out. Re-enqueueing.
[Midd4VC] Job ac64bdbb-4645-42cc-ab90-d26f51066486 timed out. Re-enqueueing.
[Midd4VCServer] Assigning job ac64bdbb-4645-42cc-ab90-d26f51066486 to vehicle veh33
[Midd4VCServer] Assigning job 011cac7f-37d6-4679-81ff-8070850a7057 to vehicle veh14
[Midd4VCServer] Assigning job e4bbce28-c9cb-4203-acbc-a4c163a38916 to vehicle veh27
[Midd4VCServer] Assigning job d10e95cb-3159-4b3b-9fe2-e1fcc89bd8e1 to vehicle veh7
[Midd4VCServer] Assigning job 393d3fec-c1b1-46f2-8451-14c3b7e666e7 to vehicle veh31
[Midd4VCServer] job e4bbce28-c9cb-4203-acbc-a4c163a38916 completed by vehicle veh27
[Midd4VCServer] job d10e95cb-3159-4b3b-9fe2-e1fcc89bd8e1 completed by vehicle veh7
[Midd4VCServer] Vehicle veh6 already registered.
[Midd4VCServer] Vehicle veh22 already registered.
[Midd4VCServer] Vehicle veh14 already registered.
[Midd4VCServer] job received: 74f5f463-e104-4585-8d91-fcd34888ed82
[Midd4VC] Job de9e5585-81a6-4232-bc9f-7044a732f725 timed out. Re-enqueueing.
[Midd4VCServer] Assigning job de9e5585-81a6-4232-bc9f-7044a732f725 to vehicle veh25
[Midd4VCServer] Assigning job 74f5f463-e104-4585-8d91-fcd34888ed82 to vehicle veh27
[Midd4VCServer] job 74f5f463-e104-4585-8d91-fcd34888ed82 completed by vehicle veh27
[Midd4VCServer] job received: 13355f28-7c8a-404b-b31a-2ab3b65e149f
[Midd4VCServer] Assigning job 13355f28-7c8a-404b-b31a-2ab3b65e149f to vehicle veh7
[Midd4VCServer] job received: 44e5195d-2edb-4c55-a623-368cae3217bc
[Midd4VCServer] Assigning job 44e5195d-2edb-4c55-a623-368cae3217bc to vehicle veh12
[Midd4VCServer] job received: 20fa389d-c87f-47ff-8a98-1b2aecc7d3a0
[Midd4VCServer] Assigning job 20fa389d-c87f-47ff-8a98-1b2aecc7d3a0 to vehicle veh32
[Midd4VCServer] job 20fa389d-c87f-47ff-8a98-1b2aecc7d3a0 completed by vehicle veh32
[Midd4VCServer] Vehicle veh16 already registered.
[Midd4VCServer] Vehicle veh33 already registered.
[Midd4VCServer] job received: f2939338-8392-416d-a03e-8517b7e773a5
[Midd4VC] Job 4ee82ffe-9643-4963-9fcf-6153e58c2686 timed out. Re-enqueueing.
[Midd4VCServer] Assigning job 4ee82ffe-9643-4963-9fcf-6153e58c2686 to vehicle veh22
[Midd4VCServer] Assigning job f2939338-8392-416d-a03e-8517b7e773a5 to vehicle veh34
[Midd4VCServer] job 4ee82ffe-9643-4963-9fcf-6153e58c2686 completed by vehicle veh22
[Midd4VCServer] job received: 83d37c50-914b-4745-8f3b-766789aa7f93
[Midd4VCServer] Assigning job 83d37c50-914b-4745-8f3b-766789aa7f93 to vehicle veh22
[Midd4VCServer] job 83d37c50-914b-4745-8f3b-766789aa7f93 completed by vehicle veh22
[Midd4VCServer] Vehicle veh37 already registered.
[Midd4VCServer] job received: 7e921208-055f-47e5-b6e5-3eaeb4111ca9
[Midd4VCServer] Assigning job 7e921208-055f-47e5-b6e5-3eaeb4111ca9 to vehicle veh9
[Midd4VCServer] Vehicle veh35 already registered.
[Midd4VCServer] Vehicle veh2 already registered.
[Midd4VCServer] job received: ba74bf38-52f0-4aa9-abff-4faa5d4848fd
[Midd4VCServer] Assigning job ba74bf38-52f0-4aa9-abff-4faa5d4848fd to vehicle veh39
[Midd4VCServer] Vehicle veh7 already registered.
[Midd4VCServer] Vehicle veh15 already registered.
[Midd4VCServer] Vehicle veh38 already registered.
[Midd4VCServer] Vehicle veh28 already registered.
[Midd4VCServer] job received: cc958034-2620-4833-847b-3f130f88c2d4
[Midd4VC] Job baa1ae0f-565c-40a4-8480-07fd95c34818 timed out. Re-enqueueing.
[Midd4VC] Job 2a863c54-799f-4fc4-821a-0cdc11343d62 timed out. Re-enqueueing.
[Midd4VCServer] Assigning job 2a863c54-799f-4fc4-821a-0cdc11343d62 to vehicle veh18
[Midd4VCServer] Assigning job baa1ae0f-565c-40a4-8480-07fd95c34818 to vehicle veh19
[Midd4VCServer] Assigning job cc958034-2620-4833-847b-3f130f88c2d4 to vehicle veh1
[Midd4VCServer] job cc958034-2620-4833-847b-3f130f88c2d4 completed by vehicle veh1
[Midd4VCServer] job received: 941d6ee8-f12a-41d2-8da2-743fde14177c
[Midd4VCServer] Assigning job 941d6ee8-f12a-41d2-8da2-743fde14177c to vehicle veh21
[Midd4VCServer] Vehicle veh25 already registered.
[Midd4VCServer] Vehicle veh1 already registered.
[Midd4VCServer] job received: 015e0e8f-1ffe-4ce4-a352-2e65d3c4b350
[Midd4VC] Job 6fac1bb4-3c85-4bb2-9e3e-26bce171dba3 timed out. Re-enqueueing.
[Midd4VCServer] Assigning job 6fac1bb4-3c85-4bb2-9e3e-26bce171dba3 to vehicle veh4
[Midd4VCServer] Assigning job 015e0e8f-1ffe-4ce4-a352-2e65d3c4b350 to vehicle veh27
[Midd4VCServer] job 6fac1bb4-3c85-4bb2-9e3e-26bce171dba3 completed by vehicle veh4
[Midd4VCServer] job 015e0e8f-1ffe-4ce4-a352-2e65d3c4b350 completed by vehicle veh27
[Midd4VCServer] job received: 571b7116-0490-45c2-8346-c2b19d42a529
[Midd4VC] Job 21850fe5-b1b9-432f-88b5-7813132c10c4 timed out. Re-enqueueing.
[Midd4VC] Job f16577fa-f14a-41d3-8030-f5504d316c14 timed out. Re-enqueueing.
[Midd4VCServer] Assigning job f16577fa-f14a-41d3-8030-f5504d316c14 to vehicle veh37
[Midd4VCServer] Assigning job 21850fe5-b1b9-432f-88b5-7813132c10c4 to vehicle veh6
[Midd4VCServer] Assigning job 571b7116-0490-45c2-8346-c2b19d42a529 to vehicle veh4
[Midd4VCServer] job 571b7116-0490-45c2-8346-c2b19d42a529 completed by vehicle veh4
[Midd4VCServer] job f16577fa-f14a-41d3-8030-f5504d316c14 completed by vehicle veh37
[Midd4VCServer] Vehicle veh11 already registered.
[Midd4VCServer] job received: d02bb8ae-8f72-48cd-b9a8-005fd85562b1
[Midd4VCServer] Assigning job d02bb8ae-8f72-48cd-b9a8-005fd85562b1 to vehicle veh37
[Midd4VCServer] job d02bb8ae-8f72-48cd-b9a8-005fd85562b1 completed by vehicle veh37
[Midd4VCServer] job received: d8e68abb-ecf0-42dc-aad5-4a501b7776c2
[Midd4VC] Job f68c56cc-f2bc-4e58-834f-0c15fe6156c8 timed out. Re-enqueueing.
[Midd4VCServer] Assigning job f68c56cc-f2bc-4e58-834f-0c15fe6156c8 to vehicle veh13
[Midd4VCServer] Assigning job d8e68abb-ecf0-42dc-aad5-4a501b7776c2 to vehicle veh24
[Midd4VCServer] Vehicle veh10 already registered.
[Midd4VCServer] job received: 18eb62a0-b689-416d-a5dc-83d8f16fbcef
[Midd4VC] Job ccdcf3c2-8af7-4c33-9bc3-02924383cb2f timed out. Re-enqueueing.
[Midd4VC] Job 9c674145-28eb-4ece-91a5-06293acedca3 timed out. Re-enqueueing.
[Midd4VCServer] Assigning job 9c674145-28eb-4ece-91a5-06293acedca3 to vehicle veh10
[Midd4VCServer] Assigning job ccdcf3c2-8af7-4c33-9bc3-02924383cb2f to vehicle veh30
[Midd4VCServer] Assigning job 18eb62a0-b689-416d-a5dc-83d8f16fbcef to vehicle veh38
[Midd4VCServer] job 9c674145-28eb-4ece-91a5-06293acedca3 completed by vehicle veh10
[Midd4VCServer] Vehicle veh24 already registered.
[Midd4VCServer] Vehicle veh9 already registered.
[Midd4VCServer] job received: 19c0300b-b834-4caa-807b-ffed9053114c
[Midd4VC] Job 25908b1f-bf47-4948-ab42-42a621d4d3f2 timed out. Re-enqueueing.
[Midd4VCServer] Assigning job 25908b1f-bf47-4948-ab42-42a621d4d3f2 to vehicle veh10
[Midd4VCServer] Assigning job 19c0300b-b834-4caa-807b-ffed9053114c to vehicle veh40
[Midd4VCServer] job 25908b1f-bf47-4948-ab42-42a621d4d3f2 completed by vehicle veh10
[Midd4VCServer] Vehicle veh35 already registered.
[Midd4VCServer] Vehicle veh5 already registered.
[Midd4VCServer] job received: 1a5d38aa-caed-45e9-821d-16b702ff4052
[Midd4VC] Job 85885f83-8576-4390-a190-5b3efb060b94 timed out. Re-enqueueing.
[Midd4VC] Job e684e488-e19f-4042-b136-70c9cd0ece3a timed out. Re-enqueueing.
[Midd4VC] Job 88a00ce5-d140-4789-aa95-badb06dd8778 timed out. Re-enqueueing.
[Midd4VC] Job 5c5d63dd-cbe4-422a-badd-d34990a71cbd timed out. Re-enqueueing.
[Midd4VCServer] Assigning job 5c5d63dd-cbe4-422a-badd-d34990a71cbd to vehicle veh17
[Midd4VCServer] Assigning job 88a00ce5-d140-4789-aa95-badb06dd8778 to vehicle veh3
[Midd4VCServer] Assigning job e684e488-e19f-4042-b136-70c9cd0ece3a to vehicle veh8
[Midd4VCServer] Assigning job 85885f83-8576-4390-a190-5b3efb060b94 to vehicle veh11
[Midd4VCServer] Assigning job 1a5d38aa-caed-45e9-821d-16b702ff4052 to vehicle veh10
[Midd4VCServer] job 85885f83-8576-4390-a190-5b3efb060b94 completed by vehicle veh11
[Midd4VCServer] job 1a5d38aa-caed-45e9-821d-16b702ff4052 completed by vehicle veh10
[Midd4VCServer] Vehicle veh13 already registered.
[Midd4VCServer] job received: 96fe76cd-4016-4d8e-9e99-179a3f6cc80e
[Midd4VCServer] Assigning job 96fe76cd-4016-4d8e-9e99-179a3f6cc80e to vehicle veh11
[Midd4VCServer] job 96fe76cd-4016-4d8e-9e99-179a3f6cc80e completed by vehicle veh11
[Midd4VCServer] Vehicle veh29 already registered.
[Midd4VCServer] job received: e7f43086-a76b-46d8-85b3-558509bc00ea
[Midd4VCServer] Assigning job e7f43086-a76b-46d8-85b3-558509bc00ea to vehicle veh11
[Midd4VCServer] job e7f43086-a76b-46d8-85b3-558509bc00ea completed by vehicle veh11
[Midd4VCServer] job received: cb55f77d-19b1-4724-a64e-546dd827c1ca
[Midd4VCServer] Assigning job cb55f77d-19b1-4724-a64e-546dd827c1ca to vehicle veh11
[Midd4VCServer] job cb55f77d-19b1-4724-a64e-546dd827c1ca completed by vehicle veh11
[Midd4VCServer] job received: c70093db-61fd-4896-917b-6b8e0f9444c6
[Midd4VCServer] Assigning job c70093db-61fd-4896-917b-6b8e0f9444c6 to vehicle veh22
[Midd4VCServer] Vehicle veh28 already registered.
[Midd4VCServer] job received: a352c935-672e-4e96-8151-722275661801
[Midd4VCServer] Assigning job a352c935-672e-4e96-8151-722275661801 to vehicle veh11
[Midd4VCServer] job a352c935-672e-4e96-8151-722275661801 completed by vehicle veh11
[Midd4VCServer] job received: 3bf3a29c-4e4e-4c6f-b5b7-b56055a6afda
[Midd4VCServer] Assigning job 3bf3a29c-4e4e-4c6f-b5b7-b56055a6afda to vehicle veh4
[Midd4VCServer] Vehicle veh17 already registered.
[Midd4VCServer] job received: 8a2d7ea3-bb12-481c-8a50-9adda1f30c7f
[Midd4VC] Job 0fdfba3d-0b9a-47b6-9313-9b6db93a4d04 timed out. Re-enqueueing.
[Midd4VC] Job f4969124-7abd-40b9-8c2b-37540dc0b21a timed out. Re-enqueueing.
[Midd4VC] Job 001e9792-cb15-4b9d-a30b-5f77c52bd251 timed out. Re-enqueueing.
[Midd4VCServer] Assigning job 001e9792-cb15-4b9d-a30b-5f77c52bd251 to vehicle veh36
[Midd4VCServer] Assigning job f4969124-7abd-40b9-8c2b-37540dc0b21a to vehicle veh16
[Midd4VCServer] Assigning job 0fdfba3d-0b9a-47b6-9313-9b6db93a4d04 to vehicle veh5
[Midd4VCServer] Assigning job 8a2d7ea3-bb12-481c-8a50-9adda1f30c7f to vehicle veh10
[Midd4VCServer] job 8a2d7ea3-bb12-481c-8a50-9adda1f30c7f completed by vehicle veh10
[Midd4VCServer] job 0fdfba3d-0b9a-47b6-9313-9b6db93a4d04 completed by vehicle veh5
[Midd4VCServer] job received: b861b896-3651-42b9-8f7a-7086084b8aea
[Midd4VCServer] Assigning job b861b896-3651-42b9-8f7a-7086084b8aea to vehicle veh5
[Midd4VCServer] job b861b896-3651-42b9-8f7a-7086084b8aea completed by vehicle veh5
[Midd4VCServer] Vehicle veh7 already registered.
[Midd4VCServer] Vehicle veh12 already registered.
[Midd4VCServer] job received: 01acdfd6-4f9f-4a5f-987f-a508ab1f5991
[Midd4VC] Job 51cd7abf-b4ff-44ee-b0ed-73aec480e804 timed out. Re-enqueueing.
[Midd4VCServer] Assigning job 51cd7abf-b4ff-44ee-b0ed-73aec480e804 to vehicle veh35
[Midd4VCServer] Assigning job 01acdfd6-4f9f-4a5f-987f-a508ab1f5991 to vehicle veh5
[Midd4VCServer] job 51cd7abf-b4ff-44ee-b0ed-73aec480e804 completed by vehicle veh35
[Midd4VCServer] job 01acdfd6-4f9f-4a5f-987f-a508ab1f5991 completed by vehicle veh5
[Midd4VCServer] Vehicle veh1 already registered.
[Midd4VCServer] job received: 25b00682-6fdb-4d8d-a0d9-0923551969fc
[Midd4VCServer] Assigning job 25b00682-6fdb-4d8d-a0d9-0923551969fc to vehicle veh35
[Midd4VCServer] job 25b00682-6fdb-4d8d-a0d9-0923551969fc completed by vehicle veh35
[Midd4VCServer] Vehicle veh15 already registered.
[Midd4VCServer] Vehicle veh10 already registered.
[Midd4VCServer] Vehicle veh36 already registered.
[Midd4VCServer] Vehicle veh25 already registered.
[Midd4VCServer] Vehicle veh23 already registered.
[Midd4VCServer] job received: 4c581176-0f0e-458b-8409-2797bf57006a
[Midd4VC] Job b915d39e-22c8-4cd8-a859-06dc491dea3c timed out. Re-enqueueing.
[Midd4VC] Job 8e569287-9409-4e68-830c-28f26b8e2604 timed out. Re-enqueueing.
[Midd4VC] Job 2ddd804e-08d1-4b47-87b6-5e0c0468fe37 timed out. Re-enqueueing.
[Midd4VCServer] Assigning job 2ddd804e-08d1-4b47-87b6-5e0c0468fe37 to vehicle veh26
[Midd4VCServer] Assigning job 8e569287-9409-4e68-830c-28f26b8e2604 to vehicle veh29
[Midd4VCServer] Assigning job b915d39e-22c8-4cd8-a859-06dc491dea3c to vehicle veh2
[Midd4VCServer] Assigning job 4c581176-0f0e-458b-8409-2797bf57006a to vehicle veh35
[Midd4VCServer] job 4c581176-0f0e-458b-8409-2797bf57006a completed by vehicle veh35
[Midd4VCServer] job received: 37a37ecb-93ca-4483-baed-07153eb147c4
[Midd4VCServer] Assigning job 37a37ecb-93ca-4483-baed-07153eb147c4 to vehicle veh32
[Midd4VCServer] Vehicle veh16 already registered.
[Midd4VCServer] job received: 5d0af64c-8162-4886-9caa-de4696cc60e1
[Midd4VCServer] Assigning job 5d0af64c-8162-4886-9caa-de4696cc60e1 to vehicle veh37
[Midd4VCServer] job received: 6c07d208-8c39-437a-b41c-66fa54c89087
[Midd4VCServer] Assigning job 6c07d208-8c39-437a-b41c-66fa54c89087 to vehicle veh5
[Midd4VCServer] job 6c07d208-8c39-437a-b41c-66fa54c89087 completed by vehicle veh5
[Midd4VCServer] job received: d17e611f-282a-48fd-a922-f61d047d3ed8
[Midd4VCServer] Assigning job d17e611f-282a-48fd-a922-f61d047d3ed8 to vehicle veh1
[Midd4VCServer] job d17e611f-282a-48fd-a922-f61d047d3ed8 completed by vehicle veh1
[Midd4VCServer] job received: 59cf70f3-fad8-469b-9023-17cfc76cb2fa
[Midd4VCServer] Assigning job 59cf70f3-fad8-469b-9023-17cfc76cb2fa to vehicle veh27
[Midd4VCServer] job received: a25e6bb1-72b2-4ff5-9a45-66964e73bd3a
[Midd4VCServer] Assigning job a25e6bb1-72b2-4ff5-9a45-66964e73bd3a to vehicle veh35
[Midd4VCServer] job a25e6bb1-72b2-4ff5-9a45-66964e73bd3a completed by vehicle veh35
[Midd4VCServer] Vehicle veh34 already registered.
[Midd4VCServer] Vehicle veh20 already registered.
[Midd4VCServer] Vehicle veh40 already registered.
[Midd4VCServer] Vehicle veh22 already registered.
[Midd4VCServer] job received: fdb080a6-0ff7-4e8b-a428-af09e123daf9
[Midd4VC] Job d172a268-0e8d-46e2-9c4f-a8313cf255e0 timed out. Re-enqueueing.
[Midd4VC] Job 8fada92a-905f-45cb-8e13-7a927f04c2c6 timed out. Re-enqueueing.
[Midd4VCServer] Assigning job 8fada92a-905f-45cb-8e13-7a927f04c2c6 to vehicle veh20
[Midd4VCServer] Assigning job d172a268-0e8d-46e2-9c4f-a8313cf255e0 to vehicle veh28
[Midd4VCServer] Assigning job fdb080a6-0ff7-4e8b-a428-af09e123daf9 to vehicle veh11
[Midd4VCServer] job 8fada92a-905f-45cb-8e13-7a927f04c2c6 completed by vehicle veh20
[Midd4VCServer] job fdb080a6-0ff7-4e8b-a428-af09e123daf9 completed by vehicle veh11
[Midd4VCServer] job d172a268-0e8d-46e2-9c4f-a8313cf255e0 completed by vehicle veh28
[Midd4VCServer] Vehicle veh19 already registered.
[Midd4VCServer] Vehicle veh38 already registered.
[Midd4VCServer] job received: 44d66420-6030-43fd-b41d-aa2efe06447f
[Midd4VC] Job ce4932be-d2f1-44c1-a1c6-bb670d11151b timed out. Re-enqueueing.
[Midd4VC] Job 78cd084e-c3c5-4e6b-a534-8817ab4d8678 timed out. Re-enqueueing.
[Midd4VCServer] Assigning job 78cd084e-c3c5-4e6b-a534-8817ab4d8678 to vehicle veh23
[Midd4VCServer] Assigning job ce4932be-d2f1-44c1-a1c6-bb670d11151b to vehicle veh15
[Midd4VCServer] Assigning job 44d66420-6030-43fd-b41d-aa2efe06447f to vehicle veh20
[Midd4VCServer] job 78cd084e-c3c5-4e6b-a534-8817ab4d8678 completed by vehicle veh23
[Midd4VCServer] job received: 799b6e88-c31a-412b-bac7-4f03be4eb60b
[Midd4VCServer] Assigning job 799b6e88-c31a-412b-bac7-4f03be4eb60b to vehicle veh23
[Midd4VCServer] job 799b6e88-c31a-412b-bac7-4f03be4eb60b completed by vehicle veh23
[Midd4VCServer] Vehicle veh37 already registered.
[Midd4VCServer] job received: 9bffa306-e7e0-436c-b290-848d74b9cf6b
[Midd4VCServer] Assigning job 9bffa306-e7e0-436c-b290-848d74b9cf6b to vehicle veh23
[Midd4VCServer] Vehicle veh13 already registered.
[Midd4VCServer] job 9bffa306-e7e0-436c-b290-848d74b9cf6b completed by vehicle veh23
[Midd4VCServer] Vehicle veh39 already registered.
[Midd4VCServer] job received: 52181e80-f8ff-45a8-bc4d-9d0aca2eb204
[Midd4VCServer] Assigning job 52181e80-f8ff-45a8-bc4d-9d0aca2eb204 to vehicle veh23
[Midd4VCServer] job 52181e80-f8ff-45a8-bc4d-9d0aca2eb204 completed by vehicle veh23
[Midd4VCServer] Vehicle veh20 already registered.
[Midd4VCServer] job received: e0fe8156-a969-4d87-9a97-36b2fb95cf0a
[Midd4VCServer] Assigning job e0fe8156-a969-4d87-9a97-36b2fb95cf0a to vehicle veh23
[Midd4VCServer] job e0fe8156-a969-4d87-9a97-36b2fb95cf0a completed by vehicle veh23
[Midd4VCServer] job received: c5d3bc94-20f5-47bb-8e47-bb60e40b32c7
[Midd4VCServer] Assigning job c5d3bc94-20f5-47bb-8e47-bb60e40b32c7 to vehicle veh23
[Midd4VCServer] job c5d3bc94-20f5-47bb-8e47-bb60e40b32c7 completed by vehicle veh23
[Midd4VCServer] Vehicle veh32 already registered.
[Midd4VCServer] Vehicle veh17 already registered.
[Midd4VCServer] job received: 3c707a6b-30c5-4f45-b614-5b7505ef46c7
[Midd4VC] Job ac64bdbb-4645-42cc-ab90-d26f51066486 timed out. Re-enqueueing.
[Midd4VC] Job 011cac7f-37d6-4679-81ff-8070850a7057 timed out. Re-enqueueing.
[Midd4VC] Job 393d3fec-c1b1-46f2-8451-14c3b7e666e7 timed out. Re-enqueueing.
[Midd4VCServer] Assigning job 393d3fec-c1b1-46f2-8451-14c3b7e666e7 to vehicle veh33
[Midd4VCServer] Assigning job 011cac7f-37d6-4679-81ff-8070850a7057 to vehicle veh14
[Midd4VCServer] Assigning job ac64bdbb-4645-42cc-ab90-d26f51066486 to vehicle veh31
[Midd4VCServer] Assigning job 3c707a6b-30c5-4f45-b614-5b7505ef46c7 to vehicle veh28
[Midd4VCServer] job 011cac7f-37d6-4679-81ff-8070850a7057 completed by vehicle veh14
[Midd4VCServer] job ac64bdbb-4645-42cc-ab90-d26f51066486 completed by vehicle veh31
[Midd4VCServer] job 3c707a6b-30c5-4f45-b614-5b7505ef46c7 completed by vehicle veh28
[Midd4VCServer] Vehicle veh14 already registered.
[Midd4VCServer] Vehicle veh31 already registered.
[Midd4VCServer] job received: d16864b0-4f91-4f2d-936e-33ca0f7a6553
[Midd4VCServer] Assigning job d16864b0-4f91-4f2d-936e-33ca0f7a6553 to vehicle veh14
[Midd4VCServer] job d16864b0-4f91-4f2d-936e-33ca0f7a6553 completed by vehicle veh14
[Midd4VCServer] Vehicle veh24 already registered.
[Midd4VCServer] job received: 9e32ebd0-c3fc-4667-aaad-3a9f5354b7fd
[Midd4VC] Job de9e5585-81a6-4232-bc9f-7044a732f725 timed out. Re-enqueueing.
[Midd4VC] Job 13355f28-7c8a-404b-b31a-2ab3b65e149f timed out. Re-enqueueing.
[Midd4VC] Job 44e5195d-2edb-4c55-a623-368cae3217bc timed out. Re-enqueueing.
[Midd4VCServer] Assigning job 44e5195d-2edb-4c55-a623-368cae3217bc to vehicle veh25
[Midd4VCServer] Assigning job 13355f28-7c8a-404b-b31a-2ab3b65e149f to vehicle veh7
[Midd4VCServer] Assigning job de9e5585-81a6-4232-bc9f-7044a732f725 to vehicle veh12
[Midd4VCServer] Assigning job 9e32ebd0-c3fc-4667-aaad-3a9f5354b7fd to vehicle veh14
[Midd4VCServer] job 9e32ebd0-c3fc-4667-aaad-3a9f5354b7fd completed by vehicle veh14
[Midd4VCServer] Vehicle veh27 already registered.
[Midd4VCServer] job received: 3ae889a4-2a02-49b0-8b7b-53872f91f4c1
[Midd4VCServer] Assigning job 3ae889a4-2a02-49b0-8b7b-53872f91f4c1 to vehicle veh31
[Midd4VCServer] job 3ae889a4-2a02-49b0-8b7b-53872f91f4c1 completed by vehicle veh31
[Midd4VCServer] Vehicle veh15 already registered.
[Midd4VCServer] job received: 98153f8a-0762-4332-889d-c6cffb145e27
[Midd4VC] Job f2939338-8392-416d-a03e-8517b7e773a5 timed out. Re-enqueueing.
[Midd4VC] Job 7e921208-055f-47e5-b6e5-3eaeb4111ca9 timed out. Re-enqueueing.
[Midd4VCServer] Assigning job 7e921208-055f-47e5-b6e5-3eaeb4111ca9 to vehicle veh34
[Midd4VCServer] Assigning job f2939338-8392-416d-a03e-8517b7e773a5 to vehicle veh9
[Midd4VCServer] Assigning job 98153f8a-0762-4332-889d-c6cffb145e27 to vehicle veh23
[Midd4VCServer] Vehicle veh25 already registered.
[Midd4VCServer] job received: 3ebc8aa7-6dcc-4d85-9401-187ec6467519
[Midd4VC] Job ba74bf38-52f0-4aa9-abff-4faa5d4848fd timed out. Re-enqueueing.
[Midd4VCServer] Assigning job ba74bf38-52f0-4aa9-abff-4faa5d4848fd to vehicle veh39
[Midd4VCServer] Assigning job 3ebc8aa7-6dcc-4d85-9401-187ec6467519 to vehicle veh28
[Midd4VCServer] job ba74bf38-52f0-4aa9-abff-4faa5d4848fd completed by vehicle veh39
[Midd4VCServer] job received: 375699b4-50c4-41b4-afa6-facb2369be6c
[Midd4VCServer] Assigning job 375699b4-50c4-41b4-afa6-facb2369be6c to vehicle veh39
[Midd4VCServer] job 375699b4-50c4-41b4-afa6-facb2369be6c completed by vehicle veh39
[Midd4VCServer] job received: 9fcd3c48-1969-4251-a64b-d982269cd67c
[Midd4VCServer] Assigning job 9fcd3c48-1969-4251-a64b-d982269cd67c to vehicle veh14
[Midd4VCServer] job 9fcd3c48-1969-4251-a64b-d982269cd67c completed by vehicle veh14
[Midd4VCServer] Vehicle veh2 already registered.
[Midd4VCServer] job received: fcc53836-5bab-4fac-b264-e8adb9d75582
[Midd4VCServer] Assigning job fcc53836-5bab-4fac-b264-e8adb9d75582 to vehicle veh31
[Midd4VCServer] job fcc53836-5bab-4fac-b264-e8adb9d75582 completed by vehicle veh31
[Midd4VCServer] job received: 3e2110eb-1bd4-47e9-8dc8-c181a9f64fa2
[Midd4VC] Job 2a863c54-799f-4fc4-821a-0cdc11343d62 timed out. Re-enqueueing.
[Midd4VC] Job baa1ae0f-565c-40a4-8480-07fd95c34818 timed out. Re-enqueueing.
[Midd4VC] Job 941d6ee8-f12a-41d2-8da2-743fde14177c timed out. Re-enqueueing.
[Midd4VCServer] Assigning job 941d6ee8-f12a-41d2-8da2-743fde14177c to vehicle veh18
[Midd4VCServer] Assigning job baa1ae0f-565c-40a4-8480-07fd95c34818 to vehicle veh19
[Midd4VCServer] Assigning job 2a863c54-799f-4fc4-821a-0cdc11343d62 to vehicle veh21
[Midd4VCServer] Assigning job 3e2110eb-1bd4-47e9-8dc8-c181a9f64fa2 to vehicle veh10
[Midd4VCServer] job baa1ae0f-565c-40a4-8480-07fd95c34818 completed by vehicle veh19
[Midd4VCServer] Vehicle veh32 already registered.
[Midd4VCServer] Vehicle veh33 already registered.
[Midd4VCServer] job received: c6411105-3bdc-4537-a790-998ea4f09828
[Midd4VC] Job 21850fe5-b1b9-432f-88b5-7813132c10c4 timed out. Re-enqueueing.
[Midd4VCServer] Assigning job 21850fe5-b1b9-432f-88b5-7813132c10c4 to vehicle veh6
[Midd4VCServer] Assigning job c6411105-3bdc-4537-a790-998ea4f09828 to vehicle veh19
[Midd4VCServer] job c6411105-3bdc-4537-a790-998ea4f09828 completed by vehicle veh19
[Midd4VCServer] Vehicle veh12 already registered.
[Midd4VCServer] job received: f8cf353a-3da6-4ae4-81ce-29a42a7b8cac
[Midd4VCServer] Assigning job f8cf353a-3da6-4ae4-81ce-29a42a7b8cac to vehicle veh19
[Midd4VCServer] job f8cf353a-3da6-4ae4-81ce-29a42a7b8cac completed by vehicle veh19
[Midd4VCServer] Vehicle veh2 already registered.
[Midd4VCServer] Vehicle veh20 already registered.
[Midd4VCServer] job received: f10fdaae-23f6-4442-8d69-87a55880ec06
[Midd4VC] Job f68c56cc-f2bc-4e58-834f-0c15fe6156c8 timed out. Re-enqueueing.
[Midd4VC] Job d8e68abb-ecf0-42dc-aad5-4a501b7776c2 timed out. Re-enqueueing.
[Midd4VC] Job ccdcf3c2-8af7-4c33-9bc3-02924383cb2f timed out. Re-enqueueing.
[Midd4VC] Job 18eb62a0-b689-416d-a5dc-83d8f16fbcef timed out. Re-enqueueing.
[Midd4VCServer] Assigning job 18eb62a0-b689-416d-a5dc-83d8f16fbcef to vehicle veh13
[Midd4VCServer] Assigning job ccdcf3c2-8af7-4c33-9bc3-02924383cb2f to vehicle veh30
[Midd4VCServer] Assigning job d8e68abb-ecf0-42dc-aad5-4a501b7776c2 to vehicle veh24
[Midd4VCServer] Assigning job f68c56cc-f2bc-4e58-834f-0c15fe6156c8 to vehicle veh38
[Midd4VCServer] Assigning job f10fdaae-23f6-4442-8d69-87a55880ec06 to vehicle veh19
[Midd4VCServer] job f10fdaae-23f6-4442-8d69-87a55880ec06 completed by vehicle veh19
[Midd4VCServer] job received: 2e143978-a405-4cad-939e-d384672ea455
[Midd4VCServer] Assigning job 2e143978-a405-4cad-939e-d384672ea455 to vehicle veh5
[Midd4VCServer] job 2e143978-a405-4cad-939e-d384672ea455 completed by vehicle veh5
[Midd4VCServer] job received: 8d4ad1f7-406e-4a4c-ba1a-9512f7a13998
[Midd4VCServer] Assigning job 8d4ad1f7-406e-4a4c-ba1a-9512f7a13998 to vehicle veh39
[Midd4VCServer] job received: 6d87aff0-9737-4924-8e76-06ef614da4de
[Midd4VCServer] Assigning job 6d87aff0-9737-4924-8e76-06ef614da4de to vehicle veh1
[Midd4VCServer] Vehicle veh4 already registered.
[Midd4VCServer] Vehicle veh23 already registered.
[Midd4VCServer] job received: 065dc318-1b16-4f6e-aff5-a9bb5d5420c3
[Midd4VC] Job 19c0300b-b834-4caa-807b-ffed9053114c timed out. Re-enqueueing.
[Midd4VCServer] Assigning job 19c0300b-b834-4caa-807b-ffed9053114c to vehicle veh40
[Midd4VCServer] Assigning job 065dc318-1b16-4f6e-aff5-a9bb5d5420c3 to vehicle veh14
[Midd4VCServer] Vehicle veh10 already registered.
[Midd4VCServer] Vehicle veh39 already registered.
[Midd4VCServer] Vehicle veh27 already registered.
[Midd4VCServer] job received: 375e6ce6-b654-49f1-b0d2-5a7ff589742b
[Midd4VC] Job 5c5d63dd-cbe4-422a-badd-d34990a71cbd timed out. Re-enqueueing.
[Midd4VC] Job 88a00ce5-d140-4789-aa95-badb06dd8778 timed out. Re-enqueueing.
[Midd4VC] Job e684e488-e19f-4042-b136-70c9cd0ece3a timed out. Re-enqueueing.
[Midd4VCServer] Assigning job e684e488-e19f-4042-b136-70c9cd0ece3a to vehicle veh17
[Midd4VCServer] Assigning job 88a00ce5-d140-4789-aa95-badb06dd8778 to vehicle veh3
[Midd4VCServer] Assigning job 5c5d63dd-cbe4-422a-badd-d34990a71cbd to vehicle veh8
[Midd4VCServer] Assigning job 375e6ce6-b654-49f1-b0d2-5a7ff589742b to vehicle veh35
[Midd4VCServer] job 88a00ce5-d140-4789-aa95-badb06dd8778 completed by vehicle veh3
[Midd4VCServer] job 375e6ce6-b654-49f1-b0d2-5a7ff589742b completed by vehicle veh35
[Midd4VCServer] Vehicle veh2 already registered.
[Midd4VCServer] Vehicle veh3 already registered.
[Midd4VCServer] Vehicle veh18 already registered.
[Midd4VCServer] job received: b8f82701-3ff1-4b72-99f1-ec28dd9d7867
[Midd4VCServer] Assigning job b8f82701-3ff1-4b72-99f1-ec28dd9d7867 to vehicle veh3
[Midd4VCServer] job b8f82701-3ff1-4b72-99f1-ec28dd9d7867 completed by vehicle veh3
[Midd4VCServer] job received: cb2b54b9-7441-45fc-90f3-8c067e0954cd
[Midd4VCServer] Assigning job cb2b54b9-7441-45fc-90f3-8c067e0954cd to vehicle veh3
[Midd4VCServer] job cb2b54b9-7441-45fc-90f3-8c067e0954cd completed by vehicle veh3
[Midd4VCServer] job received: 9d56818d-b01d-48a5-be34-99167b1a36cf
[Midd4VCServer] Assigning job 9d56818d-b01d-48a5-be34-99167b1a36cf to vehicle veh3
[Midd4VCServer] job 9d56818d-b01d-48a5-be34-99167b1a36cf completed by vehicle veh3
[Midd4VCServer] Vehicle veh22 already registered.
[Midd4VCServer] Vehicle veh37 already registered.
[Midd4VCServer] Vehicle veh29 already registered.
[Midd4VCServer] job received: e0cf3d24-b70e-4901-bcf7-9e17daf787bd
[Midd4VC] Job c70093db-61fd-4896-917b-6b8e0f9444c6 timed out. Re-enqueueing.
[Midd4VC] Job 3bf3a29c-4e4e-4c6f-b5b7-b56055a6afda timed out. Re-enqueueing.
[Midd4VC] Job 001e9792-cb15-4b9d-a30b-5f77c52bd251 timed out. Re-enqueueing.
[Midd4VC] Job f4969124-7abd-40b9-8c2b-37540dc0b21a timed out. Re-enqueueing.
[Midd4VCServer] Assigning job f4969124-7abd-40b9-8c2b-37540dc0b21a to vehicle veh36
[Midd4VCServer] Assigning job 001e9792-cb15-4b9d-a30b-5f77c52bd251 to vehicle veh16
[Midd4VCServer] Assigning job 3bf3a29c-4e4e-4c6f-b5b7-b56055a6afda to vehicle veh22
[Midd4VCServer] Assigning job c70093db-61fd-4896-917b-6b8e0f9444c6 to vehicle veh3
[Midd4VCServer] Assigning job e0cf3d24-b70e-4901-bcf7-9e17daf787bd to vehicle veh4
[Midd4VCServer] job c70093db-61fd-4896-917b-6b8e0f9444c6 completed by vehicle veh3
[Midd4VCServer] job e0cf3d24-b70e-4901-bcf7-9e17daf787bd completed by vehicle veh4
[Midd4VCServer] job 3bf3a29c-4e4e-4c6f-b5b7-b56055a6afda completed by vehicle veh22
[Midd4VCServer] job received: 44a26364-f1f6-40bf-8658-9a713fc3788f
[Midd4VCServer] Assigning job 44a26364-f1f6-40bf-8658-9a713fc3788f to vehicle veh22
[Midd4VCServer] job 44a26364-f1f6-40bf-8658-9a713fc3788f completed by vehicle veh22
[Midd4VCServer] Vehicle veh6 already registered.
[Midd4VCServer] Vehicle veh31 already registered.
[Midd4VCServer] Vehicle veh8 already registered.
[Midd4VCServer] job received: c949be5b-4b26-487c-a2c8-e4f102f9bb4b
[Midd4VCServer] Assigning job c949be5b-4b26-487c-a2c8-e4f102f9bb4b to vehicle veh3
[Midd4VCServer] job c949be5b-4b26-487c-a2c8-e4f102f9bb4b completed by vehicle veh3
[Midd4VCServer] job received: cc865f6f-af79-4af6-8e32-b6a4ab379c56
[Midd4VCServer] Assigning job cc865f6f-af79-4af6-8e32-b6a4ab379c56 to vehicle veh4
[Midd4VCServer] job cc865f6f-af79-4af6-8e32-b6a4ab379c56 completed by vehicle veh4
[Midd4VCServer] Vehicle veh11 already registered.
[Midd4VCServer] Vehicle veh24 already registered.
[Midd4VCServer] job received: 9881af8d-505d-47bb-9dde-3735614835d7
[Midd4VCServer] Assigning job 9881af8d-505d-47bb-9dde-3735614835d7 to vehicle veh31
[Midd4VCServer] job received: ada4a587-75f2-4697-849f-df61a943b1a8
[Midd4VCServer] Assigning job ada4a587-75f2-4697-849f-df61a943b1a8 to vehicle veh22
[Midd4VCServer] job ada4a587-75f2-4697-849f-df61a943b1a8 completed by vehicle veh22
[Midd4VCServer] Vehicle veh19 already registered.
[Midd4VCServer] Vehicle veh9 already registered.
[Midd4VCServer] job received: 5273b478-96d4-48c8-aa2e-77fea54694e8
[Midd4VCServer] Assigning job 5273b478-96d4-48c8-aa2e-77fea54694e8 to vehicle veh3
[Midd4VCServer] Vehicle veh36 already registered.
[Midd4VCServer] Vehicle veh15 already registered.
[Midd4VCServer] job received: fa70a2c1-57ca-4d7f-bde2-c512c86611ec
[Midd4VCServer] Assigning job fa70a2c1-57ca-4d7f-bde2-c512c86611ec to vehicle veh11
[Midd4VCServer] job fa70a2c1-57ca-4d7f-bde2-c512c86611ec completed by vehicle veh11
[Midd4VCServer] job received: 60f8f2fd-8ce2-4bbf-a40e-b12a967e01e6
[Midd4VCServer] Assigning job 60f8f2fd-8ce2-4bbf-a40e-b12a967e01e6 to vehicle veh19
[Midd4VCServer] job 60f8f2fd-8ce2-4bbf-a40e-b12a967e01e6 completed by vehicle veh19
[Midd4VCServer] Vehicle veh16 already registered.
[Midd4VCServer] Vehicle veh1 already registered.
[Midd4VCServer] Vehicle veh34 already registered.
[Midd4VCServer] Vehicle veh27 already registered.
[Midd4VCServer] Vehicle veh40 already registered.
[Midd4VCServer] Vehicle veh21 already registered.
[Midd4VCServer] job received: 0462bfe4-136f-4336-82c3-87823b36ec71
[Midd4VC] Job 2ddd804e-08d1-4b47-87b6-5e0c0468fe37 timed out. Re-enqueueing.
[Midd4VC] Job 8e569287-9409-4e68-830c-28f26b8e2604 timed out. Re-enqueueing.
[Midd4VC] Job b915d39e-22c8-4cd8-a859-06dc491dea3c timed out. Re-enqueueing.
[Midd4VC] Job 37a37ecb-93ca-4483-baed-07153eb147c4 timed out. Re-enqueueing.
[Midd4VC] Job 5d0af64c-8162-4886-9caa-de4696cc60e1 timed out. Re-enqueueing.
[Midd4VC] Job 59cf70f3-fad8-469b-9023-17cfc76cb2fa timed out. Re-enqueueing.
[Midd4VCServer] Assigning job 59cf70f3-fad8-469b-9023-17cfc76cb2fa to vehicle veh26
[Midd4VCServer] Assigning job 5d0af64c-8162-4886-9caa-de4696cc60e1 to vehicle veh29
[Midd4VCServer] Assigning job 37a37ecb-93ca-4483-baed-07153eb147c4 to vehicle veh2
[Midd4VCServer] Assigning job b915d39e-22c8-4cd8-a859-06dc491dea3c to vehicle veh32
[Midd4VCServer] Assigning job 8e569287-9409-4e68-830c-28f26b8e2604 to vehicle veh37
[Midd4VCServer] Assigning job 2ddd804e-08d1-4b47-87b6-5e0c0468fe37 to vehicle veh27
[Midd4VCServer] Assigning job 0462bfe4-136f-4336-82c3-87823b36ec71 to vehicle veh4
[Midd4VCServer] job 0462bfe4-136f-4336-82c3-87823b36ec71 completed by vehicle veh4
[Midd4VCServer] job 2ddd804e-08d1-4b47-87b6-5e0c0468fe37 completed by vehicle veh27
[Midd4VCServer] job b915d39e-22c8-4cd8-a859-06dc491dea3c completed by vehicle veh32
[Midd4VCServer] job received: 040bfc78-4779-4bb8-9a37-627d2267d8b7
[Midd4VCServer] Assigning job 040bfc78-4779-4bb8-9a37-627d2267d8b7 to vehicle veh32
[Midd4VCServer] job 040bfc78-4779-4bb8-9a37-627d2267d8b7 completed by vehicle veh32
[Midd4VCServer] job received: 8be4b81a-228c-4265-aeb5-924b80a5f6fd
[Midd4VCServer] Assigning job 8be4b81a-228c-4265-aeb5-924b80a5f6fd to vehicle veh27
[Midd4VCServer] job 8be4b81a-228c-4265-aeb5-924b80a5f6fd completed by vehicle veh27
[Midd4VCServer] Vehicle veh3 already registered.
[Midd4VCServer] job received: c71f5ffa-a9e2-4d39-801a-9eb8b50891c8
[Midd4VCServer] Assigning job c71f5ffa-a9e2-4d39-801a-9eb8b50891c8 to vehicle veh32
[Midd4VCServer] Vehicle veh30 already registered.
[Midd4VCServer] job received: 500d61b7-8ecb-44ef-9358-ffec9871c5fd
[Midd4VCServer] Assigning job 500d61b7-8ecb-44ef-9358-ffec9871c5fd to vehicle veh5
[Midd4VCServer] Vehicle veh12 already registered.
[Midd4VCServer] job received: b20183d1-0cee-4d2d-80ef-5c63cf8fb740
[Midd4VCServer] Assigning job b20183d1-0cee-4d2d-80ef-5c63cf8fb740 to vehicle veh27
[Midd4VCServer] job b20183d1-0cee-4d2d-80ef-5c63cf8fb740 completed by vehicle veh27
[Midd4VCServer] job received: 240a3f09-3c16-4bce-a271-258a48e04587
[Midd4VCServer] Assigning job 240a3f09-3c16-4bce-a271-258a48e04587 to vehicle veh35
[Midd4VCServer] Vehicle veh18 already registered.
[Midd4VCServer] job received: 28b9fca7-e19f-403b-b0ee-f390cb3dbd22
[Midd4VCServer] Assigning job 28b9fca7-e19f-403b-b0ee-f390cb3dbd22 to vehicle veh22
[Midd4VCServer] job 28b9fca7-e19f-403b-b0ee-f390cb3dbd22 completed by vehicle veh22
[Midd4VCServer] job received: 44eb5215-6995-4e16-a73c-c85a5eebd6d6
[Midd4VCServer] Assigning job 44eb5215-6995-4e16-a73c-c85a5eebd6d6 to vehicle veh11
[Midd4VCServer] Vehicle veh37 already registered.
[Midd4VCServer] job received: dda2edfa-d167-41ae-aad3-1e3b5a57b3e5
[Midd4VC] Job ce4932be-d2f1-44c1-a1c6-bb670d11151b timed out. Re-enqueueing.
[Midd4VC] Job 44d66420-6030-43fd-b41d-aa2efe06447f timed out. Re-enqueueing.
[Midd4VCServer] Assigning job 44d66420-6030-43fd-b41d-aa2efe06447f to vehicle veh15
[Midd4VCServer] Assigning job ce4932be-d2f1-44c1-a1c6-bb670d11151b to vehicle veh20
[Midd4VCServer] Assigning job dda2edfa-d167-41ae-aad3-1e3b5a57b3e5 to vehicle veh19
[Midd4VCServer] Vehicle veh24 already registered.
[Midd4VCServer] job received: 555a2d14-e041-4000-a257-e8de35aeea72
[Midd4VCServer] Assigning job 555a2d14-e041-4000-a257-e8de35aeea72 to vehicle veh4
[Midd4VCServer] job 555a2d14-e041-4000-a257-e8de35aeea72 completed by vehicle veh4
[Midd4VCServer] Vehicle veh33 already registered.
[Midd4VCServer] job received: 55fc333e-101f-4917-99b9-f982beb2857c
[Midd4VC] Job 393d3fec-c1b1-46f2-8451-14c3b7e666e7 timed out. Re-enqueueing.
[Midd4VCServer] Assigning job 393d3fec-c1b1-46f2-8451-14c3b7e666e7 to vehicle veh33
[Midd4VCServer] Assigning job 55fc333e-101f-4917-99b9-f982beb2857c to vehicle veh27
[Midd4VCServer] job 393d3fec-c1b1-46f2-8451-14c3b7e666e7 completed by vehicle veh33
[Midd4VCServer] job 55fc333e-101f-4917-99b9-f982beb2857c completed by vehicle veh27
[Midd4VCServer] Vehicle veh4 already registered.
[Midd4VCServer] Vehicle veh13 already registered.
[Midd4VCServer] job received: acee858e-2c7d-4cce-ada4-f7158dff0cc4
[Midd4VC] Job 44e5195d-2edb-4c55-a623-368cae3217bc timed out. Re-enqueueing.
[Midd4VC] Job 13355f28-7c8a-404b-b31a-2ab3b65e149f timed out. Re-enqueueing.
[Midd4VC] Job de9e5585-81a6-4232-bc9f-7044a732f725 timed out. Re-enqueueing.
[Midd4VCServer] Assigning job de9e5585-81a6-4232-bc9f-7044a732f725 to vehicle veh33
[Midd4VCServer] Assigning job 13355f28-7c8a-404b-b31a-2ab3b65e149f to vehicle veh25
[Midd4VCServer] Assigning job 44e5195d-2edb-4c55-a623-368cae3217bc to vehicle veh7
[Midd4VCServer] Assigning job acee858e-2c7d-4cce-ada4-f7158dff0cc4 to vehicle veh12
[Midd4VCServer] job de9e5585-81a6-4232-bc9f-7044a732f725 completed by vehicle veh33
[Midd4VCServer] job acee858e-2c7d-4cce-ada4-f7158dff0cc4 completed by vehicle veh12
[Midd4VCServer] Vehicle veh23 already registered.
[Midd4VCServer] job received: 341f99f2-3b85-4e36-be69-1450a7d79e6f
[Midd4VCServer] Assigning job 341f99f2-3b85-4e36-be69-1450a7d79e6f to vehicle veh33
[Midd4VCServer] job received: a030aedb-5159-4059-9684-6e2e158d1f98
[Midd4VCServer] Assigning job a030aedb-5159-4059-9684-6e2e158d1f98 to vehicle veh12
[Midd4VCServer] job a030aedb-5159-4059-9684-6e2e158d1f98 completed by vehicle veh12
[Midd4VCServer] Vehicle veh11 already registered.
[Midd4VCServer] Vehicle veh37 already registered.
[Midd4VCServer] job received: 826b07d6-c45b-4bad-aa51-1aece8d84c07
[Midd4VCServer] Assigning job 826b07d6-c45b-4bad-aa51-1aece8d84c07 to vehicle veh12
[Midd4VCServer] job 826b07d6-c45b-4bad-aa51-1aece8d84c07 completed by vehicle veh12
[Midd4VCServer] Vehicle veh33 already registered.
[Midd4VCServer] job received: a3bcaac7-ea8a-4f71-b518-77f486aa35cc
[Midd4VCServer] Assigning job a3bcaac7-ea8a-4f71-b518-77f486aa35cc to vehicle veh12
[Midd4VCServer] job a3bcaac7-ea8a-4f71-b518-77f486aa35cc completed by vehicle veh12
[Midd4VCServer] Vehicle veh29 already registered.
[Midd4VCServer] job received: 9cd0168c-80ce-4cb2-ac24-e51e46a07642
[Midd4VC] Job 7e921208-055f-47e5-b6e5-3eaeb4111ca9 timed out. Re-enqueueing.
[Midd4VC] Job f2939338-8392-416d-a03e-8517b7e773a5 timed out. Re-enqueueing.
[Midd4VC] Job 98153f8a-0762-4332-889d-c6cffb145e27 timed out. Re-enqueueing.
[Midd4VC] Job 3ebc8aa7-6dcc-4d85-9401-187ec6467519 timed out. Re-enqueueing.
[Midd4VCServer] Assigning job 3ebc8aa7-6dcc-4d85-9401-187ec6467519 to vehicle veh34
[Midd4VCServer] Assigning job 98153f8a-0762-4332-889d-c6cffb145e27 to vehicle veh9
[Midd4VCServer] Assigning job f2939338-8392-416d-a03e-8517b7e773a5 to vehicle veh23
[Midd4VCServer] Assigning job 7e921208-055f-47e5-b6e5-3eaeb4111ca9 to vehicle veh28
[Midd4VCServer] Assigning job 9cd0168c-80ce-4cb2-ac24-e51e46a07642 to vehicle veh12
[Midd4VCServer] job 9cd0168c-80ce-4cb2-ac24-e51e46a07642 completed by vehicle veh12
[Midd4VCServer] job 98153f8a-0762-4332-889d-c6cffb145e27 completed by vehicle veh9
[Midd4VCServer] job f2939338-8392-416d-a03e-8517b7e773a5 completed by vehicle veh23
[Midd4VCServer] job received: 4d1c157c-b71f-42ee-9422-8cc6ea103095
[Midd4VCServer] Assigning job 4d1c157c-b71f-42ee-9422-8cc6ea103095 to vehicle veh9
[Midd4VCServer] job 4d1c157c-b71f-42ee-9422-8cc6ea103095 completed by vehicle veh9
[Midd4VCServer] job received: ceebbbb5-2e13-4794-ab07-530a4b29bb91
[Midd4VCServer] Assigning job ceebbbb5-2e13-4794-ab07-530a4b29bb91 to vehicle veh23
[Midd4VCServer] job ceebbbb5-2e13-4794-ab07-530a4b29bb91 completed by vehicle veh23
[Midd4VCServer] job received: c0d05b0f-c104-42d5-a5cd-df2b568f9dc9
[Midd4VCServer] Assigning job c0d05b0f-c104-42d5-a5cd-df2b568f9dc9 to vehicle veh9
[Midd4VCServer] job c0d05b0f-c104-42d5-a5cd-df2b568f9dc9 completed by vehicle veh9
[Midd4VCServer] Vehicle veh24 already registered.
[Midd4VCServer] Vehicle veh10 already registered.
[Midd4VCServer] job received: 6ce4bb54-95bb-4775-a042-4f2e8d679e6c
[Midd4VC] Job 941d6ee8-f12a-41d2-8da2-743fde14177c timed out. Re-enqueueing.
[Midd4VC] Job 2a863c54-799f-4fc4-821a-0cdc11343d62 timed out. Re-enqueueing.
[Midd4VC] Job 3e2110eb-1bd4-47e9-8dc8-c181a9f64fa2 timed out. Re-enqueueing.
[Midd4VCServer] Assigning job 3e2110eb-1bd4-47e9-8dc8-c181a9f64fa2 to vehicle veh18
[Midd4VCServer] Assigning job 2a863c54-799f-4fc4-821a-0cdc11343d62 to vehicle veh21
[Midd4VCServer] Assigning job 941d6ee8-f12a-41d2-8da2-743fde14177c to vehicle veh10
[Midd4VCServer] Assigning job 6ce4bb54-95bb-4775-a042-4f2e8d679e6c to vehicle veh23
[Midd4VCServer] job 3e2110eb-1bd4-47e9-8dc8-c181a9f64fa2 completed by vehicle veh18
[Midd4VCServer] job 941d6ee8-f12a-41d2-8da2-743fde14177c completed by vehicle veh10
[Midd4VCServer] Vehicle veh7 already registered.
[Midd4VCServer] job received: 3937e06b-f204-4ffd-8661-cff1e042c7c4
[Midd4VC] Job 21850fe5-b1b9-432f-88b5-7813132c10c4 timed out. Re-enqueueing.
[Midd4VCServer] Assigning job 21850fe5-b1b9-432f-88b5-7813132c10c4 to vehicle veh18
[Midd4VCServer] Assigning job 3937e06b-f204-4ffd-8661-cff1e042c7c4 to vehicle veh6
[Midd4VCServer] job 3937e06b-f204-4ffd-8661-cff1e042c7c4 completed by vehicle veh6
[Midd4VCServer] Vehicle veh36 already registered.
[Midd4VCServer] Vehicle veh19 already registered.
[Midd4VCServer] Vehicle veh27 already registered.
[Midd4VCServer] Vehicle veh35 already registered.
[Midd4VCServer] Vehicle veh26 already registered.
[Midd4VCServer] job received: 720e14ce-ba37-485e-b390-a1c2bbb9353e
[Midd4VC] Job 18eb62a0-b689-416d-a5dc-83d8f16fbcef timed out. Re-enqueueing.
[Midd4VC] Job ccdcf3c2-8af7-4c33-9bc3-02924383cb2f timed out. Re-enqueueing.
[Midd4VC] Job d8e68abb-ecf0-42dc-aad5-4a501b7776c2 timed out. Re-enqueueing.
[Midd4VC] Job f68c56cc-f2bc-4e58-834f-0c15fe6156c8 timed out. Re-enqueueing.
[Midd4VC] Job 8d4ad1f7-406e-4a4c-ba1a-9512f7a13998 timed out. Re-enqueueing.
[Midd4VC] Job 6d87aff0-9737-4924-8e76-06ef614da4de timed out. Re-enqueueing.
[Midd4VCServer] Assigning job 6d87aff0-9737-4924-8e76-06ef614da4de to vehicle veh13
[Midd4VCServer] Assigning job 8d4ad1f7-406e-4a4c-ba1a-9512f7a13998 to vehicle veh30
[Midd4VCServer] Assigning job f68c56cc-f2bc-4e58-834f-0c15fe6156c8 to vehicle veh6
[Midd4VCServer] Assigning job d8e68abb-ecf0-42dc-aad5-4a501b7776c2 to vehicle veh24
[Midd4VCServer] Assigning job ccdcf3c2-8af7-4c33-9bc3-02924383cb2f to vehicle veh38
[Midd4VCServer] Assigning job 18eb62a0-b689-416d-a5dc-83d8f16fbcef to vehicle veh39
[Midd4VCServer] Assigning job 720e14ce-ba37-485e-b390-a1c2bbb9353e to vehicle veh1
[Midd4VCServer] job 8d4ad1f7-406e-4a4c-ba1a-9512f7a13998 completed by vehicle veh30
[Midd4VCServer] job f68c56cc-f2bc-4e58-834f-0c15fe6156c8 completed by vehicle veh6
[Midd4VCServer] Vehicle veh30 already registered.
[Midd4VCServer] job received: 37fccc95-4170-4200-8eee-6fa1ba97670e
[Midd4VC] Job 19c0300b-b834-4caa-807b-ffed9053114c timed out. Re-enqueueing.
[Midd4VC] Job 065dc318-1b16-4f6e-aff5-a9bb5d5420c3 timed out. Re-enqueueing.
[Midd4VCServer] Assigning job 065dc318-1b16-4f6e-aff5-a9bb5d5420c3 to vehicle veh40
[Midd4VCServer] Assigning job 19c0300b-b834-4caa-807b-ffed9053114c to vehicle veh30
[Midd4VCServer] Assigning job 37fccc95-4170-4200-8eee-6fa1ba97670e to vehicle veh6
[Midd4VCServer] job 19c0300b-b834-4caa-807b-ffed9053114c completed by vehicle veh30
[Midd4VCServer] job 37fccc95-4170-4200-8eee-6fa1ba97670e completed by vehicle veh6
[Midd4VCServer] job received: 6031f6d8-c1f4-4c18-86fd-c54923fa9b5f
[Midd4VCServer] Assigning job 6031f6d8-c1f4-4c18-86fd-c54923fa9b5f to vehicle veh30
[Midd4VCServer] job 6031f6d8-c1f4-4c18-86fd-c54923fa9b5f completed by vehicle veh30
[Midd4VCServer] job received: 4b09a6c2-b355-498e-b050-91f9f35c278c
[Midd4VCServer] Assigning job 4b09a6c2-b355-498e-b050-91f9f35c278c to vehicle veh6
[Midd4VCServer] job 4b09a6c2-b355-498e-b050-91f9f35c278c completed by vehicle veh6
[Midd4VCServer] job received: c83baa02-43b8-43f2-b19c-8f18fc292dcd
[Midd4VCServer] Assigning job c83baa02-43b8-43f2-b19c-8f18fc292dcd to vehicle veh30
[Midd4VCServer] job c83baa02-43b8-43f2-b19c-8f18fc292dcd completed by vehicle veh30
[Midd4VCServer] job received: f21fb2f1-7e46-4fd9-84c8-f349d67d757f
[Midd4VCServer] Assigning job f21fb2f1-7e46-4fd9-84c8-f349d67d757f to vehicle veh14
[Midd4VCServer] Vehicle veh39 already registered.
[Midd4VCServer] Vehicle veh2 already registered.
[Midd4VCServer] Vehicle veh8 already registered.
[Midd4VCServer] job received: 7562a23a-8443-43c1-b716-9d6f73eb9ab4
[Midd4VC] Job e684e488-e19f-4042-b136-70c9cd0ece3a timed out. Re-enqueueing.
[Midd4VC] Job 5c5d63dd-cbe4-422a-badd-d34990a71cbd timed out. Re-enqueueing.
[Midd4VCServer] Assigning job 5c5d63dd-cbe4-422a-badd-d34990a71cbd to vehicle veh17
[Midd4VCServer] Assigning job e684e488-e19f-4042-b136-70c9cd0ece3a to vehicle veh8
[Midd4VCServer] Assigning job 7562a23a-8443-43c1-b716-9d6f73eb9ab4 to vehicle veh10
[Midd4VCServer] job e684e488-e19f-4042-b136-70c9cd0ece3a completed by vehicle veh8
[Midd4VCServer] job 7562a23a-8443-43c1-b716-9d6f73eb9ab4 completed by vehicle veh10
[Midd4VCServer] Vehicle veh25 already registered.
[Midd4VCServer] job received: 5e5398a3-801d-4bec-a7b1-08bdb46c0e36
[Midd4VCServer] Assigning job 5e5398a3-801d-4bec-a7b1-08bdb46c0e36 to vehicle veh8
[Midd4VCServer] job 5e5398a3-801d-4bec-a7b1-08bdb46c0e36 completed by vehicle veh8
[Midd4VCServer] Vehicle veh40 already registered.
[Midd4VCServer] job received: ef637f26-cd1b-4705-a7e1-bb89df27883e
[Midd4VCServer] Assigning job ef637f26-cd1b-4705-a7e1-bb89df27883e to vehicle veh8
[Midd4VCServer] job ef637f26-cd1b-4705-a7e1-bb89df27883e completed by vehicle veh8
[Midd4VCServer] Vehicle veh5 already registered.
[Midd4VCServer] Vehicle veh1 already registered.
[Midd4VCServer] job received: 60dbe808-dac2-4d3d-9e86-ba0854061484
[Midd4VCServer] Assigning job 60dbe808-dac2-4d3d-9e86-ba0854061484 to vehicle veh8
[Midd4VCServer] job 60dbe808-dac2-4d3d-9e86-ba0854061484 completed by vehicle veh8
[Midd4VCServer] Vehicle veh15 already registered.
[Midd4VCServer] Vehicle veh28 already registered.
[Midd4VCServer] Vehicle veh20 already registered.
[Midd4VCServer] Vehicle veh37 already registered.
[Midd4VCServer] Vehicle veh18 already registered.
[Midd4VCServer] Vehicle veh16 already registered.
[Midd4VCServer] Vehicle veh23 already registered.
[Midd4VCServer] job received: 7c8ce90b-d53a-4c5c-917c-85f9a57237b3
[Midd4VC] Job f4969124-7abd-40b9-8c2b-37540dc0b21a timed out. Re-enqueueing.
[Midd4VC] Job 001e9792-cb15-4b9d-a30b-5f77c52bd251 timed out. Re-enqueueing.
[Midd4VC] Job 9881af8d-505d-47bb-9dde-3735614835d7 timed out. Re-enqueueing.
[Midd4VCServer] Assigning job 9881af8d-505d-47bb-9dde-3735614835d7 to vehicle veh36
[Midd4VCServer] Assigning job 001e9792-cb15-4b9d-a30b-5f77c52bd251 to vehicle veh16
[Midd4VCServer] Assigning job f4969124-7abd-40b9-8c2b-37540dc0b21a to vehicle veh8
[Midd4VCServer] Assigning job 7c8ce90b-d53a-4c5c-917c-85f9a57237b3 to vehicle veh31
[Midd4VCServer] job 001e9792-cb15-4b9d-a30b-5f77c52bd251 completed by vehicle veh16
[Midd4VCServer] job f4969124-7abd-40b9-8c2b-37540dc0b21a completed by vehicle veh8
[Midd4VCServer] job received: 80191276-54fe-4283-9ac7-7ebb65f50e55
[Midd4VCServer] Assigning job 80191276-54fe-4283-9ac7-7ebb65f50e55 to vehicle veh16
[Midd4VCServer] job 80191276-54fe-4283-9ac7-7ebb65f50e55 completed by vehicle veh16
[Midd4VCServer] job received: 4d1f410c-1d12-46e9-9a4b-db64ce8e8846
[Midd4VCServer] Assigning job 4d1f410c-1d12-46e9-9a4b-db64ce8e8846 to vehicle veh16
[Midd4VCServer] job 4d1f410c-1d12-46e9-9a4b-db64ce8e8846 completed by vehicle veh16
[Midd4VCServer] Vehicle veh13 already registered.
[Midd4VCServer] Vehicle veh33 already registered.
[Midd4VCServer] Vehicle veh17 already registered.
[Midd4VCServer] Vehicle veh14 already registered.
[Midd4VCServer] job received: 1509359f-a15e-470e-b774-d0d1d841e319
[Midd4VC] Job 5273b478-96d4-48c8-aa2e-77fea54694e8 timed out. Re-enqueueing.
[Midd4VCServer] Assigning job 5273b478-96d4-48c8-aa2e-77fea54694e8 to vehicle veh16
[Midd4VCServer] Assigning job 1509359f-a15e-470e-b774-d0d1d841e319 to vehicle veh8
[Midd4VCServer] job 5273b478-96d4-48c8-aa2e-77fea54694e8 completed by vehicle veh16
[Midd4VCServer] job 1509359f-a15e-470e-b774-d0d1d841e319 completed by vehicle veh8
[Midd4VCServer] job received: 9aa37723-6e92-4598-b933-642a5c3a19bd
[Midd4VCServer] Assigning job 9aa37723-6e92-4598-b933-642a5c3a19bd to vehicle veh16
[Midd4VCServer] job 9aa37723-6e92-4598-b933-642a5c3a19bd completed by vehicle veh16
[Midd4VCServer] job received: abe0631a-db8a-466e-9b68-fbb99535bcaf
[Midd4VCServer] Assigning job abe0631a-db8a-466e-9b68-fbb99535bcaf to vehicle veh3
[Midd4VCServer] Vehicle veh2 already registered.
[Midd4VCServer] job received: 20dd87a7-5af2-4380-b26c-42b700938a88
[Midd4VCServer] Assigning job 20dd87a7-5af2-4380-b26c-42b700938a88 to vehicle veh8
[Midd4VCServer] job 20dd87a7-5af2-4380-b26c-42b700938a88 completed by vehicle veh8
[Midd4VCServer] Vehicle veh29 already registered.
[Midd4VCServer] job received: c904ea8f-c4d4-4dea-8a70-e203d22c2ebc
[Midd4VCServer] Assigning job c904ea8f-c4d4-4dea-8a70-e203d22c2ebc to vehicle veh6
[Midd4VCServer] job received: 7ccd7ede-7109-4c73-b7e0-d69478220f4f
[Midd4VCServer] Assigning job 7ccd7ede-7109-4c73-b7e0-d69478220f4f to vehicle veh30
[Midd4VCServer] job received: e2f6aa02-6b2c-4e4d-b493-9eaf57413811
[Midd4VCServer] Assigning job e2f6aa02-6b2c-4e4d-b493-9eaf57413811 to vehicle veh16
[Midd4VCServer] job e2f6aa02-6b2c-4e4d-b493-9eaf57413811 completed by vehicle veh16
[Midd4VCServer] Vehicle veh13 already registered.
[Midd4VCServer] Vehicle veh24 already registered.
[Midd4VCServer] job received: 5e625212-5f20-4b33-8469-3fb50c56ab80
[Midd4VC] Job 59cf70f3-fad8-469b-9023-17cfc76cb2fa timed out. Re-enqueueing.
[Midd4VC] Job 5d0af64c-8162-4886-9caa-de4696cc60e1 timed out. Re-enqueueing.
[Midd4VC] Job 37a37ecb-93ca-4483-baed-07153eb147c4 timed out. Re-enqueueing.
[Midd4VC] Job 8e569287-9409-4e68-830c-28f26b8e2604 timed out. Re-enqueueing.
[Midd4VCServer] Assigning job 8e569287-9409-4e68-830c-28f26b8e2604 to vehicle veh26
[Midd4VCServer] Assigning job 37a37ecb-93ca-4483-baed-07153eb147c4 to vehicle veh29
[Midd4VCServer] Assigning job 5d0af64c-8162-4886-9caa-de4696cc60e1 to vehicle veh2
[Midd4VCServer] Assigning job 59cf70f3-fad8-469b-9023-17cfc76cb2fa to vehicle veh37
[Midd4VCServer] Assigning job 5e625212-5f20-4b33-8469-3fb50c56ab80 to vehicle veh9
[Midd4VCServer] job 8e569287-9409-4e68-830c-28f26b8e2604 completed by vehicle veh26
[Midd4VCServer] job 37a37ecb-93ca-4483-baed-07153eb147c4 completed by vehicle veh29
[Midd4VCServer] job 5d0af64c-8162-4886-9caa-de4696cc60e1 completed by vehicle veh2
[Midd4VCServer] job 59cf70f3-fad8-469b-9023-17cfc76cb2fa completed by vehicle veh37
[Midd4VCServer] job 5e625212-5f20-4b33-8469-3fb50c56ab80 completed by vehicle veh9
[Midd4VCServer] Vehicle veh21 already registered.
[Midd4VCServer] job received: a2b97ca0-5f09-4a39-99e4-335ee1e470bb
[Midd4VCServer] Assigning job a2b97ca0-5f09-4a39-99e4-335ee1e470bb to vehicle veh26
[Midd4VCServer] job a2b97ca0-5f09-4a39-99e4-335ee1e470bb completed by vehicle veh26
[Midd4VCServer] Vehicle veh39 already registered.
[Midd4VCServer] job received: 4512ee08-761d-4612-8d88-e40a5c52a6d4
[Midd4VC] Job c71f5ffa-a9e2-4d39-801a-9eb8b50891c8 timed out. Re-enqueueing.
[Midd4VC] Job 500d61b7-8ecb-44ef-9358-ffec9871c5fd timed out. Re-enqueueing.
[Midd4VCServer] Assigning job 500d61b7-8ecb-44ef-9358-ffec9871c5fd to vehicle veh26
[Midd4VCServer] Assigning job c71f5ffa-a9e2-4d39-801a-9eb8b50891c8 to vehicle veh29
[Midd4VCServer] Assigning job 4512ee08-761d-4612-8d88-e40a5c52a6d4 to vehicle veh2
[Midd4VCServer] job c71f5ffa-a9e2-4d39-801a-9eb8b50891c8 completed by vehicle veh29
[Midd4VCServer] job 4512ee08-761d-4612-8d88-e40a5c52a6d4 completed by vehicle veh2
[Midd4VCServer] job 500d61b7-8ecb-44ef-9358-ffec9871c5fd completed by vehicle veh26
[Midd4VCServer] Vehicle veh38 already registered.
[Midd4VCServer] Vehicle veh10 already registered.
[Midd4VCServer] Vehicle veh12 already registered.
[Midd4VCServer] Vehicle veh19 already registered.
[Midd4VCServer] job received: 144f193f-9191-4619-b53b-29874ef833f6
[Midd4VC] Job 240a3f09-3c16-4bce-a271-258a48e04587 timed out. Re-enqueueing.
[Midd4VC] Job 44eb5215-6995-4e16-a73c-c85a5eebd6d6 timed out. Re-enqueueing.
[Midd4VCServer] Assigning job 44eb5215-6995-4e16-a73c-c85a5eebd6d6 to vehicle veh26
[Midd4VCServer] Assigning job 240a3f09-3c16-4bce-a271-258a48e04587 to vehicle veh29
[Midd4VCServer] Assigning job 144f193f-9191-4619-b53b-29874ef833f6 to vehicle veh2
[Midd4VCServer] job 44eb5215-6995-4e16-a73c-c85a5eebd6d6 completed by vehicle veh26
[Midd4VCServer] job 240a3f09-3c16-4bce-a271-258a48e04587 completed by vehicle veh29
[Midd4VCServer] job received: 1c9d891c-8dad-469b-953d-8c59756b0fc7
[Midd4VCServer] Assigning job 1c9d891c-8dad-469b-953d-8c59756b0fc7 to vehicle veh26
[Midd4VCServer] job 1c9d891c-8dad-469b-953d-8c59756b0fc7 completed by vehicle veh26
[Midd4VCServer] Vehicle veh14 already registered.
[Midd4VCServer] Vehicle veh3 already registered.
[Midd4VCServer] Vehicle veh18 already registered.
[Midd4VCServer] Vehicle veh24 already registered.
[Midd4VCServer] job received: 110798a2-bf90-4579-8d16-def90253a275
[Midd4VC] Job 44d66420-6030-43fd-b41d-aa2efe06447f timed out. Re-enqueueing.
[Midd4VC] Job ce4932be-d2f1-44c1-a1c6-bb670d11151b timed out. Re-enqueueing.
[Midd4VC] Job dda2edfa-d167-41ae-aad3-1e3b5a57b3e5 timed out. Re-enqueueing.
[Midd4VCServer] Assigning job dda2edfa-d167-41ae-aad3-1e3b5a57b3e5 to vehicle veh26
[Midd4VCServer] Assigning job ce4932be-d2f1-44c1-a1c6-bb670d11151b to vehicle veh29
[Midd4VCServer] Assigning job 44d66420-6030-43fd-b41d-aa2efe06447f to vehicle veh15
[Midd4VCServer] Assigning job 110798a2-bf90-4579-8d16-def90253a275 to vehicle veh20
[Midd4VCServer] job 110798a2-bf90-4579-8d16-def90253a275 completed by vehicle veh20
[Midd4VCServer] job ce4932be-d2f1-44c1-a1c6-bb670d11151b completed by vehicle veh29
[Midd4VCServer] job dda2edfa-d167-41ae-aad3-1e3b5a57b3e5 completed by vehicle veh26
[Midd4VCServer] job received: 4f7221bf-51ff-48b2-b608-547927ba83b9
[Midd4VCServer] Assigning job 4f7221bf-51ff-48b2-b608-547927ba83b9 to vehicle veh26
[Midd4VCServer] job 4f7221bf-51ff-48b2-b608-547927ba83b9 completed by vehicle veh26
[Midd4VCServer] job received: 009a81d1-0727-4c16-9b35-21efd1dd312d
[Midd4VCServer] Assigning job 009a81d1-0727-4c16-9b35-21efd1dd312d to vehicle veh26
[Midd4VCServer] job 009a81d1-0727-4c16-9b35-21efd1dd312d completed by vehicle veh26
[Midd4VCServer] job received: 51623aac-1408-416a-93b4-85d96435cfb1
[Midd4VCServer] Assigning job 51623aac-1408-416a-93b4-85d96435cfb1 to vehicle veh29
[Midd4VCServer] job 51623aac-1408-416a-93b4-85d96435cfb1 completed by vehicle veh29
[Midd4VCServer] Vehicle veh13 already registered.
[Midd4VCServer] Vehicle veh37 already registered.
[Midd4VCServer] job received: ef3c1728-6097-443d-8247-171d82891201
[Midd4VCServer] Assigning job ef3c1728-6097-443d-8247-171d82891201 to vehicle veh26
[Midd4VCServer] job ef3c1728-6097-443d-8247-171d82891201 completed by vehicle veh26
[Midd4VCServer] job received: 773c3809-d0dd-4593-acb0-9dd7196efb0d
[Midd4VCServer] Assigning job 773c3809-d0dd-4593-acb0-9dd7196efb0d to vehicle veh29
[Midd4VCServer] job 773c3809-d0dd-4593-acb0-9dd7196efb0d completed by vehicle veh29
[Midd4VCServer] Vehicle veh31 already registered.
[Midd4VCServer] job received: 0931e820-f524-4353-8cbe-6689cf042393
[Midd4VC] Job 13355f28-7c8a-404b-b31a-2ab3b65e149f timed out. Re-enqueueing.
[Midd4VC] Job 44e5195d-2edb-4c55-a623-368cae3217bc timed out. Re-enqueueing.
[Midd4VC] Job 341f99f2-3b85-4e36-be69-1450a7d79e6f timed out. Re-enqueueing.
[Midd4VCServer] Assigning job 341f99f2-3b85-4e36-be69-1450a7d79e6f to vehicle veh25
[Midd4VCServer] Assigning job 44e5195d-2edb-4c55-a623-368cae3217bc to vehicle veh33
[Midd4VCServer] Assigning job 13355f28-7c8a-404b-b31a-2ab3b65e149f to vehicle veh7
[Midd4VCServer] Assigning job 0931e820-f524-4353-8cbe-6689cf042393 to vehicle veh26
[Midd4VCServer] job 44e5195d-2edb-4c55-a623-368cae3217bc completed by vehicle veh33
[Midd4VCServer] job 0931e820-f524-4353-8cbe-6689cf042393 completed by vehicle veh26
[Midd4VCServer] job received: 4a941739-c647-469e-bccf-e8d3df00ce95
[Midd4VCServer] Assigning job 4a941739-c647-469e-bccf-e8d3df00ce95 to vehicle veh33
[Midd4VCServer] job 4a941739-c647-469e-bccf-e8d3df00ce95 completed by vehicle veh33
[Midd4VCServer] Vehicle veh8 already registered.
[Midd4VCServer] job received: c8418ec2-5d58-4b3b-8804-bff8e98050e5
[Midd4VCServer] Assigning job c8418ec2-5d58-4b3b-8804-bff8e98050e5 to vehicle veh33
[Midd4VCServer] job c8418ec2-5d58-4b3b-8804-bff8e98050e5 completed by vehicle veh33
[Midd4VCServer] job received: c4631286-3f2e-4bb0-8dcd-a483202bb1c5
[Midd4VCServer] Assigning job c4631286-3f2e-4bb0-8dcd-a483202bb1c5 to vehicle veh33
[Midd4VCServer] job c4631286-3f2e-4bb0-8dcd-a483202bb1c5 completed by vehicle veh33
[Midd4VCServer] Vehicle veh1 already registered.
[Midd4VCServer] Vehicle veh13 already registered.
[Midd4VCServer] job received: 81ed04d6-0a10-4ae3-96a8-1800aafea474
[Midd4VC] Job 3ebc8aa7-6dcc-4d85-9401-187ec6467519 timed out. Re-enqueueing.
[Midd4VC] Job 7e921208-055f-47e5-b6e5-3eaeb4111ca9 timed out. Re-enqueueing.
[Midd4VCServer] Assigning job 7e921208-055f-47e5-b6e5-3eaeb4111ca9 to vehicle veh34
[Midd4VCServer] Assigning job 3ebc8aa7-6dcc-4d85-9401-187ec6467519 to vehicle veh33
[Midd4VCServer] Assigning job 81ed04d6-0a10-4ae3-96a8-1800aafea474 to vehicle veh29
[Midd4VCServer] job 3ebc8aa7-6dcc-4d85-9401-187ec6467519 completed by vehicle veh33
[Midd4VCServer] job 81ed04d6-0a10-4ae3-96a8-1800aafea474 completed by vehicle veh29
[Midd4VCServer] Vehicle veh19 already registered.
[Midd4VCServer] Vehicle veh17 already registered.
[Midd4VCServer] job received: beab9044-718a-452b-aaae-7e4b8169b201
[Midd4VCServer] Assigning job beab9044-718a-452b-aaae-7e4b8169b201 to vehicle veh26
[Midd4VCServer] job beab9044-718a-452b-aaae-7e4b8169b201 completed by vehicle veh26
[Midd4VCServer] job received: 0d7a43dc-cd24-4a81-bf26-1e02463a742e
[Midd4VC] Job 2a863c54-799f-4fc4-821a-0cdc11343d62 timed out. Re-enqueueing.
[Midd4VC] Job 6ce4bb54-95bb-4775-a042-4f2e8d679e6c timed out. Re-enqueueing.
[Midd4VCServer] Assigning job 6ce4bb54-95bb-4775-a042-4f2e8d679e6c to vehicle veh21
[Midd4VCServer] Assigning job 2a863c54-799f-4fc4-821a-0cdc11343d62 to vehicle veh20
[Midd4VCServer] Assigning job 0d7a43dc-cd24-4a81-bf26-1e02463a742e to vehicle veh33
[Midd4VCServer] job 0d7a43dc-cd24-4a81-bf26-1e02463a742e completed by vehicle veh33
[Midd4VCServer] job received: c8da0571-dee7-496c-a260-5cf52657ae0b
[Midd4VCServer] Assigning job c8da0571-dee7-496c-a260-5cf52657ae0b to vehicle veh28
[Midd4VCServer] job received: 5e41f23d-e849-4c75-b9c4-28124c6c709e
[Midd4VCServer] Assigning job 5e41f23d-e849-4c75-b9c4-28124c6c709e to vehicle veh29
[Midd4VCServer] job 5e41f23d-e849-4c75-b9c4-28124c6c709e completed by vehicle veh29
[Midd4VCServer] Vehicle veh36 already registered.
[Midd4VCServer] Vehicle veh37 already registered.
[Midd4VCServer] Vehicle veh15 already registered.
[Midd4VCServer] Vehicle veh9 already registered.
[Midd4VCServer] job received: 979a1879-5196-4676-8069-9c843f11719b
[Midd4VC] Job 21850fe5-b1b9-432f-88b5-7813132c10c4 timed out. Re-enqueueing.
[Midd4VCServer] Assigning job 21850fe5-b1b9-432f-88b5-7813132c10c4 to vehicle veh18
[Midd4VCServer] Assigning job 979a1879-5196-4676-8069-9c843f11719b to vehicle veh37
[Midd4VCServer] job 979a1879-5196-4676-8069-9c843f11719b completed by vehicle veh37
[Midd4VCServer] job received: 07cc2eaf-0de8-4337-b61d-4100db49d76b
[Midd4VCServer] Assigning job 07cc2eaf-0de8-4337-b61d-4100db49d76b to vehicle veh26
[Midd4VCServer] job 07cc2eaf-0de8-4337-b61d-4100db49d76b completed by vehicle veh26
[Midd4VCServer] Vehicle veh32 already registered.
[Midd4VCServer] Vehicle veh30 already registered.
[Midd4VCServer] Vehicle veh34 already registered.
[Midd4VCServer] Vehicle veh27 already registered.
[Midd4VCServer] Vehicle veh22 already registered.
[Midd4VCServer] job received: bc045eed-e466-4b71-8d0c-a0bb4080e215
[Midd4VCServer] Assigning job bc045eed-e466-4b71-8d0c-a0bb4080e215 to vehicle veh33
[Midd4VCServer] job bc045eed-e466-4b71-8d0c-a0bb4080e215 completed by vehicle veh33
[Midd4VCServer] Vehicle veh5 already registered.
[Midd4VCServer] Vehicle veh18 already registered.
[Midd4VCServer] Vehicle veh3 already registered.
[Midd4VCServer] Vehicle veh6 already registered.
[Midd4VCServer] job received: 73f30ee4-f663-42da-a3a4-ea8bfc64abd2
[Midd4VC] Job 6d87aff0-9737-4924-8e76-06ef614da4de timed out. Re-enqueueing.
[Midd4VC] Job d8e68abb-ecf0-42dc-aad5-4a501b7776c2 timed out. Re-enqueueing.
[Midd4VC] Job ccdcf3c2-8af7-4c33-9bc3-02924383cb2f timed out. Re-enqueueing.
[Midd4VC] Job 18eb62a0-b689-416d-a5dc-83d8f16fbcef timed out. Re-enqueueing.
[Midd4VC] Job 720e14ce-ba37-485e-b390-a1c2bbb9353e timed out. Re-enqueueing.
[Midd4VC] Job 065dc318-1b16-4f6e-aff5-a9bb5d5420c3 timed out. Re-enqueueing.
[Midd4VC] Job f21fb2f1-7e46-4fd9-84c8-f349d67d757f timed out. Re-enqueueing.
[Midd4VCServer] Assigning job f21fb2f1-7e46-4fd9-84c8-f349d67d757f to vehicle veh13
[Midd4VCServer] Assigning job 065dc318-1b16-4f6e-aff5-a9bb5d5420c3 to vehicle veh40
[Midd4VCServer] Assigning job 720e14ce-ba37-485e-b390-a1c2bbb9353e to vehicle veh24
[Midd4VCServer] Assigning job 18eb62a0-b689-416d-a5dc-83d8f16fbcef to vehicle veh38
[Midd4VCServer] Assigning job ccdcf3c2-8af7-4c33-9bc3-02924383cb2f to vehicle veh39
[Midd4VCServer] Assigning job d8e68abb-ecf0-42dc-aad5-4a501b7776c2 to vehicle veh1
[Midd4VCServer] Assigning job 6d87aff0-9737-4924-8e76-06ef614da4de to vehicle veh14
[Midd4VCServer] Assigning job 73f30ee4-f663-42da-a3a4-ea8bfc64abd2 to vehicle veh29
[Midd4VCServer] job f21fb2f1-7e46-4fd9-84c8-f349d67d757f completed by vehicle veh13
[Midd4VCServer] job d8e68abb-ecf0-42dc-aad5-4a501b7776c2 completed by vehicle veh1
[Midd4VCServer] job 18eb62a0-b689-416d-a5dc-83d8f16fbcef completed by vehicle veh38
[Midd4VCServer] job received: c41d451e-3277-475e-9961-c10570a5fe67
[Midd4VCServer] Assigning job c41d451e-3277-475e-9961-c10570a5fe67 to vehicle veh13
[Midd4VCServer] job c41d451e-3277-475e-9961-c10570a5fe67 completed by vehicle veh13
[Midd4VCServer] Vehicle veh25 already registered.
[Midd4VCServer] job received: 0dc67a3d-50b0-4475-b7c1-701fb805142a
[Midd4VC] Job 5c5d63dd-cbe4-422a-badd-d34990a71cbd timed out. Re-enqueueing.
[Midd4VCServer] Assigning job 5c5d63dd-cbe4-422a-badd-d34990a71cbd to vehicle veh17
[Midd4VCServer] Assigning job 0dc67a3d-50b0-4475-b7c1-701fb805142a to vehicle veh13
[Midd4VCServer] job 5c5d63dd-cbe4-422a-badd-d34990a71cbd completed by vehicle veh17
[Midd4VCServer] job 0dc67a3d-50b0-4475-b7c1-701fb805142a completed by vehicle veh13
[Midd4VCServer] Vehicle veh4 already registered.
[Midd4VCServer] job received: d8927346-0588-4ace-afdf-92e4c6e33430
[Midd4VCServer] Assigning job d8927346-0588-4ace-afdf-92e4c6e33430 to vehicle veh17
[Midd4VCServer] job d8927346-0588-4ace-afdf-92e4c6e33430 completed by vehicle veh17
[Midd4VCServer] Vehicle veh38 already registered.
[Midd4VCServer] job received: e18c6140-3ce7-408e-91ff-b1c5e019d69f
[Midd4VCServer] Assigning job e18c6140-3ce7-408e-91ff-b1c5e019d69f to vehicle veh17
[Midd4VCServer] job e18c6140-3ce7-408e-91ff-b1c5e019d69f completed by vehicle veh17
[Midd4VCServer] Vehicle veh21 already registered.
[Midd4VCServer] Vehicle veh23 already registered.
[Midd4VCServer] Vehicle veh34 already registered.
[Midd4VCServer] job received: 088219bb-be72-4483-b1e6-ca8518634676
[Midd4VCServer] Assigning job 088219bb-be72-4483-b1e6-ca8518634676 to vehicle veh17
[Midd4VCServer] job 088219bb-be72-4483-b1e6-ca8518634676 completed by vehicle veh17
[Midd4VCServer] job received: 1da7ea6e-1b1a-4070-815e-b8d8c94fb376
[Midd4VCServer] Assigning job 1da7ea6e-1b1a-4070-815e-b8d8c94fb376 to vehicle veh17
[Midd4VCServer] job 1da7ea6e-1b1a-4070-815e-b8d8c94fb376 completed by vehicle veh17
[Midd4VCServer] job received: c090a0c5-89b5-4dbf-9918-74ac97502ecb
[Midd4VCServer] Assigning job c090a0c5-89b5-4dbf-9918-74ac97502ecb to vehicle veh17
[Midd4VCServer] job c090a0c5-89b5-4dbf-9918-74ac97502ecb completed by vehicle veh17
[Midd4VCServer] Vehicle veh32 already registered.
[Midd4VCServer] Vehicle veh9 already registered.
[Midd4VCServer] Vehicle veh28 already registered.
[Midd4VCServer] job received: 4eb0d456-55ed-41b0-89ac-88b9202c99d4
[Midd4VC] Job 9881af8d-505d-47bb-9dde-3735614835d7 timed out. Re-enqueueing.
[Midd4VC] Job 7c8ce90b-d53a-4c5c-917c-85f9a57237b3 timed out. Re-enqueueing.
[Midd4VCServer] Assigning job 7c8ce90b-d53a-4c5c-917c-85f9a57237b3 to vehicle veh36
[Midd4VCServer] Assigning job 9881af8d-505d-47bb-9dde-3735614835d7 to vehicle veh17
[Midd4VCServer] Assigning job 4eb0d456-55ed-41b0-89ac-88b9202c99d4 to vehicle veh13
[Midd4VCServer] job 7c8ce90b-d53a-4c5c-917c-85f9a57237b3 completed by vehicle veh36
[Midd4VCServer] job 4eb0d456-55ed-41b0-89ac-88b9202c99d4 completed by vehicle veh13
[Midd4VCServer] job 9881af8d-505d-47bb-9dde-3735614835d7 completed by vehicle veh17
[Midd4VCServer] Vehicle veh40 already registered.
[Midd4VCServer] Vehicle veh39 already registered.
[Midd4VCServer] Vehicle veh13 already registered.
[Midd4VCServer] job received: fde67870-7091-4f08-a28a-6e34b197efca
[Midd4VCServer] Assigning job fde67870-7091-4f08-a28a-6e34b197efca to vehicle veh36
[Midd4VCServer] job fde67870-7091-4f08-a28a-6e34b197efca completed by vehicle veh36
[Midd4VCServer] job received: 9bae4915-fa82-4645-bf41-77931d8d6660
[Midd4VCServer] Assigning job 9bae4915-fa82-4645-bf41-77931d8d6660 to vehicle veh36
[Midd4VCServer] job 9bae4915-fa82-4645-bf41-77931d8d6660 completed by vehicle veh36
[Midd4VCServer] job received: 79b4cf86-cd19-4606-a271-fdf58b46e7f6
[Midd4VC] Job abe0631a-db8a-466e-9b68-fbb99535bcaf timed out. Re-enqueueing.
[Midd4VCServer] Assigning job abe0631a-db8a-466e-9b68-fbb99535bcaf to vehicle veh36
[Midd4VCServer] Assigning job 79b4cf86-cd19-4606-a271-fdf58b46e7f6 to vehicle veh17
[Midd4VCServer] job abe0631a-db8a-466e-9b68-fbb99535bcaf completed by vehicle veh36
[Midd4VCServer] job 79b4cf86-cd19-4606-a271-fdf58b46e7f6 completed by vehicle veh17
[Midd4VCServer] job received: 7f66e39d-7b3f-4898-b6a6-a82c3a5b8269
[Midd4VCServer] Assigning job 7f66e39d-7b3f-4898-b6a6-a82c3a5b8269 to vehicle veh36
[Midd4VCServer] job 7f66e39d-7b3f-4898-b6a6-a82c3a5b8269 completed by vehicle veh36
[Midd4VCServer] job received: 9c2d8c1b-0ca8-48ac-8c12-bb0ad3ee712c
[Midd4VC] Job c904ea8f-c4d4-4dea-8a70-e203d22c2ebc timed out. Re-enqueueing.
[Midd4VC] Job 7ccd7ede-7109-4c73-b7e0-d69478220f4f timed out. Re-enqueueing.
[Midd4VCServer] Assigning job 7ccd7ede-7109-4c73-b7e0-d69478220f4f to vehicle veh36
[Midd4VCServer] Assigning job c904ea8f-c4d4-4dea-8a70-e203d22c2ebc to vehicle veh38
[Midd4VCServer] Assigning job 9c2d8c1b-0ca8-48ac-8c12-bb0ad3ee712c to vehicle veh13
[Midd4VCServer] job 7ccd7ede-7109-4c73-b7e0-d69478220f4f completed by vehicle veh36
[Midd4VCServer] job c904ea8f-c4d4-4dea-8a70-e203d22c2ebc completed by vehicle veh38
[Midd4VCServer] Vehicle veh6 already registered.
[Midd4VCServer] job received: 2c0c7d90-44d8-4c9b-9a16-0dd8199dc2d1
[Midd4VCServer] Assigning job 2c0c7d90-44d8-4c9b-9a16-0dd8199dc2d1 to vehicle veh36
[Midd4VCServer] job 2c0c7d90-44d8-4c9b-9a16-0dd8199dc2d1 completed by vehicle veh36
[Midd4VCServer] Vehicle veh28 already registered.
[Midd4VCServer] Vehicle veh39 already registered.
[Midd4VCServer] Vehicle veh26 already registered.
[Midd4VCServer] Vehicle veh12 already registered.
[Midd4VCServer] Vehicle veh19 already registered.
[Midd4VCServer] Vehicle veh34 already registered.
[Midd4VCServer] job received: 6ccaccc0-d9db-4407-8f12-aa0e2ad84b42
[Midd4VCServer] Assigning job 6ccaccc0-d9db-4407-8f12-aa0e2ad84b42 to vehicle veh36
[Midd4VCServer] job 6ccaccc0-d9db-4407-8f12-aa0e2ad84b42 completed by vehicle veh36
[Midd4VCServer] job received: c8130b21-51cd-49e1-a50f-6710681b4e32
[Midd4VCServer] Assigning job c8130b21-51cd-49e1-a50f-6710681b4e32 to vehicle veh36
[Midd4VCServer] job c8130b21-51cd-49e1-a50f-6710681b4e32 completed by vehicle veh36
[Midd4VCServer] job received: dda82d5a-4b87-42a9-acec-f35b9897f494
[Midd4VCServer] Assigning job dda82d5a-4b87-42a9-acec-f35b9897f494 to vehicle veh17
[Midd4VCServer] job dda82d5a-4b87-42a9-acec-f35b9897f494 completed by vehicle veh17
[Midd4VCServer] job received: 1d90eb59-118f-4cd8-bc2c-670a6978537a
[Midd4VCServer] Assigning job 1d90eb59-118f-4cd8-bc2c-670a6978537a to vehicle veh38
[Midd4VCServer] job 1d90eb59-118f-4cd8-bc2c-670a6978537a completed by vehicle veh38
[Midd4VCServer] Vehicle veh22 already registered.
[Midd4VCServer] job received: e526febf-1e34-4766-af74-43fd299b69aa
[Midd4VCServer] Assigning job e526febf-1e34-4766-af74-43fd299b69aa to vehicle veh31
[Midd4VCServer] job e526febf-1e34-4766-af74-43fd299b69aa completed by vehicle veh31
[Midd4VCServer] Vehicle veh31 already registered.
[Midd4VCServer] job received: 53dac0b4-3830-4592-b91d-ba0d051e628a
[Midd4VCServer] Assigning job 53dac0b4-3830-4592-b91d-ba0d051e628a to vehicle veh3
[Midd4VCServer] job received: 176ba126-4e1a-48e5-8b60-d0b4505d156b
[Midd4VC] Job 144f193f-9191-4619-b53b-29874ef833f6 timed out. Re-enqueueing.
[Midd4VCServer] Assigning job 144f193f-9191-4619-b53b-29874ef833f6 to vehicle veh2
[Midd4VCServer] Assigning job 176ba126-4e1a-48e5-8b60-d0b4505d156b to vehicle veh32
[Midd4VCServer] Vehicle veh23 already registered.
[Midd4VCServer] job received: fa52c6a7-6f39-410c-8e63-4ce582d27c2d
[Midd4VC] Job 44d66420-6030-43fd-b41d-aa2efe06447f timed out. Re-enqueueing.
[Midd4VCServer] Assigning job 44d66420-6030-43fd-b41d-aa2efe06447f to vehicle veh15
[Midd4VCServer] Assigning job fa52c6a7-6f39-410c-8e63-4ce582d27c2d to vehicle veh37
[Midd4VCServer] job received: 47fff566-9e9d-4df6-841e-870f287120ca
[Midd4VCServer] Assigning job 47fff566-9e9d-4df6-841e-870f287120ca to vehicle veh6
[Midd4VCServer] job 47fff566-9e9d-4df6-841e-870f287120ca completed by vehicle veh6
[Midd4VCServer] Vehicle veh29 already registered.
[Midd4VCServer] Vehicle veh37 already registered.
[Midd4VCServer] Vehicle veh11 already registered.
[Midd4VCServer] Vehicle veh8 already registered.
[Midd4VCServer] job received: 4d435934-f430-4acb-b52e-4ce928b8a835
[Midd4VCServer] Assigning job 4d435934-f430-4acb-b52e-4ce928b8a835 to vehicle veh30
[Midd4VCServer] job received: a2ffd5c4-ff00-40b8-be94-8a02101cf3ca
[Midd4VCServer] Assigning job a2ffd5c4-ff00-40b8-be94-8a02101cf3ca to vehicle veh23
[Midd4VCServer] job received: 6b498ab1-c24c-4d85-8ef0-784f676310ac
[Midd4VCServer] Assigning job 6b498ab1-c24c-4d85-8ef0-784f676310ac to vehicle veh5
[Midd4VCServer] Vehicle veh7 already registered.
[Midd4VCServer] Vehicle veh3 already registered.
[Midd4VCServer] job received: a22d241e-1f93-4751-b1d1-69f1fe67859b
[Midd4VC] Job 341f99f2-3b85-4e36-be69-1450a7d79e6f timed out. Re-enqueueing.
[Midd4VC] Job 13355f28-7c8a-404b-b31a-2ab3b65e149f timed out. Re-enqueueing.
[Midd4VCServer] Assigning job 13355f28-7c8a-404b-b31a-2ab3b65e149f to vehicle veh25
[Midd4VCServer] Assigning job 341f99f2-3b85-4e36-be69-1450a7d79e6f to vehicle veh7
[Midd4VCServer] Assigning job a22d241e-1f93-4751-b1d1-69f1fe67859b to vehicle veh36
[Midd4VCServer] job 341f99f2-3b85-4e36-be69-1450a7d79e6f completed by vehicle veh7
[Midd4VCServer] job received: dbcdff1d-ea7c-4a55-8f11-1788cb620c38
[Midd4VCServer] Assigning job dbcdff1d-ea7c-4a55-8f11-1788cb620c38 to vehicle veh7
[Midd4VCServer] job dbcdff1d-ea7c-4a55-8f11-1788cb620c38 completed by vehicle veh7
[Midd4VCServer] Vehicle veh28 already registered.
[Midd4VCServer] job received: 9b9b559c-d378-4e97-ae71-cc63a5a12815
[Midd4VCServer] Assigning job 9b9b559c-d378-4e97-ae71-cc63a5a12815 to vehicle veh7
[Midd4VCServer] job received: c36dc6d3-4a95-446b-8dcf-54ac42b3850b
[Midd4VCServer] Assigning job c36dc6d3-4a95-446b-8dcf-54ac42b3850b to vehicle veh26
[Midd4VCServer] Vehicle veh14 already registered.
[Midd4VCServer] Vehicle veh1 already registered.
[Midd4VCServer] job received: e11238c9-2a33-4afc-a323-f5c49735b8ca
[Midd4VC] Job 7e921208-055f-47e5-b6e5-3eaeb4111ca9 timed out. Re-enqueueing.
[Midd4VCServer] Assigning job 7e921208-055f-47e5-b6e5-3eaeb4111ca9 to vehicle veh34
[Midd4VCServer] Assigning job e11238c9-2a33-4afc-a323-f5c49735b8ca to vehicle veh33
[Midd4VCServer] job received: 1d930c29-d7ea-4510-bdfc-640d2bdfe294
[Midd4VCServer] Assigning job 1d930c29-d7ea-4510-bdfc-640d2bdfe294 to vehicle veh1
[Midd4VCServer] job 1d930c29-d7ea-4510-bdfc-640d2bdfe294 completed by vehicle veh1
[Midd4VCServer] Vehicle veh7 already registered.
[Midd4VCServer] job received: 57fab4a9-455f-41c3-b82e-879c8c96a104
[Midd4VCServer] Assigning job 57fab4a9-455f-41c3-b82e-879c8c96a104 to vehicle veh17
[Midd4VCServer] Vehicle veh12 already registered.
[Midd4VCServer] job received: 16cebb78-0641-445b-9f1c-19b74603a7c1
[Midd4VC] Job 6ce4bb54-95bb-4775-a042-4f2e8d679e6c timed out. Re-enqueueing.
[Midd4VC] Job 2a863c54-799f-4fc4-821a-0cdc11343d62 timed out. Re-enqueueing.
[Midd4VC] Job c8da0571-dee7-496c-a260-5cf52657ae0b timed out. Re-enqueueing.
[Midd4VCServer] Assigning job c8da0571-dee7-496c-a260-5cf52657ae0b to vehicle veh21
[Midd4VCServer] Assigning job 2a863c54-799f-4fc4-821a-0cdc11343d62 to vehicle veh20
[Midd4VCServer] Assigning job 6ce4bb54-95bb-4775-a042-4f2e8d679e6c to vehicle veh28
[Midd4VCServer] Assigning job 16cebb78-0641-445b-9f1c-19b74603a7c1 to vehicle veh38
[Midd4VCServer] job 6ce4bb54-95bb-4775-a042-4f2e8d679e6c completed by vehicle veh28
[Midd4VCServer] Vehicle veh4 already registered.
[Midd4VCServer] Vehicle veh24 already registered.
[Midd4VCServer] job received: ccf1a699-3019-4e82-a9d1-2d1742ff22fb
[Midd4VCServer] Assigning job ccf1a699-3019-4e82-a9d1-2d1742ff22fb to vehicle veh28
[Midd4VCServer] job ccf1a699-3019-4e82-a9d1-2d1742ff22fb completed by vehicle veh28
[Midd4VCServer] job received: 7ac3d3b1-abce-4143-b4d7-21e8262f1bdc
[Midd4VC] Job 21850fe5-b1b9-432f-88b5-7813132c10c4 timed out. Re-enqueueing.
[Midd4VCServer] Assigning job 21850fe5-b1b9-432f-88b5-7813132c10c4 to vehicle veh18
[Midd4VCServer] Assigning job 7ac3d3b1-abce-4143-b4d7-21e8262f1bdc to vehicle veh28
[Midd4VCServer] job 21850fe5-b1b9-432f-88b5-7813132c10c4 completed by vehicle veh18
[Midd4VCServer] job 7ac3d3b1-abce-4143-b4d7-21e8262f1bdc completed by vehicle veh28
[Midd4VCServer] Vehicle veh34 already registered.
[Midd4VCServer] job received: b5be1121-861c-4fbb-9114-5873f986f8d6
[Midd4VCServer] Assigning job b5be1121-861c-4fbb-9114-5873f986f8d6 to vehicle veh18
[Midd4VCServer] job b5be1121-861c-4fbb-9114-5873f986f8d6 completed by vehicle veh18
[Midd4VCServer] job received: 2a24862a-3e36-48ec-bdce-cbf7c885ec2c
[Midd4VCServer] Assigning job 2a24862a-3e36-48ec-bdce-cbf7c885ec2c to vehicle veh18
[Midd4VCServer] job 2a24862a-3e36-48ec-bdce-cbf7c885ec2c completed by vehicle veh18
[Midd4VCServer] Vehicle veh31 already registered.
[Midd4VCServer] job received: 84f1ff71-01bc-4dab-a715-b70fc0154dda
[Midd4VC] Job 065dc318-1b16-4f6e-aff5-a9bb5d5420c3 timed out. Re-enqueueing.
[Midd4VC] Job 720e14ce-ba37-485e-b390-a1c2bbb9353e timed out. Re-enqueueing.
[Midd4VC] Job ccdcf3c2-8af7-4c33-9bc3-02924383cb2f timed out. Re-enqueueing.
[Midd4VC] Job 6d87aff0-9737-4924-8e76-06ef614da4de timed out. Re-enqueueing.
[Midd4VC] Job 73f30ee4-f663-42da-a3a4-ea8bfc64abd2 timed out. Re-enqueueing.
[Midd4VCServer] Assigning job 73f30ee4-f663-42da-a3a4-ea8bfc64abd2 to vehicle veh40
[Midd4VCServer] Assigning job 6d87aff0-9737-4924-8e76-06ef614da4de to vehicle veh18
[Midd4VCServer] Assigning job ccdcf3c2-8af7-4c33-9bc3-02924383cb2f to vehicle veh24
[Midd4VCServer] Assigning job 720e14ce-ba37-485e-b390-a1c2bbb9353e to vehicle veh39
[Midd4VCServer] Assigning job 065dc318-1b16-4f6e-aff5-a9bb5d5420c3 to vehicle veh14
[Midd4VCServer] Assigning job 84f1ff71-01bc-4dab-a715-b70fc0154dda to vehicle veh29
[Midd4VCServer] job 6d87aff0-9737-4924-8e76-06ef614da4de completed by vehicle veh18
[Midd4VCServer] job 065dc318-1b16-4f6e-aff5-a9bb5d5420c3 completed by vehicle veh14
[Midd4VCServer] job received: d9187b46-33fe-4320-9868-04e559155d86
[Midd4VCServer] Assigning job d9187b46-33fe-4320-9868-04e559155d86 to vehicle veh18
[Midd4VCServer] job d9187b46-33fe-4320-9868-04e559155d86 completed by vehicle veh18
[Midd4VCServer] job received: 0d399135-1286-4329-8465-79a5f2eb460f
[Midd4VCServer] Assigning job 0d399135-1286-4329-8465-79a5f2eb460f to vehicle veh18
[Midd4VCServer] job 0d399135-1286-4329-8465-79a5f2eb460f completed by vehicle veh18
[Midd4VCServer] Vehicle veh30 already registered.
[Midd4VCServer] job received: 851ed35a-e2b3-42c3-9ed2-a0ff07fa506d
[Midd4VCServer] Assigning job 851ed35a-e2b3-42c3-9ed2-a0ff07fa506d to vehicle veh18
[Midd4VCServer] job 851ed35a-e2b3-42c3-9ed2-a0ff07fa506d completed by vehicle veh18
[Midd4VCServer] job received: 3eeb86e2-4312-456e-9989-1b9d971f52aa
[Midd4VCServer] Assigning job 3eeb86e2-4312-456e-9989-1b9d971f52aa to vehicle veh14
[Midd4VCServer] job 3eeb86e2-4312-456e-9989-1b9d971f52aa completed by vehicle veh14
[Midd4VCServer] Vehicle veh36 already registered.
[Midd4VCServer] Vehicle veh24 already registered.
[Midd4VCServer] Vehicle veh13 already registered.
[Midd4VCServer] job received: 1a753c0f-1cc5-41aa-a59c-1d49c1593d4f
[Midd4VCServer] Assigning job 1a753c0f-1cc5-41aa-a59c-1d49c1593d4f to vehicle veh35
[Midd4VCServer] Vehicle veh26 already registered.
[Midd4VCServer] job received: 223f80a6-3c64-4bc0-b64e-fc4a832a8a16
[Midd4VCServer] Assigning job 223f80a6-3c64-4bc0-b64e-fc4a832a8a16 to vehicle veh31
[Midd4VCServer] Vehicle veh15 already registered.
[Midd4VCServer] job received: b6c55c7e-d01d-46f0-9212-93a5be018749
[Midd4VCServer] Assigning job b6c55c7e-d01d-46f0-9212-93a5be018749 to vehicle veh8
[Midd4VCServer] Vehicle veh4 already registered.
[Midd4VCServer] job received: 07b88510-892b-489c-a5df-d31b4697636f
[Midd4VCServer] Assigning job 07b88510-892b-489c-a5df-d31b4697636f to vehicle veh11
[Midd4VCServer] job received: b1e9b9f8-79e1-4937-bbd8-96fd6e8435be
[Midd4VCServer] Assigning job b1e9b9f8-79e1-4937-bbd8-96fd6e8435be to vehicle veh19
[Midd4VCServer] Vehicle veh29 already registered.
[Midd4VCServer] job received: bf8aafcd-f305-443e-8712-f7d8fd59f605
[Midd4VCServer] Assigning job bf8aafcd-f305-443e-8712-f7d8fd59f605 to vehicle veh10
[Midd4VCServer] Vehicle veh3 already registered.
[Midd4VCServer] job received: 0c2d350c-3f3b-40e8-bdf5-782d89a96629
[Midd4VCServer] Assigning job 0c2d350c-3f3b-40e8-bdf5-782d89a96629 to vehicle veh6
[Midd4VCServer] job received: 91292455-9244-4325-86e7-ca01150b0214
[Midd4VCServer] Assigning job 91292455-9244-4325-86e7-ca01150b0214 to vehicle veh18
[Midd4VCServer] job 91292455-9244-4325-86e7-ca01150b0214 completed by vehicle veh18
[Midd4VCServer] Vehicle veh27 already registered.
[Midd4VCServer] Vehicle veh15 already registered.
[Midd4VCServer] Vehicle veh32 already registered.
[Midd4VCServer] job received: 31fd6a07-773a-4b76-9079-46eb0ca9a767
[Midd4VCServer] Assigning job 31fd6a07-773a-4b76-9079-46eb0ca9a767 to vehicle veh16
[Midd4VCServer] job received: cd7b5548-f745-4ff9-89fd-0cbcc8ae20fc
[Midd4VCServer] Assigning job cd7b5548-f745-4ff9-89fd-0cbcc8ae20fc to vehicle veh9
[Midd4VCServer] Vehicle veh33 already registered.
[Midd4VCServer] job received: fb93d064-f62b-48ff-ab62-871c37e93be8
[Midd4VC] Job 9c2d8c1b-0ca8-48ac-8c12-bb0ad3ee712c timed out. Re-enqueueing.
[Midd4VCServer] Assigning job 9c2d8c1b-0ca8-48ac-8c12-bb0ad3ee712c to vehicle veh13
[Midd4VCServer] Assigning job fb93d064-f62b-48ff-ab62-871c37e93be8 to vehicle veh1
[Midd4VCServer] job received: c3b494f5-9ee6-47fb-8a17-39a2f6acfa9f
[Midd4VCServer] Assigning job c3b494f5-9ee6-47fb-8a17-39a2f6acfa9f to vehicle veh28
[Midd4VCServer] job received: f1319692-22bc-4a97-95ba-f81244365877
[Midd4VCServer] Assigning job f1319692-22bc-4a97-95ba-f81244365877 to vehicle veh14
[Midd4VCServer] job received: aea0a28f-215e-4ae4-bba2-89c160ab1c59
[Midd4VCServer] Assigning job aea0a28f-215e-4ae4-bba2-89c160ab1c59 to vehicle veh22
[Midd4VCServer] job aea0a28f-215e-4ae4-bba2-89c160ab1c59 completed by vehicle veh22
[Midd4VCServer] job received: 13729922-7f6c-48e8-b932-b6fb415722df
[Midd4VCServer] Assigning job 13729922-7f6c-48e8-b932-b6fb415722df to vehicle veh12
[Midd4VCServer] Vehicle veh22 already registered.
[Midd4VCServer] Vehicle veh7 already registered.
[Midd4VCServer] Vehicle veh31 already registered.
[Midd4VCServer] job received: 588f98ac-4710-44db-ae6c-f77ff73c18b8
[Midd4VC] Job 53dac0b4-3830-4592-b91d-ba0d051e628a timed out. Re-enqueueing.
[Midd4VCServer] Assigning job 53dac0b4-3830-4592-b91d-ba0d051e628a to vehicle veh3
[Midd4VCServer] Assigning job 588f98ac-4710-44db-ae6c-f77ff73c18b8 to vehicle veh4
[Midd4VCServer] job 53dac0b4-3830-4592-b91d-ba0d051e628a completed by vehicle veh3
[Midd4VCServer] Vehicle veh2 already registered.
[Midd4VCServer] job received: 73ae9b01-c6a2-4248-93c6-e50d7368fd96
[Midd4VCServer] Assigning job 73ae9b01-c6a2-4248-93c6-e50d7368fd96 to vehicle veh3
[Midd4VCServer] job 73ae9b01-c6a2-4248-93c6-e50d7368fd96 completed by vehicle veh3
[Midd4VCServer] job received: b2421d56-cdd7-42ff-9ee8-eecbe4c97735
[Midd4VCServer] Assigning job b2421d56-cdd7-42ff-9ee8-eecbe4c97735 to vehicle veh3
[Midd4VCServer] job b2421d56-cdd7-42ff-9ee8-eecbe4c97735 completed by vehicle veh3
[Midd4VCServer] Vehicle veh6 already registered.
[Midd4VCServer] Vehicle veh19 already registered.
[Midd4VCServer] job received: bb302522-3d77-4205-b5df-f460f85c1bda
[Midd4VC] Job 144f193f-9191-4619-b53b-29874ef833f6 timed out. Re-enqueueing.
[Midd4VC] Job 176ba126-4e1a-48e5-8b60-d0b4505d156b timed out. Re-enqueueing.
[Midd4VC] Job 44d66420-6030-43fd-b41d-aa2efe06447f timed out. Re-enqueueing.
[Midd4VC] Job fa52c6a7-6f39-410c-8e63-4ce582d27c2d timed out. Re-enqueueing.
[Midd4VCServer] Assigning job fa52c6a7-6f39-410c-8e63-4ce582d27c2d to vehicle veh15
[Midd4VCServer] Assigning job 44d66420-6030-43fd-b41d-aa2efe06447f to vehicle veh2
[Midd4VCServer] Assigning job 176ba126-4e1a-48e5-8b60-d0b4505d156b to vehicle veh32
[Midd4VCServer] Assigning job 144f193f-9191-4619-b53b-29874ef833f6 to vehicle veh37
[Midd4VCServer] Assigning job bb302522-3d77-4205-b5df-f460f85c1bda to vehicle veh18
[Midd4VCServer] job fa52c6a7-6f39-410c-8e63-4ce582d27c2d completed by vehicle veh15
[Midd4VCServer] job 176ba126-4e1a-48e5-8b60-d0b4505d156b completed by vehicle veh32
[Midd4VCServer] job 44d66420-6030-43fd-b41d-aa2efe06447f completed by vehicle veh2
[Midd4VCServer] Vehicle veh40 already registered.
[Midd4VCServer] Vehicle veh17 already registered.
[Midd4VCServer] Vehicle veh28 already registered.
[Midd4VCServer] Vehicle veh23 already registered.
[Midd4VCServer] Vehicle veh1 already registered.
[Midd4VCServer] job received: ed9c653d-6565-497f-97cb-ebe4c263fce1
[Midd4VCServer] Assigning job ed9c653d-6565-497f-97cb-ebe4c263fce1 to vehicle veh15
[Midd4VCServer] job ed9c653d-6565-497f-97cb-ebe4c263fce1 completed by vehicle veh15
[Midd4VCServer] job received: 599b32fa-d1e5-4f0c-b9d2-33094e64b86b
[Midd4VC] Job 4d435934-f430-4acb-b52e-4ce928b8a835 timed out. Re-enqueueing.
[Midd4VCServer] Assigning job 4d435934-f430-4acb-b52e-4ce928b8a835 to vehicle veh15
[Midd4VCServer] Assigning job 599b32fa-d1e5-4f0c-b9d2-33094e64b86b to vehicle veh2
[Midd4VCServer] job 4d435934-f430-4acb-b52e-4ce928b8a835 completed by vehicle veh15
[Midd4VCServer] job 599b32fa-d1e5-4f0c-b9d2-33094e64b86b completed by vehicle veh2
[Midd4VCServer] job received: fddaa2e3-05ef-4571-8c2f-4b1000c2c38a
[Midd4VCServer] Assigning job fddaa2e3-05ef-4571-8c2f-4b1000c2c38a to vehicle veh15
[Midd4VCServer] job fddaa2e3-05ef-4571-8c2f-4b1000c2c38a completed by vehicle veh15
[Midd4VCServer] Vehicle veh11 already registered.
[Midd4VCServer] job received: 51fb1ca8-2dab-46d6-82eb-5f2c73e9b693
[Midd4VC] Job a2ffd5c4-ff00-40b8-be94-8a02101cf3ca timed out. Re-enqueueing.
[Midd4VC] Job 6b498ab1-c24c-4d85-8ef0-784f676310ac timed out. Re-enqueueing.
[Midd4VC] Job 13355f28-7c8a-404b-b31a-2ab3b65e149f timed out. Re-enqueueing.
[Midd4VC] Job a22d241e-1f93-4751-b1d1-69f1fe67859b timed out. Re-enqueueing.
[Midd4VCServer] Assigning job a22d241e-1f93-4751-b1d1-69f1fe67859b to vehicle veh25
[Midd4VCServer] Assigning job 13355f28-7c8a-404b-b31a-2ab3b65e149f to vehicle veh2
[Midd4VCServer] Assigning job 6b498ab1-c24c-4d85-8ef0-784f676310ac to vehicle veh15
[Midd4VCServer] Assigning job a2ffd5c4-ff00-40b8-be94-8a02101cf3ca to vehicle veh30
[Midd4VCServer] Assigning job 51fb1ca8-2dab-46d6-82eb-5f2c73e9b693 to vehicle veh23
[Midd4VCServer] job 13355f28-7c8a-404b-b31a-2ab3b65e149f completed by vehicle veh2
[Midd4VCServer] job 51fb1ca8-2dab-46d6-82eb-5f2c73e9b693 completed by vehicle veh23
[Midd4VCServer] job 6b498ab1-c24c-4d85-8ef0-784f676310ac completed by vehicle veh15
[Midd4VCServer] Vehicle veh13 already registered.
[Midd4VCServer] Vehicle veh33 already registered.
[Midd4VCServer] job received: 69bea68a-a550-4566-a10b-260404941ce1
[Midd4VCServer] Assigning job 69bea68a-a550-4566-a10b-260404941ce1 to vehicle veh2
[Midd4VCServer] job 69bea68a-a550-4566-a10b-260404941ce1 completed by vehicle veh2
[Midd4VCServer] job received: 6c5eb69f-80ab-497c-aecd-786132876183
[Midd4VC] Job 9b9b559c-d378-4e97-ae71-cc63a5a12815 timed out. Re-enqueueing.
[Midd4VCServer] Assigning job 9b9b559c-d378-4e97-ae71-cc63a5a12815 to vehicle veh7
[Midd4VCServer] Assigning job 6c5eb69f-80ab-497c-aecd-786132876183 to vehicle veh15
[Midd4VCServer] job 6c5eb69f-80ab-497c-aecd-786132876183 completed by vehicle veh15
[Midd4VCServer] Vehicle veh35 already registered.
[Midd4VCServer] Vehicle veh36 already registered.
[Midd4VCServer] job received: 8ed64b6c-5b23-4be6-9bd4-8657be7f09e9
[Midd4VCServer] Assigning job 8ed64b6c-5b23-4be6-9bd4-8657be7f09e9 to vehicle veh2
[Midd4VCServer] job received: 02d36a2f-5cc5-44f5-a842-12861dc2357a
[Midd4VC] Job c36dc6d3-4a95-446b-8dcf-54ac42b3850b timed out. Re-enqueueing.
[Midd4VCServer] Assigning job c36dc6d3-4a95-446b-8dcf-54ac42b3850b to vehicle veh5
[Midd4VCServer] Assigning job 02d36a2f-5cc5-44f5-a842-12861dc2357a to vehicle veh36
[Midd4VCServer] job 02d36a2f-5cc5-44f5-a842-12861dc2357a completed by vehicle veh36
[Midd4VCServer] Vehicle veh16 already registered.
[Midd4VCServer] job received: 77a4b557-4f2c-4ff9-8925-a4c7d4ea04f1
[Midd4VCServer] Assigning job 77a4b557-4f2c-4ff9-8925-a4c7d4ea04f1 to vehicle veh26
[Midd4VCServer] Vehicle veh7 already registered.
[Midd4VCServer] job received: 5fe3cb10-3328-45f6-87a2-f75098cda5d2
[Midd4VC] Job 7e921208-055f-47e5-b6e5-3eaeb4111ca9 timed out. Re-enqueueing.
[Midd4VC] Job e11238c9-2a33-4afc-a323-f5c49735b8ca timed out. Re-enqueueing.
[Midd4VC] Job 57fab4a9-455f-41c3-b82e-879c8c96a104 timed out. Re-enqueueing.
[Midd4VCServer] Assigning job 57fab4a9-455f-41c3-b82e-879c8c96a104 to vehicle veh34
[Midd4VCServer] Assigning job e11238c9-2a33-4afc-a323-f5c49735b8ca to vehicle veh33
[Midd4VCServer] Assigning job 7e921208-055f-47e5-b6e5-3eaeb4111ca9 to vehicle veh17
[Midd4VCServer] Assigning job 5fe3cb10-3328-45f6-87a2-f75098cda5d2 to vehicle veh15
[Midd4VCServer] job 7e921208-055f-47e5-b6e5-3eaeb4111ca9 completed by vehicle veh17
[Midd4VCServer] job e11238c9-2a33-4afc-a323-f5c49735b8ca completed by vehicle veh33
[Midd4VCServer] job 5fe3cb10-3328-45f6-87a2-f75098cda5d2 completed by vehicle veh15
[Midd4VCServer] job 57fab4a9-455f-41c3-b82e-879c8c96a104 completed by vehicle veh34
[Midd4VCServer] Vehicle veh34 already registered.
[Midd4VCServer] Vehicle veh5 already registered.
[Midd4VCServer] job received: bf9bb9a7-b83b-4c73-a27a-7a1ce000a4b0
[Midd4VC] Job c8da0571-dee7-496c-a260-5cf52657ae0b timed out. Re-enqueueing.
[Midd4VC] Job 2a863c54-799f-4fc4-821a-0cdc11343d62 timed out. Re-enqueueing.
[Midd4VC] Job 16cebb78-0641-445b-9f1c-19b74603a7c1 timed out. Re-enqueueing.
[Midd4VCServer] Assigning job 16cebb78-0641-445b-9f1c-19b74603a7c1 to vehicle veh21
[Midd4VCServer] Assigning job 2a863c54-799f-4fc4-821a-0cdc11343d62 to vehicle veh34
[Midd4VCServer] Assigning job c8da0571-dee7-496c-a260-5cf52657ae0b to vehicle veh20
[Midd4VCServer] Assigning job bf9bb9a7-b83b-4c73-a27a-7a1ce000a4b0 to vehicle veh38
[Midd4VCServer] job 2a863c54-799f-4fc4-821a-0cdc11343d62 completed by vehicle veh34
[Midd4VCServer] job received: ae966e40-d300-43e1-a4f7-f65daa1dc5cf
[Midd4VCServer] Assigning job ae966e40-d300-43e1-a4f7-f65daa1dc5cf to vehicle veh34
[Midd4VCServer] job ae966e40-d300-43e1-a4f7-f65daa1dc5cf completed by vehicle veh34
[Midd4VCServer] Vehicle veh31 already registered.
[Midd4VCServer] job received: bc0a3ab3-76ef-44f7-b1a4-6d9869baff14
[Midd4VCServer] Assigning job bc0a3ab3-76ef-44f7-b1a4-6d9869baff14 to vehicle veh34
[Midd4VCServer] job bc0a3ab3-76ef-44f7-b1a4-6d9869baff14 completed by vehicle veh34
[Midd4VCServer] job received: 800318c9-4f81-42df-9fdc-4c79dc017fee
[Midd4VCServer] Assigning job 800318c9-4f81-42df-9fdc-4c79dc017fee to vehicle veh32
[Midd4VCServer] job received: 858caa47-c6a5-4eda-8d76-49fbae2c24d6
[Midd4VCServer] Assigning job 858caa47-c6a5-4eda-8d76-49fbae2c24d6 to vehicle veh34
[Midd4VCServer] job 858caa47-c6a5-4eda-8d76-49fbae2c24d6 completed by vehicle veh34
[Midd4VCServer] Vehicle veh14 already registered.
[Midd4VCServer] job received: 3c027eec-f277-4f70-b208-32e2b002780f
[Midd4VCServer] Assigning job 3c027eec-f277-4f70-b208-32e2b002780f to vehicle veh23
[Midd4VCServer] job 3c027eec-f277-4f70-b208-32e2b002780f completed by vehicle veh23
[Midd4VCServer] Vehicle veh26 already registered.
[Midd4VCServer] job received: 87acbfc1-99fc-4864-9001-b630074f20a9
[Midd4VCServer] Assigning job 87acbfc1-99fc-4864-9001-b630074f20a9 to vehicle veh36
[Midd4VCServer] Vehicle veh38 already registered.
[Midd4VCServer] Vehicle veh23 already registered.
[Midd4VCServer] Vehicle veh18 already registered.
[Midd4VCServer] job received: 904e757a-2352-4905-82aa-d0c9757aa99f
[Midd4VCServer] Assigning job 904e757a-2352-4905-82aa-d0c9757aa99f to vehicle veh33
[Midd4VCServer] Vehicle veh27 already registered.
[Midd4VCServer] Vehicle veh32 already registered.
[Midd4VCServer] Vehicle veh21 already registered.
[Midd4VCServer] job received: b9f38f4b-d65f-46be-b096-01e76c5b193f
[Midd4VC] Job 73f30ee4-f663-42da-a3a4-ea8bfc64abd2 timed out. Re-enqueueing.
[Midd4VC] Job ccdcf3c2-8af7-4c33-9bc3-02924383cb2f timed out. Re-enqueueing.
[Midd4VC] Job 720e14ce-ba37-485e-b390-a1c2bbb9353e timed out. Re-enqueueing.
[Midd4VC] Job 84f1ff71-01bc-4dab-a715-b70fc0154dda timed out. Re-enqueueing.
[Midd4VCServer] Assigning job 84f1ff71-01bc-4dab-a715-b70fc0154dda to vehicle veh40
[Midd4VCServer] Assigning job 720e14ce-ba37-485e-b390-a1c2bbb9353e to vehicle veh24
[Midd4VCServer] Assigning job ccdcf3c2-8af7-4c33-9bc3-02924383cb2f to vehicle veh39
[Midd4VCServer] Assigning job 73f30ee4-f663-42da-a3a4-ea8bfc64abd2 to vehicle veh29
[Midd4VCServer] Assigning job b9f38f4b-d65f-46be-b096-01e76c5b193f to vehicle veh17
[Midd4VCServer] job 720e14ce-ba37-485e-b390-a1c2bbb9353e completed by vehicle veh24
[Midd4VCServer] Vehicle veh13 already registered.
[Midd4VCServer] job received: dda1b334-b2eb-4a87-8720-0a36725b08b5
[Midd4VCServer] Assigning job dda1b334-b2eb-4a87-8720-0a36725b08b5 to vehicle veh24
[Midd4VCServer] job dda1b334-b2eb-4a87-8720-0a36725b08b5 completed by vehicle veh24
[Midd4VCServer] Vehicle veh30 already registered.
[Midd4VCServer] job received: b2adb364-98f5-43be-a2a0-29b72b500a7f
[Midd4VCServer] Assigning job b2adb364-98f5-43be-a2a0-29b72b500a7f to vehicle veh24
[Midd4VCServer] job b2adb364-98f5-43be-a2a0-29b72b500a7f completed by vehicle veh24
[Midd4VCServer] job received: 423966d8-eefb-4f55-8099-3387692aa8d0
[Midd4VC] Job 1a753c0f-1cc5-41aa-a59c-1d49c1593d4f timed out. Re-enqueueing.
[Midd4VCServer] Assigning job 1a753c0f-1cc5-41aa-a59c-1d49c1593d4f to vehicle veh24
[Midd4VCServer] Assigning job 423966d8-eefb-4f55-8099-3387692aa8d0 to vehicle veh35
[Midd4VCServer] job 1a753c0f-1cc5-41aa-a59c-1d49c1593d4f completed by vehicle veh24
[Midd4VCServer] Vehicle veh4 already registered.
[Midd4VCServer] Vehicle veh31 already registered.
[Midd4VCServer] Vehicle veh2 already registered.
[Midd4VCServer] job received: 2db35edd-9a74-4c3d-9714-c599062865b1
[Midd4VC] Job 223f80a6-3c64-4bc0-b64e-fc4a832a8a16 timed out. Re-enqueueing.
[Midd4VCServer] Assigning job 223f80a6-3c64-4bc0-b64e-fc4a832a8a16 to vehicle veh31
[Midd4VCServer] Assigning job 2db35edd-9a74-4c3d-9714-c599062865b1 to vehicle veh24
[Midd4VCServer] job 223f80a6-3c64-4bc0-b64e-fc4a832a8a16 completed by vehicle veh31
[Midd4VCServer] job 2db35edd-9a74-4c3d-9714-c599062865b1 completed by vehicle veh24
[Midd4VCServer] Vehicle veh29 already registered.
[Midd4VCServer] Vehicle veh15 already registered.
[Midd4VCServer] Vehicle veh6 already registered.
[Midd4VCServer] Vehicle veh12 already registered.
[Midd4VCServer] job received: d0c756c5-5686-4206-8314-26f9baf1ba8d
[Midd4VC] Job b6c55c7e-d01d-46f0-9212-93a5be018749 timed out. Re-enqueueing.
[Midd4VC] Job 07b88510-892b-489c-a5df-d31b4697636f timed out. Re-enqueueing.
[Midd4VC] Job b1e9b9f8-79e1-4937-bbd8-96fd6e8435be timed out. Re-enqueueing.
[Midd4VC] Job bf8aafcd-f305-443e-8712-f7d8fd59f605 timed out. Re-enqueueing.
[Midd4VCServer] Assigning job bf8aafcd-f305-443e-8712-f7d8fd59f605 to vehicle veh8
[Midd4VCServer] Assigning job b1e9b9f8-79e1-4937-bbd8-96fd6e8435be to vehicle veh11
[Midd4VCServer] Assigning job 07b88510-892b-489c-a5df-d31b4697636f to vehicle veh19
[Midd4VCServer] Assigning job b6c55c7e-d01d-46f0-9212-93a5be018749 to vehicle veh10
[Midd4VCServer] Assigning job d0c756c5-5686-4206-8314-26f9baf1ba8d to vehicle veh31
[Midd4VCServer] job b1e9b9f8-79e1-4937-bbd8-96fd6e8435be completed by vehicle veh11
[Midd4VCServer] job d0c756c5-5686-4206-8314-26f9baf1ba8d completed by vehicle veh31
[Midd4VCServer] job received: ec77a593-d284-4445-9392-4f87a27f16ed
[Midd4VC] Job 0c2d350c-3f3b-40e8-bdf5-782d89a96629 timed out. Re-enqueueing.
[Midd4VCServer] Assigning job 0c2d350c-3f3b-40e8-bdf5-782d89a96629 to vehicle veh6
[Midd4VCServer] Assigning job ec77a593-d284-4445-9392-4f87a27f16ed to vehicle veh15
[Midd4VCServer] job 0c2d350c-3f3b-40e8-bdf5-782d89a96629 completed by vehicle veh6
[Midd4VCServer] job ec77a593-d284-4445-9392-4f87a27f16ed completed by vehicle veh15
[Midd4VCServer] job received: 98f018e6-be50-488d-80e6-4256efa45710
[Midd4VCServer] Assigning job 98f018e6-be50-488d-80e6-4256efa45710 to vehicle veh11
[Midd4VCServer] job 98f018e6-be50-488d-80e6-4256efa45710 completed by vehicle veh11
[Midd4VCServer] job received: 7167dcb2-086e-4ce8-b791-6f55b8f477be
[Midd4VCServer] Assigning job 7167dcb2-086e-4ce8-b791-6f55b8f477be to vehicle veh6
[Midd4VCServer] job 7167dcb2-086e-4ce8-b791-6f55b8f477be completed by vehicle veh6
[Midd4VCServer] job received: 3aebe9fb-ae51-46be-bd97-386dcf1603c8
[Midd4VCServer] Assigning job 3aebe9fb-ae51-46be-bd97-386dcf1603c8 to vehicle veh34
[Midd4VCServer] Vehicle veh20 already registered.
[Midd4VCServer] Vehicle veh7 already registered.
[Midd4VCServer] job received: 2396d6e9-35d9-4216-b2ac-aa65f3c13386
[Midd4VC] Job 31fd6a07-773a-4b76-9079-46eb0ca9a767 timed out. Re-enqueueing.
[Midd4VCServer] Assigning job 31fd6a07-773a-4b76-9079-46eb0ca9a767 to vehicle veh16
[Midd4VCServer] Assigning job 2396d6e9-35d9-4216-b2ac-aa65f3c13386 to vehicle veh23
[Midd4VCServer] job 2396d6e9-35d9-4216-b2ac-aa65f3c13386 completed by vehicle veh23
[Midd4VCServer] job received: df129af0-61c7-4fdc-96e2-81ffae2f63b9
[Midd4VC] Job cd7b5548-f745-4ff9-89fd-0cbcc8ae20fc timed out. Re-enqueueing.
[Midd4VCServer] Assigning job cd7b5548-f745-4ff9-89fd-0cbcc8ae20fc to vehicle veh9
[Midd4VCServer] Assigning job df129af0-61c7-4fdc-96e2-81ffae2f63b9 to vehicle veh27
[Midd4VCServer] job df129af0-61c7-4fdc-96e2-81ffae2f63b9 completed by vehicle veh27
[Midd4VCServer] job received: 3c06ec8e-06bd-4928-9a3b-fcb763b01328
[Midd4VCServer] Assigning job 3c06ec8e-06bd-4928-9a3b-fcb763b01328 to vehicle veh24
[Midd4VCServer] job received: ae304099-58e1-4dd4-9d3e-91b29e1c221a
[Midd4VCServer] Assigning job ae304099-58e1-4dd4-9d3e-91b29e1c221a to vehicle veh31
[Midd4VCServer] job received: ff679bdb-7230-4983-968a-6acced135535
[Midd4VC] Job 9c2d8c1b-0ca8-48ac-8c12-bb0ad3ee712c timed out. Re-enqueueing.
[Midd4VC] Job fb93d064-f62b-48ff-ab62-871c37e93be8 timed out. Re-enqueueing.
[Midd4VCServer] Assigning job fb93d064-f62b-48ff-ab62-871c37e93be8 to vehicle veh13
[Midd4VCServer] Assigning job 9c2d8c1b-0ca8-48ac-8c12-bb0ad3ee712c to vehicle veh1
[Midd4VCServer] Assigning job ff679bdb-7230-4983-968a-6acced135535 to vehicle veh22
[Midd4VCServer] Vehicle veh21 already registered.
[Midd4VCServer] Vehicle veh19 already registered.
[Midd4VCServer] Vehicle veh16 already registered.
[Midd4VCServer] Vehicle veh31 already registered.
[Midd4VCServer] job received: ad11fac8-1d67-4307-942b-a85a1c3c6469
[Midd4VC] Job c3b494f5-9ee6-47fb-8a17-39a2f6acfa9f timed out. Re-enqueueing.
[Midd4VC] Job f1319692-22bc-4a97-95ba-f81244365877 timed out. Re-enqueueing.
[Midd4VC] Job 13729922-7f6c-48e8-b932-b6fb415722df timed out. Re-enqueueing.
[Midd4VCServer] Assigning job 13729922-7f6c-48e8-b932-b6fb415722df to vehicle veh28
[Midd4VCServer] Assigning job f1319692-22bc-4a97-95ba-f81244365877 to vehicle veh14
[Midd4VCServer] Assigning job c3b494f5-9ee6-47fb-8a17-39a2f6acfa9f to vehicle veh12
[Midd4VCServer] Assigning job ad11fac8-1d67-4307-942b-a85a1c3c6469 to vehicle veh15
[Midd4VCServer] job c3b494f5-9ee6-47fb-8a17-39a2f6acfa9f completed by vehicle veh12
[Midd4VCServer] job ad11fac8-1d67-4307-942b-a85a1c3c6469 completed by vehicle veh15
[Midd4VCServer] Vehicle veh4 already registered.
[Midd4VCServer] Vehicle veh17 already registered.
[Midd4VCServer] job received: 9de7306a-3cec-4c42-b6e8-b05873c9af2a
[Midd4VC] Job 588f98ac-4710-44db-ae6c-f77ff73c18b8 timed out. Re-enqueueing.
[Midd4VCServer] Assigning job 588f98ac-4710-44db-ae6c-f77ff73c18b8 to vehicle veh4
[Midd4VCServer] Assigning job 9de7306a-3cec-4c42-b6e8-b05873c9af2a to vehicle veh12
[Midd4VCServer] job 9de7306a-3cec-4c42-b6e8-b05873c9af2a completed by vehicle veh12
[Midd4VCServer] job 588f98ac-4710-44db-ae6c-f77ff73c18b8 completed by vehicle veh4
[Midd4VCServer] job received: 5fa1172d-b927-447f-a38c-cc9d89216c7f
[Midd4VCServer] Assigning job 5fa1172d-b927-447f-a38c-cc9d89216c7f to vehicle veh3
[Midd4VCServer] job received: e9f64283-c8b9-4ece-9361-688148f625af
[Midd4VCServer] Assigning job e9f64283-c8b9-4ece-9361-688148f625af to vehicle veh11
[Midd4VCServer] job received: e7cf6eae-1281-412f-9e37-e3933ef62415
[Midd4VC] Job 144f193f-9191-4619-b53b-29874ef833f6 timed out. Re-enqueueing.
[Midd4VC] Job bb302522-3d77-4205-b5df-f460f85c1bda timed out. Re-enqueueing.
[Midd4VCServer] Assigning job bb302522-3d77-4205-b5df-f460f85c1bda to vehicle veh37
[Midd4VCServer] Assigning job 144f193f-9191-4619-b53b-29874ef833f6 to vehicle veh18
[Midd4VCServer] Assigning job e7cf6eae-1281-412f-9e37-e3933ef62415 to vehicle veh4
[Midd4VCServer] job e7cf6eae-1281-412f-9e37-e3933ef62415 completed by vehicle veh4
[Midd4VCServer] Vehicle veh10 already registered.
[Midd4VCServer] job received: 8beea036-b728-45d4-8a0c-e3f3bf65c2e9
[Midd4VCServer] Assigning job 8beea036-b728-45d4-8a0c-e3f3bf65c2e9 to vehicle veh6
[Midd4VCServer] job 8beea036-b728-45d4-8a0c-e3f3bf65c2e9 completed by vehicle veh6
[Midd4VCServer] job received: 5ba49f78-4aca-4ce8-8167-5431b6b1ff2c
[Midd4VCServer] Assigning job 5ba49f78-4aca-4ce8-8167-5431b6b1ff2c to vehicle veh23
[Midd4VCServer] job received: 7593a141-baa5-49f1-b0c4-06c74f1eb08d
[Midd4VCServer] Assigning job 7593a141-baa5-49f1-b0c4-06c74f1eb08d to vehicle veh27
[Midd4VCServer] job 7593a141-baa5-49f1-b0c4-06c74f1eb08d completed by vehicle veh27
[Midd4VCServer] Vehicle veh20 already registered.
[Midd4VCServer] job received: 8860a228-796d-457d-82ef-213260ba434b
[Midd4VCServer] Assigning job 8860a228-796d-457d-82ef-213260ba434b to vehicle veh12
[Midd4VCServer] job 8860a228-796d-457d-82ef-213260ba434b completed by vehicle veh12
[Midd4VCServer] job received: eaf5a0ee-a38b-4c7c-a65d-8e935a5e154d
[Midd4VCServer] Assigning job eaf5a0ee-a38b-4c7c-a65d-8e935a5e154d to vehicle veh15
[Midd4VCServer] job eaf5a0ee-a38b-4c7c-a65d-8e935a5e154d completed by vehicle veh15
[Midd4VCServer] Vehicle veh30 already registered.
[Midd4VCServer] Vehicle veh40 already registered.
[Midd4VCServer] Vehicle veh33 already registered.
[Midd4VCServer] Vehicle veh25 already registered.
[Midd4VCServer] job received: 6e7e8a23-62b8-4fc6-8d3c-ef07f5536f1b
[Midd4VCServer] Assigning job 6e7e8a23-62b8-4fc6-8d3c-ef07f5536f1b to vehicle veh4
[Midd4VCServer] Vehicle veh9 already registered.
[Midd4VCServer] Vehicle veh2 already registered.
[Midd4VCServer] Vehicle veh26 already registered.
[Midd4VCServer] job received: a505d252-99e2-4214-ac61-7403d5bb4119
[Midd4VC] Job a22d241e-1f93-4751-b1d1-69f1fe67859b timed out. Re-enqueueing.
[Midd4VC] Job a2ffd5c4-ff00-40b8-be94-8a02101cf3ca timed out. Re-enqueueing.
[Midd4VCServer] Assigning job a2ffd5c4-ff00-40b8-be94-8a02101cf3ca to vehicle veh25
[Midd4VCServer] Assigning job a22d241e-1f93-4751-b1d1-69f1fe67859b to vehicle veh30
[Midd4VCServer] Assigning job a505d252-99e2-4214-ac61-7403d5bb4119 to vehicle veh6
[Midd4VCServer] job a505d252-99e2-4214-ac61-7403d5bb4119 completed by vehicle veh6
[Midd4VCServer] job a2ffd5c4-ff00-40b8-be94-8a02101cf3ca completed by vehicle veh25
[Midd4VCServer] job a22d241e-1f93-4751-b1d1-69f1fe67859b completed by vehicle veh30
[Midd4VCServer] job received: 43631462-99a9-4043-9a02-555bb44e5825
[Midd4VC] Job 9b9b559c-d378-4e97-ae71-cc63a5a12815 timed out. Re-enqueueing.
[Midd4VC] Job 8ed64b6c-5b23-4be6-9bd4-8657be7f09e9 timed out. Re-enqueueing.
[Midd4VC] Job c36dc6d3-4a95-446b-8dcf-54ac42b3850b timed out. Re-enqueueing.
[Midd4VCServer] Assigning job c36dc6d3-4a95-446b-8dcf-54ac42b3850b to vehicle veh25
[Midd4VCServer] Assigning job 8ed64b6c-5b23-4be6-9bd4-8657be7f09e9 to vehicle veh7
[Midd4VCServer] Assigning job 9b9b559c-d378-4e97-ae71-cc63a5a12815 to vehicle veh2
[Midd4VCServer] Assigning job 43631462-99a9-4043-9a02-555bb44e5825 to vehicle veh5
[Midd4VCServer] job 9b9b559c-d378-4e97-ae71-cc63a5a12815 completed by vehicle veh2
[Midd4VCServer] job c36dc6d3-4a95-446b-8dcf-54ac42b3850b completed by vehicle veh25
[Midd4VCServer] job received: ae4e9e2b-40cd-4b7f-8d02-5b7907f25231
[Midd4VC] Job 77a4b557-4f2c-4ff9-8925-a4c7d4ea04f1 timed out. Re-enqueueing.
[Midd4VCServer] Assigning job 77a4b557-4f2c-4ff9-8925-a4c7d4ea04f1 to vehicle veh25
[Midd4VCServer] Assigning job ae4e9e2b-40cd-4b7f-8d02-5b7907f25231 to vehicle veh26
[Midd4VCServer] Vehicle veh18 already registered.
[Midd4VCServer] job 77a4b557-4f2c-4ff9-8925-a4c7d4ea04f1 completed by vehicle veh25
[Midd4VCServer] job ae4e9e2b-40cd-4b7f-8d02-5b7907f25231 completed by vehicle veh26
[Midd4VCServer] job received: 1dc46883-5a27-4bca-816d-e81adff92ef7
[Midd4VCServer] Assigning job 1dc46883-5a27-4bca-816d-e81adff92ef7 to vehicle veh25
[Midd4VCServer] job 1dc46883-5a27-4bca-816d-e81adff92ef7 completed by vehicle veh25
[Midd4VCServer] Vehicle veh24 already registered.
[Midd4VCServer] job received: 8baa618e-240f-4c14-8fb9-d3f6e70b043a
[Midd4VCServer] Assigning job 8baa618e-240f-4c14-8fb9-d3f6e70b043a to vehicle veh25
[Midd4VCServer] job 8baa618e-240f-4c14-8fb9-d3f6e70b043a completed by vehicle veh25
[Midd4VCServer] job received: 62c1bab9-6b5b-48ae-ac0e-4a836277581f
[Midd4VCServer] Assigning job 62c1bab9-6b5b-48ae-ac0e-4a836277581f to vehicle veh25
[Midd4VCServer] job received: 0fb83cf8-423d-496f-9f97-637d61c00619
[Midd4VCServer] Assigning job 0fb83cf8-423d-496f-9f97-637d61c00619 to vehicle veh2
[Midd4VCServer] Vehicle veh23 already registered.
[Midd4VCServer] job received: b2218eca-ff4d-4122-99e5-f6604e4ccf0c
[Midd4VCServer] Assigning job b2218eca-ff4d-4122-99e5-f6604e4ccf0c to vehicle veh30
[Midd4VCServer] job b2218eca-ff4d-4122-99e5-f6604e4ccf0c completed by vehicle veh30
[Midd4VCServer] Vehicle veh34 already registered.
[Midd4VCServer] Vehicle veh5 already registered.
[Midd4VCServer] Vehicle veh36 already registered.
[Midd4VCServer] job received: 4602d284-b380-415f-9497-ef5108308066
[Midd4VC] Job 16cebb78-0641-445b-9f1c-19b74603a7c1 timed out. Re-enqueueing.
[Midd4VC] Job c8da0571-dee7-496c-a260-5cf52657ae0b timed out. Re-enqueueing.
[Midd4VC] Job bf9bb9a7-b83b-4c73-a27a-7a1ce000a4b0 timed out. Re-enqueueing.
[Midd4VCServer] Assigning job bf9bb9a7-b83b-4c73-a27a-7a1ce000a4b0 to vehicle veh21
[Midd4VCServer] Assigning job c8da0571-dee7-496c-a260-5cf52657ae0b to vehicle veh20
[Midd4VCServer] Assigning job 16cebb78-0641-445b-9f1c-19b74603a7c1 to vehicle veh38
[Midd4VCServer] Assigning job 4602d284-b380-415f-9497-ef5108308066 to vehicle veh26
[Midd4VCServer] job received: 63153590-e787-48cb-b9b0-d0c70c0e6536
[Midd4VCServer] Assigning job 63153590-e787-48cb-b9b0-d0c70c0e6536 to vehicle veh30
[Midd4VCServer] Vehicle veh6 already registered.
[Midd4VCServer] Vehicle veh22 already registered.
[Midd4VCServer] Vehicle veh7 already registered.
[Midd4VCServer] job received: 64c0c530-c51d-4be7-ab96-13bfb9b0c37b
[Midd4VC] Job 800318c9-4f81-42df-9fdc-4c79dc017fee timed out. Re-enqueueing.
[Midd4VC] Job 87acbfc1-99fc-4864-9001-b630074f20a9 timed out. Re-enqueueing.
[Midd4VCServer] Assigning job 87acbfc1-99fc-4864-9001-b630074f20a9 to vehicle veh32
[Midd4VCServer] Assigning job 800318c9-4f81-42df-9fdc-4c79dc017fee to vehicle veh36
[Midd4VCServer] Assigning job 64c0c530-c51d-4be7-ab96-13bfb9b0c37b to vehicle veh27
[Midd4VCServer] job 800318c9-4f81-42df-9fdc-4c79dc017fee completed by vehicle veh36
[Midd4VCServer] job received: fc9443a8-1e2f-4bfb-8ca2-20b1d2c613e4
[Midd4VCServer] Assigning job fc9443a8-1e2f-4bfb-8ca2-20b1d2c613e4 to vehicle veh36
[Midd4VCServer] job fc9443a8-1e2f-4bfb-8ca2-20b1d2c613e4 completed by vehicle veh36
[Midd4VCServer] Vehicle veh4 already registered.
[Midd4VCServer] Vehicle veh17 already registered.
[Midd4VCServer] job received: b3ff135a-bb7c-4fd4-9831-f624aeaf59b5
[Midd4VC] Job 904e757a-2352-4905-82aa-d0c9757aa99f timed out. Re-enqueueing.
[Midd4VCServer] Assigning job 904e757a-2352-4905-82aa-d0c9757aa99f to vehicle veh33
[Midd4VCServer] Assigning job b3ff135a-bb7c-4fd4-9831-f624aeaf59b5 to vehicle veh36
[Midd4VCServer] job b3ff135a-bb7c-4fd4-9831-f624aeaf59b5 completed by vehicle veh36
[Midd4VCServer] Vehicle veh26 already registered.
[Midd4VCServer] Vehicle veh11 already registered.
[Midd4VCServer] job received: 6cc60195-2e7b-4fd5-ab42-042817e9c9f3
[Midd4VCServer] Assigning job 6cc60195-2e7b-4fd5-ab42-042817e9c9f3 to vehicle veh36
[Midd4VCServer] job 6cc60195-2e7b-4fd5-ab42-042817e9c9f3 completed by vehicle veh36
[Midd4VCServer] Vehicle veh28 already registered.
[Midd4VCServer] job received: ac25e9a1-a1e4-420e-82a2-051aba14cda8
[Midd4VC] Job 84f1ff71-01bc-4dab-a715-b70fc0154dda timed out. Re-enqueueing.
[Midd4VC] Job ccdcf3c2-8af7-4c33-9bc3-02924383cb2f timed out. Re-enqueueing.
[Midd4VC] Job 73f30ee4-f663-42da-a3a4-ea8bfc64abd2 timed out. Re-enqueueing.
[Midd4VC] Job b9f38f4b-d65f-46be-b096-01e76c5b193f timed out. Re-enqueueing.
[Midd4VCServer] Assigning job b9f38f4b-d65f-46be-b096-01e76c5b193f to vehicle veh40
[Midd4VCServer] Assigning job 73f30ee4-f663-42da-a3a4-ea8bfc64abd2 to vehicle veh39
[Midd4VCServer] Assigning job ccdcf3c2-8af7-4c33-9bc3-02924383cb2f to vehicle veh29
[Midd4VCServer] Assigning job 84f1ff71-01bc-4dab-a715-b70fc0154dda to vehicle veh17
[Midd4VCServer] Assigning job ac25e9a1-a1e4-420e-82a2-051aba14cda8 to vehicle veh12
[Midd4VCServer] job 84f1ff71-01bc-4dab-a715-b70fc0154dda completed by vehicle veh17
[Midd4VCServer] Vehicle veh38 already registered.
[Midd4VCServer] job received: 0d432f3c-b350-465c-9610-368e89978e69
[Midd4VCServer] Assigning job 0d432f3c-b350-465c-9610-368e89978e69 to vehicle veh17
[Midd4VCServer] job 0d432f3c-b350-465c-9610-368e89978e69 completed by vehicle veh17
[Midd4VCServer] job received: 5c442dae-f8db-4f13-ae3c-767157ca2354
[Midd4VCServer] Assigning job 5c442dae-f8db-4f13-ae3c-767157ca2354 to vehicle veh17
[Midd4VCServer] job 5c442dae-f8db-4f13-ae3c-767157ca2354 completed by vehicle veh17
[Midd4VCServer] Vehicle veh29 already registered.
[Midd4VCServer] Vehicle veh32 already registered.
[Midd4VCServer] Vehicle veh7 already registered.
[Midd4VCServer] Vehicle veh3 already registered.
[Midd4VCServer] job received: 6a2a2e20-399c-4664-b7c0-f82eb32fe42a
[Midd4VC] Job 423966d8-eefb-4f55-8099-3387692aa8d0 timed out. Re-enqueueing.
[Midd4VCServer] Assigning job 423966d8-eefb-4f55-8099-3387692aa8d0 to vehicle veh35
[Midd4VCServer] Assigning job 6a2a2e20-399c-4664-b7c0-f82eb32fe42a to vehicle veh17
[Midd4VCServer] job 6a2a2e20-399c-4664-b7c0-f82eb32fe42a completed by vehicle veh17
[Midd4VCServer] job received: 4d6c36ed-3536-4063-a698-8428e508aed9
[Midd4VCServer] Assigning job 4d6c36ed-3536-4063-a698-8428e508aed9 to vehicle veh15
[Midd4VCServer] job 4d6c36ed-3536-4063-a698-8428e508aed9 completed by vehicle veh15
[Midd4VCServer] Vehicle veh15 already registered.
[Midd4VCServer] job received: 8ab4c27a-ee31-4f33-be77-6bc94da7b143
[Midd4VCServer] Assigning job 8ab4c27a-ee31-4f33-be77-6bc94da7b143 to vehicle veh6
[Midd4VCServer] job 8ab4c27a-ee31-4f33-be77-6bc94da7b143 completed by vehicle veh6
[Midd4VCServer] Vehicle veh24 already registered.
[Midd4VCServer] Vehicle veh37 already registered.
[Midd4VCServer] job received: 91afa01c-8ac7-4ecb-a4b0-a85ea078c9b0
[Midd4VC] Job bf8aafcd-f305-443e-8712-f7d8fd59f605 timed out. Re-enqueueing.
[Midd4VC] Job 07b88510-892b-489c-a5df-d31b4697636f timed out. Re-enqueueing.
[Midd4VC] Job b6c55c7e-d01d-46f0-9212-93a5be018749 timed out. Re-enqueueing.
[Midd4VCServer] Assigning job b6c55c7e-d01d-46f0-9212-93a5be018749 to vehicle veh8
[Midd4VCServer] Assigning job 07b88510-892b-489c-a5df-d31b4697636f to vehicle veh19
[Midd4VCServer] Assigning job bf8aafcd-f305-443e-8712-f7d8fd59f605 to vehicle veh10
[Midd4VCServer] Assigning job 91afa01c-8ac7-4ecb-a4b0-a85ea078c9b0 to vehicle veh36
[Midd4VCServer] job 07b88510-892b-489c-a5df-d31b4697636f completed by vehicle veh19
[Midd4VCServer] job bf8aafcd-f305-443e-8712-f7d8fd59f605 completed by vehicle veh10
[Midd4VCServer] job received: 6ff17d45-b708-4986-b0e3-8b7644f856ae
[Midd4VCServer] Assigning job 6ff17d45-b708-4986-b0e3-8b7644f856ae to vehicle veh19
[Midd4VCServer] job 6ff17d45-b708-4986-b0e3-8b7644f856ae completed by vehicle veh19
[Midd4VCServer] job received: 80e92c4f-63b2-45e0-8ca7-24dbcf0009aa
[Midd4VCServer] Assigning job 80e92c4f-63b2-45e0-8ca7-24dbcf0009aa to vehicle veh10
[Midd4VCServer] job 80e92c4f-63b2-45e0-8ca7-24dbcf0009aa completed by vehicle veh10
[Midd4VCServer] Vehicle veh16 already registered.
[Midd4VCServer] job received: 825f098b-bf66-44df-a08b-2c1df82ae4d9
[Midd4VC] Job 3aebe9fb-ae51-46be-bd97-386dcf1603c8 timed out. Re-enqueueing.
[Midd4VCServer] Assigning job 3aebe9fb-ae51-46be-bd97-386dcf1603c8 to vehicle veh34
[Midd4VCServer] Assigning job 825f098b-bf66-44df-a08b-2c1df82ae4d9 to vehicle veh19
[Midd4VCServer] job 3aebe9fb-ae51-46be-bd97-386dcf1603c8 completed by vehicle veh34
[Midd4VCServer] job received: 5545f1c6-0973-4d0c-9303-a82eaa535fb2
[Midd4VCServer] Assigning job 5545f1c6-0973-4d0c-9303-a82eaa535fb2 to vehicle veh10
[Midd4VCServer] job 5545f1c6-0973-4d0c-9303-a82eaa535fb2 completed by vehicle veh10
[Midd4VCServer] job received: a23b6e4c-6573-42cd-92d2-9b50bc84e65d
[Midd4VCServer] Assigning job a23b6e4c-6573-42cd-92d2-9b50bc84e65d to vehicle veh34
[Midd4VCServer] job a23b6e4c-6573-42cd-92d2-9b50bc84e65d completed by vehicle veh34
[Midd4VCServer] Vehicle veh18 already registered.
[Midd4VCServer] Vehicle veh34 already registered.
[Midd4VCServer] job received: 1aab4b01-4b80-4010-9cba-d557dc49680e
[Midd4VCServer] Assigning job 1aab4b01-4b80-4010-9cba-d557dc49680e to vehicle veh10
[Midd4VCServer] job 1aab4b01-4b80-4010-9cba-d557dc49680e completed by vehicle veh10
[Midd4VCServer] Vehicle veh5 already registered.
[Midd4VCServer] Vehicle veh36 already registered.
[Midd4VCServer] Vehicle veh12 already registered.
[Midd4VCServer] job received: 6519b15e-d447-474a-9652-dc5e63c812c0
[Midd4VC] Job 31fd6a07-773a-4b76-9079-46eb0ca9a767 timed out. Re-enqueueing.
[Midd4VC] Job cd7b5548-f745-4ff9-89fd-0cbcc8ae20fc timed out. Re-enqueueing.
[Midd4VCServer] Assigning job cd7b5548-f745-4ff9-89fd-0cbcc8ae20fc to vehicle veh16
[Midd4VCServer] Assigning job 31fd6a07-773a-4b76-9079-46eb0ca9a767 to vehicle veh9
[Midd4VCServer] Assigning job 6519b15e-d447-474a-9652-dc5e63c812c0 to vehicle veh34
[Midd4VCServer] job cd7b5548-f745-4ff9-89fd-0cbcc8ae20fc completed by vehicle veh16
[Midd4VCServer] job 6519b15e-d447-474a-9652-dc5e63c812c0 completed by vehicle veh34
[Midd4VCServer] Vehicle veh21 already registered.
[Midd4VCServer] job received: fb691b77-f0e9-470e-9be3-5444e1afd4ca
[Midd4VC] Job 3c06ec8e-06bd-4928-9a3b-fcb763b01328 timed out. Re-enqueueing.
[Midd4VC] Job ae304099-58e1-4dd4-9d3e-91b29e1c221a timed out. Re-enqueueing.
[Midd4VC] Job fb93d064-f62b-48ff-ab62-871c37e93be8 timed out. Re-enqueueing.
[Midd4VC] Job 9c2d8c1b-0ca8-48ac-8c12-bb0ad3ee712c timed out. Re-enqueueing.
[Midd4VC] Job ff679bdb-7230-4983-968a-6acced135535 timed out. Re-enqueueing.
[Midd4VCServer] Assigning job ff679bdb-7230-4983-968a-6acced135535 to vehicle veh13
[Midd4VCServer] Assigning job 9c2d8c1b-0ca8-48ac-8c12-bb0ad3ee712c to vehicle veh1
[Midd4VCServer] Assigning job fb93d064-f62b-48ff-ab62-871c37e93be8 to vehicle veh16
[Midd4VCServer] Assigning job ae304099-58e1-4dd4-9d3e-91b29e1c221a to vehicle veh24
[Midd4VCServer] Assigning job 3c06ec8e-06bd-4928-9a3b-fcb763b01328 to vehicle veh31
[Midd4VCServer] Assigning job fb691b77-f0e9-470e-9be3-5444e1afd4ca to vehicle veh22
[Midd4VCServer] job ae304099-58e1-4dd4-9d3e-91b29e1c221a completed by vehicle veh24
[Midd4VCServer] job fb93d064-f62b-48ff-ab62-871c37e93be8 completed by vehicle veh16
[Midd4VCServer] Vehicle veh40 already registered.
[Midd4VCServer] job received: 3e1ef4bd-072f-4c10-97fd-bcaf5e58f580
[Midd4VCServer] Assigning job 3e1ef4bd-072f-4c10-97fd-bcaf5e58f580 to vehicle veh16
[Midd4VCServer] job 3e1ef4bd-072f-4c10-97fd-bcaf5e58f580 completed by vehicle veh16
[Midd4VCServer] Vehicle veh2 already registered.
[Midd4VCServer] job received: ec29abd1-edbb-4668-a73b-6b33ef15fa1d
[Midd4VCServer] Assigning job ec29abd1-edbb-4668-a73b-6b33ef15fa1d to vehicle veh24
[Midd4VCServer] job ec29abd1-edbb-4668-a73b-6b33ef15fa1d completed by vehicle veh24
[Midd4VCServer] Vehicle veh27 already registered.
[Midd4VCServer] job received: 9aa3f3b4-53f9-4e4d-8a96-85df28e44497
[Midd4VCServer] Assigning job 9aa3f3b4-53f9-4e4d-8a96-85df28e44497 to vehicle veh16
[Midd4VCServer] job 9aa3f3b4-53f9-4e4d-8a96-85df28e44497 completed by vehicle veh16
[Midd4VCServer] Vehicle veh36 already registered.
[Midd4VCServer] job received: 51d2495c-b163-456c-b81e-5db0103c3837
[Midd4VC] Job 13729922-7f6c-48e8-b932-b6fb415722df timed out. Re-enqueueing.
[Midd4VC] Job f1319692-22bc-4a97-95ba-f81244365877 timed out. Re-enqueueing.
[Midd4VCServer] Assigning job f1319692-22bc-4a97-95ba-f81244365877 to vehicle veh28
[Midd4VCServer] Assigning job 13729922-7f6c-48e8-b932-b6fb415722df to vehicle veh14
[Midd4VCServer] Assigning job 51d2495c-b163-456c-b81e-5db0103c3837 to vehicle veh24
[Midd4VCServer] job 51d2495c-b163-456c-b81e-5db0103c3837 completed by vehicle veh24
[Midd4VCServer] Vehicle veh39 already registered.
[Midd4VCServer] Vehicle veh13 already registered.
[Midd4VCServer] Vehicle veh9 already registered.
[Midd4VCServer] job received: ef90964c-5a95-4688-a257-c7225e523c8c
[Midd4VCServer] Assigning job ef90964c-5a95-4688-a257-c7225e523c8c to vehicle veh10
[Midd4VCServer] job received: 6f7e610d-75ad-4806-8736-6543b671cc78
[Midd4VC] Job 5fa1172d-b927-447f-a38c-cc9d89216c7f timed out. Re-enqueueing.
[Midd4VC] Job e9f64283-c8b9-4ece-9361-688148f625af timed out. Re-enqueueing.
[Midd4VC] Job bb302522-3d77-4205-b5df-f460f85c1bda timed out. Re-enqueueing.
[Midd4VC] Job 144f193f-9191-4619-b53b-29874ef833f6 timed out. Re-enqueueing.
[Midd4VCServer] Assigning job 144f193f-9191-4619-b53b-29874ef833f6 to vehicle veh37
[Midd4VCServer] Assigning job bb302522-3d77-4205-b5df-f460f85c1bda to vehicle veh18
[Midd4VCServer] Assigning job e9f64283-c8b9-4ece-9361-688148f625af to vehicle veh3
[Midd4VCServer] Assigning job 5fa1172d-b927-447f-a38c-cc9d89216c7f to vehicle veh11
[Midd4VCServer] Assigning job 6f7e610d-75ad-4806-8736-6543b671cc78 to vehicle veh34
[Midd4VCServer] job bb302522-3d77-4205-b5df-f460f85c1bda completed by vehicle veh18
[Midd4VCServer] job 6f7e610d-75ad-4806-8736-6543b671cc78 completed by vehicle veh34
[Midd4VCServer] job received: 95ce53a7-4519-4409-9e76-0821f2c5ed51
[Midd4VC] Job 5ba49f78-4aca-4ce8-8167-5431b6b1ff2c timed out. Re-enqueueing.
[Midd4VCServer] Assigning job 5ba49f78-4aca-4ce8-8167-5431b6b1ff2c to vehicle veh18
[Midd4VCServer] Assigning job 95ce53a7-4519-4409-9e76-0821f2c5ed51 to vehicle veh23
[Midd4VCServer] job received: ed3b9228-8ecb-4e57-8d4a-c751648934a3
[Midd4VCServer] Assigning job ed3b9228-8ecb-4e57-8d4a-c751648934a3 to vehicle veh16
[Midd4VCServer] job ed3b9228-8ecb-4e57-8d4a-c751648934a3 completed by vehicle veh16
[Midd4VCServer] Vehicle veh1 already registered.
[Midd4VCServer] Vehicle veh2 already registered.
[Midd4VCServer] Vehicle veh29 already registered.
[Midd4VCServer] job received: 89e59775-0deb-4c2d-b177-e145bc53fdbf
[Midd4VCServer] Assigning job 89e59775-0deb-4c2d-b177-e145bc53fdbf to vehicle veh17
[Midd4VCServer] job received: 5bb972e8-95c2-4752-85b8-7411a8694ca2
[Midd4VCServer] Assigning job 5bb972e8-95c2-4752-85b8-7411a8694ca2 to vehicle veh24
[Midd4VCServer] job 5bb972e8-95c2-4752-85b8-7411a8694ca2 completed by vehicle veh24
[Midd4VCServer] Vehicle veh10 already registered.
[Midd4VCServer] Vehicle veh21 already registered.
[Midd4VCServer] job received: 3ce1fd2a-44a8-4a5f-83c6-cded219e70f7
[Midd4VCServer] Assigning job 3ce1fd2a-44a8-4a5f-83c6-cded219e70f7 to vehicle veh15
[Midd4VCServer] job received: f70f9c94-853a-4165-90c2-325e0be0df25
[Midd4VC] Job 6e7e8a23-62b8-4fc6-8d3c-ef07f5536f1b timed out. Re-enqueueing.
[Midd4VCServer] Assigning job 6e7e8a23-62b8-4fc6-8d3c-ef07f5536f1b to vehicle veh4
[Midd4VCServer] Assigning job f70f9c94-853a-4165-90c2-325e0be0df25 to vehicle veh6
[Midd4VCServer] job f70f9c94-853a-4165-90c2-325e0be0df25 completed by vehicle veh6
[Midd4VCServer] job received: 15a3f797-29e0-499d-b13d-073162974a88
[Midd4VCServer] Assigning job 15a3f797-29e0-499d-b13d-073162974a88 to vehicle veh34
[Midd4VCServer] job 15a3f797-29e0-499d-b13d-073162974a88 completed by vehicle veh34
[Midd4VCServer] Vehicle veh35 already registered.
[Midd4VCServer] Vehicle veh22 already registered.
[Midd4VCServer] Vehicle veh37 already registered.
[Midd4VCServer] job received: e38bb937-a6a5-4757-a44c-6fde04b4bf7e
[Midd4VCServer] Assigning job e38bb937-a6a5-4757-a44c-6fde04b4bf7e to vehicle veh16
[Midd4VCServer] job e38bb937-a6a5-4757-a44c-6fde04b4bf7e completed by vehicle veh16
[Midd4VCServer] job received: 945c0cdf-acb1-47f6-b90a-614cda711a88
[Midd4VCServer] Assigning job 945c0cdf-acb1-47f6-b90a-614cda711a88 to vehicle veh24
[Midd4VCServer] job 945c0cdf-acb1-47f6-b90a-614cda711a88 completed by vehicle veh24
[Midd4VCServer] job received: 7827a71a-6280-4377-96fa-23a3e2480eb7
[Midd4VC] Job 8ed64b6c-5b23-4be6-9bd4-8657be7f09e9 timed out. Re-enqueueing.
[Midd4VC] Job 43631462-99a9-4043-9a02-555bb44e5825 timed out. Re-enqueueing.
[Midd4VCServer] Assigning job 43631462-99a9-4043-9a02-555bb44e5825 to vehicle veh7
[Midd4VCServer] Assigning job 8ed64b6c-5b23-4be6-9bd4-8657be7f09e9 to vehicle veh5
[Midd4VCServer] Assigning job 7827a71a-6280-4377-96fa-23a3e2480eb7 to vehicle veh6
[Midd4VCServer] job 43631462-99a9-4043-9a02-555bb44e5825 completed by vehicle veh7
[Midd4VCServer] job 7827a71a-6280-4377-96fa-23a3e2480eb7 completed by vehicle veh6
[Midd4VCServer] Vehicle veh30 already registered.
[Midd4VCServer] job received: e854d33a-1122-48ce-8c70-f10874136adb
[Midd4VC] Job 62c1bab9-6b5b-48ae-ac0e-4a836277581f timed out. Re-enqueueing.
[Midd4VC] Job 0fb83cf8-423d-496f-9f97-637d61c00619 timed out. Re-enqueueing.
[Midd4VCServer] Assigning job 0fb83cf8-423d-496f-9f97-637d61c00619 to vehicle veh25
[Midd4VCServer] Assigning job 62c1bab9-6b5b-48ae-ac0e-4a836277581f to vehicle veh7
[Midd4VCServer] Assigning job e854d33a-1122-48ce-8c70-f10874136adb to vehicle veh2
[Midd4VCServer] job 62c1bab9-6b5b-48ae-ac0e-4a836277581f completed by vehicle veh7
[Midd4VCServer] job e854d33a-1122-48ce-8c70-f10874136adb completed by vehicle veh2
[Midd4VCServer] job received: 908d8891-e4e9-4183-8dc5-6cc1e919208e
[Midd4VCServer] Assigning job 908d8891-e4e9-4183-8dc5-6cc1e919208e to vehicle veh7
[Midd4VCServer] job 908d8891-e4e9-4183-8dc5-6cc1e919208e completed by vehicle veh7
[Midd4VCServer] job received: 61c2a753-f893-4c5b-95dc-50114b8e19b7
[Midd4VCServer] Assigning job 61c2a753-f893-4c5b-95dc-50114b8e19b7 to vehicle veh7
[Midd4VCServer] job 61c2a753-f893-4c5b-95dc-50114b8e19b7 completed by vehicle veh7
[Midd4VCServer] job received: c436ae88-6bcb-460b-9e94-0973ba879fc0
[Midd4VCServer] Assigning job c436ae88-6bcb-460b-9e94-0973ba879fc0 to vehicle veh2
[Midd4VCServer] job c436ae88-6bcb-460b-9e94-0973ba879fc0 completed by vehicle veh2
[Midd4VCServer] Vehicle veh1 already registered.
[Midd4VCServer] Vehicle veh23 already registered.
[Midd4VCServer] Vehicle veh19 already registered.
[Midd4VCServer] job received: 10dfe4d7-8b66-4316-a964-9fb859a1c8b1
[Midd4VC] Job bf9bb9a7-b83b-4c73-a27a-7a1ce000a4b0 timed out. Re-enqueueing.
[Midd4VC] Job c8da0571-dee7-496c-a260-5cf52657ae0b timed out. Re-enqueueing.
[Midd4VC] Job 16cebb78-0641-445b-9f1c-19b74603a7c1 timed out. Re-enqueueing.
[Midd4VC] Job 4602d284-b380-415f-9497-ef5108308066 timed out. Re-enqueueing.
[Midd4VCServer] Assigning job 4602d284-b380-415f-9497-ef5108308066 to vehicle veh21
[Midd4VCServer] Assigning job 16cebb78-0641-445b-9f1c-19b74603a7c1 to vehicle veh20
[Midd4VCServer] Assigning job c8da0571-dee7-496c-a260-5cf52657ae0b to vehicle veh38
[Midd4VCServer] Assigning job bf9bb9a7-b83b-4c73-a27a-7a1ce000a4b0 to vehicle veh26
[Midd4VCServer] Assigning job 10dfe4d7-8b66-4316-a964-9fb859a1c8b1 to vehicle veh7
[Midd4VCServer] job 10dfe4d7-8b66-4316-a964-9fb859a1c8b1 completed by vehicle veh7
[Midd4VCServer] Vehicle veh32 already registered.
[Midd4VCServer] Vehicle veh22 already registered.
[Midd4VCServer] Vehicle veh18 already registered.
[Midd4VCServer] job received: ed2cc688-50f2-4290-a5c7-bad922df2cb3
[Midd4VC] Job 63153590-e787-48cb-b9b0-d0c70c0e6536 timed out. Re-enqueueing.
[Midd4VCServer] Assigning job 63153590-e787-48cb-b9b0-d0c70c0e6536 to vehicle veh30
[Midd4VCServer] Assigning job ed2cc688-50f2-4290-a5c7-bad922df2cb3 to vehicle veh2
[Midd4VCServer] job ed2cc688-50f2-4290-a5c7-bad922df2cb3 completed by vehicle veh2
[Midd4VCServer] job 63153590-e787-48cb-b9b0-d0c70c0e6536 completed by vehicle veh30
[Midd4VCServer] job received: ec2903bf-a16a-4d73-8f0c-9a3f99b6bf2f
[Midd4VCServer] Assigning job ec2903bf-a16a-4d73-8f0c-9a3f99b6bf2f to vehicle veh30
[Midd4VCServer] job ec2903bf-a16a-4d73-8f0c-9a3f99b6bf2f completed by vehicle veh30
[Midd4VCServer] job received: 6c4efc46-6719-4847-b7ae-510f206e2c67
[Midd4VC] Job 87acbfc1-99fc-4864-9001-b630074f20a9 timed out. Re-enqueueing.
[Midd4VC] Job 64c0c530-c51d-4be7-ab96-13bfb9b0c37b timed out. Re-enqueueing.
[Midd4VCServer] Assigning job 64c0c530-c51d-4be7-ab96-13bfb9b0c37b to vehicle veh32
[Midd4VCServer] Assigning job 87acbfc1-99fc-4864-9001-b630074f20a9 to vehicle veh7
[Midd4VCServer] Assigning job 6c4efc46-6719-4847-b7ae-510f206e2c67 to vehicle veh2
[Midd4VCServer] job 87acbfc1-99fc-4864-9001-b630074f20a9 completed by vehicle veh7
[Midd4VCServer] job 64c0c530-c51d-4be7-ab96-13bfb9b0c37b completed by vehicle veh32
[Midd4VCServer] job 6c4efc46-6719-4847-b7ae-510f206e2c67 completed by vehicle veh2
[Midd4VCServer] Vehicle veh13 already registered.
[Midd4VCServer] Vehicle veh3 already registered.
[Midd4VCServer] job received: 400e9dd6-dd2a-442a-a73a-5deac5b4a772
[Midd4VC] Job 904e757a-2352-4905-82aa-d0c9757aa99f timed out. Re-enqueueing.
[Midd4VCServer] Assigning job 904e757a-2352-4905-82aa-d0c9757aa99f to vehicle veh33
[Midd4VCServer] Assigning job 400e9dd6-dd2a-442a-a73a-5deac5b4a772 to vehicle veh32
[Midd4VCServer] job 400e9dd6-dd2a-442a-a73a-5deac5b4a772 completed by vehicle veh32
[Midd4VCServer] job received: 41ba125e-55db-4031-96b0-a996e7bcf577
[Midd4VC] Job b9f38f4b-d65f-46be-b096-01e76c5b193f timed out. Re-enqueueing.
[Midd4VC] Job 73f30ee4-f663-42da-a3a4-ea8bfc64abd2 timed out. Re-enqueueing.
[Midd4VC] Job ccdcf3c2-8af7-4c33-9bc3-02924383cb2f timed out. Re-enqueueing.
[Midd4VC] Job ac25e9a1-a1e4-420e-82a2-051aba14cda8 timed out. Re-enqueueing.
[Midd4VCServer] Assigning job ac25e9a1-a1e4-420e-82a2-051aba14cda8 to vehicle veh40
[Midd4VCServer] Assigning job ccdcf3c2-8af7-4c33-9bc3-02924383cb2f to vehicle veh39
[Midd4VCServer] Assigning job 73f30ee4-f663-42da-a3a4-ea8bfc64abd2 to vehicle veh29
[Midd4VCServer] Assigning job b9f38f4b-d65f-46be-b096-01e76c5b193f to vehicle veh32
[Midd4VCServer] Assigning job 41ba125e-55db-4031-96b0-a996e7bcf577 to vehicle veh30
[Midd4VCServer] job ac25e9a1-a1e4-420e-82a2-051aba14cda8 completed by vehicle veh40
[Midd4VCServer] job ccdcf3c2-8af7-4c33-9bc3-02924383cb2f completed by vehicle veh39
[Midd4VCServer] job 41ba125e-55db-4031-96b0-a996e7bcf577 completed by vehicle veh30
[Midd4VCServer] job b9f38f4b-d65f-46be-b096-01e76c5b193f completed by vehicle veh32
[Midd4VCServer] job 73f30ee4-f663-42da-a3a4-ea8bfc64abd2 completed by vehicle veh29
[Midd4VCServer] job received: addcd1c9-e540-4198-8bc0-9307aa92454d
[Midd4VCServer] Assigning job addcd1c9-e540-4198-8bc0-9307aa92454d to vehicle veh40
[Midd4VCServer] job addcd1c9-e540-4198-8bc0-9307aa92454d completed by vehicle veh40
[Midd4VCServer] job received: 5daf5b69-e684-4f2b-a780-ee1ca1118303
[Midd4VCServer] Assigning job 5daf5b69-e684-4f2b-a780-ee1ca1118303 to vehicle veh40
[Midd4VCServer] job 5daf5b69-e684-4f2b-a780-ee1ca1118303 completed by vehicle veh40
[Midd4VCServer] Vehicle veh6 already registered.
[Midd4VCServer] Vehicle veh12 already registered.
[Midd4VCServer] Vehicle veh11 already registered.
[Midd4VCServer] Vehicle veh14 already registered.
[Midd4VCServer] Vehicle veh23 already registered.
[Midd4VCServer] Vehicle veh34 already registered.
[Midd4VCServer] Vehicle veh37 already registered.
[Midd4VCServer] job received: 9eb5260d-5f1c-4e49-9f85-07f17aa940ab
[Midd4VC] Job 423966d8-eefb-4f55-8099-3387692aa8d0 timed out. Re-enqueueing.
[Midd4VCServer] Assigning job 423966d8-eefb-4f55-8099-3387692aa8d0 to vehicle veh40
[Midd4VCServer] Assigning job 9eb5260d-5f1c-4e49-9f85-07f17aa940ab to vehicle veh39
[Midd4VCServer] job 9eb5260d-5f1c-4e49-9f85-07f17aa940ab completed by vehicle veh39
[Midd4VCServer] job 423966d8-eefb-4f55-8099-3387692aa8d0 completed by vehicle veh40
[Midd4VCServer] Vehicle veh4 already registered.
[Midd4VCServer] job received: 96584d6c-76c6-4570-abe4-d9b58d3d8400
[Midd4VCServer] Assigning job 96584d6c-76c6-4570-abe4-d9b58d3d8400 to vehicle veh40
[Midd4VCServer] job 96584d6c-76c6-4570-abe4-d9b58d3d8400 completed by vehicle veh40
[Midd4VCServer] Vehicle veh5 already registered.
[Midd4VCServer] job received: 14fdbb98-dc3c-4d5e-a95f-20cb5154dfc2
[Midd4VCServer] Assigning job 14fdbb98-dc3c-4d5e-a95f-20cb5154dfc2 to vehicle veh29
[Midd4VCServer] job 14fdbb98-dc3c-4d5e-a95f-20cb5154dfc2 completed by vehicle veh29
[Midd4VCServer] Vehicle veh10 already registered.
[Midd4VCServer] job received: 84c4b1a4-d666-4c4b-86e6-804bba03c9ef
[Midd4VCServer] Assigning job 84c4b1a4-d666-4c4b-86e6-804bba03c9ef to vehicle veh35
[Midd4VCServer] job received: 0986b59d-783f-4f1d-9faf-7ac352752621
[Midd4VCServer] Assigning job 0986b59d-783f-4f1d-9faf-7ac352752621 to vehicle veh40
[Midd4VCServer] job received: d691b44b-e2d1-4a2f-893f-5e8b21512630
[Midd4VC] Job b6c55c7e-d01d-46f0-9212-93a5be018749 timed out. Re-enqueueing.
[Midd4VC] Job 91afa01c-8ac7-4ecb-a4b0-a85ea078c9b0 timed out. Re-enqueueing.
[Midd4VCServer] Assigning job 91afa01c-8ac7-4ecb-a4b0-a85ea078c9b0 to vehicle veh8
[Midd4VCServer] Assigning job b6c55c7e-d01d-46f0-9212-93a5be018749 to vehicle veh39
[Midd4VCServer] Assigning job d691b44b-e2d1-4a2f-893f-5e8b21512630 to vehicle veh29
[Midd4VCServer] job b6c55c7e-d01d-46f0-9212-93a5be018749 completed by vehicle veh39
[Midd4VCServer] job d691b44b-e2d1-4a2f-893f-5e8b21512630 completed by vehicle veh29
[Midd4VCServer] job received: 8df40fad-e225-4eba-826f-d5ae00673508
[Midd4VCServer] Assigning job 8df40fad-e225-4eba-826f-d5ae00673508 to vehicle veh39
[Midd4VCServer] job 8df40fad-e225-4eba-826f-d5ae00673508 completed by vehicle veh39
[Midd4VCServer] Vehicle veh26 already registered.
[Midd4VCServer] job received: 8ac4b8a9-836c-462a-8ce1-90e4a50872cf
[Midd4VC] Job 825f098b-bf66-44df-a08b-2c1df82ae4d9 timed out. Re-enqueueing.
[Midd4VCServer] Assigning job 825f098b-bf66-44df-a08b-2c1df82ae4d9 to vehicle veh29
[Midd4VCServer] Assigning job 8ac4b8a9-836c-462a-8ce1-90e4a50872cf to vehicle veh19
[Midd4VCServer] job 825f098b-bf66-44df-a08b-2c1df82ae4d9 completed by vehicle veh29
[Midd4VCServer] job received: 243033e9-2429-46b4-9441-d3eda5af29b6
[Midd4VC] Job 31fd6a07-773a-4b76-9079-46eb0ca9a767 timed out. Re-enqueueing.
[Midd4VCServer] Assigning job 31fd6a07-773a-4b76-9079-46eb0ca9a767 to vehicle veh9
[Midd4VCServer] Assigning job 243033e9-2429-46b4-9441-d3eda5af29b6 to vehicle veh39
[Midd4VCServer] job 243033e9-2429-46b4-9441-d3eda5af29b6 completed by vehicle veh39
[Midd4VCServer] job received: 05ad7c8f-76fe-42f1-8d7c-4fabb7a6e1eb
[Midd4VCServer] Assigning job 05ad7c8f-76fe-42f1-8d7c-4fabb7a6e1eb to vehicle veh29
[Midd4VCServer] Vehicle veh22 already registered.
[Midd4VCServer] job received: 82651c7f-4620-4842-b5ff-254da61f36f2
[Midd4VCServer] Assigning job 82651c7f-4620-4842-b5ff-254da61f36f2 to vehicle veh32
[Midd4VCServer] Vehicle veh12 already registered.
[Midd4VCServer] Vehicle veh7 already registered.
[Midd4VCServer] Vehicle veh20 already registered.
[Midd4VCServer] Vehicle veh36 already registered.
[Midd4VCServer] job received: 581242c8-7eed-4c6d-a525-64ecf8b8ae2e
[Midd4VC] Job ff679bdb-7230-4983-968a-6acced135535 timed out. Re-enqueueing.
[Midd4VC] Job 9c2d8c1b-0ca8-48ac-8c12-bb0ad3ee712c timed out. Re-enqueueing.
[Midd4VC] Job 3c06ec8e-06bd-4928-9a3b-fcb763b01328 timed out. Re-enqueueing.
[Midd4VC] Job fb691b77-f0e9-470e-9be3-5444e1afd4ca timed out. Re-enqueueing.
[Midd4VCServer] Assigning job fb691b77-f0e9-470e-9be3-5444e1afd4ca to vehicle veh13
[Midd4VCServer] Assigning job 3c06ec8e-06bd-4928-9a3b-fcb763b01328 to vehicle veh1
[Midd4VCServer] Assigning job 9c2d8c1b-0ca8-48ac-8c12-bb0ad3ee712c to vehicle veh31
[Midd4VCServer] Assigning job ff679bdb-7230-4983-968a-6acced135535 to vehicle veh22
[Midd4VCServer] Assigning job 581242c8-7eed-4c6d-a525-64ecf8b8ae2e to vehicle veh39
[Midd4VCServer] job 3c06ec8e-06bd-4928-9a3b-fcb763b01328 completed by vehicle veh1
[Midd4VCServer] job ff679bdb-7230-4983-968a-6acced135535 completed by vehicle veh22
[Midd4VCServer] job 581242c8-7eed-4c6d-a525-64ecf8b8ae2e completed by vehicle veh39
[Midd4VCServer] job received: d8b79152-5675-46cc-8d36-eb91691f883c
[Midd4VCServer] Assigning job d8b79152-5675-46cc-8d36-eb91691f883c to vehicle veh1
[Midd4VCServer] job d8b79152-5675-46cc-8d36-eb91691f883c completed by vehicle veh1
[Midd4VCServer] job received: e245c8a9-3c1f-4cfd-a42e-a543f9c6e259
[Midd4VCServer] Assigning job e245c8a9-3c1f-4cfd-a42e-a543f9c6e259 to vehicle veh1
[Midd4VCServer] job e245c8a9-3c1f-4cfd-a42e-a543f9c6e259 completed by vehicle veh1
[Midd4VCServer] Vehicle veh29 already registered.
[Midd4VCServer] Vehicle veh25 already registered.
[Midd4VCServer] job received: 57dbe8a6-628f-4da0-a315-00bf1cd92b2c
[Midd4VC] Job f1319692-22bc-4a97-95ba-f81244365877 timed out. Re-enqueueing.
[Midd4VC] Job 13729922-7f6c-48e8-b932-b6fb415722df timed out. Re-enqueueing.
[Midd4VCServer] Assigning job 13729922-7f6c-48e8-b932-b6fb415722df to vehicle veh28
[Midd4VCServer] Assigning job f1319692-22bc-4a97-95ba-f81244365877 to vehicle veh14
[Midd4VCServer] Assigning job 57dbe8a6-628f-4da0-a315-00bf1cd92b2c to vehicle veh22
[Midd4VCServer] job 57dbe8a6-628f-4da0-a315-00bf1cd92b2c completed by vehicle veh22
[Midd4VCServer] job received: 3f947e70-dcc3-41a1-aea2-3d3a4ab10f4b
[Midd4VCServer] Assigning job 3f947e70-dcc3-41a1-aea2-3d3a4ab10f4b to vehicle veh1
[Midd4VCServer] job 3f947e70-dcc3-41a1-aea2-3d3a4ab10f4b completed by vehicle veh1
[Midd4VCServer] Vehicle veh34 already registered.
[Midd4VCServer] job received: 2e215fa4-b887-4ccc-b072-123e78f53275
[Midd4VC] Job ef90964c-5a95-4688-a257-c7225e523c8c timed out. Re-enqueueing.
[Midd4VCServer] Assigning job ef90964c-5a95-4688-a257-c7225e523c8c to vehicle veh27
[Midd4VCServer] Assigning job 2e215fa4-b887-4ccc-b072-123e78f53275 to vehicle veh7
[Midd4VCServer] Vehicle veh23 already registered.
[Midd4VCServer] Vehicle veh9 already registered.
[Midd4VCServer] job received: 77dc53d3-fb89-4c01-ab5e-b2a608717177
[Midd4VC] Job 144f193f-9191-4619-b53b-29874ef833f6 timed out. Re-enqueueing.
[Midd4VC] Job e9f64283-c8b9-4ece-9361-688148f625af timed out. Re-enqueueing.
[Midd4VC] Job 5fa1172d-b927-447f-a38c-cc9d89216c7f timed out. Re-enqueueing.
[Midd4VC] Job 5ba49f78-4aca-4ce8-8167-5431b6b1ff2c timed out. Re-enqueueing.
[Midd4VC] Job 95ce53a7-4519-4409-9e76-0821f2c5ed51 timed out. Re-enqueueing.
[Midd4VCServer] Assigning job 95ce53a7-4519-4409-9e76-0821f2c5ed51 to vehicle veh37
[Midd4VCServer] Assigning job 5ba49f78-4aca-4ce8-8167-5431b6b1ff2c to vehicle veh3
[Midd4VCServer] Assigning job 5fa1172d-b927-447f-a38c-cc9d89216c7f to vehicle veh11
[Midd4VCServer] Assigning job e9f64283-c8b9-4ece-9361-688148f625af to vehicle veh18
[Midd4VCServer] Assigning job 144f193f-9191-4619-b53b-29874ef833f6 to vehicle veh23
[Midd4VCServer] Assigning job 77dc53d3-fb89-4c01-ab5e-b2a608717177 to vehicle veh22
[Midd4VCServer] job e9f64283-c8b9-4ece-9361-688148f625af completed by vehicle veh18
[Midd4VCServer] job 144f193f-9191-4619-b53b-29874ef833f6 completed by vehicle veh23
[Midd4VCServer] job 95ce53a7-4519-4409-9e76-0821f2c5ed51 completed by vehicle veh37
[Midd4VCServer] job 77dc53d3-fb89-4c01-ab5e-b2a608717177 completed by vehicle veh22
[Midd4VCServer] Vehicle veh40 already registered.
[Midd4VCServer] job received: 1df75525-c482-416e-93a2-d1cc244ca0b9
[Midd4VC] Job 89e59775-0deb-4c2d-b177-e145bc53fdbf timed out. Re-enqueueing.
[Midd4VCServer] Assigning job 89e59775-0deb-4c2d-b177-e145bc53fdbf to vehicle veh37
[Midd4VCServer] Assigning job 1df75525-c482-416e-93a2-d1cc244ca0b9 to vehicle veh18
[Midd4VCServer] job 1df75525-c482-416e-93a2-d1cc244ca0b9 completed by vehicle veh18
[Midd4VCServer] job 89e59775-0deb-4c2d-b177-e145bc53fdbf completed by vehicle veh37
[Midd4VCServer] job received: b404890e-8370-4d62-beaa-9abb610f425e
[Midd4VCServer] Assigning job b404890e-8370-4d62-beaa-9abb610f425e to vehicle veh37
[Midd4VCServer] job b404890e-8370-4d62-beaa-9abb610f425e completed by vehicle veh37
[Midd4VCServer] job received: 427ad7df-cd13-4dd9-81f3-c37b5af06d77
[Midd4VCServer] Assigning job 427ad7df-cd13-4dd9-81f3-c37b5af06d77 to vehicle veh37
[Midd4VCServer] job 427ad7df-cd13-4dd9-81f3-c37b5af06d77 completed by vehicle veh37
[Midd4VCServer] Vehicle veh17 already registered.
[Midd4VCServer] job received: 5d5fe215-9b2e-43e4-a377-ab80f5653f62
[Midd4VCServer] Assigning job 5d5fe215-9b2e-43e4-a377-ab80f5653f62 to vehicle veh37
[Midd4VCServer] job 5d5fe215-9b2e-43e4-a377-ab80f5653f62 completed by vehicle veh37
[Midd4VCServer] Vehicle veh29 already registered.
[Midd4VCServer] job received: 284df169-1336-4934-bad5-f80090b28f91
[Midd4VC] Job 3ce1fd2a-44a8-4a5f-83c6-cded219e70f7 timed out. Re-enqueueing.
[Midd4VC] Job 6e7e8a23-62b8-4fc6-8d3c-ef07f5536f1b timed out. Re-enqueueing.
[Midd4VCServer] Assigning job 6e7e8a23-62b8-4fc6-8d3c-ef07f5536f1b to vehicle veh4
[Midd4VCServer] Assigning job 3ce1fd2a-44a8-4a5f-83c6-cded219e70f7 to vehicle veh23
[Midd4VCServer] Assigning job 284df169-1336-4934-bad5-f80090b28f91 to vehicle veh12
[Midd4VCServer] job 3ce1fd2a-44a8-4a5f-83c6-cded219e70f7 completed by vehicle veh23
[Midd4VCServer] job 6e7e8a23-62b8-4fc6-8d3c-ef07f5536f1b completed by vehicle veh4
[Midd4VCServer] job 284df169-1336-4934-bad5-f80090b28f91 completed by vehicle veh12
[Midd4VCServer] Vehicle veh31 already registered.
[Midd4VCServer] job received: 30e7e722-d6f2-46d2-aeec-bcd795f66eea
[Midd4VCServer] Assigning job 30e7e722-d6f2-46d2-aeec-bcd795f66eea to vehicle veh2
[Midd4VCServer] job received: 0923581a-5698-451a-b8bd-309dc7509a30
[Midd4VCServer] Assigning job 0923581a-5698-451a-b8bd-309dc7509a30 to vehicle veh4
[Midd4VCServer] job 0923581a-5698-451a-b8bd-309dc7509a30 completed by vehicle veh4
[Midd4VCServer] job received: f4222c15-06e7-4414-8fa0-1701b50fc848
[Midd4VCServer] Assigning job f4222c15-06e7-4414-8fa0-1701b50fc848 to vehicle veh10
[Midd4VCServer] job f4222c15-06e7-4414-8fa0-1701b50fc848 completed by vehicle veh10
[Midd4VCServer] job received: d70baeca-a498-4677-99ca-fcaf60035ac7
[Midd4VC] Job 8ed64b6c-5b23-4be6-9bd4-8657be7f09e9 timed out. Re-enqueueing.
[Midd4VCServer] Assigning job 8ed64b6c-5b23-4be6-9bd4-8657be7f09e9 to vehicle veh5
[Midd4VCServer] Assigning job d70baeca-a498-4677-99ca-fcaf60035ac7 to vehicle veh37
[Midd4VCServer] job d70baeca-a498-4677-99ca-fcaf60035ac7 completed by vehicle veh37
[Midd4VCServer] job received: cb32bf56-eb13-4a0a-938f-22fd0c08ceaa
[Midd4VCServer] Assigning job cb32bf56-eb13-4a0a-938f-22fd0c08ceaa to vehicle veh30
[Midd4VCServer] job cb32bf56-eb13-4a0a-938f-22fd0c08ceaa completed by vehicle veh30
[Midd4VCServer] job received: 65b57ea4-e78d-4bb4-9149-edafaab848d2
[Midd4VCServer] Assigning job 65b57ea4-e78d-4bb4-9149-edafaab848d2 to vehicle veh18
[Midd4VCServer] job received: 15951dcc-01b9-4e3c-9059-b9257a9c5f86
[Midd4VCServer] Assigning job 15951dcc-01b9-4e3c-9059-b9257a9c5f86 to vehicle veh23
[Midd4VCServer] Vehicle veh22 already registered.
[Midd4VCServer] job received: d9b94187-57aa-4048-829f-1bfdca96011d
[Midd4VC] Job 0fb83cf8-423d-496f-9f97-637d61c00619 timed out. Re-enqueueing.
[Midd4VCServer] Assigning job 0fb83cf8-423d-496f-9f97-637d61c00619 to vehicle veh25
[Midd4VCServer] Assigning job d9b94187-57aa-4048-829f-1bfdca96011d to vehicle veh39
[Midd4VCServer] Vehicle veh34 already registered.
[Midd4VCServer] job received: d734b491-ada0-4c02-8936-f07b5b000bdc
[Midd4VC] Job 4602d284-b380-415f-9497-ef5108308066 timed out. Re-enqueueing.
[Midd4VC] Job 16cebb78-0641-445b-9f1c-19b74603a7c1 timed out. Re-enqueueing.
[Midd4VC] Job c8da0571-dee7-496c-a260-5cf52657ae0b timed out. Re-enqueueing.
[Midd4VC] Job bf9bb9a7-b83b-4c73-a27a-7a1ce000a4b0 timed out. Re-enqueueing.
[Midd4VCServer] Assigning job bf9bb9a7-b83b-4c73-a27a-7a1ce000a4b0 to vehicle veh21
[Midd4VCServer] Assigning job c8da0571-dee7-496c-a260-5cf52657ae0b to vehicle veh20
[Midd4VCServer] Assigning job 16cebb78-0641-445b-9f1c-19b74603a7c1 to vehicle veh38
[Midd4VCServer] Assigning job 4602d284-b380-415f-9497-ef5108308066 to vehicle veh26
[Midd4VCServer] Assigning job d734b491-ada0-4c02-8936-f07b5b000bdc to vehicle veh36
[Midd4VCServer] job c8da0571-dee7-496c-a260-5cf52657ae0b completed by vehicle veh20
[Midd4VCServer] job received: 5be66def-0827-457d-afd9-c33b568855d1
[Midd4VCServer] Assigning job 5be66def-0827-457d-afd9-c33b568855d1 to vehicle veh20
[Midd4VCServer] job 5be66def-0827-457d-afd9-c33b568855d1 completed by vehicle veh20
[Midd4VCServer] job received: 8b18599b-7472-4d85-881b-d226dbc7976d
[Midd4VCServer] Assigning job 8b18599b-7472-4d85-881b-d226dbc7976d to vehicle veh20
[Midd4VCServer] job 8b18599b-7472-4d85-881b-d226dbc7976d completed by vehicle veh20
[Midd4VCServer] job received: 12074406-47ad-4dcd-a81b-072e71beacb6
[Midd4VCServer] Assigning job 12074406-47ad-4dcd-a81b-072e71beacb6 to vehicle veh20
[Midd4VCServer] job 12074406-47ad-4dcd-a81b-072e71beacb6 completed by vehicle veh20
[Midd4VCServer] Vehicle veh26 already registered.
[Midd4VCServer] Vehicle veh27 already registered.
[Midd4VCServer] job received: 38953baf-02c9-4c64-8aad-d0acb9b4a133
[Midd4VCServer] Assigning job 38953baf-02c9-4c64-8aad-d0acb9b4a133 to vehicle veh20
[Midd4VCServer] job 38953baf-02c9-4c64-8aad-d0acb9b4a133 completed by vehicle veh20
[Midd4VCServer] Vehicle veh34 already registered.
[Midd4VCServer] job received: afdb8c14-00df-43fd-92cf-057fed670edf
[Midd4VCServer] Assigning job afdb8c14-00df-43fd-92cf-057fed670edf to vehicle veh20
[Midd4VCServer] job afdb8c14-00df-43fd-92cf-057fed670edf completed by vehicle veh20
[Midd4VCServer] job received: 59fb52fe-e3ca-4d9d-9fda-e7e2573d7843
[Midd4VCServer] Assigning job 59fb52fe-e3ca-4d9d-9fda-e7e2573d7843 to vehicle veh20
[Midd4VCServer] job 59fb52fe-e3ca-4d9d-9fda-e7e2573d7843 completed by vehicle veh20
[Midd4VCServer] Vehicle veh19 already registered.
[Midd4VCServer] job received: 0801f4fa-b3e1-4090-8ea9-d84d48ff3ff8
[Midd4VC] Job 904e757a-2352-4905-82aa-d0c9757aa99f timed out. Re-enqueueing.
[Midd4VCServer] Assigning job 904e757a-2352-4905-82aa-d0c9757aa99f to vehicle veh33
[Midd4VCServer] Assigning job 0801f4fa-b3e1-4090-8ea9-d84d48ff3ff8 to vehicle veh20
[Midd4VCServer] job 0801f4fa-b3e1-4090-8ea9-d84d48ff3ff8 completed by vehicle veh20
[Midd4VCServer] Vehicle veh30 already registered.
[Midd4VCServer] job received: f5cc7c16-bd97-424b-8103-7fcb25d405d1
[Midd4VCServer] Assigning job f5cc7c16-bd97-424b-8103-7fcb25d405d1 to vehicle veh1
[Midd4VCServer] Vehicle veh35 already registered.
[Midd4VCServer] Vehicle veh10 already registered.
[Midd4VCServer] Vehicle veh25 already registered.
[Midd4VCServer] job received: b728eb62-1434-46c2-bbdd-c34bdc999099
[Midd4VCServer] Assigning job b728eb62-1434-46c2-bbdd-c34bdc999099 to vehicle veh17
[Midd4VCServer] Vehicle veh28 already registered.
[Midd4VCServer] Vehicle veh2 already registered.
[Midd4VCServer] Vehicle veh18 already registered.
[Midd4VCServer] Vehicle veh13 already registered.
[Midd4VCServer] Vehicle veh8 already registered.
[Midd4VCServer] job received: 33e643d5-3ed5-4b42-a3c7-1fc5e9aa0dcc
[Midd4VCServer] Assigning job 33e643d5-3ed5-4b42-a3c7-1fc5e9aa0dcc to vehicle veh22
[Midd4VCServer] job 33e643d5-3ed5-4b42-a3c7-1fc5e9aa0dcc completed by vehicle veh22
[Midd4VCServer] job received: 62159adb-e7eb-45bb-ad4f-17800fcbfb50
[Midd4VCServer] Assigning job 62159adb-e7eb-45bb-ad4f-17800fcbfb50 to vehicle veh12
[Midd4VCServer] job received: 84b5dd68-e63a-468a-9be0-aca18ae25671
[Midd4VCServer] Assigning job 84b5dd68-e63a-468a-9be0-aca18ae25671 to vehicle veh15
[Midd4VCServer] job received: c3667bd6-d66d-473a-80dd-70e29c4ddee7
[Midd4VCServer] Assigning job c3667bd6-d66d-473a-80dd-70e29c4ddee7 to vehicle veh4
[Midd4VCServer] Vehicle veh14 already registered.
[Midd4VCServer] Vehicle veh36 already registered.
[Midd4VCServer] job received: 1ff5a7ae-ea3c-4f61-8566-a1fe28bc6b59
[Midd4VCServer] Assigning job 1ff5a7ae-ea3c-4f61-8566-a1fe28bc6b59 to vehicle veh10
[Midd4VCServer] job 1ff5a7ae-ea3c-4f61-8566-a1fe28bc6b59 completed by vehicle veh10
[Midd4VCServer] Vehicle veh32 already registered.
[Midd4VCServer] Vehicle veh17 already registered.
[Midd4VCServer] job received: d9ae5ebc-ae04-4c5c-bd00-2e7a36f31d17
[Midd4VC] Job 84c4b1a4-d666-4c4b-86e6-804bba03c9ef timed out. Re-enqueueing.
[Midd4VC] Job 0986b59d-783f-4f1d-9faf-7ac352752621 timed out. Re-enqueueing.
[Midd4VCServer] Assigning job 0986b59d-783f-4f1d-9faf-7ac352752621 to vehicle veh35
[Midd4VCServer] Assigning job 84c4b1a4-d666-4c4b-86e6-804bba03c9ef to vehicle veh40
[Midd4VCServer] Assigning job d9ae5ebc-ae04-4c5c-bd00-2e7a36f31d17 to vehicle veh37
[Midd4VCServer] job 0986b59d-783f-4f1d-9faf-7ac352752621 completed by vehicle veh35
[Midd4VCServer] job received: 400908ab-0236-4e56-bac0-3dbe86c3e679
[Midd4VCServer] Assigning job 400908ab-0236-4e56-bac0-3dbe86c3e679 to vehicle veh35
[Midd4VCServer] job 400908ab-0236-4e56-bac0-3dbe86c3e679 completed by vehicle veh35
[Midd4VCServer] Vehicle veh33 already registered.
[Midd4VCServer] job received: 235294a8-1926-49c7-a132-cb340a12bfcf
[Midd4VC] Job 91afa01c-8ac7-4ecb-a4b0-a85ea078c9b0 timed out. Re-enqueueing.
[Midd4VCServer] Assigning job 91afa01c-8ac7-4ecb-a4b0-a85ea078c9b0 to vehicle veh8
[Midd4VCServer] Assigning job 235294a8-1926-49c7-a132-cb340a12bfcf to vehicle veh35
[Midd4VCServer] job 235294a8-1926-49c7-a132-cb340a12bfcf completed by vehicle veh35
[Midd4VCServer] job 91afa01c-8ac7-4ecb-a4b0-a85ea078c9b0 completed by vehicle veh8
[Midd4VCServer] job received: 4325585d-2a20-41e8-a8d9-bb96a625148d
[Midd4VCServer] Assigning job 4325585d-2a20-41e8-a8d9-bb96a625148d to vehicle veh8
[Midd4VCServer] job 4325585d-2a20-41e8-a8d9-bb96a625148d completed by vehicle veh8
[Midd4VCServer] job received: 2dbc3c55-bbbe-4acf-a6dd-5274868db899
[Midd4VCServer] Assigning job 2dbc3c55-bbbe-4acf-a6dd-5274868db899 to vehicle veh8
[Midd4VCServer] job 2dbc3c55-bbbe-4acf-a6dd-5274868db899 completed by vehicle veh8
[Midd4VCServer] Vehicle veh38 already registered.
[Midd4VCServer] job received: 2f734cee-8600-4d32-a901-e1ae97d4a167
[Midd4VC] Job 8ac4b8a9-836c-462a-8ce1-90e4a50872cf timed out. Re-enqueueing.
[Midd4VCServer] Assigning job 8ac4b8a9-836c-462a-8ce1-90e4a50872cf to vehicle veh19
[Midd4VCServer] Assigning job 2f734cee-8600-4d32-a901-e1ae97d4a167 to vehicle veh35
[Midd4VCServer] job 2f734cee-8600-4d32-a901-e1ae97d4a167 completed by vehicle veh35
[Midd4VCServer] Vehicle veh34 already registered.
[Midd4VCServer] Vehicle veh15 already registered.
[Midd4VCServer] Vehicle veh1 already registered.
[Midd4VCServer] Vehicle veh7 already registered.
[Midd4VCServer] Vehicle veh16 already registered.
[Midd4VCServer] Vehicle veh29 already registered.
[Midd4VCServer] Vehicle veh26 already registered.
[Midd4VCServer] job received: 9342e21f-0586-4649-aa3a-76b3da5302b1
[Midd4VC] Job 31fd6a07-773a-4b76-9079-46eb0ca9a767 timed out. Re-enqueueing.
[Midd4VC] Job 05ad7c8f-76fe-42f1-8d7c-4fabb7a6e1eb timed out. Re-enqueueing.
[Midd4VC] Job 82651c7f-4620-4842-b5ff-254da61f36f2 timed out. Re-enqueueing.
[Midd4VC] Job fb691b77-f0e9-470e-9be3-5444e1afd4ca timed out. Re-enqueueing.
[Midd4VC] Job 9c2d8c1b-0ca8-48ac-8c12-bb0ad3ee712c timed out. Re-enqueueing.
[Midd4VCServer] Assigning job 9c2d8c1b-0ca8-48ac-8c12-bb0ad3ee712c to vehicle veh13
[Midd4VCServer] Assigning job fb691b77-f0e9-470e-9be3-5444e1afd4ca to vehicle veh9
[Midd4VCServer] Assigning job 82651c7f-4620-4842-b5ff-254da61f36f2 to vehicle veh31
[Midd4VCServer] Assigning job 05ad7c8f-76fe-42f1-8d7c-4fabb7a6e1eb to vehicle veh29
[Midd4VCServer] Assigning job 31fd6a07-773a-4b76-9079-46eb0ca9a767 to vehicle veh8
[Midd4VCServer] Assigning job 9342e21f-0586-4649-aa3a-76b3da5302b1 to vehicle veh32
[Midd4VCServer] job 05ad7c8f-76fe-42f1-8d7c-4fabb7a6e1eb completed by vehicle veh29
[Midd4VCServer] job fb691b77-f0e9-470e-9be3-5444e1afd4ca completed by vehicle veh9
[Midd4VCServer] job received: 35977931-bdab-4ab5-88fa-27e8b5d877b8
[Midd4VCServer] Assigning job 35977931-bdab-4ab5-88fa-27e8b5d877b8 to vehicle veh9
[Midd4VCServer] job 35977931-bdab-4ab5-88fa-27e8b5d877b8 completed by vehicle veh9
[Midd4VCServer] Vehicle veh4 already registered.
[Midd4VCServer] job received: 848b1cc9-548a-4cb6-97de-6cc73991fa1f
[Midd4VCServer] Assigning job 848b1cc9-548a-4cb6-97de-6cc73991fa1f to vehicle veh9
[Midd4VCServer] job 848b1cc9-548a-4cb6-97de-6cc73991fa1f completed by vehicle veh9
[Midd4VCServer] job received: 495ce459-4c08-4ac7-8a0e-5ef9e11696a1
[Midd4VCServer] Assigning job 495ce459-4c08-4ac7-8a0e-5ef9e11696a1 to vehicle veh9
[Midd4VCServer] job 495ce459-4c08-4ac7-8a0e-5ef9e11696a1 completed by vehicle veh9
[Midd4VCServer] job received: 8e3203c7-1c84-41a2-a6f4-7b25cb7d9f07
[Midd4VCServer] Assigning job 8e3203c7-1c84-41a2-a6f4-7b25cb7d9f07 to vehicle veh29
[Midd4VCServer] job 8e3203c7-1c84-41a2-a6f4-7b25cb7d9f07 completed by vehicle veh29
[Midd4VCServer] Vehicle veh21 already registered.
[Midd4VCServer] job received: 8e748e50-691b-4505-bcb3-271e70c8733a
[Midd4VCServer] Assigning job 8e748e50-691b-4505-bcb3-271e70c8733a to vehicle veh35
[Midd4VCServer] job 8e748e50-691b-4505-bcb3-271e70c8733a completed by vehicle veh35
[Midd4VCServer] job received: 4932c09c-029d-4ea1-b610-0d93acc3d5a1
[Midd4VC] Job 13729922-7f6c-48e8-b932-b6fb415722df timed out. Re-enqueueing.
[Midd4VC] Job f1319692-22bc-4a97-95ba-f81244365877 timed out. Re-enqueueing.
[Midd4VCServer] Assigning job f1319692-22bc-4a97-95ba-f81244365877 to vehicle veh28
[Midd4VCServer] Assigning job 13729922-7f6c-48e8-b932-b6fb415722df to vehicle veh14
[Midd4VCServer] Assigning job 4932c09c-029d-4ea1-b610-0d93acc3d5a1 to vehicle veh9
[Midd4VCServer] job received: 806812cf-3ee8-44d4-8070-bac0525009b0
[Midd4VCServer] Assigning job 806812cf-3ee8-44d4-8070-bac0525009b0 to vehicle veh29
[Midd4VCServer] job 4932c09c-029d-4ea1-b610-0d93acc3d5a1 completed by vehicle veh9
[Midd4VCServer] Vehicle veh32 already registered.
[Midd4VCServer] job received: 0fdd666d-3b70-4311-a0ff-5c0ab3d81a8e
[Midd4VC] Job ef90964c-5a95-4688-a257-c7225e523c8c timed out. Re-enqueueing.
[Midd4VC] Job 2e215fa4-b887-4ccc-b072-123e78f53275 timed out. Re-enqueueing.
[Midd4VCServer] Assigning job 2e215fa4-b887-4ccc-b072-123e78f53275 to vehicle veh27
[Midd4VCServer] Assigning job ef90964c-5a95-4688-a257-c7225e523c8c to vehicle veh7
[Midd4VCServer] Assigning job 0fdd666d-3b70-4311-a0ff-5c0ab3d81a8e to vehicle veh35
[Midd4VCServer] job ef90964c-5a95-4688-a257-c7225e523c8c completed by vehicle veh7
[Midd4VCServer] job 0fdd666d-3b70-4311-a0ff-5c0ab3d81a8e completed by vehicle veh35
[Midd4VCServer] Vehicle veh40 already registered.
[Midd4VCServer] Vehicle veh11 already registered.
[Midd4VCServer] Vehicle veh8 already registered.
[Midd4VCServer] job received: 014354ff-4aa0-415c-9058-168aca0503d3
[Midd4VC] Job 5ba49f78-4aca-4ce8-8167-5431b6b1ff2c timed out. Re-enqueueing.
[Midd4VC] Job 5fa1172d-b927-447f-a38c-cc9d89216c7f timed out. Re-enqueueing.
[Midd4VCServer] Assigning job 5fa1172d-b927-447f-a38c-cc9d89216c7f to vehicle veh3
[Midd4VCServer] Assigning job 5ba49f78-4aca-4ce8-8167-5431b6b1ff2c to vehicle veh11
[Midd4VCServer] Assigning job 014354ff-4aa0-415c-9058-168aca0503d3 to vehicle veh7
[Midd4VCServer] job 5ba49f78-4aca-4ce8-8167-5431b6b1ff2c completed by vehicle veh11
[Midd4VCServer] job received: 493c9be0-83bd-4830-9304-20f3779e87c4
[Midd4VCServer] Assigning job 493c9be0-83bd-4830-9304-20f3779e87c4 to vehicle veh11
[Midd4VCServer] job 493c9be0-83bd-4830-9304-20f3779e87c4 completed by vehicle veh11
[Midd4VCServer] Vehicle veh3 already registered.
[Midd4VCServer] job received: b19bc37a-4e87-468c-b2b6-b2105bc960a8
[Midd4VC] Job 30e7e722-d6f2-46d2-aeec-bcd795f66eea timed out. Re-enqueueing.
[Midd4VCServer] Assigning job 30e7e722-d6f2-46d2-aeec-bcd795f66eea to vehicle veh2
[Midd4VCServer] Assigning job b19bc37a-4e87-468c-b2b6-b2105bc960a8 to vehicle veh11
[Midd4VCServer] job 30e7e722-d6f2-46d2-aeec-bcd795f66eea completed by vehicle veh2
[Midd4VCServer] job b19bc37a-4e87-468c-b2b6-b2105bc960a8 completed by vehicle veh11
[Midd4VCServer] Vehicle veh38 already registered.
[Midd4VCServer] job received: a09bb87a-4a5f-4455-addb-6012445b62e6
[Midd4VCServer] Assigning job a09bb87a-4a5f-4455-addb-6012445b62e6 to vehicle veh2
[Midd4VCServer] Vehicle veh40 already registered.
[Midd4VCServer] job a09bb87a-4a5f-4455-addb-6012445b62e6 completed by vehicle veh2
[Midd4VCServer] job received: 99432657-2c0a-44d3-bb45-fa5248d4f8b9
[Midd4VCServer] Assigning job 99432657-2c0a-44d3-bb45-fa5248d4f8b9 to vehicle veh11
[Midd4VCServer] job 99432657-2c0a-44d3-bb45-fa5248d4f8b9 completed by vehicle veh11
[Midd4VCServer] Vehicle veh35 already registered.
[Midd4VCServer] Vehicle veh6 already registered.
[Midd4VCServer] job received: 7a759e41-e1c7-4bb4-a38d-a31b7c4b6c0d
[Midd4VCServer] Assigning job 7a759e41-e1c7-4bb4-a38d-a31b7c4b6c0d to vehicle veh30
[Midd4VCServer] Vehicle veh8 already registered.
[Midd4VCServer] job received: b2e28c0f-8c98-46a1-8123-6e8f81bcc50d
[Midd4VCServer] Assigning job b2e28c0f-8c98-46a1-8123-6e8f81bcc50d to vehicle veh9
[Midd4VCServer] job b2e28c0f-8c98-46a1-8123-6e8f81bcc50d completed by vehicle veh9
[Midd4VCServer] Vehicle veh5 already registered.
[Midd4VCServer] job received: 7d2d0984-d3c8-4ab9-a502-b882991579b8
[Midd4VCServer] Assigning job 7d2d0984-d3c8-4ab9-a502-b882991579b8 to vehicle veh20
[Midd4VCServer] job received: bc64a33d-48b4-4dbf-a858-9c64b55a3a78
[Midd4VCServer] Assigning job bc64a33d-48b4-4dbf-a858-9c64b55a3a78 to vehicle veh35
[Midd4VCServer] job bc64a33d-48b4-4dbf-a858-9c64b55a3a78 completed by vehicle veh35
[Midd4VCServer] job received: b2ae9271-d7f6-4827-bf18-913dafdd0885
[Midd4VCServer] Assigning job b2ae9271-d7f6-4827-bf18-913dafdd0885 to vehicle veh22
[Midd4VCServer] Vehicle veh13 already registered.
[Midd4VCServer] job received: 419a45cd-3727-4436-9e1f-069bc6cc082f
[Midd4VC] Job 8ed64b6c-5b23-4be6-9bd4-8657be7f09e9 timed out. Re-enqueueing.
[Midd4VC] Job 65b57ea4-e78d-4bb4-9149-edafaab848d2 timed out. Re-enqueueing.
[Midd4VC] Job 15951dcc-01b9-4e3c-9059-b9257a9c5f86 timed out. Re-enqueueing.
[Midd4VCServer] Assigning job 15951dcc-01b9-4e3c-9059-b9257a9c5f86 to vehicle veh5
[Midd4VCServer] Assigning job 65b57ea4-e78d-4bb4-9149-edafaab848d2 to vehicle veh18
[Midd4VCServer] Assigning job 8ed64b6c-5b23-4be6-9bd4-8657be7f09e9 to vehicle veh23
[Midd4VCServer] Assigning job 419a45cd-3727-4436-9e1f-069bc6cc082f to vehicle veh2
[Midd4VCServer] job 15951dcc-01b9-4e3c-9059-b9257a9c5f86 completed by vehicle veh5
[Midd4VCServer] job 419a45cd-3727-4436-9e1f-069bc6cc082f completed by vehicle veh2
[Midd4VCServer] job received: 2a7a0c7c-76a7-4a1b-a77a-3a9ec9de04af
[Midd4VCServer] Assigning job 2a7a0c7c-76a7-4a1b-a77a-3a9ec9de04af to vehicle veh5
[Midd4VCServer] job 2a7a0c7c-76a7-4a1b-a77a-3a9ec9de04af completed by vehicle veh5
[Midd4VCServer] Vehicle veh10 already registered.
[Midd4VCServer] Vehicle veh37 already registered.
[Midd4VCServer] Vehicle veh24 already registered.
[Midd4VCServer] Vehicle veh25 already registered.
[Midd4VCServer] Vehicle veh1 already registered.
[Midd4VCServer] Vehicle veh39 already registered.
[Midd4VCServer] job received: 633ac330-07d6-4f78-b86b-a46e0bf46236
[Midd4VC] Job 0fb83cf8-423d-496f-9f97-637d61c00619 timed out. Re-enqueueing.
[Midd4VC] Job d9b94187-57aa-4048-829f-1bfdca96011d timed out. Re-enqueueing.
[Midd4VC] Job bf9bb9a7-b83b-4c73-a27a-7a1ce000a4b0 timed out. Re-enqueueing.
[Midd4VC] Job 16cebb78-0641-445b-9f1c-19b74603a7c1 timed out. Re-enqueueing.
[Midd4VC] Job 4602d284-b380-415f-9497-ef5108308066 timed out. Re-enqueueing.
[Midd4VC] Job d734b491-ada0-4c02-8936-f07b5b000bdc timed out. Re-enqueueing.
[Midd4VCServer] Assigning job d734b491-ada0-4c02-8936-f07b5b000bdc to vehicle veh21
[Midd4VCServer] Assigning job 4602d284-b380-415f-9497-ef5108308066 to vehicle veh25
[Midd4VCServer] Assigning job 16cebb78-0641-445b-9f1c-19b74603a7c1 to vehicle veh38
[Midd4VCServer] Assigning job bf9bb9a7-b83b-4c73-a27a-7a1ce000a4b0 to vehicle veh26
[Midd4VCServer] Assigning job d9b94187-57aa-4048-829f-1bfdca96011d to vehicle veh5
[Midd4VCServer] Assigning job 0fb83cf8-423d-496f-9f97-637d61c00619 to vehicle veh39
[Midd4VCServer] Assigning job 633ac330-07d6-4f78-b86b-a46e0bf46236 to vehicle veh36
[Midd4VCServer] job 0fb83cf8-423d-496f-9f97-637d61c00619 completed by vehicle veh39
[Midd4VCServer] job 4602d284-b380-415f-9497-ef5108308066 completed by vehicle veh25
[Midd4VCServer] job 633ac330-07d6-4f78-b86b-a46e0bf46236 completed by vehicle veh36
[Midd4VCServer] job d9b94187-57aa-4048-829f-1bfdca96011d completed by vehicle veh5
[Midd4VCServer] job 16cebb78-0641-445b-9f1c-19b74603a7c1 completed by vehicle veh38
[Midd4VCServer] job d734b491-ada0-4c02-8936-f07b5b000bdc completed by vehicle veh21
[Midd4VCServer] Vehicle veh33 already registered.
[Midd4VCServer] Vehicle veh21 already registered.
[Midd4VCServer] job received: 3ce8c455-1c7a-4e7d-8a5f-94385d2a98f9
[Midd4VCServer] Assigning job 3ce8c455-1c7a-4e7d-8a5f-94385d2a98f9 to vehicle veh21
[Midd4VCServer] job 3ce8c455-1c7a-4e7d-8a5f-94385d2a98f9 completed by vehicle veh21
[Midd4VCServer] job received: f39d80c2-befa-409e-b395-af7e4df7c177
[Midd4VCServer] Assigning job f39d80c2-befa-409e-b395-af7e4df7c177 to vehicle veh25
[Midd4VCServer] job f39d80c2-befa-409e-b395-af7e4df7c177 completed by vehicle veh25
[Midd4VCServer] job received: 364a5838-1e39-44b1-bc0b-806ea3ec660c
[Midd4VCServer] Assigning job 364a5838-1e39-44b1-bc0b-806ea3ec660c to vehicle veh21
[Midd4VCServer] job 364a5838-1e39-44b1-bc0b-806ea3ec660c completed by vehicle veh21
[Midd4VCServer] job received: 3be61416-83aa-450a-a8ac-672137f7eaff
[Midd4VCServer] Assigning job 3be61416-83aa-450a-a8ac-672137f7eaff to vehicle veh25
[Midd4VCServer] job 3be61416-83aa-450a-a8ac-672137f7eaff completed by vehicle veh25
[Midd4VCServer] Vehicle veh11 already registered.
[Midd4VCServer] Vehicle veh7 already registered.
[Midd4VCServer] Vehicle veh22 already registered.
[Midd4VCServer] Vehicle veh36 already registered.
[Midd4VCServer] job received: e76b1300-5b88-48e6-aa65-d211bbded089
[Midd4VC] Job 904e757a-2352-4905-82aa-d0c9757aa99f timed out. Re-enqueueing.
[Midd4VCServer] Assigning job 904e757a-2352-4905-82aa-d0c9757aa99f to vehicle veh21
[Midd4VCServer] Assigning job e76b1300-5b88-48e6-aa65-d211bbded089 to vehicle veh25
[Midd4VCServer] job 904e757a-2352-4905-82aa-d0c9757aa99f completed by vehicle veh21
[Midd4VCServer] job e76b1300-5b88-48e6-aa65-d211bbded089 completed by vehicle veh25
[Midd4VCServer] Vehicle veh30 already registered.
[Midd4VCServer] Vehicle veh23 already registered.
[Midd4VCServer] job received: 346d625c-9b32-406c-a2c2-fc5656085143
[Midd4VC] Job f5cc7c16-bd97-424b-8103-7fcb25d405d1 timed out. Re-enqueueing.
[Midd4VC] Job b728eb62-1434-46c2-bbdd-c34bdc999099 timed out. Re-enqueueing.
[Midd4VCServer] Assigning job b728eb62-1434-46c2-bbdd-c34bdc999099 to vehicle veh33
[Midd4VCServer] Assigning job f5cc7c16-bd97-424b-8103-7fcb25d405d1 to vehicle veh21
[Midd4VCServer] Assigning job 346d625c-9b32-406c-a2c2-fc5656085143 to vehicle veh38
[Midd4VCServer] job f5cc7c16-bd97-424b-8103-7fcb25d405d1 completed by vehicle veh21
[Midd4VCServer] job 346d625c-9b32-406c-a2c2-fc5656085143 completed by vehicle veh38
[Midd4VCServer] job received: 1c7dac9b-a292-49d9-80de-54b0a2ac7e30
[Midd4VCServer] Assigning job 1c7dac9b-a292-49d9-80de-54b0a2ac7e30 to vehicle veh25
[Midd4VCServer] job 1c7dac9b-a292-49d9-80de-54b0a2ac7e30 completed by vehicle veh25
[Midd4VCServer] job received: 2fc85395-dfb2-4c56-aebc-dbb092e6eaa2
[Midd4VCServer] Assigning job 2fc85395-dfb2-4c56-aebc-dbb092e6eaa2 to vehicle veh21
[Midd4VCServer] job 2fc85395-dfb2-4c56-aebc-dbb092e6eaa2 completed by vehicle veh21
[Midd4VCServer] Vehicle veh15 already registered.
[Midd4VCServer] job received: 864330e3-0b17-416e-9be6-e6889a1c9fb9
[Midd4VC] Job 62159adb-e7eb-45bb-ad4f-17800fcbfb50 timed out. Re-enqueueing.
[Midd4VC] Job 84b5dd68-e63a-468a-9be0-aca18ae25671 timed out. Re-enqueueing.
[Midd4VCServer] Assigning job 84b5dd68-e63a-468a-9be0-aca18ae25671 to vehicle veh38
[Midd4VCServer] Assigning job 62159adb-e7eb-45bb-ad4f-17800fcbfb50 to vehicle veh25
[Midd4VCServer] Assigning job 864330e3-0b17-416e-9be6-e6889a1c9fb9 to vehicle veh5
[Midd4VCServer] job 84b5dd68-e63a-468a-9be0-aca18ae25671 completed by vehicle veh38
[Midd4VCServer] job 62159adb-e7eb-45bb-ad4f-17800fcbfb50 completed by vehicle veh25
[Midd4VCServer] job 864330e3-0b17-416e-9be6-e6889a1c9fb9 completed by vehicle veh5
[Midd4VCServer] job received: 647a3feb-ca8b-4163-a1fc-a54eca6159f3
[Midd4VCServer] Assigning job 647a3feb-ca8b-4163-a1fc-a54eca6159f3 to vehicle veh21
[Midd4VCServer] job 647a3feb-ca8b-4163-a1fc-a54eca6159f3 completed by vehicle veh21
[Midd4VCServer] Vehicle veh1 already registered.
[Midd4VCServer] Vehicle veh22 already registered.
[Midd4VCServer] Vehicle veh4 already registered.
[Midd4VCServer] job received: dcd5020d-51ba-439c-8703-2bfd4b56668e
[Midd4VC] Job c3667bd6-d66d-473a-80dd-70e29c4ddee7 timed out. Re-enqueueing.
[Midd4VCServer] Assigning job c3667bd6-d66d-473a-80dd-70e29c4ddee7 to vehicle veh38
[Midd4VCServer] Assigning job dcd5020d-51ba-439c-8703-2bfd4b56668e to vehicle veh25
[Midd4VCServer] job c3667bd6-d66d-473a-80dd-70e29c4ddee7 completed by vehicle veh38
[Midd4VCServer] job dcd5020d-51ba-439c-8703-2bfd4b56668e completed by vehicle veh25
[Midd4VCServer] Vehicle veh10 already registered.
[Midd4VCServer] job received: 0f3ad0a7-1ae4-4a98-ab47-59e7841b366f
[Midd4VCServer] Assigning job 0f3ad0a7-1ae4-4a98-ab47-59e7841b366f to vehicle veh5
[Midd4VCServer] job 0f3ad0a7-1ae4-4a98-ab47-59e7841b366f completed by vehicle veh5
[Midd4VCServer] job received: ebaac525-1899-467c-a73f-454c120b15c4
[Midd4VCServer] Assigning job ebaac525-1899-467c-a73f-454c120b15c4 to vehicle veh21
[Midd4VCServer] job ebaac525-1899-467c-a73f-454c120b15c4 completed by vehicle veh21
[Midd4VCServer] job received: 93be14d5-0b6d-482e-a7ee-847e23795d4c
[Midd4VC] Job 84c4b1a4-d666-4c4b-86e6-804bba03c9ef timed out. Re-enqueueing.
[Midd4VC] Job d9ae5ebc-ae04-4c5c-bd00-2e7a36f31d17 timed out. Re-enqueueing.
[Midd4VCServer] Assigning job d9ae5ebc-ae04-4c5c-bd00-2e7a36f31d17 to vehicle veh40
[Midd4VCServer] Assigning job 84c4b1a4-d666-4c4b-86e6-804bba03c9ef to vehicle veh38
[Midd4VCServer] Assigning job 93be14d5-0b6d-482e-a7ee-847e23795d4c to vehicle veh25
[Midd4VCServer] job 84c4b1a4-d666-4c4b-86e6-804bba03c9ef completed by vehicle veh38
[Midd4VCServer] job 93be14d5-0b6d-482e-a7ee-847e23795d4c completed by vehicle veh25
[Midd4VCServer] job received: 74a7675e-a8f1-4321-b341-c8ef0990b424
[Midd4VCServer] Assigning job 74a7675e-a8f1-4321-b341-c8ef0990b424 to vehicle veh5
[Midd4VCServer] job 74a7675e-a8f1-4321-b341-c8ef0990b424 completed by vehicle veh5
[Midd4VCServer] job received: 2c789fab-683c-4b91-96cf-de4a1a13d578
[Midd4VCServer] Assigning job 2c789fab-683c-4b91-96cf-de4a1a13d578 to vehicle veh1
[Midd4VCServer] job 2c789fab-683c-4b91-96cf-de4a1a13d578 completed by vehicle veh1
[Midd4VCServer] job received: 4e37f8be-5594-4c11-81fe-ea077fd1c24a
[Midd4VCServer] Assigning job 4e37f8be-5594-4c11-81fe-ea077fd1c24a to vehicle veh21
[Midd4VCServer] job 4e37f8be-5594-4c11-81fe-ea077fd1c24a completed by vehicle veh21
[Midd4VCServer] Vehicle veh26 already registered.
[Midd4VCServer] Vehicle veh40 already registered.
[Midd4VCServer] job received: 9c065091-b2c4-4792-a543-e2ee9c9f9c81
[Midd4VC] Job 8ac4b8a9-836c-462a-8ce1-90e4a50872cf timed out. Re-enqueueing.
[Midd4VCServer] Assigning job 8ac4b8a9-836c-462a-8ce1-90e4a50872cf to vehicle veh19
[Midd4VCServer] Assigning job 9c065091-b2c4-4792-a543-e2ee9c9f9c81 to vehicle veh17
[Midd4VCServer] job received: 8e672373-69e5-4b20-bfb1-d007e4d869ce
[Midd4VCServer] Assigning job 8e672373-69e5-4b20-bfb1-d007e4d869ce to vehicle veh38
[Midd4VCServer] job 8e672373-69e5-4b20-bfb1-d007e4d869ce completed by vehicle veh38
[Midd4VCServer] job received: 1c7cc579-eca7-40b4-a38a-6be03670ee9f
[Midd4VCServer] Assigning job 1c7cc579-eca7-40b4-a38a-6be03670ee9f to vehicle veh12
[Midd4VCServer] Vehicle veh6 already registered.
[Midd4VCServer] Vehicle veh36 already registered.
[Midd4VCServer] job received: 93e40dc7-3fb5-437a-9c24-4f729f25cf10
[Midd4VCServer] Assigning job 93e40dc7-3fb5-437a-9c24-4f729f25cf10 to vehicle veh15
[Midd4VCServer] job received: a4c1964b-778c-4a8e-b4bb-1a6e3ac394c4
[Midd4VCServer] Assigning job a4c1964b-778c-4a8e-b4bb-1a6e3ac394c4 to vehicle veh4
[Midd4VCServer] job a4c1964b-778c-4a8e-b4bb-1a6e3ac394c4 completed by vehicle veh4
[Midd4VCServer] job received: 4155a3e6-de27-4581-bb72-1574719e9abd
[Midd4VC] Job 9c2d8c1b-0ca8-48ac-8c12-bb0ad3ee712c timed out. Re-enqueueing.
[Midd4VC] Job 82651c7f-4620-4842-b5ff-254da61f36f2 timed out. Re-enqueueing.
[Midd4VC] Job 31fd6a07-773a-4b76-9079-46eb0ca9a767 timed out. Re-enqueueing.
[Midd4VC] Job 9342e21f-0586-4649-aa3a-76b3da5302b1 timed out. Re-enqueueing.
[Midd4VCServer] Assigning job 9342e21f-0586-4649-aa3a-76b3da5302b1 to vehicle veh13
[Midd4VCServer] Assigning job 31fd6a07-773a-4b76-9079-46eb0ca9a767 to vehicle veh31
[Midd4VCServer] Assigning job 82651c7f-4620-4842-b5ff-254da61f36f2 to vehicle veh8
[Midd4VCServer] Assigning job 9c2d8c1b-0ca8-48ac-8c12-bb0ad3ee712c to vehicle veh32
[Midd4VCServer] Assigning job 4155a3e6-de27-4581-bb72-1574719e9abd to vehicle veh25
[Midd4VCServer] job 9342e21f-0586-4649-aa3a-76b3da5302b1 completed by vehicle veh13
[Midd4VCServer] job received: cbb59fd2-edb8-4f1b-903f-53bd3b025270
[Midd4VCServer] Assigning job cbb59fd2-edb8-4f1b-903f-53bd3b025270 to vehicle veh13
[Midd4VCServer] job cbb59fd2-edb8-4f1b-903f-53bd3b025270 completed by vehicle veh13
[Midd4VCServer] job received: ba2ec133-5783-4f55-8946-24e7b5dbba90
[Midd4VCServer] Assigning job ba2ec133-5783-4f55-8946-24e7b5dbba90 to vehicle veh13
[Midd4VCServer] job ba2ec133-5783-4f55-8946-24e7b5dbba90 completed by vehicle veh13
[Midd4VCServer] job received: badfbc19-9401-4fc4-b461-cce8b6d397fb
[Midd4VCServer] Assigning job badfbc19-9401-4fc4-b461-cce8b6d397fb to vehicle veh13
[Midd4VCServer] job badfbc19-9401-4fc4-b461-cce8b6d397fb completed by vehicle veh13
[Midd4VCServer] Vehicle veh30 already registered.
[Midd4VCServer] job received: dea981ce-bf9e-4556-91d5-d132219355a6
[Midd4VC] Job f1319692-22bc-4a97-95ba-f81244365877 timed out. Re-enqueueing.
[Midd4VC] Job 13729922-7f6c-48e8-b932-b6fb415722df timed out. Re-enqueueing.
[Midd4VC] Job 806812cf-3ee8-44d4-8070-bac0525009b0 timed out. Re-enqueueing.
[Midd4VCServer] Assigning job 806812cf-3ee8-44d4-8070-bac0525009b0 to vehicle veh28
[Midd4VCServer] Assigning job 13729922-7f6c-48e8-b932-b6fb415722df to vehicle veh14
[Midd4VCServer] Assigning job f1319692-22bc-4a97-95ba-f81244365877 to vehicle veh13
[Midd4VCServer] Assigning job dea981ce-bf9e-4556-91d5-d132219355a6 to vehicle veh29
[Midd4VCServer] job f1319692-22bc-4a97-95ba-f81244365877 completed by vehicle veh13
[Midd4VCServer] job received: ffb86c4a-3c89-4319-a81c-8aca0d3dda98
[Midd4VCServer] Assigning job ffb86c4a-3c89-4319-a81c-8aca0d3dda98 to vehicle veh13
[Midd4VCServer] job ffb86c4a-3c89-4319-a81c-8aca0d3dda98 completed by vehicle veh13
[Midd4VCServer] Vehicle veh18 already registered.
[Midd4VCServer] Vehicle veh28 already registered.
[Midd4VCServer] Vehicle veh7 already registered.
[Midd4VCServer] job received: d65199d1-59cd-423b-b4da-f30f1e987eed
[Midd4VC] Job 2e215fa4-b887-4ccc-b072-123e78f53275 timed out. Re-enqueueing.
[Midd4VCServer] Assigning job 2e215fa4-b887-4ccc-b072-123e78f53275 to vehicle veh27
[Midd4VCServer] Assigning job d65199d1-59cd-423b-b4da-f30f1e987eed to vehicle veh13
[Midd4VCServer] job received: 46019a87-ce39-4f94-af40-fe6f9c5a021c
[Midd4VC] Job 5fa1172d-b927-447f-a38c-cc9d89216c7f timed out. Re-enqueueing.
[Midd4VC] Job 014354ff-4aa0-415c-9058-168aca0503d3 timed out. Re-enqueueing.
[Midd4VCServer] Assigning job 014354ff-4aa0-415c-9058-168aca0503d3 to vehicle veh3
[Midd4VCServer] Assigning job 5fa1172d-b927-447f-a38c-cc9d89216c7f to vehicle veh7
[Midd4VCServer] Assigning job 46019a87-ce39-4f94-af40-fe6f9c5a021c to vehicle veh37
[Midd4VCServer] job 5fa1172d-b927-447f-a38c-cc9d89216c7f completed by vehicle veh7
[Midd4VCServer] Vehicle veh25 already registered.
[Midd4VCServer] job received: dccef3bc-1f63-486b-848a-13e9566ad85c
[Midd4VCServer] Assigning job dccef3bc-1f63-486b-848a-13e9566ad85c to vehicle veh5
[Midd4VCServer] job received: 9debaf98-2551-433f-ba9d-3dea85fcc4b1
[Midd4VCServer] Assigning job 9debaf98-2551-433f-ba9d-3dea85fcc4b1 to vehicle veh39
[Midd4VCServer] job received: 52d9b8e3-cc19-4125-ac65-4f838ca28c62
[Midd4VCServer] Assigning job 52d9b8e3-cc19-4125-ac65-4f838ca28c62 to vehicle veh36
[Midd4VCServer] job received: bbef0e8f-d05d-428a-881c-ab88521150f1
[Midd4VCServer] Assigning job bbef0e8f-d05d-428a-881c-ab88521150f1 to vehicle veh1
[Midd4VCServer] job bbef0e8f-d05d-428a-881c-ab88521150f1 completed by vehicle veh1
[Midd4VCServer] Vehicle veh10 already registered.
[Midd4VCServer] job received: cc232024-5956-4464-94e5-22b08d411f18
[Midd4VCServer] Assigning job cc232024-5956-4464-94e5-22b08d411f18 to vehicle veh21
[Midd4VCServer] job cc232024-5956-4464-94e5-22b08d411f18 completed by vehicle veh21
[Midd4VCServer] Vehicle veh6 already registered.
[Midd4VCServer] job received: 8c87731c-4278-4f49-adf4-d6eba2c322df
[Midd4VC] Job 7a759e41-e1c7-4bb4-a38d-a31b7c4b6c0d timed out. Re-enqueueing.
[Midd4VCServer] Assigning job 7a759e41-e1c7-4bb4-a38d-a31b7c4b6c0d to vehicle veh30
[Midd4VCServer] Assigning job 8c87731c-4278-4f49-adf4-d6eba2c322df to vehicle veh7
[Midd4VCServer] job 7a759e41-e1c7-4bb4-a38d-a31b7c4b6c0d completed by vehicle veh30
[Midd4VCServer] job 8c87731c-4278-4f49-adf4-d6eba2c322df completed by vehicle veh7
[Midd4VCServer] job received: c859f559-4639-44b9-8e95-d75214b1567f
[Midd4VCServer] Assigning job c859f559-4639-44b9-8e95-d75214b1567f to vehicle veh38
[Midd4VCServer] Vehicle veh38 already registered.
[Midd4VCServer] Vehicle veh39 already registered.
[Midd4VCServer] Vehicle veh2 already registered.
[Midd4VCServer] Vehicle veh5 already registered.
[Midd4VCServer] Vehicle veh31 already registered.
[Midd4VCServer] job received: feb5f8c0-c85e-4d44-a5e4-459bdd35132e
[Midd4VC] Job 7d2d0984-d3c8-4ab9-a502-b882991579b8 timed out. Re-enqueueing.
[Midd4VC] Job b2ae9271-d7f6-4827-bf18-913dafdd0885 timed out. Re-enqueueing.
[Midd4VCServer] Assigning job b2ae9271-d7f6-4827-bf18-913dafdd0885 to vehicle veh20
[Midd4VCServer] Assigning job 7d2d0984-d3c8-4ab9-a502-b882991579b8 to vehicle veh22
[Midd4VCServer] Assigning job feb5f8c0-c85e-4d44-a5e4-459bdd35132e to vehicle veh11
[Midd4VCServer] job 7d2d0984-d3c8-4ab9-a502-b882991579b8 completed by vehicle veh22
[Midd4VCServer] job feb5f8c0-c85e-4d44-a5e4-459bdd35132e completed by vehicle veh11
[Midd4VCServer] Vehicle veh37 already registered.
[Midd4VCServer] Vehicle veh22 already registered.
[Midd4VCServer] Vehicle veh27 already registered.
[Midd4VCServer] job received: 59cfebcc-44fd-4551-ad72-b12d746854ab
[Midd4VC] Job 65b57ea4-e78d-4bb4-9149-edafaab848d2 timed out. Re-enqueueing.
[Midd4VC] Job 8ed64b6c-5b23-4be6-9bd4-8657be7f09e9 timed out. Re-enqueueing.
[Midd4VCServer] Assigning job 8ed64b6c-5b23-4be6-9bd4-8657be7f09e9 to vehicle veh18
[Midd4VCServer] Assigning job 65b57ea4-e78d-4bb4-9149-edafaab848d2 to vehicle veh23
[Midd4VCServer] Assigning job 59cfebcc-44fd-4551-ad72-b12d746854ab to vehicle veh4
[Midd4VCServer] Vehicle veh13 already registered.
[Midd4VCServer] job received: 10ddd8d8-dc6d-45d2-a43c-585aaf512268
[Midd4VCServer] Assigning job 10ddd8d8-dc6d-45d2-a43c-585aaf512268 to vehicle veh10
[Midd4VCServer] job received: 1f7eace0-3116-4b60-906b-7194519bc643
[Midd4VCServer] Assigning job 1f7eace0-3116-4b60-906b-7194519bc643 to vehicle veh34
[Midd4VCServer] Vehicle veh24 already registered.
[Midd4VCServer] job received: 2cb7da44-6482-474d-a86b-4c78cd8fae79
[Midd4VC] Job bf9bb9a7-b83b-4c73-a27a-7a1ce000a4b0 timed out. Re-enqueueing.
[Midd4VCServer] Assigning job bf9bb9a7-b83b-4c73-a27a-7a1ce000a4b0 to vehicle veh26
[Midd4VCServer] Assigning job 2cb7da44-6482-474d-a86b-4c78cd8fae79 to vehicle veh30
[Midd4VCServer] job 2cb7da44-6482-474d-a86b-4c78cd8fae79 completed by vehicle veh30
[Midd4VCServer] Vehicle veh40 already registered.
[Midd4VCServer] job received: a40b4a49-d6be-4809-99bb-d8ce5148640e
[Midd4VCServer] Assigning job a40b4a49-d6be-4809-99bb-d8ce5148640e to vehicle veh16
[Midd4VCServer] job received: 57fd47d6-b4c1-43cc-9049-ba568237ad59
[Midd4VCServer] Assigning job 57fd47d6-b4c1-43cc-9049-ba568237ad59 to vehicle veh9
[Midd4VCServer] Vehicle veh12 already registered.
[Midd4VCServer] Vehicle veh23 already registered.
[Midd4VCServer] job received: bec4604e-cb0d-43f0-aec7-2f1fb7c9b39b
[Midd4VCServer] Assigning job bec4604e-cb0d-43f0-aec7-2f1fb7c9b39b to vehicle veh1
[Midd4VCServer] job bec4604e-cb0d-43f0-aec7-2f1fb7c9b39b completed by vehicle veh1
[Midd4VCServer] Vehicle veh8 already registered.
[Midd4VCServer] Vehicle veh25 already registered.
[Midd4VCServer] job received: 8441f7bf-8e1f-4c72-b5ee-a1443c2c480a
[Midd4VCServer] Assigning job 8441f7bf-8e1f-4c72-b5ee-a1443c2c480a to vehicle veh21
[Midd4VCServer] Vehicle veh34 already registered.
[Midd4VCServer] Vehicle veh28 already registered.
[Midd4VCServer] Vehicle veh22 already registered.
[Midd4VCServer] job received: a58b7826-5f5a-4012-8790-48785142c46b
[Midd4VCServer] Assigning job a58b7826-5f5a-4012-8790-48785142c46b to vehicle veh7
[Midd4VCServer] job a58b7826-5f5a-4012-8790-48785142c46b completed by vehicle veh7
[Midd4VCServer] job received: d6b8ba27-dc98-4afd-afe0-8365d2b94705
[Midd4VCServer] Assigning job d6b8ba27-dc98-4afd-afe0-8365d2b94705 to vehicle veh24
[Midd4VCServer] job d6b8ba27-dc98-4afd-afe0-8365d2b94705 completed by vehicle veh24
[Midd4VCServer] Vehicle veh11 already registered.
[Midd4VCServer] Vehicle veh39 already registered.
[Midd4VCServer] job received: 9e8fdd53-195a-413e-82d4-9b0fe0c2fba5
[Midd4VC] Job b728eb62-1434-46c2-bbdd-c34bdc999099 timed out. Re-enqueueing.
[Midd4VCServer] Assigning job b728eb62-1434-46c2-bbdd-c34bdc999099 to vehicle veh33
[Midd4VCServer] Assigning job 9e8fdd53-195a-413e-82d4-9b0fe0c2fba5 to vehicle veh35
[Midd4VCServer] job received: 0b5f8c76-59a1-4324-8df1-68ba6e0c988b
[Midd4VCServer] Assigning job 0b5f8c76-59a1-4324-8df1-68ba6e0c988b to vehicle veh22
[Midd4VCServer] job received: 5ea2e563-f85a-4399-af5b-5c10b9a149cd
[Midd4VCServer] Assigning job 5ea2e563-f85a-4399-af5b-5c10b9a149cd to vehicle veh2
[Midd4VCServer] job 5ea2e563-f85a-4399-af5b-5c10b9a149cd completed by vehicle veh2
[Midd4VCServer] job received: 71186233-bd45-4a74-b07e-32dc6a8eab43
[Midd4VCServer] Assigning job 71186233-bd45-4a74-b07e-32dc6a8eab43 to vehicle veh11
[Midd4VCServer] job 71186233-bd45-4a74-b07e-32dc6a8eab43 completed by vehicle veh11
[Midd4VCServer] Vehicle veh1 already registered.
[Midd4VCServer] job received: 189da9ae-2bc6-4bda-a4c3-b3baa0d35a32
[Midd4VCServer] Assigning job 189da9ae-2bc6-4bda-a4c3-b3baa0d35a32 to vehicle veh6
[Midd4VCServer] job 189da9ae-2bc6-4bda-a4c3-b3baa0d35a32 completed by vehicle veh6
[Midd4VCServer] Vehicle veh24 already registered.
[Midd4VCServer] job received: 17972e44-1175-4f10-a86f-4f784af4a8b2
[Midd4VCServer] Assigning job 17972e44-1175-4f10-a86f-4f784af4a8b2 to vehicle veh30
[Midd4VCServer] job 17972e44-1175-4f10-a86f-4f784af4a8b2 completed by vehicle veh30
[Midd4VCServer] Vehicle veh17 already registered.
[Midd4VCServer] job received: 063db279-f3fd-47ce-bb9f-4100bc2a4358
[Midd4VC] Job d9ae5ebc-ae04-4c5c-bd00-2e7a36f31d17 timed out. Re-enqueueing.
[Midd4VCServer] Assigning job d9ae5ebc-ae04-4c5c-bd00-2e7a36f31d17 to vehicle veh40
[Midd4VCServer] Assigning job 063db279-f3fd-47ce-bb9f-4100bc2a4358 to vehicle veh1
[Midd4VCServer] job 063db279-f3fd-47ce-bb9f-4100bc2a4358 completed by vehicle veh1
[Midd4VCServer] job received: 958e8157-5179-4e00-9bef-e5a66dc7aa5b
[Midd4VCServer] Assigning job 958e8157-5179-4e00-9bef-e5a66dc7aa5b to vehicle veh7
[Midd4VCServer] Vehicle veh13 already registered.
[Midd4VCServer] Vehicle veh15 already registered.
[Midd4VCServer] Vehicle veh8 already registered.
[Midd4VCServer] Vehicle veh18 already registered.
[Midd4VCServer] Vehicle veh16 already registered.
[Midd4VCServer] job received: 1c1271ba-b4cf-47f9-a151-6f998636f089
[Midd4VCServer] Assigning job 1c1271ba-b4cf-47f9-a151-6f998636f089 to vehicle veh24
[Midd4VCServer] job 1c1271ba-b4cf-47f9-a151-6f998636f089 completed by vehicle veh24
[Midd4VCServer] job received: f97f5e19-2eb2-4e06-a7e7-55267d9a096f
[Midd4VCServer] Assigning job f97f5e19-2eb2-4e06-a7e7-55267d9a096f to vehicle veh2
[Midd4VCServer] job f97f5e19-2eb2-4e06-a7e7-55267d9a096f completed by vehicle veh2
[Midd4VCServer] Vehicle veh31 already registered.
[Midd4VCServer] job received: 6cd4fc38-1e1b-401a-a75f-55efc4a0d847
[Midd4VC] Job 8ac4b8a9-836c-462a-8ce1-90e4a50872cf timed out. Re-enqueueing.
[Midd4VC] Job 9c065091-b2c4-4792-a543-e2ee9c9f9c81 timed out. Re-enqueueing.
[Midd4VCServer] Assigning job 9c065091-b2c4-4792-a543-e2ee9c9f9c81 to vehicle veh19
[Midd4VCServer] Assigning job 8ac4b8a9-836c-462a-8ce1-90e4a50872cf to vehicle veh17
[Midd4VCServer] Assigning job 6cd4fc38-1e1b-401a-a75f-55efc4a0d847 to vehicle veh11
[Midd4VCServer] job 8ac4b8a9-836c-462a-8ce1-90e4a50872cf completed by vehicle veh17
[Midd4VCServer] job 6cd4fc38-1e1b-401a-a75f-55efc4a0d847 completed by vehicle veh11
[Midd4VCServer] job received: b7e299cc-00d6-4bfe-8e2a-852d0b02bcc6
[Midd4VCServer] Assigning job b7e299cc-00d6-4bfe-8e2a-852d0b02bcc6 to vehicle veh17
[Midd4VCServer] job b7e299cc-00d6-4bfe-8e2a-852d0b02bcc6 completed by vehicle veh17
[Midd4VCServer] Vehicle veh4 already registered.
[Midd4VCServer] job received: 81f28d2e-40ff-4f06-b9ae-6dfab1cb3cf4
[Midd4VC] Job 1c7cc579-eca7-40b4-a38a-6be03670ee9f timed out. Re-enqueueing.
[Midd4VCServer] Assigning job 1c7cc579-eca7-40b4-a38a-6be03670ee9f to vehicle veh12
[Midd4VCServer] Assigning job 81f28d2e-40ff-4f06-b9ae-6dfab1cb3cf4 to vehicle veh17
[Midd4VCServer] job 1c7cc579-eca7-40b4-a38a-6be03670ee9f completed by vehicle veh12
[Midd4VCServer] job received: ac05bc14-772c-4a18-8346-bdac890de3ca
[Midd4VCServer] Assigning job ac05bc14-772c-4a18-8346-bdac890de3ca to vehicle veh12
[Midd4VCServer] job 81f28d2e-40ff-4f06-b9ae-6dfab1cb3cf4 completed by vehicle veh17
[Midd4VCServer] job ac05bc14-772c-4a18-8346-bdac890de3ca completed by vehicle veh12
[Midd4VCServer] Vehicle veh33 already registered.
[Midd4VCServer] job received: cbe017ea-e94b-4079-8272-23986cac5b0b
[Midd4VCServer] Assigning job cbe017ea-e94b-4079-8272-23986cac5b0b to vehicle veh12
[Midd4VCServer] job cbe017ea-e94b-4079-8272-23986cac5b0b completed by vehicle veh12
[Midd4VCServer] Vehicle veh25 already registered.
[Midd4VCServer] job received: ee248333-395f-465c-8e17-347b36597ee7
[Midd4VC] Job 93e40dc7-3fb5-437a-9c24-4f729f25cf10 timed out. Re-enqueueing.
[Midd4VC] Job 31fd6a07-773a-4b76-9079-46eb0ca9a767 timed out. Re-enqueueing.
[Midd4VC] Job 82651c7f-4620-4842-b5ff-254da61f36f2 timed out. Re-enqueueing.
[Midd4VC] Job 9c2d8c1b-0ca8-48ac-8c12-bb0ad3ee712c timed out. Re-enqueueing.
[Midd4VC] Job 4155a3e6-de27-4581-bb72-1574719e9abd timed out. Re-enqueueing.
[Midd4VCServer] Assigning job 4155a3e6-de27-4581-bb72-1574719e9abd to vehicle veh31
[Midd4VCServer] Assigning job 9c2d8c1b-0ca8-48ac-8c12-bb0ad3ee712c to vehicle veh8
[Midd4VCServer] Assigning job 82651c7f-4620-4842-b5ff-254da61f36f2 to vehicle veh32
[Midd4VCServer] Assigning job 31fd6a07-773a-4b76-9079-46eb0ca9a767 to vehicle veh15
[Midd4VCServer] Assigning job 93e40dc7-3fb5-437a-9c24-4f729f25cf10 to vehicle veh25
[Midd4VCServer] Assigning job ee248333-395f-465c-8e17-347b36597ee7 to vehicle veh17
[Midd4VCServer] job 4155a3e6-de27-4581-bb72-1574719e9abd completed by vehicle veh31
[Midd4VCServer] job 93e40dc7-3fb5-437a-9c24-4f729f25cf10 completed by vehicle veh25
[Midd4VCServer] job received: f2936c2f-ebec-4d17-a5c0-c8468f742235
[Midd4VCServer] Assigning job f2936c2f-ebec-4d17-a5c0-c8468f742235 to vehicle veh31
[Midd4VCServer] job f2936c2f-ebec-4d17-a5c0-c8468f742235 completed by vehicle veh31
[Midd4VCServer] job received: ecc4641b-304b-4b33-9d01-8331e576ee82
[Midd4VCServer] Assigning job ecc4641b-304b-4b33-9d01-8331e576ee82 to vehicle veh31
[Midd4VCServer] job ecc4641b-304b-4b33-9d01-8331e576ee82 completed by vehicle veh31
[Midd4VCServer] Vehicle veh20 already registered.
[Midd4VCServer] job received: 1513bb08-408d-43a5-a40a-2a25610d6f1b
[Midd4VC] Job 806812cf-3ee8-44d4-8070-bac0525009b0 timed out. Re-enqueueing.
[Midd4VC] Job 13729922-7f6c-48e8-b932-b6fb415722df timed out. Re-enqueueing.
[Midd4VC] Job dea981ce-bf9e-4556-91d5-d132219355a6 timed out. Re-enqueueing.
[Midd4VCServer] Assigning job dea981ce-bf9e-4556-91d5-d132219355a6 to vehicle veh28
[Midd4VCServer] Assigning job 13729922-7f6c-48e8-b932-b6fb415722df to vehicle veh14
[Midd4VCServer] Assigning job 806812cf-3ee8-44d4-8070-bac0525009b0 to vehicle veh29
[Midd4VCServer] Assigning job 1513bb08-408d-43a5-a40a-2a25610d6f1b to vehicle veh31
[Midd4VCServer] job dea981ce-bf9e-4556-91d5-d132219355a6 completed by vehicle veh28
[Midd4VCServer] job received: c67d6aaf-d8d2-4084-b317-5cd2ddb27a75
[Midd4VCServer] Assigning job c67d6aaf-d8d2-4084-b317-5cd2ddb27a75 to vehicle veh28
[Midd4VCServer] job c67d6aaf-d8d2-4084-b317-5cd2ddb27a75 completed by vehicle veh28
[Midd4VCServer] Vehicle veh28 already registered.
[Midd4VCServer] Vehicle veh7 already registered.
[Midd4VCServer] Vehicle veh27 already registered.
[Midd4VCServer] job received: c72afb59-0b5c-4ad5-a489-ee9d921c98c6
[Midd4VC] Job 2e215fa4-b887-4ccc-b072-123e78f53275 timed out. Re-enqueueing.
[Midd4VC] Job d65199d1-59cd-423b-b4da-f30f1e987eed timed out. Re-enqueueing.
[Midd4VCServer] Assigning job d65199d1-59cd-423b-b4da-f30f1e987eed to vehicle veh28
[Midd4VCServer] Assigning job 2e215fa4-b887-4ccc-b072-123e78f53275 to vehicle veh27
[Midd4VCServer] Assigning job c72afb59-0b5c-4ad5-a489-ee9d921c98c6 to vehicle veh13
[Midd4VCServer] job d65199d1-59cd-423b-b4da-f30f1e987eed completed by vehicle veh28
[Midd4VCServer] job 2e215fa4-b887-4ccc-b072-123e78f53275 completed by vehicle veh27
[Midd4VCServer] job received: 20a320e4-d7ad-4838-9026-7109c301a756
[Midd4VCServer] Assigning job 20a320e4-d7ad-4838-9026-7109c301a756 to vehicle veh28
[Midd4VCServer] job 20a320e4-d7ad-4838-9026-7109c301a756 completed by vehicle veh28
[Midd4VCServer] Vehicle veh9 already registered.
[Midd4VCServer] Vehicle veh20 already registered.
[Midd4VCServer] Vehicle veh12 already registered.
[Midd4VCServer] Vehicle veh16 already registered.
[Midd4VCServer] job received: 98bbb7af-f419-4a50-b9b1-cfe230698534
[Midd4VC] Job 014354ff-4aa0-415c-9058-168aca0503d3 timed out. Re-enqueueing.
[Midd4VC] Job 46019a87-ce39-4f94-af40-fe6f9c5a021c timed out. Re-enqueueing.
[Midd4VCServer] Assigning job 46019a87-ce39-4f94-af40-fe6f9c5a021c to vehicle veh3
[Midd4VCServer] Assigning job 014354ff-4aa0-415c-9058-168aca0503d3 to vehicle veh28
[Midd4VCServer] Assigning job 98bbb7af-f419-4a50-b9b1-cfe230698534 to vehicle veh27
[Midd4VCServer] job 014354ff-4aa0-415c-9058-168aca0503d3 completed by vehicle veh28
[Midd4VCServer] job 98bbb7af-f419-4a50-b9b1-cfe230698534 completed by vehicle veh27
[Midd4VCServer] Vehicle veh30 already registered.
[Midd4VCServer] job received: ee198fe9-474f-4a16-84e8-fd9b2e25d261
[Midd4VC] Job dccef3bc-1f63-486b-848a-13e9566ad85c timed out. Re-enqueueing.
[Midd4VC] Job 9debaf98-2551-433f-ba9d-3dea85fcc4b1 timed out. Re-enqueueing.
[Midd4VC] Job 52d9b8e3-cc19-4125-ac65-4f838ca28c62 timed out. Re-enqueueing.
[Midd4VCServer] Assigning job 52d9b8e3-cc19-4125-ac65-4f838ca28c62 to vehicle veh37
[Midd4VCServer] Assigning job 9debaf98-2551-433f-ba9d-3dea85fcc4b1 to vehicle veh5
[Midd4VCServer] Assigning job dccef3bc-1f63-486b-848a-13e9566ad85c to vehicle veh39
[Midd4VCServer] Assigning job ee198fe9-474f-4a16-84e8-fd9b2e25d261 to vehicle veh36
[Midd4VCServer] job received: 1f339446-74a6-4f0c-ada5-11d55fc837f7
[Midd4VCServer] Assigning job 1f339446-74a6-4f0c-ada5-11d55fc837f7 to vehicle veh28
[Midd4VCServer] job 1f339446-74a6-4f0c-ada5-11d55fc837f7 completed by vehicle veh28
[Midd4VCServer] job received: 44764b03-d368-45dc-a237-45dbbcfd3e69
[Midd4VCServer] Assigning job 44764b03-d368-45dc-a237-45dbbcfd3e69 to vehicle veh27
[Midd4VCServer] job 44764b03-d368-45dc-a237-45dbbcfd3e69 completed by vehicle veh27
[Midd4VCServer] Vehicle veh32 already registered.
[Midd4VCServer] Vehicle veh4 already registered.
[Midd4VCServer] job received: 1f102769-66f8-472e-925b-d7c07fa45a6b
[Midd4VCServer] Assigning job 1f102769-66f8-472e-925b-d7c07fa45a6b to vehicle veh25
[Midd4VCServer] job 1f102769-66f8-472e-925b-d7c07fa45a6b completed by vehicle veh25
[Midd4VCServer] job received: fb7c4fd6-29e6-44f3-bea5-2e9ebf71eb4a
[Midd4VCServer] Assigning job fb7c4fd6-29e6-44f3-bea5-2e9ebf71eb4a to vehicle veh28
[Midd4VCServer] Vehicle veh37 already registered.
[Midd4VCServer] Vehicle veh23 already registered.
[Midd4VCServer] job received: 2ee3e92c-c2f8-4380-b3dc-2d304d7576ec
[Midd4VC] Job c859f559-4639-44b9-8e95-d75214b1567f timed out. Re-enqueueing.
[Midd4VCServer] Assigning job c859f559-4639-44b9-8e95-d75214b1567f to vehicle veh38
[Midd4VCServer] Assigning job 2ee3e92c-c2f8-4380-b3dc-2d304d7576ec to vehicle veh27
[Midd4VCServer] job c859f559-4639-44b9-8e95-d75214b1567f completed by vehicle veh38
[Midd4VCServer] job 2ee3e92c-c2f8-4380-b3dc-2d304d7576ec completed by vehicle veh27
[Midd4VCServer] Vehicle veh5 already registered.
[Midd4VCServer] Vehicle veh40 already registered.
[Midd4VCServer] Vehicle veh24 already registered.
[Midd4VCServer] Vehicle veh22 already registered.
[Midd4VCServer] job received: 33f9243c-f4eb-4423-a9fc-ccb7acc9dbdb
[Midd4VCServer] Assigning job 33f9243c-f4eb-4423-a9fc-ccb7acc9dbdb to vehicle veh38
[Midd4VCServer] Vehicle veh36 already registered.
[Midd4VCServer] Vehicle veh17 already registered.
[Midd4VCServer] job received: 55d45507-38ca-43fd-9a76-fe90d0f7c248
[Midd4VC] Job b2ae9271-d7f6-4827-bf18-913dafdd0885 timed out. Re-enqueueing.
[Midd4VCServer] Assigning job b2ae9271-d7f6-4827-bf18-913dafdd0885 to vehicle veh20
[Midd4VCServer] Assigning job 55d45507-38ca-43fd-9a76-fe90d0f7c248 to vehicle veh25
[Midd4VCServer] job 55d45507-38ca-43fd-9a76-fe90d0f7c248 completed by vehicle veh25
[Midd4VCServer] Vehicle veh11 already registered.
[Midd4VCServer] job received: 3116e93b-1d73-41b5-8f87-8180b3ccdf39
[Midd4VC] Job 8ed64b6c-5b23-4be6-9bd4-8657be7f09e9 timed out. Re-enqueueing.
[Midd4VC] Job 65b57ea4-e78d-4bb4-9149-edafaab848d2 timed out. Re-enqueueing.
[Midd4VC] Job 59cfebcc-44fd-4551-ad72-b12d746854ab timed out. Re-enqueueing.
[Midd4VCServer] Assigning job 59cfebcc-44fd-4551-ad72-b12d746854ab to vehicle veh18
[Midd4VCServer] Assigning job 65b57ea4-e78d-4bb4-9149-edafaab848d2 to vehicle veh23
[Midd4VCServer] Assigning job 8ed64b6c-5b23-4be6-9bd4-8657be7f09e9 to vehicle veh4
[Midd4VCServer] Assigning job 3116e93b-1d73-41b5-8f87-8180b3ccdf39 to vehicle veh27
[Midd4VCServer] job 59cfebcc-44fd-4551-ad72-b12d746854ab completed by vehicle veh18
[Midd4VCServer] job 65b57ea4-e78d-4bb4-9149-edafaab848d2 completed by vehicle veh23
[Midd4VCServer] job 8ed64b6c-5b23-4be6-9bd4-8657be7f09e9 completed by vehicle veh4
[Midd4VCServer] job 3116e93b-1d73-41b5-8f87-8180b3ccdf39 completed by vehicle veh27
[Midd4VCServer] Vehicle veh38 already registered.
[Midd4VCServer] Vehicle veh15 already registered.
[Midd4VCServer] job received: b2f1dcc1-4e38-42ce-b3fa-e391867e9165
[Midd4VC] Job 10ddd8d8-dc6d-45d2-a43c-585aaf512268 timed out. Re-enqueueing.
[Midd4VC] Job 1f7eace0-3116-4b60-906b-7194519bc643 timed out. Re-enqueueing.
[Midd4VCServer] Assigning job 1f7eace0-3116-4b60-906b-7194519bc643 to vehicle veh18
[Midd4VCServer] Assigning job 10ddd8d8-dc6d-45d2-a43c-585aaf512268 to vehicle veh23
[Midd4VCServer] Assigning job b2f1dcc1-4e38-42ce-b3fa-e391867e9165 to vehicle veh10
[Midd4VCServer] job 10ddd8d8-dc6d-45d2-a43c-585aaf512268 completed by vehicle veh23
[Midd4VCServer] job 1f7eace0-3116-4b60-906b-7194519bc643 completed by vehicle veh18
[Midd4VCServer] job b2f1dcc1-4e38-42ce-b3fa-e391867e9165 completed by vehicle veh10
[Midd4VCServer] Vehicle veh14 already registered.
[Midd4VCServer] Vehicle veh10 already registered.
[Midd4VCServer] job received: d8c9d8d0-ff9a-49a5-8124-11873c1e34fe
[Midd4VCServer] Assigning job d8c9d8d0-ff9a-49a5-8124-11873c1e34fe to vehicle veh34
[Midd4VCServer] Vehicle veh1 already registered.
[Midd4VCServer] job received: 3deed7c4-5e7e-4656-9c0d-13a2f173044b
[Midd4VCServer] Assigning job 3deed7c4-5e7e-4656-9c0d-13a2f173044b to vehicle veh18
[Midd4VCServer] job 3deed7c4-5e7e-4656-9c0d-13a2f173044b completed by vehicle veh18
[Midd4VCServer] job received: c9946014-b85c-4029-88ae-3c3534579962
[Midd4VCServer] Assigning job c9946014-b85c-4029-88ae-3c3534579962 to vehicle veh23
[Midd4VCServer] job c9946014-b85c-4029-88ae-3c3534579962 completed by vehicle veh23
[Midd4VCServer] Vehicle veh31 already registered.
[Midd4VCServer] Vehicle veh40 already registered.
[Midd4VCServer] Vehicle veh2 already registered.
[Midd4VCServer] Vehicle veh29 already registered.
[Midd4VCServer] Vehicle veh10 already registered.
[Midd4VCServer] job received: d53e6c1a-06c9-4a52-a1b9-d055fae5e449
[Midd4VC] Job bf9bb9a7-b83b-4c73-a27a-7a1ce000a4b0 timed out. Re-enqueueing.
[Midd4VC] Job a40b4a49-d6be-4809-99bb-d8ce5148640e timed out. Re-enqueueing.
[Midd4VC] Job 57fd47d6-b4c1-43cc-9049-ba568237ad59 timed out. Re-enqueueing.
[Midd4VCServer] Assigning job 57fd47d6-b4c1-43cc-9049-ba568237ad59 to vehicle veh26
[Midd4VCServer] Assigning job a40b4a49-d6be-4809-99bb-d8ce5148640e to vehicle veh16
[Midd4VCServer] Assigning job bf9bb9a7-b83b-4c73-a27a-7a1ce000a4b0 to vehicle veh9
[Midd4VCServer] Assigning job d53e6c1a-06c9-4a52-a1b9-d055fae5e449 to vehicle veh4
[Midd4VCServer] job d53e6c1a-06c9-4a52-a1b9-d055fae5e449 completed by vehicle veh4
[Midd4VCServer] job received: 8e9cf3e5-eb7f-4304-9ebf-04a666b9be5e
[Midd4VCServer] Assigning job 8e9cf3e5-eb7f-4304-9ebf-04a666b9be5e to vehicle veh10
[Midd4VCServer] job 8e9cf3e5-eb7f-4304-9ebf-04a666b9be5e completed by vehicle veh10
[Midd4VCServer] job received: 65e11143-4ce1-43e0-b62e-061a2fe7f554
[Midd4VCServer] Assigning job 65e11143-4ce1-43e0-b62e-061a2fe7f554 to vehicle veh18
[Midd4VCServer] job received: 4b2da65d-8e1f-450c-a0ab-65737ff487a9
[Midd4VC] Job 8441f7bf-8e1f-4c72-b5ee-a1443c2c480a timed out. Re-enqueueing.
[Midd4VCServer] Assigning job 8441f7bf-8e1f-4c72-b5ee-a1443c2c480a to vehicle veh21
[Midd4VCServer] Assigning job 4b2da65d-8e1f-450c-a0ab-65737ff487a9 to vehicle veh23
[Midd4VCServer] job received: bb810600-db10-436a-9a21-be9d1137f778
[Midd4VCServer] Assigning job bb810600-db10-436a-9a21-be9d1137f778 to vehicle veh12
[Midd4VCServer] Vehicle veh28 already registered.
[Midd4VCServer] Vehicle veh7 already registered.
[Midd4VCServer] Vehicle veh13 already registered.
[Midd4VCServer] Vehicle veh26 already registered.
[Midd4VCServer] job received: 625417f8-e246-4c5b-bd10-bc95fad79fc6
[Midd4VC] Job b728eb62-1434-46c2-bbdd-c34bdc999099 timed out. Re-enqueueing.
[Midd4VC] Job 9e8fdd53-195a-413e-82d4-9b0fe0c2fba5 timed out. Re-enqueueing.
[Midd4VCServer] Assigning job 9e8fdd53-195a-413e-82d4-9b0fe0c2fba5 to vehicle veh33
[Midd4VCServer] Assigning job b728eb62-1434-46c2-bbdd-c34bdc999099 to vehicle veh35
[Midd4VCServer] Assigning job 625417f8-e246-4c5b-bd10-bc95fad79fc6 to vehicle veh4
[Midd4VCServer] job 625417f8-e246-4c5b-bd10-bc95fad79fc6 completed by vehicle veh4
[Midd4VCServer] job received: 7ee95c47-c166-4c99-a934-5e7ea69bce90
[Midd4VC] Job 0b5f8c76-59a1-4324-8df1-68ba6e0c988b timed out. Re-enqueueing.
[Midd4VCServer] Assigning job 0b5f8c76-59a1-4324-8df1-68ba6e0c988b to vehicle veh22
[Midd4VCServer] Assigning job 7ee95c47-c166-4c99-a934-5e7ea69bce90 to vehicle veh10
[Midd4VCServer] job 7ee95c47-c166-4c99-a934-5e7ea69bce90 completed by vehicle veh10
[Midd4VCServer] job received: 65aa89d6-2152-4076-a239-952d9d0dccc8
[Midd4VCServer] Assigning job 65aa89d6-2152-4076-a239-952d9d0dccc8 to vehicle veh25
[Midd4VCServer] job 65aa89d6-2152-4076-a239-952d9d0dccc8 completed by vehicle veh25
[Midd4VCServer] job received: 32e9e630-b6ae-4062-9e74-6280c4d04de7
[Midd4VCServer] Assigning job 32e9e630-b6ae-4062-9e74-6280c4d04de7 to vehicle veh6
[Midd4VCServer] job 32e9e630-b6ae-4062-9e74-6280c4d04de7 completed by vehicle veh6
[Midd4VCServer] Vehicle veh6 already registered.
[Midd4VCServer] job received: fed73f50-cd20-4b76-a5c2-67600c6fbecb
[Midd4VCServer] Assigning job fed73f50-cd20-4b76-a5c2-67600c6fbecb to vehicle veh30
[Midd4VCServer] job fed73f50-cd20-4b76-a5c2-67600c6fbecb completed by vehicle veh30
[Midd4VCServer] job received: 1a026eb9-a822-4c6e-bb31-4cb795c9f80f
[Midd4VCServer] Assigning job 1a026eb9-a822-4c6e-bb31-4cb795c9f80f to vehicle veh1
[Midd4VCServer] Vehicle veh3 already registered.
[Midd4VCServer] job received: 8acefc86-8b80-4d75-8da1-78ce9eb0f119
[Midd4VCServer] Assigning job 8acefc86-8b80-4d75-8da1-78ce9eb0f119 to vehicle veh27
[Midd4VCServer] job received: c8e6abed-493e-4183-bfa9-eb207d67b489
[Midd4VCServer] Assigning job c8e6abed-493e-4183-bfa9-eb207d67b489 to vehicle veh24
[Midd4VCServer] job received: 9b830b03-9e96-4f2a-8d80-da70f3b5a4eb
[Midd4VCServer] Assigning job 9b830b03-9e96-4f2a-8d80-da70f3b5a4eb to vehicle veh2
[Midd4VCServer] job 9b830b03-9e96-4f2a-8d80-da70f3b5a4eb completed by vehicle veh2
[Midd4VCServer] Vehicle veh1 already registered.
[Midd4VCServer] Vehicle veh27 already registered.
[Midd4VCServer] Vehicle veh37 already registered.
[Midd4VCServer] Vehicle veh24 already registered.
[Midd4VCServer] job received: f4cf227b-df65-4038-9118-ef902ba6292c
[Midd4VC] Job d9ae5ebc-ae04-4c5c-bd00-2e7a36f31d17 timed out. Re-enqueueing.
[Midd4VC] Job 958e8157-5179-4e00-9bef-e5a66dc7aa5b timed out. Re-enqueueing.
[Midd4VC] Job 9c065091-b2c4-4792-a543-e2ee9c9f9c81 timed out. Re-enqueueing.
[Midd4VCServer] Assigning job 9c065091-b2c4-4792-a543-e2ee9c9f9c81 to vehicle veh40
[Midd4VCServer] Assigning job 958e8157-5179-4e00-9bef-e5a66dc7aa5b to vehicle veh19
[Midd4VCServer] Assigning job d9ae5ebc-ae04-4c5c-bd00-2e7a36f31d17 to vehicle veh7
[Midd4VCServer] Assigning job f4cf227b-df65-4038-9118-ef902ba6292c to vehicle veh11
[Midd4VCServer] Vehicle veh17 already registered.
[Midd4VCServer] Vehicle veh5 already registered.
[Midd4VCServer] job received: a444ed91-bcd9-43c8-9d19-e057ecf5ae90
[Midd4VCServer] Assigning job a444ed91-bcd9-43c8-9d19-e057ecf5ae90 to vehicle veh4
[Midd4VCServer] job a444ed91-bcd9-43c8-9d19-e057ecf5ae90 completed by vehicle veh4
[Midd4VCServer] Vehicle veh39 already registered.
[Midd4VCServer] job received: fe06be2f-c9e1-466e-af75-02676292b8a0
[Midd4VCServer] Assigning job fe06be2f-c9e1-466e-af75-02676292b8a0 to vehicle veh10
[Midd4VCServer] job received: 0da4360d-bf08-4e40-8333-9492319b7697
[Midd4VCServer] Assigning job 0da4360d-bf08-4e40-8333-9492319b7697 to vehicle veh25
[Midd4VCServer] job received: 8b1212aa-3ccc-44f2-9a5e-32fde8cb50f6
[Midd4VCServer] Assigning job 8b1212aa-3ccc-44f2-9a5e-32fde8cb50f6 to vehicle veh6
[Midd4VCServer] job 8b1212aa-3ccc-44f2-9a5e-32fde8cb50f6 completed by vehicle veh6
[Midd4VCServer] job received: eefba042-bc3e-42b5-8aa0-99e0074cf639
[Midd4VCServer] Assigning job eefba042-bc3e-42b5-8aa0-99e0074cf639 to vehicle veh30
[Midd4VCServer] Vehicle veh22 already registered.
[Midd4VCServer] Vehicle veh8 already registered.
[Midd4VCServer] job received: c6770736-5af8-453f-93c5-979e87787277
[Midd4VC] Job 9c2d8c1b-0ca8-48ac-8c12-bb0ad3ee712c timed out. Re-enqueueing.
[Midd4VC] Job 82651c7f-4620-4842-b5ff-254da61f36f2 timed out. Re-enqueueing.
[Midd4VC] Job 31fd6a07-773a-4b76-9079-46eb0ca9a767 timed out. Re-enqueueing.
[Midd4VC] Job ee248333-395f-465c-8e17-347b36597ee7 timed out. Re-enqueueing.
[Midd4VCServer] Assigning job ee248333-395f-465c-8e17-347b36597ee7 to vehicle veh8
[Midd4VCServer] Assigning job 31fd6a07-773a-4b76-9079-46eb0ca9a767 to vehicle veh32
[Midd4VCServer] Assigning job 82651c7f-4620-4842-b5ff-254da61f36f2 to vehicle veh15
[Midd4VCServer] Assigning job 9c2d8c1b-0ca8-48ac-8c12-bb0ad3ee712c to vehicle veh17
[Midd4VCServer] Assigning job c6770736-5af8-453f-93c5-979e87787277 to vehicle veh2
[Midd4VCServer] job ee248333-395f-465c-8e17-347b36597ee7 completed by vehicle veh8
[Midd4VCServer] job c6770736-5af8-453f-93c5-979e87787277 completed by vehicle veh2
[Midd4VCServer] job 9c2d8c1b-0ca8-48ac-8c12-bb0ad3ee712c completed by vehicle veh17
[Midd4VCServer] job received: 1bee38ee-e8f8-443c-84f8-1616ca79ae05
[Midd4VCServer] Assigning job 1bee38ee-e8f8-443c-84f8-1616ca79ae05 to vehicle veh8
[Midd4VCServer] job 1bee38ee-e8f8-443c-84f8-1616ca79ae05 completed by vehicle veh8
[Midd4VCServer] job received: c3aad97f-8fed-42ed-b857-714e03975afa
[Midd4VCServer] Assigning job c3aad97f-8fed-42ed-b857-714e03975afa to vehicle veh8
[Midd4VCServer] job c3aad97f-8fed-42ed-b857-714e03975afa completed by vehicle veh8
[Midd4VCServer] Vehicle veh1 already registered.
[Midd4VCServer] job received: 69da75af-460d-4d47-b2b5-df98e9914315
[Midd4VCServer] Assigning job 69da75af-460d-4d47-b2b5-df98e9914315 to vehicle veh8
[Midd4VCServer] job 69da75af-460d-4d47-b2b5-df98e9914315 completed by vehicle veh8
[Midd4VCServer] Vehicle veh18 already registered.
[Midd4VCServer] job received: 76e75bea-acfc-4228-a6c3-b8d05b8b979e
[Midd4VC] Job 13729922-7f6c-48e8-b932-b6fb415722df timed out. Re-enqueueing.
[Midd4VC] Job 806812cf-3ee8-44d4-8070-bac0525009b0 timed out. Re-enqueueing.
[Midd4VC] Job 1513bb08-408d-43a5-a40a-2a25610d6f1b timed out. Re-enqueueing.
[Midd4VCServer] Assigning job 1513bb08-408d-43a5-a40a-2a25610d6f1b to vehicle veh14
[Midd4VCServer] Assigning job 806812cf-3ee8-44d4-8070-bac0525009b0 to vehicle veh29
[Midd4VCServer] Assigning job 13729922-7f6c-48e8-b932-b6fb415722df to vehicle veh31
[Midd4VCServer] Assigning job 76e75bea-acfc-4228-a6c3-b8d05b8b979e to vehicle veh8
[Midd4VCServer] job 76e75bea-acfc-4228-a6c3-b8d05b8b979e completed by vehicle veh8
[Midd4VCServer] Vehicle veh35 already registered.
[Midd4VCServer] Vehicle veh9 already registered.
[Midd4VCServer] Vehicle veh34 already registered.
[Midd4VCServer] Vehicle veh28 already registered.
[Midd4VCServer] Vehicle veh38 already registered.
[Midd4VCServer] job received: 5f4d7222-5568-4b4b-bf83-df626f34f754
[Midd4VC] Job c72afb59-0b5c-4ad5-a489-ee9d921c98c6 timed out. Re-enqueueing.
[Midd4VC] Job 46019a87-ce39-4f94-af40-fe6f9c5a021c timed out. Re-enqueueing.
[Midd4VCServer] Assigning job 46019a87-ce39-4f94-af40-fe6f9c5a021c to vehicle veh3
[Midd4VCServer] Assigning job c72afb59-0b5c-4ad5-a489-ee9d921c98c6 to vehicle veh13
[Midd4VCServer] Assigning job 5f4d7222-5568-4b4b-bf83-df626f34f754 to vehicle veh8
[Midd4VCServer] job 5f4d7222-5568-4b4b-bf83-df626f34f754 completed by vehicle veh8
[Midd4VCServer] Vehicle veh40 already registered.
[Midd4VCServer] Vehicle veh14 already registered.
[Midd4VCServer] Vehicle veh15 already registered.
[Midd4VCServer] Vehicle veh11 already registered.
[Midd4VCServer] job received: cde493dd-68ee-4975-8046-ade62a64a967
[Midd4VC] Job 52d9b8e3-cc19-4125-ac65-4f838ca28c62 timed out. Re-enqueueing.
[Midd4VC] Job 9debaf98-2551-433f-ba9d-3dea85fcc4b1 timed out. Re-enqueueing.
[Midd4VC] Job dccef3bc-1f63-486b-848a-13e9566ad85c timed out. Re-enqueueing.
[Midd4VC] Job ee198fe9-474f-4a16-84e8-fd9b2e25d261 timed out. Re-enqueueing.
[Midd4VC] Job fb7c4fd6-29e6-44f3-bea5-2e9ebf71eb4a timed out. Re-enqueueing.
[Midd4VCServer] Assigning job fb7c4fd6-29e6-44f3-bea5-2e9ebf71eb4a to vehicle veh37
[Midd4VCServer] Assigning job ee198fe9-474f-4a16-84e8-fd9b2e25d261 to vehicle veh5
[Midd4VCServer] Assigning job dccef3bc-1f63-486b-848a-13e9566ad85c to vehicle veh39
[Midd4VCServer] Assigning job 9debaf98-2551-433f-ba9d-3dea85fcc4b1 to vehicle veh36
[Midd4VCServer] Assigning job 52d9b8e3-cc19-4125-ac65-4f838ca28c62 to vehicle veh28
[Midd4VCServer] Assigning job cde493dd-68ee-4975-8046-ade62a64a967 to vehicle veh17
[Midd4VCServer] job dccef3bc-1f63-486b-848a-13e9566ad85c completed by vehicle veh39
[Midd4VCServer] job cde493dd-68ee-4975-8046-ade62a64a967 completed by vehicle veh17
[Midd4VCServer] job ee198fe9-474f-4a16-84e8-fd9b2e25d261 completed by vehicle veh5
[Midd4VCServer] job received: 09efdd1d-85bd-4103-85b3-210f61b7adde
[Midd4VCServer] Assigning job 09efdd1d-85bd-4103-85b3-210f61b7adde to vehicle veh5
[Midd4VCServer] job 09efdd1d-85bd-4103-85b3-210f61b7adde completed by vehicle veh5
[Midd4VCServer] job received: c88fea1e-814c-4a4d-a56f-7dc7175cc97f
[Midd4VCServer] Assigning job c88fea1e-814c-4a4d-a56f-7dc7175cc97f to vehicle veh39
[Midd4VCServer] job c88fea1e-814c-4a4d-a56f-7dc7175cc97f completed by vehicle veh39
[Midd4VCServer] job received: 9f2d50fa-d17b-49ef-824e-fef7465737a5
[Midd4VCServer] Assigning job 9f2d50fa-d17b-49ef-824e-fef7465737a5 to vehicle veh5
[Midd4VCServer] job 9f2d50fa-d17b-49ef-824e-fef7465737a5 completed by vehicle veh5
[Midd4VCServer] job received: d91f53da-7c00-4651-a4d2-4b9b90774a10
[Midd4VCServer] Assigning job d91f53da-7c00-4651-a4d2-4b9b90774a10 to vehicle veh39
[Midd4VCServer] job d91f53da-7c00-4651-a4d2-4b9b90774a10 completed by vehicle veh39
[Midd4VCServer] job received: a88509dd-20d5-4770-a5d1-b5597020ba00
[Midd4VCServer] Assigning job a88509dd-20d5-4770-a5d1-b5597020ba00 to vehicle veh5
[Midd4VCServer] job a88509dd-20d5-4770-a5d1-b5597020ba00 completed by vehicle veh5
[Midd4VCServer] Vehicle veh21 already registered.
[Midd4VCServer] Vehicle veh22 already registered.
[Midd4VCServer] job received: cc98667a-f0b3-4f7a-9277-72cbadfc50dd
[Midd4VCServer] Assigning job cc98667a-f0b3-4f7a-9277-72cbadfc50dd to vehicle veh39
[Midd4VCServer] job cc98667a-f0b3-4f7a-9277-72cbadfc50dd completed by vehicle veh39
[Midd4VCServer] job received: 037bc534-4057-4135-9eca-80dd3a5a6999
[Midd4VCServer] Assigning job 037bc534-4057-4135-9eca-80dd3a5a6999 to vehicle veh8
[Midd4VCServer] Vehicle veh29 already registered.
[Midd4VCServer] Vehicle veh25 already registered.
[Midd4VCServer] Vehicle veh18 already registered.
[Midd4VCServer] job received: c47c74ac-6c94-465b-bc48-ceaecabb59d7
[Midd4VC] Job 33f9243c-f4eb-4423-a9fc-ccb7acc9dbdb timed out. Re-enqueueing.
[Midd4VC] Job b2ae9271-d7f6-4827-bf18-913dafdd0885 timed out. Re-enqueueing.
[Midd4VCServer] Assigning job b2ae9271-d7f6-4827-bf18-913dafdd0885 to vehicle veh20
[Midd4VCServer] Assigning job 33f9243c-f4eb-4423-a9fc-ccb7acc9dbdb to vehicle veh38
[Midd4VCServer] Assigning job c47c74ac-6c94-465b-bc48-ceaecabb59d7 to vehicle veh5
[Midd4VCServer] Vehicle veh2 already registered.
[Midd4VCServer] Vehicle veh23 already registered.
[Midd4VCServer] Vehicle veh26 already registered.
[Midd4VCServer] Vehicle veh7 already registered.
[Midd4VCServer] Vehicle veh32 already registered.
[Midd4VCServer] job received: c8e5b99b-39a2-4ab5-a0bf-d579d172ee38
[Midd4VC] Job d8c9d8d0-ff9a-49a5-8124-11873c1e34fe timed out. Re-enqueueing.
[Midd4VCServer] Assigning job d8c9d8d0-ff9a-49a5-8124-11873c1e34fe to vehicle veh34
[Midd4VCServer] Assigning job c8e5b99b-39a2-4ab5-a0bf-d579d172ee38 to vehicle veh39
[Midd4VCServer] job c8e5b99b-39a2-4ab5-a0bf-d579d172ee38 completed by vehicle veh39
[Midd4VCServer] job received: 034c6872-ef05-400d-b860-3de859d6ea82
[Midd4VCServer] Assigning job 034c6872-ef05-400d-b860-3de859d6ea82 to vehicle veh17
[Midd4VCServer] job 034c6872-ef05-400d-b860-3de859d6ea82 completed by vehicle veh17
[Midd4VCServer] job received: 9b8db0b5-8e19-45ee-b99e-398bf684a80c
[Midd4VCServer] Assigning job 9b8db0b5-8e19-45ee-b99e-398bf684a80c to vehicle veh4
[Midd4VCServer] Vehicle veh33 already registered.
[Midd4VCServer] Vehicle veh35 already registered.
[Midd4VCServer] Vehicle veh38 already registered.
[Midd4VCServer] Vehicle veh31 already registered.
[Midd4VCServer] Vehicle veh20 already registered.
[Midd4VCServer] job received: 0c4aa8ac-b2d2-47be-8254-4cb7e0707e97
[Midd4VCServer] Assigning job 0c4aa8ac-b2d2-47be-8254-4cb7e0707e97 to vehicle veh6
[Midd4VCServer] job 0c4aa8ac-b2d2-47be-8254-4cb7e0707e97 completed by vehicle veh6
[Midd4VCServer] job received: 4dff0dfc-0f20-4f81-ab1f-e8b52a418c95
[Midd4VC] Job 57fd47d6-b4c1-43cc-9049-ba568237ad59 timed out. Re-enqueueing.
[Midd4VC] Job a40b4a49-d6be-4809-99bb-d8ce5148640e timed out. Re-enqueueing.
[Midd4VC] Job bf9bb9a7-b83b-4c73-a27a-7a1ce000a4b0 timed out. Re-enqueueing.
[Midd4VC] Job 65e11143-4ce1-43e0-b62e-061a2fe7f554 timed out. Re-enqueueing.
[Midd4VCServer] Assigning job 65e11143-4ce1-43e0-b62e-061a2fe7f554 to vehicle veh26
[Midd4VCServer] Assigning job bf9bb9a7-b83b-4c73-a27a-7a1ce000a4b0 to vehicle veh16
[Midd4VCServer] Assigning job a40b4a49-d6be-4809-99bb-d8ce5148640e to vehicle veh9
[Midd4VCServer] Assigning job 57fd47d6-b4c1-43cc-9049-ba568237ad59 to vehicle veh18
[Midd4VCServer] Assigning job 4dff0dfc-0f20-4f81-ab1f-e8b52a418c95 to vehicle veh39
[Midd4VCServer] job 65e11143-4ce1-43e0-b62e-061a2fe7f554 completed by vehicle veh26
[Midd4VCServer] job 4dff0dfc-0f20-4f81-ab1f-e8b52a418c95 completed by vehicle veh39
[Midd4VCServer] job a40b4a49-d6be-4809-99bb-d8ce5148640e completed by vehicle veh9
[Midd4VCServer] job received: d7557c17-2868-499e-b8c2-2a893cde3c0c
[Midd4VCServer] Assigning job d7557c17-2868-499e-b8c2-2a893cde3c0c to vehicle veh26
[Midd4VCServer] job d7557c17-2868-499e-b8c2-2a893cde3c0c completed by vehicle veh26
[Midd4VCServer] job received: a0a7b5fb-52b3-48ed-bcf8-0471e39efe65
[Midd4VC] Job 8441f7bf-8e1f-4c72-b5ee-a1443c2c480a timed out. Re-enqueueing.
[Midd4VC] Job 4b2da65d-8e1f-450c-a0ab-65737ff487a9 timed out. Re-enqueueing.
[Midd4VC] Job bb810600-db10-436a-9a21-be9d1137f778 timed out. Re-enqueueing.
[Midd4VCServer] Assigning job bb810600-db10-436a-9a21-be9d1137f778 to vehicle veh26
[Midd4VCServer] Assigning job 4b2da65d-8e1f-450c-a0ab-65737ff487a9 to vehicle veh21
[Midd4VCServer] Assigning job 8441f7bf-8e1f-4c72-b5ee-a1443c2c480a to vehicle veh23
[Midd4VCServer] Assigning job a0a7b5fb-52b3-48ed-bcf8-0471e39efe65 to vehicle veh9
[Midd4VCServer] job 8441f7bf-8e1f-4c72-b5ee-a1443c2c480a completed by vehicle veh23
[Midd4VCServer] job a0a7b5fb-52b3-48ed-bcf8-0471e39efe65 completed by vehicle veh9
[Midd4VCServer] job bb810600-db10-436a-9a21-be9d1137f778 completed by vehicle veh26
[Midd4VCServer] job received: 4d8043fb-5fa6-4d78-a277-143fbf1e2bd9
[Midd4VCServer] Assigning job 4d8043fb-5fa6-4d78-a277-143fbf1e2bd9 to vehicle veh26
[Midd4VCServer] job 4d8043fb-5fa6-4d78-a277-143fbf1e2bd9 completed by vehicle veh26
[Midd4VCServer] job received: ae7c3f04-a87f-47fb-8b11-c0ba9bf905a4
[Midd4VCServer] Assigning job ae7c3f04-a87f-47fb-8b11-c0ba9bf905a4 to vehicle veh26
[Midd4VCServer] job ae7c3f04-a87f-47fb-8b11-c0ba9bf905a4 completed by vehicle veh26
[Midd4VCServer] Vehicle veh36 already registered.
[Midd4VCServer] Vehicle veh33 already registered.
[Midd4VCServer] Vehicle veh24 already registered.
[Midd4VCServer] Vehicle veh18 already registered.
[Midd4VCServer] Vehicle veh40 already registered.
[Midd4VCServer] job received: a968f85a-8e49-4f61-b0a9-67528b0dccfb
[Midd4VC] Job 9e8fdd53-195a-413e-82d4-9b0fe0c2fba5 timed out. Re-enqueueing.
[Midd4VC] Job b728eb62-1434-46c2-bbdd-c34bdc999099 timed out. Re-enqueueing.
[Midd4VC] Job 0b5f8c76-59a1-4324-8df1-68ba6e0c988b timed out. Re-enqueueing.
[Midd4VCServer] Assigning job 0b5f8c76-59a1-4324-8df1-68ba6e0c988b to vehicle veh33
[Midd4VCServer] Assigning job b728eb62-1434-46c2-bbdd-c34bdc999099 to vehicle veh26
[Midd4VCServer] Assigning job 9e8fdd53-195a-413e-82d4-9b0fe0c2fba5 to vehicle veh35
[Midd4VCServer] Assigning job a968f85a-8e49-4f61-b0a9-67528b0dccfb to vehicle veh22
[Midd4VCServer] job a968f85a-8e49-4f61-b0a9-67528b0dccfb completed by vehicle veh22
[Midd4VCServer] job 0b5f8c76-59a1-4324-8df1-68ba6e0c988b completed by vehicle veh33
[Midd4VCServer] job 9e8fdd53-195a-413e-82d4-9b0fe0c2fba5 completed by vehicle veh35
[Midd4VCServer] job b728eb62-1434-46c2-bbdd-c34bdc999099 completed by vehicle veh26
[Midd4VCServer] Vehicle veh3 already registered.
[Midd4VCServer] Vehicle veh1 already registered.
[Midd4VCServer] Vehicle veh4 already registered.
[Midd4VCServer] job received: b2dff40c-71fa-4146-90bc-93afd163a6db
[Midd4VC] Job 1a026eb9-a822-4c6e-bb31-4cb795c9f80f timed out. Re-enqueueing.
[Midd4VCServer] Assigning job 1a026eb9-a822-4c6e-bb31-4cb795c9f80f to vehicle veh33
[Midd4VCServer] Assigning job b2dff40c-71fa-4146-90bc-93afd163a6db to vehicle veh26
[Midd4VCServer] job 1a026eb9-a822-4c6e-bb31-4cb795c9f80f completed by vehicle veh33
[Midd4VCServer] job b2dff40c-71fa-4146-90bc-93afd163a6db completed by vehicle veh26
[Midd4VCServer] Vehicle veh27 already registered.
[Midd4VCServer] job received: 72fc6369-ac83-4ab7-a877-42b8c70ec88c
[Midd4VC] Job 8acefc86-8b80-4d75-8da1-78ce9eb0f119 timed out. Re-enqueueing.
[Midd4VC] Job c8e6abed-493e-4183-bfa9-eb207d67b489 timed out. Re-enqueueing.
[Midd4VCServer] Assigning job c8e6abed-493e-4183-bfa9-eb207d67b489 to vehicle veh33
[Midd4VCServer] Assigning job 8acefc86-8b80-4d75-8da1-78ce9eb0f119 to vehicle veh26
[Midd4VCServer] Assigning job 72fc6369-ac83-4ab7-a877-42b8c70ec88c to vehicle veh35
[Midd4VCServer] job c8e6abed-493e-4183-bfa9-eb207d67b489 completed by vehicle veh33
[Midd4VCServer] job 8acefc86-8b80-4d75-8da1-78ce9eb0f119 completed by vehicle veh26
[Midd4VCServer] job 72fc6369-ac83-4ab7-a877-42b8c70ec88c completed by vehicle veh35
[Midd4VCServer] Vehicle veh11 already registered.
[Midd4VCServer] Vehicle veh6 already registered.
[Midd4VCServer] job received: b2e4750c-74c1-41fa-b55e-aab0cbad812e
[Midd4VCServer] Assigning job b2e4750c-74c1-41fa-b55e-aab0cbad812e to vehicle veh33
[Midd4VCServer] job b2e4750c-74c1-41fa-b55e-aab0cbad812e completed by vehicle veh33
[Midd4VCServer] job received: 4af56681-2953-489c-a565-bda68cf169a7
[Midd4VCServer] Assigning job 4af56681-2953-489c-a565-bda68cf169a7 to vehicle veh33
[Midd4VCServer] job 4af56681-2953-489c-a565-bda68cf169a7 completed by vehicle veh33
[Midd4VCServer] job received: 351847a4-712c-4e8c-afa9-d78a3736ab6d
[Midd4VCServer] Assigning job 351847a4-712c-4e8c-afa9-d78a3736ab6d to vehicle veh33
[Midd4VCServer] job 351847a4-712c-4e8c-afa9-d78a3736ab6d completed by vehicle veh33
[Midd4VCServer] Vehicle veh34 already registered.
[Midd4VCServer] job received: e7e486d6-7518-46e5-9919-cdd0e7a79475
[Midd4VCServer] Assigning job e7e486d6-7518-46e5-9919-cdd0e7a79475 to vehicle veh33
[Midd4VCServer] job received: 8df0a4e9-c396-4145-8bfd-7e6f8a9815fe
[Midd4VCServer] Assigning job 8df0a4e9-c396-4145-8bfd-7e6f8a9815fe to vehicle veh22
[Midd4VCServer] Vehicle veh14 already registered.
[Midd4VCServer] Vehicle veh37 already registered.
[Midd4VCServer] job received: 52532a4e-151b-40f1-92c1-94ca24736b23
[Midd4VCServer] Assigning job 52532a4e-151b-40f1-92c1-94ca24736b23 to vehicle veh12
[Midd4VCServer] Vehicle veh24 already registered.
[Midd4VCServer] Vehicle veh32 already registered.
[Midd4VCServer] job received: 41a03521-c6f9-4b20-89b6-9fd00695272e
[Midd4VC] Job 9c065091-b2c4-4792-a543-e2ee9c9f9c81 timed out. Re-enqueueing.
[Midd4VC] Job 958e8157-5179-4e00-9bef-e5a66dc7aa5b timed out. Re-enqueueing.
[Midd4VC] Job d9ae5ebc-ae04-4c5c-bd00-2e7a36f31d17 timed out. Re-enqueueing.
[Midd4VC] Job f4cf227b-df65-4038-9118-ef902ba6292c timed out. Re-enqueueing.
[Midd4VCServer] Assigning job f4cf227b-df65-4038-9118-ef902ba6292c to vehicle veh40
[Midd4VCServer] Assigning job d9ae5ebc-ae04-4c5c-bd00-2e7a36f31d17 to vehicle veh19
[Midd4VCServer] Assigning job 958e8157-5179-4e00-9bef-e5a66dc7aa5b to vehicle veh7
[Midd4VCServer] Assigning job 9c065091-b2c4-4792-a543-e2ee9c9f9c81 to vehicle veh23
[Midd4VCServer] Assigning job 41a03521-c6f9-4b20-89b6-9fd00695272e to vehicle veh9
[Midd4VCServer] job d9ae5ebc-ae04-4c5c-bd00-2e7a36f31d17 completed by vehicle veh19
[Midd4VCServer] job 958e8157-5179-4e00-9bef-e5a66dc7aa5b completed by vehicle veh7
[Midd4VCServer] Vehicle veh19 already registered.
[Midd4VCServer] Vehicle veh12 already registered.
[Midd4VCServer] job received: df9bdefe-00b3-4ebe-a50a-d5e85a266430
[Midd4VCServer] Assigning job df9bdefe-00b3-4ebe-a50a-d5e85a266430 to vehicle veh19
[Midd4VCServer] job df9bdefe-00b3-4ebe-a50a-d5e85a266430 completed by vehicle veh19
[Midd4VCServer] Vehicle veh8 already registered.
[Midd4VCServer] Vehicle veh31 already registered.
[Midd4VCServer] job received: fabce894-cd55-431c-8cf6-e43b0b6959fd
[Midd4VC] Job fe06be2f-c9e1-466e-af75-02676292b8a0 timed out. Re-enqueueing.
[Midd4VC] Job 0da4360d-bf08-4e40-8333-9492319b7697 timed out. Re-enqueueing.
[Midd4VC] Job eefba042-bc3e-42b5-8aa0-99e0074cf639 timed out. Re-enqueueing.
[Midd4VC] Job 31fd6a07-773a-4b76-9079-46eb0ca9a767 timed out. Re-enqueueing.
[Midd4VC] Job 82651c7f-4620-4842-b5ff-254da61f36f2 timed out. Re-enqueueing.
[Midd4VCServer] Assigning job 82651c7f-4620-4842-b5ff-254da61f36f2 to vehicle veh32
[Midd4VCServer] Assigning job 31fd6a07-773a-4b76-9079-46eb0ca9a767 to vehicle veh19
[Midd4VCServer] Assigning job eefba042-bc3e-42b5-8aa0-99e0074cf639 to vehicle veh15
[Midd4VCServer] Assigning job 0da4360d-bf08-4e40-8333-9492319b7697 to vehicle veh26
[Midd4VCServer] Assigning job fe06be2f-c9e1-466e-af75-02676292b8a0 to vehicle veh1
[Midd4VCServer] Assigning job fabce894-cd55-431c-8cf6-e43b0b6959fd to vehicle veh27
[Midd4VCServer] job 31fd6a07-773a-4b76-9079-46eb0ca9a767 completed by vehicle veh19
[Midd4VCServer] job fe06be2f-c9e1-466e-af75-02676292b8a0 completed by vehicle veh1
[Midd4VCServer] job 82651c7f-4620-4842-b5ff-254da61f36f2 completed by vehicle veh32
[Midd4VCServer] job 0da4360d-bf08-4e40-8333-9492319b7697 completed by vehicle veh26
[Midd4VCServer] job received: df704f45-ff14-47cc-a91c-66be1c48658f
[Midd4VCServer] Assigning job df704f45-ff14-47cc-a91c-66be1c48658f to vehicle veh32
[Midd4VCServer] job df704f45-ff14-47cc-a91c-66be1c48658f completed by vehicle veh32
[Midd4VCServer] job received: 4d19be37-9c8e-4a6e-a1ae-bc199019818d
[Midd4VCServer] Assigning job 4d19be37-9c8e-4a6e-a1ae-bc199019818d to vehicle veh19
[Midd4VCServer] job 4d19be37-9c8e-4a6e-a1ae-bc199019818d completed by vehicle veh19
[Midd4VCServer] Vehicle veh27 already registered.
[Midd4VCServer] Vehicle veh9 already registered.
[Midd4VCServer] job received: 8c3a1434-ebe3-4bd1-a2b8-d0afee5d6ae7
[Midd4VCServer] Assigning job 8c3a1434-ebe3-4bd1-a2b8-d0afee5d6ae7 to vehicle veh32
[Midd4VCServer] job 8c3a1434-ebe3-4bd1-a2b8-d0afee5d6ae7 completed by vehicle veh32
[Midd4VCServer] Vehicle veh30 already registered.
[Midd4VCServer] Vehicle veh20 already registered.
[Midd4VCServer] job received: 2db03d7e-ef41-4e57-bf7d-dac317c0a07c
[Midd4VCServer] Assigning job 2db03d7e-ef41-4e57-bf7d-dac317c0a07c to vehicle veh19
[Midd4VCServer] job 2db03d7e-ef41-4e57-bf7d-dac317c0a07c completed by vehicle veh19
[Midd4VCServer] Vehicle veh38 already registered.
[Midd4VCServer] Vehicle veh25 already registered.
[Midd4VCServer] job received: 282f2ec2-afdc-4cc6-bc74-80084ee6b561
[Midd4VC] Job 1513bb08-408d-43a5-a40a-2a25610d6f1b timed out. Re-enqueueing.
[Midd4VC] Job 806812cf-3ee8-44d4-8070-bac0525009b0 timed out. Re-enqueueing.
[Midd4VC] Job 13729922-7f6c-48e8-b932-b6fb415722df timed out. Re-enqueueing.
[Midd4VCServer] Assigning job 13729922-7f6c-48e8-b932-b6fb415722df to vehicle veh14
[Midd4VCServer] Assigning job 806812cf-3ee8-44d4-8070-bac0525009b0 to vehicle veh29
[Midd4VCServer] Assigning job 1513bb08-408d-43a5-a40a-2a25610d6f1b to vehicle veh31
[Midd4VCServer] Assigning job 282f2ec2-afdc-4cc6-bc74-80084ee6b561 to vehicle veh32
[Midd4VCServer] Vehicle veh33 already registered.
[Midd4VCServer] job 282f2ec2-afdc-4cc6-bc74-80084ee6b561 completed by vehicle veh32
[Midd4VCServer] job 13729922-7f6c-48e8-b932-b6fb415722df completed by vehicle veh14
[Midd4VCServer] job 1513bb08-408d-43a5-a40a-2a25610d6f1b completed by vehicle veh31
[Midd4VCServer] job received: d20737f4-8d43-4ab4-8816-d3845a6cedd4
[Midd4VCServer] Assigning job d20737f4-8d43-4ab4-8816-d3845a6cedd4 to vehicle veh14
[Midd4VCServer] job d20737f4-8d43-4ab4-8816-d3845a6cedd4 completed by vehicle veh14
[Midd4VCServer] job received: 56f1de48-55c0-4ecf-9f38-5368d4df838f
[Midd4VCServer] Assigning job 56f1de48-55c0-4ecf-9f38-5368d4df838f to vehicle veh14
[Midd4VCServer] job 56f1de48-55c0-4ecf-9f38-5368d4df838f completed by vehicle veh14
[Midd4VCServer] job received: 344f0ff1-2711-4ce6-a041-d901d5f585f4
[Midd4VCServer] Assigning job 344f0ff1-2711-4ce6-a041-d901d5f585f4 to vehicle veh14
[Midd4VCServer] job 344f0ff1-2711-4ce6-a041-d901d5f585f4 completed by vehicle veh14
[Midd4VCServer] job received: c69352c9-241c-4ace-b764-b3a705e30564
[Midd4VCServer] Assigning job c69352c9-241c-4ace-b764-b3a705e30564 to vehicle veh14
[Midd4VCServer] job c69352c9-241c-4ace-b764-b3a705e30564 completed by vehicle veh14
[Midd4VCServer] job received: 373c73c7-4a32-4ccf-a043-070e9b4b1741
[Midd4VC] Job 46019a87-ce39-4f94-af40-fe6f9c5a021c timed out. Re-enqueueing.
[Midd4VC] Job c72afb59-0b5c-4ad5-a489-ee9d921c98c6 timed out. Re-enqueueing.
[Midd4VCServer] Assigning job c72afb59-0b5c-4ad5-a489-ee9d921c98c6 to vehicle veh3
[Midd4VCServer] Assigning job 46019a87-ce39-4f94-af40-fe6f9c5a021c to vehicle veh13
[Midd4VCServer] Assigning job 373c73c7-4a32-4ccf-a043-070e9b4b1741 to vehicle veh14
[Midd4VCServer] job 373c73c7-4a32-4ccf-a043-070e9b4b1741 completed by vehicle veh14
[Midd4VCServer] job received: 72db03c7-6aca-4af2-9a12-667e5f2feff8
[Midd4VCServer] Assigning job 72db03c7-6aca-4af2-9a12-667e5f2feff8 to vehicle veh31
[Midd4VCServer] job 72db03c7-6aca-4af2-9a12-667e5f2feff8 completed by vehicle veh31
[Midd4VCServer] Vehicle veh3 already registered.
[Midd4VCServer] job received: 2bf045f9-d11b-4d64-826e-f745d4903285
[Midd4VCServer] Assigning job 2bf045f9-d11b-4d64-826e-f745d4903285 to vehicle veh14
[Midd4VCServer] job 2bf045f9-d11b-4d64-826e-f745d4903285 completed by vehicle veh14
[Midd4VCServer] Vehicle veh22 already registered.
[Midd4VCServer] job received: 16828413-5a1d-4bcf-930e-6204f384e0b6
[Midd4VC] Job fb7c4fd6-29e6-44f3-bea5-2e9ebf71eb4a timed out. Re-enqueueing.
[Midd4VC] Job 9debaf98-2551-433f-ba9d-3dea85fcc4b1 timed out. Re-enqueueing.
[Midd4VC] Job 52d9b8e3-cc19-4125-ac65-4f838ca28c62 timed out. Re-enqueueing.
[Midd4VCServer] Assigning job 52d9b8e3-cc19-4125-ac65-4f838ca28c62 to vehicle veh37
[Midd4VCServer] Assigning job 9debaf98-2551-433f-ba9d-3dea85fcc4b1 to vehicle veh36
[Midd4VCServer] Assigning job fb7c4fd6-29e6-44f3-bea5-2e9ebf71eb4a to vehicle veh28
[Midd4VCServer] Assigning job 16828413-5a1d-4bcf-930e-6204f384e0b6 to vehicle veh31
[Midd4VCServer] job 16828413-5a1d-4bcf-930e-6204f384e0b6 completed by vehicle veh31
[Midd4VCServer] job fb7c4fd6-29e6-44f3-bea5-2e9ebf71eb4a completed by vehicle veh28
[Midd4VCServer] job received: afa09b1c-c323-445b-bb64-2894850250c0
[Midd4VCServer] Assigning job afa09b1c-c323-445b-bb64-2894850250c0 to vehicle veh19
[Midd4VCServer] Vehicle veh5 already registered.
[Midd4VCServer] job received: 5499ac40-045b-4d08-a029-c20158679813
[Midd4VC] Job 037bc534-4057-4135-9eca-80dd3a5a6999 timed out. Re-enqueueing.
[Midd4VCServer] Assigning job 037bc534-4057-4135-9eca-80dd3a5a6999 to vehicle veh32
[Midd4VCServer] Assigning job 5499ac40-045b-4d08-a029-c20158679813 to vehicle veh28
[Midd4VCServer] job 5499ac40-045b-4d08-a029-c20158679813 completed by vehicle veh28
[Midd4VCServer] job 037bc534-4057-4135-9eca-80dd3a5a6999 completed by vehicle veh32
[Midd4VCServer] Vehicle veh29 already registered.
[Midd4VCServer] Vehicle veh21 already registered.
[Midd4VCServer] Vehicle veh28 already registered.
[Midd4VCServer] Vehicle veh24 already registered.
[Midd4VCServer] job received: 528cfff6-d755-479e-ad4b-9238d4061f14
[Midd4VCServer] Assigning job 528cfff6-d755-479e-ad4b-9238d4061f14 to vehicle veh14
[Midd4VCServer] Vehicle veh9 already registered.
[Midd4VCServer] Vehicle veh17 already registered.
[Midd4VCServer] job received: da252b3a-1927-43b1-becf-62068b623a72
[Midd4VC] Job b2ae9271-d7f6-4827-bf18-913dafdd0885 timed out. Re-enqueueing.
[Midd4VC] Job 33f9243c-f4eb-4423-a9fc-ccb7acc9dbdb timed out. Re-enqueueing.
[Midd4VC] Job c47c74ac-6c94-465b-bc48-ceaecabb59d7 timed out. Re-enqueueing.
[Midd4VCServer] Assigning job c47c74ac-6c94-465b-bc48-ceaecabb59d7 to vehicle veh20
[Midd4VCServer] Assigning job 33f9243c-f4eb-4423-a9fc-ccb7acc9dbdb to vehicle veh38
[Midd4VCServer] Assigning job b2ae9271-d7f6-4827-bf18-913dafdd0885 to vehicle veh31
[Midd4VCServer] Assigning job da252b3a-1927-43b1-becf-62068b623a72 to vehicle veh32
[Midd4VCServer] job c47c74ac-6c94-465b-bc48-ceaecabb59d7 completed by vehicle veh20
[Midd4VCServer] job da252b3a-1927-43b1-becf-62068b623a72 completed by vehicle veh32
[Midd4VCServer] job b2ae9271-d7f6-4827-bf18-913dafdd0885 completed by vehicle veh31
[Midd4VCServer] Vehicle veh25 already registered.
[Midd4VCServer] job received: 4773ffcd-76e5-4316-8b23-a34a1fe5f5ee
[Midd4VCServer] Assigning job 4773ffcd-76e5-4316-8b23-a34a1fe5f5ee to vehicle veh20
[Midd4VCServer] job 4773ffcd-76e5-4316-8b23-a34a1fe5f5ee completed by vehicle veh20
[Midd4VCServer] Vehicle veh14 already registered.
[Midd4VCServer] Vehicle veh19 already registered.
[Midd4VCServer] job received: 7baff13c-02b2-4510-9a6c-40ab6478c717
[Midd4VCServer] Assigning job 7baff13c-02b2-4510-9a6c-40ab6478c717 to vehicle veh20
[Midd4VCServer] job 7baff13c-02b2-4510-9a6c-40ab6478c717 completed by vehicle veh20
[Midd4VCServer] job received: 9acda8a1-6750-4bec-bc39-5b3fa66841f4
[Midd4VCServer] Assigning job 9acda8a1-6750-4bec-bc39-5b3fa66841f4 to vehicle veh20
[Midd4VCServer] job 9acda8a1-6750-4bec-bc39-5b3fa66841f4 completed by vehicle veh20
[Midd4VCServer] job received: d537f08b-a827-45a9-a5d3-3e8591306a63
[Midd4VCServer] Assigning job d537f08b-a827-45a9-a5d3-3e8591306a63 to vehicle veh28
[Midd4VCServer] job d537f08b-a827-45a9-a5d3-3e8591306a63 completed by vehicle veh28
[Midd4VCServer] Vehicle veh6 already registered.
[Midd4VCServer] Vehicle veh40 already registered.
[Midd4VCServer] Vehicle veh31 already registered.
[Midd4VCServer] job received: 0bfc5f91-88d9-4693-ad6b-79fd78ce157b
[Midd4VC] Job d8c9d8d0-ff9a-49a5-8124-11873c1e34fe timed out. Re-enqueueing.
[Midd4VCServer] Assigning job d8c9d8d0-ff9a-49a5-8124-11873c1e34fe to vehicle veh34
[Midd4VCServer] Assigning job 0bfc5f91-88d9-4693-ad6b-79fd78ce157b to vehicle veh7
[Midd4VCServer] job 0bfc5f91-88d9-4693-ad6b-79fd78ce157b completed by vehicle veh7
[Midd4VCServer] job d8c9d8d0-ff9a-49a5-8124-11873c1e34fe completed by vehicle veh34
[Midd4VCServer] Vehicle veh15 already registered.
[Midd4VCServer] Vehicle veh34 already registered.
[Midd4VCServer] Vehicle veh11 already registered.
[Midd4VCServer] Vehicle veh38 already registered.
[Midd4VCServer] Vehicle veh13 already registered.
[Midd4VCServer] job received: 4418df3f-db5b-45cb-b80e-3dd98b1c9245
[Midd4VC] Job 9b8db0b5-8e19-45ee-b99e-398bf684a80c timed out. Re-enqueueing.
[Midd4VC] Job bf9bb9a7-b83b-4c73-a27a-7a1ce000a4b0 timed out. Re-enqueueing.
[Midd4VC] Job 57fd47d6-b4c1-43cc-9049-ba568237ad59 timed out. Re-enqueueing.
[Midd4VC] Job 4b2da65d-8e1f-450c-a0ab-65737ff487a9 timed out. Re-enqueueing.
[Midd4VCServer] Assigning job 4b2da65d-8e1f-450c-a0ab-65737ff487a9 to vehicle veh16
[Midd4VCServer] Assigning job 57fd47d6-b4c1-43cc-9049-ba568237ad59 to vehicle veh21
[Midd4VCServer] Assigning job bf9bb9a7-b83b-4c73-a27a-7a1ce000a4b0 to vehicle veh34
[Midd4VCServer] Assigning job 9b8db0b5-8e19-45ee-b99e-398bf684a80c to vehicle veh18
[Midd4VCServer] Assigning job 4418df3f-db5b-45cb-b80e-3dd98b1c9245 to vehicle veh24
[Midd4VCServer] job 4418df3f-db5b-45cb-b80e-3dd98b1c9245 completed by vehicle veh24
[Midd4VCServer] Vehicle veh37 already registered.
[Midd4VCServer] job received: c91f81b6-7aa8-41ec-850e-001ec0e39893
[Midd4VCServer] Assigning job c91f81b6-7aa8-41ec-850e-001ec0e39893 to vehicle veh35
[Midd4VCServer] job received: 5d39eedd-1dd3-4f38-a1fc-318f13d67013
[Midd4VCServer] Assigning job 5d39eedd-1dd3-4f38-a1fc-318f13d67013 to vehicle veh31
[Midd4VCServer] job received: e6e60194-6256-4d0e-95ff-30e74698eae0
[Midd4VCServer] Assigning job e6e60194-6256-4d0e-95ff-30e74698eae0 to vehicle veh8
[Midd4VCServer] job received: d5023ffa-88fc-4a1e-86ee-7d7de09bf792
[Midd4VCServer] Assigning job d5023ffa-88fc-4a1e-86ee-7d7de09bf792 to vehicle veh11
[Midd4VCServer] job d5023ffa-88fc-4a1e-86ee-7d7de09bf792 completed by vehicle veh11
[Midd4VCServer] Vehicle veh13 already registered.
[Midd4VCServer] Vehicle veh16 already registered.
[Midd4VCServer] job received: 8d6a479c-e4f1-4e94-b776-e18bf27d8cff
[Midd4VCServer] Assigning job 8d6a479c-e4f1-4e94-b776-e18bf27d8cff to vehicle veh10
[Midd4VCServer] job received: 49743fdc-47d5-417e-a457-9a0887178e67
[Midd4VCServer] Assigning job 49743fdc-47d5-417e-a457-9a0887178e67 to vehicle veh25
[Midd4VCServer] job 49743fdc-47d5-417e-a457-9a0887178e67 completed by vehicle veh25
[Midd4VCServer] Vehicle veh8 already registered.
[Midd4VCServer] job received: 29f8696d-ffa6-4bc0-994e-4ea0c7b25b5b
[Midd4VCServer] Assigning job 29f8696d-ffa6-4bc0-994e-4ea0c7b25b5b to vehicle veh32
[Midd4VCServer] job received: af93ed3e-6ade-4779-828d-6551dfbb2fe5
[Midd4VCServer] Assigning job af93ed3e-6ade-4779-828d-6551dfbb2fe5 to vehicle veh30
[Midd4VCServer] Vehicle veh10 already registered.
[Midd4VCServer] Vehicle veh35 already registered.
[Midd4VCServer] job received: a96fca9c-101e-4414-87e7-ead61d0768f1
[Midd4VCServer] Assigning job a96fca9c-101e-4414-87e7-ead61d0768f1 to vehicle veh5
[Midd4VCServer] Vehicle veh40 already registered.
[Midd4VCServer] Vehicle veh23 already registered.
[Midd4VCServer] Vehicle veh18 already registered.
[Midd4VCServer] Vehicle veh17 already registered.
[Midd4VCServer] Vehicle veh12 already registered.
[Midd4VCServer] job received: 7a3a426b-26ac-4484-b2ff-61a67622605a
[Midd4VC] Job e7e486d6-7518-46e5-9919-cdd0e7a79475 timed out. Re-enqueueing.
[Midd4VCServer] Assigning job e7e486d6-7518-46e5-9919-cdd0e7a79475 to vehicle veh33
[Midd4VCServer] Assigning job 7a3a426b-26ac-4484-b2ff-61a67622605a to vehicle veh26
[Midd4VCServer] job e7e486d6-7518-46e5-9919-cdd0e7a79475 completed by vehicle veh33
[Midd4VCServer] job received: 8f312d0a-7b04-431f-bc61-d55ace6f39a7
[Midd4VCServer] Assigning job 8f312d0a-7b04-431f-bc61-d55ace6f39a7 to vehicle veh33
[Midd4VCServer] job 8f312d0a-7b04-431f-bc61-d55ace6f39a7 completed by vehicle veh33
[Midd4VCServer] Vehicle veh9 already registered.
[Midd4VCServer] job received: f6fb0969-c43c-41e4-bd0d-c9626f88a069
[Midd4VC] Job 8df0a4e9-c396-4145-8bfd-7e6f8a9815fe timed out. Re-enqueueing.
[Midd4VCServer] Assigning job 8df0a4e9-c396-4145-8bfd-7e6f8a9815fe to vehicle veh22
[Midd4VCServer] Assigning job f6fb0969-c43c-41e4-bd0d-c9626f88a069 to vehicle veh33
[Midd4VCServer] job f6fb0969-c43c-41e4-bd0d-c9626f88a069 completed by vehicle veh33
[Midd4VCServer] job received: 835a082e-1982-4d9e-a497-a0e0a689d282
[Midd4VC] Job 52532a4e-151b-40f1-92c1-94ca24736b23 timed out. Re-enqueueing.
[Midd4VCServer] Assigning job 52532a4e-151b-40f1-92c1-94ca24736b23 to vehicle veh12
[Midd4VCServer] Assigning job 835a082e-1982-4d9e-a497-a0e0a689d282 to vehicle veh20
[Midd4VCServer] job 52532a4e-151b-40f1-92c1-94ca24736b23 completed by vehicle veh12
[Midd4VCServer] job 835a082e-1982-4d9e-a497-a0e0a689d282 completed by vehicle veh20
[Midd4VCServer] Vehicle veh36 already registered.
[Midd4VCServer] job received: e8d1cd57-39b3-4f2d-a435-dffd2f36fc3a
[Midd4VC] Job f4cf227b-df65-4038-9118-ef902ba6292c timed out. Re-enqueueing.
[Midd4VC] Job 9c065091-b2c4-4792-a543-e2ee9c9f9c81 timed out. Re-enqueueing.
[Midd4VC] Job 41a03521-c6f9-4b20-89b6-9fd00695272e timed out. Re-enqueueing.
[Midd4VCServer] Assigning job 41a03521-c6f9-4b20-89b6-9fd00695272e to vehicle veh40
[Midd4VCServer] Assigning job 9c065091-b2c4-4792-a543-e2ee9c9f9c81 to vehicle veh23
[Midd4VCServer] Assigning job f4cf227b-df65-4038-9118-ef902ba6292c to vehicle veh9
[Midd4VCServer] Assigning job e8d1cd57-39b3-4f2d-a435-dffd2f36fc3a to vehicle veh12
[Midd4VCServer] job 41a03521-c6f9-4b20-89b6-9fd00695272e completed by vehicle veh40
[Midd4VCServer] job 9c065091-b2c4-4792-a543-e2ee9c9f9c81 completed by vehicle veh23
[Midd4VCServer] job f4cf227b-df65-4038-9118-ef902ba6292c completed by vehicle veh9
[Midd4VCServer] job e8d1cd57-39b3-4f2d-a435-dffd2f36fc3a completed by vehicle veh12
[Midd4VCServer] Vehicle veh11 already registered.
[Midd4VCServer] job received: c1b3eab0-a6ee-4b25-a9a2-787180b810de
[Midd4VCServer] Assigning job c1b3eab0-a6ee-4b25-a9a2-787180b810de to vehicle veh40
[Midd4VCServer] job c1b3eab0-a6ee-4b25-a9a2-787180b810de completed by vehicle veh40
[Midd4VCServer] Vehicle veh34 already registered.
[Midd4VCServer] Vehicle veh1 already registered.
[Midd4VCServer] job received: 924747e6-9a1a-4b4f-96a9-469dfe1e11d4
[Midd4VCServer] Assigning job 924747e6-9a1a-4b4f-96a9-469dfe1e11d4 to vehicle veh40
[Midd4VCServer] job 924747e6-9a1a-4b4f-96a9-469dfe1e11d4 completed by vehicle veh40
[Midd4VCServer] Vehicle veh39 already registered.
[Midd4VCServer] Vehicle veh8 already registered.
[Midd4VCServer] job received: 070f4848-9894-41fc-9be1-62e4470ca967
[Midd4VCServer] Assigning job 070f4848-9894-41fc-9be1-62e4470ca967 to vehicle veh40
[Midd4VCServer] job 070f4848-9894-41fc-9be1-62e4470ca967 completed by vehicle veh40
[Midd4VCServer] job received: e4785459-fadf-412b-99a4-d13971169d57
[Midd4VCServer] Assigning job e4785459-fadf-412b-99a4-d13971169d57 to vehicle veh40
[Midd4VCServer] job e4785459-fadf-412b-99a4-d13971169d57 completed by vehicle veh40
[Midd4VCServer] job received: eb08f04b-ed0a-4dda-b33a-3fe4ee8e45eb
[Midd4VC] Job eefba042-bc3e-42b5-8aa0-99e0074cf639 timed out. Re-enqueueing.
[Midd4VC] Job fabce894-cd55-431c-8cf6-e43b0b6959fd timed out. Re-enqueueing.
[Midd4VCServer] Assigning job fabce894-cd55-431c-8cf6-e43b0b6959fd to vehicle veh15
[Midd4VCServer] Assigning job eefba042-bc3e-42b5-8aa0-99e0074cf639 to vehicle veh40
[Midd4VCServer] Assigning job eb08f04b-ed0a-4dda-b33a-3fe4ee8e45eb to vehicle veh27
[Midd4VCServer] job eefba042-bc3e-42b5-8aa0-99e0074cf639 completed by vehicle veh40
[Midd4VCServer] Vehicle veh5 already registered.
[Midd4VCServer] Vehicle veh28 already registered.
[Midd4VCServer] job received: 19bd5581-8fc9-48cf-af92-aa71816f5163
[Midd4VCServer] Assigning job 19bd5581-8fc9-48cf-af92-aa71816f5163 to vehicle veh40
[Midd4VCServer] job 19bd5581-8fc9-48cf-af92-aa71816f5163 completed by vehicle veh40
[Midd4VCServer] Vehicle veh17 already registered.
[Midd4VCServer] job received: f9ce5773-ba56-4da4-aaff-0ebd3ff9c2ae
[Midd4VCServer] Assigning job f9ce5773-ba56-4da4-aaff-0ebd3ff9c2ae to vehicle veh40
[Midd4VCServer] job f9ce5773-ba56-4da4-aaff-0ebd3ff9c2ae completed by vehicle veh40
[Midd4VCServer] Vehicle veh31 already registered.
[Midd4VCServer] Vehicle veh6 already registered.
[Midd4VCServer] Vehicle veh29 already registered.
[Midd4VCServer] job received: 860b4900-13f2-4f18-ae74-8483f5a6059e
[Midd4VC] Job 806812cf-3ee8-44d4-8070-bac0525009b0 timed out. Re-enqueueing.
[Midd4VCServer] Assigning job 806812cf-3ee8-44d4-8070-bac0525009b0 to vehicle veh29
[Midd4VCServer] Assigning job 860b4900-13f2-4f18-ae74-8483f5a6059e to vehicle veh40
[Midd4VCServer] job 806812cf-3ee8-44d4-8070-bac0525009b0 completed by vehicle veh29
[Midd4VCServer] job 860b4900-13f2-4f18-ae74-8483f5a6059e completed by vehicle veh40
[Midd4VCServer] Vehicle veh27 already registered.
[Midd4VCServer] job received: 20596981-4e77-4304-8f24-e9d34056d544
[Midd4VCServer] Assigning job 20596981-4e77-4304-8f24-e9d34056d544 to vehicle veh29
[Midd4VCServer] job 20596981-4e77-4304-8f24-e9d34056d544 completed by vehicle veh29
[Midd4VCServer] job received: 785d1f13-e400-4907-b413-6baa4498a6fd
[Midd4VCServer] Assigning job 785d1f13-e400-4907-b413-6baa4498a6fd to vehicle veh29
[Midd4VCServer] job 785d1f13-e400-4907-b413-6baa4498a6fd completed by vehicle veh29
[Midd4VCServer] job received: b3ec6252-a1b3-41b9-871c-f2ff0456ff52
[Midd4VCServer] Assigning job b3ec6252-a1b3-41b9-871c-f2ff0456ff52 to vehicle veh29
[Midd4VCServer] job b3ec6252-a1b3-41b9-871c-f2ff0456ff52 completed by vehicle veh29
[Midd4VCServer] job received: 13165271-526a-461a-90b1-ba9818ee2d29
[Midd4VCServer] Assigning job 13165271-526a-461a-90b1-ba9818ee2d29 to vehicle veh29
[Midd4VCServer] job 13165271-526a-461a-90b1-ba9818ee2d29 completed by vehicle veh29
[Midd4VCServer] Vehicle veh2 already registered.
[Midd4VCServer] Vehicle veh37 already registered.
[Midd4VCServer] job received: b7cc4da5-4fdc-4fcc-9045-b7134848ba2a
[Midd4VC] Job c72afb59-0b5c-4ad5-a489-ee9d921c98c6 timed out. Re-enqueueing.
[Midd4VC] Job 46019a87-ce39-4f94-af40-fe6f9c5a021c timed out. Re-enqueueing.
[Midd4VCServer] Assigning job 46019a87-ce39-4f94-af40-fe6f9c5a021c to vehicle veh3
[Midd4VCServer] Assigning job c72afb59-0b5c-4ad5-a489-ee9d921c98c6 to vehicle veh13
[Midd4VCServer] Assigning job b7cc4da5-4fdc-4fcc-9045-b7134848ba2a to vehicle veh40
[Midd4VCServer] job b7cc4da5-4fdc-4fcc-9045-b7134848ba2a completed by vehicle veh40
[Midd4VCServer] job received: 485c38f9-e1de-4def-90fd-aafde3a45624
[Midd4VCServer] Assigning job 485c38f9-e1de-4def-90fd-aafde3a45624 to vehicle veh23
[Midd4VCServer] Vehicle veh30 already registered.
[Midd4VCServer] Vehicle veh11 already registered.
[Midd4VCServer] Vehicle veh15 already registered.
[Midd4VCServer] Vehicle veh21 already registered.
[Midd4VCServer] job received: 73fcebc2-3463-4ae7-be72-a79af2aa3742
[Midd4VC] Job 52d9b8e3-cc19-4125-ac65-4f838ca28c62 timed out. Re-enqueueing.
[Midd4VC] Job 9debaf98-2551-433f-ba9d-3dea85fcc4b1 timed out. Re-enqueueing.
[Midd4VC] Job afa09b1c-c323-445b-bb64-2894850250c0 timed out. Re-enqueueing.
[Midd4VCServer] Assigning job afa09b1c-c323-445b-bb64-2894850250c0 to vehicle veh37
[Midd4VCServer] Assigning job 9debaf98-2551-433f-ba9d-3dea85fcc4b1 to vehicle veh36
[Midd4VCServer] Assigning job 52d9b8e3-cc19-4125-ac65-4f838ca28c62 to vehicle veh19
[Midd4VCServer] Assigning job 73fcebc2-3463-4ae7-be72-a79af2aa3742 to vehicle veh9
[Midd4VCServer] job 73fcebc2-3463-4ae7-be72-a79af2aa3742 completed by vehicle veh9
[Midd4VCServer] job received: e95af705-ca63-40e8-8131-2c0d456e5d64
[Midd4VCServer] Assigning job e95af705-ca63-40e8-8131-2c0d456e5d64 to vehicle veh33
[Midd4VCServer] job e95af705-ca63-40e8-8131-2c0d456e5d64 completed by vehicle veh33
[Midd4VCServer] job received: e58317a9-8082-41d1-a1c2-b3670c5c1c3b
[Midd4VCServer] Assigning job e58317a9-8082-41d1-a1c2-b3670c5c1c3b to vehicle veh1
[Midd4VCServer] job received: 4cb814c5-7fdf-4fa4-a6ad-a2db9d4fd2c8
[Midd4VCServer] Assigning job 4cb814c5-7fdf-4fa4-a6ad-a2db9d4fd2c8 to vehicle veh28
[Midd4VCServer] job received: cf57dddd-965a-4162-9402-5a391423d711
[Midd4VCServer] Assigning job cf57dddd-965a-4162-9402-5a391423d711 to vehicle veh29
[Midd4VCServer] job cf57dddd-965a-4162-9402-5a391423d711 completed by vehicle veh29
[Midd4VCServer] job received: 60f0b82a-1745-482e-b2da-ade4e1566215
[Midd4VCServer] Assigning job 60f0b82a-1745-482e-b2da-ade4e1566215 to vehicle veh7
[Midd4VCServer] Vehicle veh20 already registered.
[Midd4VCServer] job received: 2a57fd4f-661e-48b0-bd3e-fc827f0056da
[Midd4VC] Job 528cfff6-d755-479e-ad4b-9238d4061f14 timed out. Re-enqueueing.
[Midd4VCServer] Assigning job 528cfff6-d755-479e-ad4b-9238d4061f14 to vehicle veh14
[Midd4VCServer] Assigning job 2a57fd4f-661e-48b0-bd3e-fc827f0056da to vehicle veh24
[Midd4VCServer] Vehicle veh23 already registered.
[Midd4VCServer] job received: 9282cd20-59ed-4e10-bdf3-0488532c8167
[Midd4VC] Job 33f9243c-f4eb-4423-a9fc-ccb7acc9dbdb timed out. Re-enqueueing.
[Midd4VCServer] Assigning job 33f9243c-f4eb-4423-a9fc-ccb7acc9dbdb to vehicle veh38
[Midd4VCServer] Assigning job 9282cd20-59ed-4e10-bdf3-0488532c8167 to vehicle veh12
[Midd4VCServer] job 33f9243c-f4eb-4423-a9fc-ccb7acc9dbdb completed by vehicle veh38
[Midd4VCServer] job 9282cd20-59ed-4e10-bdf3-0488532c8167 completed by vehicle veh12
[Midd4VCServer] job received: b0c51f67-2a85-4bb8-aabb-c65de58b1cf4
[Midd4VCServer] Assigning job b0c51f67-2a85-4bb8-aabb-c65de58b1cf4 to vehicle veh38
[Midd4VCServer] job b0c51f67-2a85-4bb8-aabb-c65de58b1cf4 completed by vehicle veh38
[Midd4VCServer] Vehicle veh36 already registered.
[Midd4VCServer] Vehicle veh17 already registered.
[Midd4VCServer] Vehicle veh15 already registered.
[Midd4VCServer] Vehicle veh13 already registered.
[Midd4VCServer] Vehicle veh28 already registered.
[Midd4VCServer] Vehicle veh21 already registered.
[Midd4VCServer] Vehicle veh40 already registered.
[Midd4VCServer] Vehicle veh1 already registered.
[Midd4VCServer] job received: 499df84c-c44b-40d6-b93e-0623fb71db24
[Midd4VCServer] Assigning job 499df84c-c44b-40d6-b93e-0623fb71db24 to vehicle veh38
[Midd4VCServer] job 499df84c-c44b-40d6-b93e-0623fb71db24 completed by vehicle veh38
[Midd4VCServer] job received: 156a1e91-829c-46d3-977a-57c27aaf724e
[Midd4VCServer] Assigning job 156a1e91-829c-46d3-977a-57c27aaf724e to vehicle veh38
[Midd4VCServer] job 156a1e91-829c-46d3-977a-57c27aaf724e completed by vehicle veh38
[Midd4VCServer] job received: 86197dc5-448c-4132-8e60-4daac786337f
[Midd4VCServer] Assigning job 86197dc5-448c-4132-8e60-4daac786337f to vehicle veh11
[Midd4VCServer] job received: 93dce3ee-fc58-442a-943e-b9af0bca3828
[Midd4VCServer] Assigning job 93dce3ee-fc58-442a-943e-b9af0bca3828 to vehicle veh4
[Midd4VCServer] job received: fadc5de6-aa72-40b6-aed0-875a3ef5e996
[Midd4VC] Job 4b2da65d-8e1f-450c-a0ab-65737ff487a9 timed out. Re-enqueueing.
[Midd4VC] Job 57fd47d6-b4c1-43cc-9049-ba568237ad59 timed out. Re-enqueueing.
[Midd4VC] Job bf9bb9a7-b83b-4c73-a27a-7a1ce000a4b0 timed out. Re-enqueueing.
[Midd4VC] Job 9b8db0b5-8e19-45ee-b99e-398bf684a80c timed out. Re-enqueueing.
[Midd4VCServer] Assigning job 9b8db0b5-8e19-45ee-b99e-398bf684a80c to vehicle veh16
[Midd4VCServer] Assigning job bf9bb9a7-b83b-4c73-a27a-7a1ce000a4b0 to vehicle veh21
[Midd4VCServer] Assigning job 57fd47d6-b4c1-43cc-9049-ba568237ad59 to vehicle veh34
[Midd4VCServer] Assigning job 4b2da65d-8e1f-450c-a0ab-65737ff487a9 to vehicle veh18
[Midd4VCServer] Assigning job fadc5de6-aa72-40b6-aed0-875a3ef5e996 to vehicle veh25
[Midd4VCServer] job bf9bb9a7-b83b-4c73-a27a-7a1ce000a4b0 completed by vehicle veh21
[Midd4VCServer] Vehicle veh24 already registered.
[Midd4VCServer] Vehicle veh15 already registered.
[Midd4VCServer] job received: f4779399-20cd-4d0f-ad21-a115f8da2ee5
[Midd4VC] Job c91f81b6-7aa8-41ec-850e-001ec0e39893 timed out. Re-enqueueing.
[Midd4VC] Job 5d39eedd-1dd3-4f38-a1fc-318f13d67013 timed out. Re-enqueueing.
[Midd4VC] Job e6e60194-6256-4d0e-95ff-30e74698eae0 timed out. Re-enqueueing.
[Midd4VCServer] Assigning job e6e60194-6256-4d0e-95ff-30e74698eae0 to vehicle veh21
[Midd4VCServer] Assigning job 5d39eedd-1dd3-4f38-a1fc-318f13d67013 to vehicle veh35
[Midd4VCServer] Assigning job c91f81b6-7aa8-41ec-850e-001ec0e39893 to vehicle veh31
[Midd4VCServer] Assigning job f4779399-20cd-4d0f-ad21-a115f8da2ee5 to vehicle veh8
[Midd4VCServer] job e6e60194-6256-4d0e-95ff-30e74698eae0 completed by vehicle veh21
[Midd4VCServer] Vehicle veh11 already registered.
[Midd4VCServer] job received: 5238fdc3-01e1-4c45-a64d-34cee0f754ee
[Midd4VCServer] Assigning job 5238fdc3-01e1-4c45-a64d-34cee0f754ee to vehicle veh21
[Midd4VCServer] job 5238fdc3-01e1-4c45-a64d-34cee0f754ee completed by vehicle veh21
[Midd4VCServer] job received: 942e98dd-c9a5-46e8-8aed-a3ff3db40afa
[Midd4VCServer] Assigning job 942e98dd-c9a5-46e8-8aed-a3ff3db40afa to vehicle veh21
[Midd4VCServer] job 942e98dd-c9a5-46e8-8aed-a3ff3db40afa completed by vehicle veh21
[Midd4VCServer] job received: 7d3c3594-7ba5-4f02-9cb6-2d589a7e75d4
[Midd4VCServer] Assigning job 7d3c3594-7ba5-4f02-9cb6-2d589a7e75d4 to vehicle veh40
[Midd4VCServer] job 7d3c3594-7ba5-4f02-9cb6-2d589a7e75d4 completed by vehicle veh40
[Midd4VCServer] Vehicle veh4 already registered.
[Midd4VCServer] Vehicle veh25 already registered.
[Midd4VCServer] Vehicle veh33 already registered.
[Midd4VCServer] job received: bf70faeb-fc74-4856-995f-3bc59f3c3183
[Midd4VC] Job 8d6a479c-e4f1-4e94-b776-e18bf27d8cff timed out. Re-enqueueing.
[Midd4VC] Job 29f8696d-ffa6-4bc0-994e-4ea0c7b25b5b timed out. Re-enqueueing.
[Midd4VC] Job af93ed3e-6ade-4779-828d-6551dfbb2fe5 timed out. Re-enqueueing.
[Midd4VCServer] Assigning job af93ed3e-6ade-4779-828d-6551dfbb2fe5 to vehicle veh10
[Midd4VCServer] Assigning job 29f8696d-ffa6-4bc0-994e-4ea0c7b25b5b to vehicle veh32
[Midd4VCServer] Assigning job 8d6a479c-e4f1-4e94-b776-e18bf27d8cff to vehicle veh30
[Midd4VCServer] Assigning job bf70faeb-fc74-4856-995f-3bc59f3c3183 to vehicle veh9
[Midd4VCServer] job 8d6a479c-e4f1-4e94-b776-e18bf27d8cff completed by vehicle veh30
[Midd4VCServer] Vehicle veh37 already registered.
[Midd4VCServer] job received: d9e67248-5e9f-483e-9580-83ef3d331bd3
[Midd4VC] Job a96fca9c-101e-4414-87e7-ead61d0768f1 timed out. Re-enqueueing.
[Midd4VCServer] Assigning job a96fca9c-101e-4414-87e7-ead61d0768f1 to vehicle veh5
[Midd4VCServer] Assigning job d9e67248-5e9f-483e-9580-83ef3d331bd3 to vehicle veh30
[Midd4VCServer] job received: 2415357c-04ed-4323-bc00-1ed3da77766f
[Midd4VCServer] Assigning job 2415357c-04ed-4323-bc00-1ed3da77766f to vehicle veh20
[Midd4VCServer] job 2415357c-04ed-4323-bc00-1ed3da77766f completed by vehicle veh20
[Midd4VCServer] job received: dbd12fa5-5536-43a4-a4a8-272b0a1c2f39
[Midd4VCServer] Assigning job dbd12fa5-5536-43a4-a4a8-272b0a1c2f39 to vehicle veh33
[Midd4VCServer] job dbd12fa5-5536-43a4-a4a8-272b0a1c2f39 completed by vehicle veh33
[Midd4VCServer] Vehicle veh17 already registered.
[Midd4VCServer] Vehicle veh20 already registered.
[Midd4VCServer] Vehicle veh14 already registered.
[Midd4VCServer] Vehicle veh32 already registered.
[Midd4VCServer] job received: e8ff2b40-e3ff-4d0e-8bc0-5a3aee0a3a8b
[Midd4VCServer] Assigning job e8ff2b40-e3ff-4d0e-8bc0-5a3aee0a3a8b to vehicle veh21
[Midd4VCServer] job e8ff2b40-e3ff-4d0e-8bc0-5a3aee0a3a8b completed by vehicle veh21
[Midd4VCServer] job received: 58745d2c-440c-4a55-a8f7-b88df3d2b738
[Midd4VCServer] Assigning job 58745d2c-440c-4a55-a8f7-b88df3d2b738 to vehicle veh29
[Midd4VCServer] Vehicle veh38 already registered.
[Midd4VCServer] Vehicle veh39 already registered.
[Midd4VCServer] Vehicle veh36 already registered.
[Midd4VCServer] job received: f0c20f00-79b7-4f1d-a915-8e3d75843c7a
[Midd4VC] Job 7a3a426b-26ac-4484-b2ff-61a67622605a timed out. Re-enqueueing.
[Midd4VC] Job 8df0a4e9-c396-4145-8bfd-7e6f8a9815fe timed out. Re-enqueueing.
[Midd4VCServer] Assigning job 8df0a4e9-c396-4145-8bfd-7e6f8a9815fe to vehicle veh22
[Midd4VCServer] Assigning job 7a3a426b-26ac-4484-b2ff-61a67622605a to vehicle veh26
[Midd4VCServer] Assigning job f0c20f00-79b7-4f1d-a915-8e3d75843c7a to vehicle veh17
[Midd4VCServer] job f0c20f00-79b7-4f1d-a915-8e3d75843c7a completed by vehicle veh17
[Midd4VCServer] job received: a740d2ef-4f3f-4b75-adac-603ed0385294
[Midd4VCServer] Assigning job a740d2ef-4f3f-4b75-adac-603ed0385294 to vehicle veh38
[Midd4VCServer] job a740d2ef-4f3f-4b75-adac-603ed0385294 completed by vehicle veh38
[Midd4VCServer] job received: 1827bf1a-640a-4d13-a396-41cc3561003d
[Midd4VCServer] Assigning job 1827bf1a-640a-4d13-a396-41cc3561003d to vehicle veh12
[Midd4VCServer] Vehicle veh3 already registered.
[Midd4VCServer] job received: 511b16dc-a95c-410e-bae4-b5dab89e227d
[Midd4VCServer] Assigning job 511b16dc-a95c-410e-bae4-b5dab89e227d to vehicle veh2
[Midd4VCServer] job 511b16dc-a95c-410e-bae4-b5dab89e227d completed by vehicle veh2
[Midd4VCServer] Vehicle veh2 already registered.
[Midd4VCServer] job received: 0912e0e3-d218-4158-9577-b942d82d618f
[Midd4VCServer] Assigning job 0912e0e3-d218-4158-9577-b942d82d618f to vehicle veh6
[Midd4VCServer] Vehicle veh23 already registered.
[Midd4VCServer] Vehicle veh10 already registered.
[Midd4VCServer] Vehicle veh31 already registered.
[Midd4VCServer] Vehicle veh22 already registered.
[Midd4VCServer] Vehicle veh35 already registered.
[Midd4VCServer] Vehicle veh19 already registered.
[Midd4VCServer] Vehicle veh30 already registered.
[Midd4VCServer] job received: 26a6b8df-357a-4692-9c4a-bbb2c33cac69
[Midd4VC] Job fabce894-cd55-431c-8cf6-e43b0b6959fd timed out. Re-enqueueing.
[Midd4VC] Job eb08f04b-ed0a-4dda-b33a-3fe4ee8e45eb timed out. Re-enqueueing.
[Midd4VCServer] Assigning job eb08f04b-ed0a-4dda-b33a-3fe4ee8e45eb to vehicle veh15
[Midd4VCServer] Assigning job fabce894-cd55-431c-8cf6-e43b0b6959fd to vehicle veh27
[Midd4VCServer] Assigning job 26a6b8df-357a-4692-9c4a-bbb2c33cac69 to vehicle veh40
[Midd4VCServer] job 26a6b8df-357a-4692-9c4a-bbb2c33cac69 completed by vehicle veh40
[Midd4VCServer] job received: 14a7e322-bee0-49e4-a57a-38818eb3a2e7
[Midd4VCServer] Assigning job 14a7e322-bee0-49e4-a57a-38818eb3a2e7 to vehicle veh39
[Midd4VCServer] job received: df9a5024-444e-48ce-ac88-d5d9c21dee25
[Midd4VCServer] Assigning job df9a5024-444e-48ce-ac88-d5d9c21dee25 to vehicle veh20
[Midd4VCServer] job df9a5024-444e-48ce-ac88-d5d9c21dee25 completed by vehicle veh20
[Midd4VCServer] Vehicle veh26 already registered.
[Midd4VCServer] Vehicle veh31 already registered.
[Midd4VCServer] Vehicle veh13 already registered.
[Midd4VCServer] Vehicle veh8 already registered.
[Midd4VCServer] job received: 3e921500-8c44-4629-87da-0228f4439923
[Midd4VCServer] Assigning job 3e921500-8c44-4629-87da-0228f4439923 to vehicle veh33
[Midd4VCServer] Vehicle veh4 already registered.
[Midd4VCServer] Vehicle veh3 already registered.
[Midd4VCServer] job received: 484de936-6cb4-4e1f-9a25-05c4d5f1817c
[Midd4VCServer] Assigning job 484de936-6cb4-4e1f-9a25-05c4d5f1817c to vehicle veh21
[Midd4VCServer] job received: c17031ef-941f-4d8a-ae55-93dd446a6213
[Midd4VCServer] Assigning job c17031ef-941f-4d8a-ae55-93dd446a6213 to vehicle veh17
[Midd4VCServer] Vehicle veh18 already registered.
[Midd4VCServer] job received: 6dd312a3-dd8f-4863-a7ce-83a26d76da56
[Midd4VCServer] Assigning job 6dd312a3-dd8f-4863-a7ce-83a26d76da56 to vehicle veh38
[Midd4VCServer] job received: 2ebfc0a5-a4d5-485d-9855-2722ba6d1702
[Midd4VCServer] Assigning job 2ebfc0a5-a4d5-485d-9855-2722ba6d1702 to vehicle veh2
[Midd4VCServer] job received: cb7e68a0-1b77-474f-b9d7-178280c88db0
[Midd4VCServer] Assigning job cb7e68a0-1b77-474f-b9d7-178280c88db0 to vehicle veh40
[Midd4VCServer] job cb7e68a0-1b77-474f-b9d7-178280c88db0 completed by vehicle veh40
[Midd4VCServer] Vehicle veh24 already registered.
[Midd4VCServer] Vehicle veh11 already registered.
[Midd4VCServer] Vehicle veh2 already registered.
[Midd4VCServer] Vehicle veh37 already registered.
[Midd4VCServer] job received: 5e8ab7ea-e7b9-4906-ab48-0a26a0605644
[Midd4VCServer] Assigning job 5e8ab7ea-e7b9-4906-ab48-0a26a0605644 to vehicle veh20
[Midd4VCServer] job 5e8ab7ea-e7b9-4906-ab48-0a26a0605644 completed by vehicle veh20
[Midd4VCServer] job received: b7a56590-1b94-4d37-99a2-addca781af75
[Midd4VC] Job 46019a87-ce39-4f94-af40-fe6f9c5a021c timed out. Re-enqueueing.
[Midd4VC] Job c72afb59-0b5c-4ad5-a489-ee9d921c98c6 timed out. Re-enqueueing.
[Midd4VC] Job 485c38f9-e1de-4def-90fd-aafde3a45624 timed out. Re-enqueueing.
[Midd4VCServer] Assigning job 485c38f9-e1de-4def-90fd-aafde3a45624 to vehicle veh3
[Midd4VCServer] Assigning job c72afb59-0b5c-4ad5-a489-ee9d921c98c6 to vehicle veh13
[Midd4VCServer] Assigning job 46019a87-ce39-4f94-af40-fe6f9c5a021c to vehicle veh23
[Midd4VCServer] Assigning job b7a56590-1b94-4d37-99a2-addca781af75 to vehicle veh40
[Midd4VCServer] job b7a56590-1b94-4d37-99a2-addca781af75 completed by vehicle veh40
[Midd4VCServer] job received: 6fa7cd7d-9c6a-42e9-bbd2-2a481e4b7b06
[Midd4VCServer] Assigning job 6fa7cd7d-9c6a-42e9-bbd2-2a481e4b7b06 to vehicle veh20
[Midd4VCServer] job 6fa7cd7d-9c6a-42e9-bbd2-2a481e4b7b06 completed by vehicle veh20
[Midd4VCServer] job received: 0b9a6900-0dd0-41b9-8a70-a4773992c0a6
[Midd4VCServer] Assigning job 0b9a6900-0dd0-41b9-8a70-a4773992c0a6 to vehicle veh40
[Midd4VCServer] job 0b9a6900-0dd0-41b9-8a70-a4773992c0a6 completed by vehicle veh40
[Midd4VCServer] Vehicle veh12 already registered.
[Midd4VCServer] Vehicle veh33 already registered.
[Midd4VCServer] job received: 4b42aff0-8686-4194-bbbc-f56acd427035
[Midd4VC] Job afa09b1c-c323-445b-bb64-2894850250c0 timed out. Re-enqueueing.
[Midd4VC] Job 9debaf98-2551-433f-ba9d-3dea85fcc4b1 timed out. Re-enqueueing.
[Midd4VC] Job 52d9b8e3-cc19-4125-ac65-4f838ca28c62 timed out. Re-enqueueing.
[Midd4VC] Job e58317a9-8082-41d1-a1c2-b3670c5c1c3b timed out. Re-enqueueing.
[Midd4VCServer] Assigning job e58317a9-8082-41d1-a1c2-b3670c5c1c3b to vehicle veh37
[Midd4VCServer] Assigning job 52d9b8e3-cc19-4125-ac65-4f838ca28c62 to vehicle veh36
[Midd4VCServer] Assigning job 9debaf98-2551-433f-ba9d-3dea85fcc4b1 to vehicle veh19
[Midd4VCServer] Assigning job afa09b1c-c323-445b-bb64-2894850250c0 to vehicle veh1
[Midd4VCServer] Assigning job 4b42aff0-8686-4194-bbbc-f56acd427035 to vehicle veh20
[Midd4VCServer] job 9debaf98-2551-433f-ba9d-3dea85fcc4b1 completed by vehicle veh19
[Midd4VCServer] job 4b42aff0-8686-4194-bbbc-f56acd427035 completed by vehicle veh20
[Midd4VCServer] Vehicle veh7 already registered.
[Midd4VCServer] Vehicle veh21 already registered.
[Midd4VCServer] Vehicle veh34 already registered.
[Midd4VCServer] job received: 406f74a4-2b3b-4bf2-8b84-e5268ee9aaf7
[Midd4VC] Job 4cb814c5-7fdf-4fa4-a6ad-a2db9d4fd2c8 timed out. Re-enqueueing.
[Midd4VC] Job 60f0b82a-1745-482e-b2da-ade4e1566215 timed out. Re-enqueueing.
[Midd4VC] Job 528cfff6-d755-479e-ad4b-9238d4061f14 timed out. Re-enqueueing.
[Midd4VC] Job 2a57fd4f-661e-48b0-bd3e-fc827f0056da timed out. Re-enqueueing.
[Midd4VCServer] Assigning job 2a57fd4f-661e-48b0-bd3e-fc827f0056da to vehicle veh14
[Midd4VCServer] Assigning job 528cfff6-d755-479e-ad4b-9238d4061f14 to vehicle veh19
[Midd4VCServer] Assigning job 60f0b82a-1745-482e-b2da-ade4e1566215 to vehicle veh28
[Midd4VCServer] Assigning job 4cb814c5-7fdf-4fa4-a6ad-a2db9d4fd2c8 to vehicle veh7
[Midd4VCServer] Assigning job 406f74a4-2b3b-4bf2-8b84-e5268ee9aaf7 to vehicle veh24
[Midd4VCServer] job 528cfff6-d755-479e-ad4b-9238d4061f14 completed by vehicle veh19
[Midd4VCServer] job 4cb814c5-7fdf-4fa4-a6ad-a2db9d4fd2c8 completed by vehicle veh7
[Midd4VCServer] job 406f74a4-2b3b-4bf2-8b84-e5268ee9aaf7 completed by vehicle veh24
[Midd4VCServer] job received: 38812db5-e0d8-432b-8104-a1bc159554b5
[Midd4VCServer] Assigning job 38812db5-e0d8-432b-8104-a1bc159554b5 to vehicle veh19
[Midd4VCServer] job 38812db5-e0d8-432b-8104-a1bc159554b5 completed by vehicle veh19
[Midd4VCServer] Vehicle veh29 already registered.
[Midd4VCServer] Vehicle veh8 already registered.
[Midd4VCServer] Vehicle veh5 already registered.
[Midd4VCServer] Vehicle veh14 already registered.
[Midd4VCServer] Vehicle veh17 already registered.
[Midd4VCServer] job received: 61f23a13-dd3b-49fe-b79f-9cfe25016a47
[Midd4VCServer] Assigning job 61f23a13-dd3b-49fe-b79f-9cfe25016a47 to vehicle veh19
[Midd4VCServer] job 61f23a13-dd3b-49fe-b79f-9cfe25016a47 completed by vehicle veh19
[Midd4VCServer] Vehicle veh35 already registered.
[Midd4VCServer] Vehicle veh16 already registered.
[Midd4VCServer] Vehicle veh1 already registered.
[Midd4VCServer] job received: c053c09c-05f3-4c3b-9382-61068efbd83a
[Midd4VCServer] Assigning job c053c09c-05f3-4c3b-9382-61068efbd83a to vehicle veh7
[Midd4VCServer] job c053c09c-05f3-4c3b-9382-61068efbd83a completed by vehicle veh7
[Midd4VCServer] job received: ba29039e-9f50-4c33-9989-5f2ec80ee30d
[Midd4VCServer] Assigning job ba29039e-9f50-4c33-9989-5f2ec80ee30d to vehicle veh24
[Midd4VCServer] job ba29039e-9f50-4c33-9989-5f2ec80ee30d completed by vehicle veh24
[Midd4VCServer] Vehicle veh38 already registered.
[Midd4VCServer] Vehicle veh22 already registered.
[Midd4VCServer] Vehicle veh39 already registered.
[Midd4VCServer] job received: 391154d8-42a2-4cb2-87a8-42058829dcb7
[Midd4VCServer] Assigning job 391154d8-42a2-4cb2-87a8-42058829dcb7 to vehicle veh19
[Midd4VCServer] job 391154d8-42a2-4cb2-87a8-42058829dcb7 completed by vehicle veh19
[Midd4VCServer] job received: de3a3fcf-6515-4651-a6d6-6005f287f5d2
[Midd4VCServer] Assigning job de3a3fcf-6515-4651-a6d6-6005f287f5d2 to vehicle veh7
[Midd4VCServer] Vehicle veh14 already registered.
[Midd4VCServer] Vehicle veh9 already registered.
[Midd4VCServer] job received: 5287bf30-6632-42b9-955d-434bbab785ff
[Midd4VCServer] Assigning job 5287bf30-6632-42b9-955d-434bbab785ff to vehicle veh24
[Midd4VCServer] job 5287bf30-6632-42b9-955d-434bbab785ff completed by vehicle veh24
[Midd4VCServer] job received: dbbf6fc4-7b3a-432c-bdc5-3219952e8b8b
[Midd4VC] Job 86197dc5-448c-4132-8e60-4daac786337f timed out. Re-enqueueing.
[Midd4VCServer] Assigning job 86197dc5-448c-4132-8e60-4daac786337f to vehicle veh11
[Midd4VCServer] Assigning job dbbf6fc4-7b3a-432c-bdc5-3219952e8b8b to vehicle veh19
[Midd4VCServer] job dbbf6fc4-7b3a-432c-bdc5-3219952e8b8b completed by vehicle veh19
[Midd4VCServer] job 86197dc5-448c-4132-8e60-4daac786337f completed by vehicle veh11
[Midd4VCServer] job received: ecfa7f1e-f126-4e38-bc51-4c5aace3ce04
[Midd4VCServer] Assigning job ecfa7f1e-f126-4e38-bc51-4c5aace3ce04 to vehicle veh11
[Midd4VCServer] job ecfa7f1e-f126-4e38-bc51-4c5aace3ce04 completed by vehicle veh11
[Midd4VCServer] Vehicle veh3 already registered.
[Midd4VCServer] Vehicle veh7 already registered.
[Midd4VCServer] job received: 5d5d23fe-02d4-4818-9c09-a89f27dd142f
[Midd4VC] Job 93dce3ee-fc58-442a-943e-b9af0bca3828 timed out. Re-enqueueing.
[Midd4VC] Job 9b8db0b5-8e19-45ee-b99e-398bf684a80c timed out. Re-enqueueing.
[Midd4VC] Job 57fd47d6-b4c1-43cc-9049-ba568237ad59 timed out. Re-enqueueing.
[Midd4VC] Job 4b2da65d-8e1f-450c-a0ab-65737ff487a9 timed out. Re-enqueueing.
[Midd4VC] Job fadc5de6-aa72-40b6-aed0-875a3ef5e996 timed out. Re-enqueueing.
[Midd4VC] Job 5d39eedd-1dd3-4f38-a1fc-318f13d67013 timed out. Re-enqueueing.
[Midd4VC] Job c91f81b6-7aa8-41ec-850e-001ec0e39893 timed out. Re-enqueueing.
[Midd4VC] Job f4779399-20cd-4d0f-ad21-a115f8da2ee5 timed out. Re-enqueueing.
[Midd4VCServer] Assigning job f4779399-20cd-4d0f-ad21-a115f8da2ee5 to vehicle veh16
[Midd4VCServer] Assigning job c91f81b6-7aa8-41ec-850e-001ec0e39893 to vehicle veh34
[Midd4VCServer] Assigning job 5d39eedd-1dd3-4f38-a1fc-318f13d67013 to vehicle veh18
[Midd4VCServer] Assigning job fadc5de6-aa72-40b6-aed0-875a3ef5e996 to vehicle veh35
[Midd4VCServer] Assigning job 4b2da65d-8e1f-450c-a0ab-65737ff487a9 to vehicle veh31
[Midd4VCServer] Assigning job 57fd47d6-b4c1-43cc-9049-ba568237ad59 to vehicle veh8
[Midd4VCServer] Assigning job 9b8db0b5-8e19-45ee-b99e-398bf684a80c to vehicle veh4
[Midd4VCServer] Assigning job 93dce3ee-fc58-442a-943e-b9af0bca3828 to vehicle veh25
[Midd4VCServer] Assigning job 5d5d23fe-02d4-4818-9c09-a89f27dd142f to vehicle veh11
[Midd4VCServer] job 5d5d23fe-02d4-4818-9c09-a89f27dd142f completed by vehicle veh11
[Midd4VCServer] job 4b2da65d-8e1f-450c-a0ab-65737ff487a9 completed by vehicle veh31
[Midd4VCServer] Vehicle veh23 already registered.
[Midd4VCServer] Vehicle veh31 already registered.
[Midd4VCServer] job received: f957846a-b934-4ed2-9aa5-2abba9dc0a40
[Midd4VCServer] Assigning job f957846a-b934-4ed2-9aa5-2abba9dc0a40 to vehicle veh31
[Midd4VCServer] job f957846a-b934-4ed2-9aa5-2abba9dc0a40 completed by vehicle veh31
[Midd4VCServer] job received: 2677f296-6547-489c-a067-61d8f419901a
[Midd4VCServer] Assigning job 2677f296-6547-489c-a067-61d8f419901a to vehicle veh31
[Midd4VCServer] job 2677f296-6547-489c-a067-61d8f419901a completed by vehicle veh31
[Midd4VCServer] Vehicle veh27 already registered.
[Midd4VCServer] job received: 7c271591-b777-4502-8b35-95e542e5130a
[Midd4VCServer] Assigning job 7c271591-b777-4502-8b35-95e542e5130a to vehicle veh31
[Midd4VCServer] job 7c271591-b777-4502-8b35-95e542e5130a completed by vehicle veh31
[Midd4VCServer] job received: de83b9fc-a7ec-4085-90df-86215ab17ab3
[Midd4VCServer] Assigning job de83b9fc-a7ec-4085-90df-86215ab17ab3 to vehicle veh24
[Midd4VCServer] Vehicle veh6 already registered.
[Midd4VCServer] job received: 8154e5c2-5a5d-4b01-b9c6-a944386c9c9d
[Midd4VC] Job af93ed3e-6ade-4779-828d-6551dfbb2fe5 timed out. Re-enqueueing.
[Midd4VC] Job 29f8696d-ffa6-4bc0-994e-4ea0c7b25b5b timed out. Re-enqueueing.
[Midd4VC] Job bf70faeb-fc74-4856-995f-3bc59f3c3183 timed out. Re-enqueueing.
[Midd4VCServer] Assigning job bf70faeb-fc74-4856-995f-3bc59f3c3183 to vehicle veh10
[Midd4VCServer] Assigning job 29f8696d-ffa6-4bc0-994e-4ea0c7b25b5b to vehicle veh32
[Midd4VCServer] Assigning job af93ed3e-6ade-4779-828d-6551dfbb2fe5 to vehicle veh9
[Midd4VCServer] Assigning job 8154e5c2-5a5d-4b01-b9c6-a944386c9c9d to vehicle veh31
[Midd4VCServer] job af93ed3e-6ade-4779-828d-6551dfbb2fe5 completed by vehicle veh9
[Midd4VCServer] Vehicle veh34 already registered.
[Midd4VCServer] Vehicle veh7 already registered.
[Midd4VCServer] Vehicle veh33 already registered.
[Midd4VCServer] job received: 949b676a-fc0f-44fc-af56-9331f97d0f4b
[Midd4VC] Job a96fca9c-101e-4414-87e7-ead61d0768f1 timed out. Re-enqueueing.
[Midd4VC] Job d9e67248-5e9f-483e-9580-83ef3d331bd3 timed out. Re-enqueueing.
[Midd4VCServer] Assigning job d9e67248-5e9f-483e-9580-83ef3d331bd3 to vehicle veh5
[Midd4VCServer] Assigning job a96fca9c-101e-4414-87e7-ead61d0768f1 to vehicle veh30
[Midd4VCServer] Assigning job 949b676a-fc0f-44fc-af56-9331f97d0f4b to vehicle veh9
[Midd4VCServer] job d9e67248-5e9f-483e-9580-83ef3d331bd3 completed by vehicle veh5
[Midd4VCServer] job 949b676a-fc0f-44fc-af56-9331f97d0f4b completed by vehicle veh9
[Midd4VCServer] Vehicle veh14 already registered.
[Midd4VCServer] job received: cbd49e75-3800-4ba4-8757-76677ff4fa4d
[Midd4VCServer] Assigning job cbd49e75-3800-4ba4-8757-76677ff4fa4d to vehicle veh5
[Midd4VCServer] job cbd49e75-3800-4ba4-8757-76677ff4fa4d completed by vehicle veh5
[Midd4VCServer] Vehicle veh22 already registered.
[Midd4VCServer] job received: 3544f584-71ba-472d-a8d8-a985382cac04
[Midd4VCServer] Assigning job 3544f584-71ba-472d-a8d8-a985382cac04 to vehicle veh5
[Midd4VCServer] job 3544f584-71ba-472d-a8d8-a985382cac04 completed by vehicle veh5
[Midd4VCServer] job received: 5528ef0d-353c-494d-9cbb-adb0abb29937
[Midd4VC] Job 58745d2c-440c-4a55-a8f7-b88df3d2b738 timed out. Re-enqueueing.
[Midd4VCServer] Assigning job 58745d2c-440c-4a55-a8f7-b88df3d2b738 to vehicle veh29
[Midd4VCServer] Assigning job 5528ef0d-353c-494d-9cbb-adb0abb29937 to vehicle veh5
[Midd4VCServer] job 5528ef0d-353c-494d-9cbb-adb0abb29937 completed by vehicle veh5
[Midd4VCServer] Vehicle veh24 already registered.
[Midd4VCServer] Vehicle veh13 already registered.
[Midd4VCServer] Vehicle veh10 already registered.
[Midd4VCServer] job received: d64b7c06-715b-4ed1-803a-0bdc637a5175
[Midd4VC] Job 8df0a4e9-c396-4145-8bfd-7e6f8a9815fe timed out. Re-enqueueing.
[Midd4VC] Job 7a3a426b-26ac-4484-b2ff-61a67622605a timed out. Re-enqueueing.
[Midd4VC] Job 1827bf1a-640a-4d13-a396-41cc3561003d timed out. Re-enqueueing.
[Midd4VCServer] Assigning job 1827bf1a-640a-4d13-a396-41cc3561003d to vehicle veh22
[Midd4VCServer] Assigning job 7a3a426b-26ac-4484-b2ff-61a67622605a to vehicle veh26
[Midd4VCServer] Assigning job 8df0a4e9-c396-4145-8bfd-7e6f8a9815fe to vehicle veh12
[Midd4VCServer] Assigning job d64b7c06-715b-4ed1-803a-0bdc637a5175 to vehicle veh9
[Midd4VCServer] job 1827bf1a-640a-4d13-a396-41cc3561003d completed by vehicle veh22
[Midd4VCServer] job 8df0a4e9-c396-4145-8bfd-7e6f8a9815fe completed by vehicle veh12
[Midd4VCServer] Vehicle veh12 already registered.
[Midd4VCServer] job received: 0c529850-2890-4aeb-a3f2-f380f182c0c2
[Midd4VC] Job 0912e0e3-d218-4158-9577-b942d82d618f timed out. Re-enqueueing.
[Midd4VCServer] Assigning job 0912e0e3-d218-4158-9577-b942d82d618f to vehicle veh22
[Midd4VCServer] Assigning job 0c529850-2890-4aeb-a3f2-f380f182c0c2 to vehicle veh6
[Midd4VCServer] job 0912e0e3-d218-4158-9577-b942d82d618f completed by vehicle veh22
[Midd4VCServer] job received: 9fbf0e69-5341-4bb0-a638-97fe6fdd3a62
[Midd4VCServer] Assigning job 9fbf0e69-5341-4bb0-a638-97fe6fdd3a62 to vehicle veh22
[Midd4VCServer] job 9fbf0e69-5341-4bb0-a638-97fe6fdd3a62 completed by vehicle veh22
[Midd4VCServer] job received: 359856bf-cbef-4436-8a68-a20556a26fb0
[Midd4VCServer] Assigning job 359856bf-cbef-4436-8a68-a20556a26fb0 to vehicle veh22
[Midd4VCServer] job 359856bf-cbef-4436-8a68-a20556a26fb0 completed by vehicle veh22
[Midd4VCServer] job received: 34a98255-8b08-47d5-8335-d0d2552aa5eb
[Midd4VCServer] Assigning job 34a98255-8b08-47d5-8335-d0d2552aa5eb to vehicle veh22
[Midd4VCServer] job 34a98255-8b08-47d5-8335-d0d2552aa5eb completed by vehicle veh22
[Midd4VCServer] Vehicle veh40 already registered.
[Midd4VCServer] Vehicle veh37 already registered.
[Midd4VCServer] job received: 2e6dab06-4933-4269-bf1d-6f58dd4c1524
[Midd4VCServer] Assigning job 2e6dab06-4933-4269-bf1d-6f58dd4c1524 to vehicle veh12
[Midd4VCServer] job 2e6dab06-4933-4269-bf1d-6f58dd4c1524 completed by vehicle veh12
[Midd4VCServer] job received: b39bf38d-e29d-48a9-a018-df8007ddaf4d
[Midd4VC] Job eb08f04b-ed0a-4dda-b33a-3fe4ee8e45eb timed out. Re-enqueueing.
[Midd4VC] Job fabce894-cd55-431c-8cf6-e43b0b6959fd timed out. Re-enqueueing.
[Midd4VC] Job 14a7e322-bee0-49e4-a57a-38818eb3a2e7 timed out. Re-enqueueing.
[Midd4VCServer] Assigning job 14a7e322-bee0-49e4-a57a-38818eb3a2e7 to vehicle veh15
[Midd4VCServer] Assigning job fabce894-cd55-431c-8cf6-e43b0b6959fd to vehicle veh27
[Midd4VCServer] Assigning job eb08f04b-ed0a-4dda-b33a-3fe4ee8e45eb to vehicle veh39
[Midd4VCServer] Assigning job b39bf38d-e29d-48a9-a018-df8007ddaf4d to vehicle veh22
[Midd4VCServer] job b39bf38d-e29d-48a9-a018-df8007ddaf4d completed by vehicle veh22
[Midd4VCServer] job eb08f04b-ed0a-4dda-b33a-3fe4ee8e45eb completed by vehicle veh39
[Midd4VCServer] job received: b9c8af7b-492c-492f-b77f-fde736dca55e
[Midd4VCServer] Assigning job b9c8af7b-492c-492f-b77f-fde736dca55e to vehicle veh39
[Midd4VCServer] job b9c8af7b-492c-492f-b77f-fde736dca55e completed by vehicle veh39
[Midd4VCServer] Vehicle veh27 already registered.
[Midd4VCServer] job received: c3db0253-d604-4386-8736-3502ebc60a09
[Midd4VC] Job 3e921500-8c44-4629-87da-0228f4439923 timed out. Re-enqueueing.
[Midd4VC] Job 484de936-6cb4-4e1f-9a25-05c4d5f1817c timed out. Re-enqueueing.
[Midd4VC] Job c17031ef-941f-4d8a-ae55-93dd446a6213 timed out. Re-enqueueing.
[Midd4VCServer] Assigning job c17031ef-941f-4d8a-ae55-93dd446a6213 to vehicle veh33
[Midd4VCServer] Assigning job 484de936-6cb4-4e1f-9a25-05c4d5f1817c to vehicle veh21
[Midd4VCServer] Assigning job 3e921500-8c44-4629-87da-0228f4439923 to vehicle veh17
[Midd4VCServer] Assigning job c3db0253-d604-4386-8736-3502ebc60a09 to vehicle veh12
[Midd4VCServer] job c17031ef-941f-4d8a-ae55-93dd446a6213 completed by vehicle veh33
[Midd4VCServer] job 484de936-6cb4-4e1f-9a25-05c4d5f1817c completed by vehicle veh21
[Midd4VCServer] job c3db0253-d604-4386-8736-3502ebc60a09 completed by vehicle veh12
[Midd4VCServer] job 3e921500-8c44-4629-87da-0228f4439923 completed by vehicle veh17
[Midd4VCServer] job received: 3ab96e81-225e-4345-a23d-9ba097ba229a
[Midd4VC] Job 6dd312a3-dd8f-4863-a7ce-83a26d76da56 timed out. Re-enqueueing.
[Midd4VC] Job 2ebfc0a5-a4d5-485d-9855-2722ba6d1702 timed out. Re-enqueueing.
[Midd4VCServer] Assigning job 2ebfc0a5-a4d5-485d-9855-2722ba6d1702 to vehicle veh38
[Midd4VCServer] Assigning job 6dd312a3-dd8f-4863-a7ce-83a26d76da56 to vehicle veh2
[Midd4VCServer] Assigning job 3ab96e81-225e-4345-a23d-9ba097ba229a to vehicle veh33
[Midd4VCServer] job 3ab96e81-225e-4345-a23d-9ba097ba229a completed by vehicle veh33
[Midd4VCServer] job received: d6dc4b4a-be68-430a-8477-2946ca83889b
[Midd4VCServer] Assigning job d6dc4b4a-be68-430a-8477-2946ca83889b to vehicle veh21
[Midd4VCServer] job d6dc4b4a-be68-430a-8477-2946ca83889b completed by vehicle veh21
[Midd4VCServer] job received: a926a2fe-2f27-4c79-bcfa-8fadf928dc5c
[Midd4VCServer] Assigning job a926a2fe-2f27-4c79-bcfa-8fadf928dc5c to vehicle veh17
[Midd4VCServer] job a926a2fe-2f27-4c79-bcfa-8fadf928dc5c completed by vehicle veh17
[Midd4VCServer] job received: cd17c148-86c2-4bfc-bfaf-6133509fb3cb
[Midd4VCServer] Assigning job cd17c148-86c2-4bfc-bfaf-6133509fb3cb to vehicle veh11
[Midd4VCServer] job received: 3d395ad3-6e72-4b11-a97a-cea9bd38fc67
[Midd4VCServer] Assigning job 3d395ad3-6e72-4b11-a97a-cea9bd38fc67 to vehicle veh19
[Midd4VCServer] job received: 25f8baa2-fddf-4932-9d49-30f8adf6a581
[Midd4VCServer] Assigning job 25f8baa2-fddf-4932-9d49-30f8adf6a581 to vehicle veh5
[Midd4VCServer] job received: e0ccd3ab-cd18-45c2-80b8-479ef2b3de5c
[Midd4VCServer] Assigning job e0ccd3ab-cd18-45c2-80b8-479ef2b3de5c to vehicle veh39
[Midd4VCServer] job e0ccd3ab-cd18-45c2-80b8-479ef2b3de5c completed by vehicle veh39
[Midd4VCServer] job received: 0a91f25b-d533-4f47-936c-f90cc51e824c
[Midd4VCServer] Assigning job 0a91f25b-d533-4f47-936c-f90cc51e824c to vehicle veh33
[Midd4VCServer] job 0a91f25b-d533-4f47-936c-f90cc51e824c completed by vehicle veh33
[Midd4VCServer] Vehicle veh40 already registered.
[Midd4VCServer] job received: 6319f2f1-4472-4f9c-8540-2b1eb1b314b5
[Midd4VC] Job 485c38f9-e1de-4def-90fd-aafde3a45624 timed out. Re-enqueueing.
[Midd4VC] Job c72afb59-0b5c-4ad5-a489-ee9d921c98c6 timed out. Re-enqueueing.
[Midd4VC] Job 46019a87-ce39-4f94-af40-fe6f9c5a021c timed out. Re-enqueueing.
[Midd4VCServer] Assigning job 46019a87-ce39-4f94-af40-fe6f9c5a021c to vehicle veh3
[Midd4VCServer] Assigning job c72afb59-0b5c-4ad5-a489-ee9d921c98c6 to vehicle veh13
[Midd4VCServer] Assigning job 485c38f9-e1de-4def-90fd-aafde3a45624 to vehicle veh23
[Midd4VCServer] Assigning job 6319f2f1-4472-4f9c-8540-2b1eb1b314b5 to vehicle veh21
[Midd4VCServer] job received: 7c78dcdb-8aee-47b6-85fb-62b90e5a33c7
[Midd4VCServer] Assigning job 7c78dcdb-8aee-47b6-85fb-62b90e5a33c7 to vehicle veh17
[Midd4VCServer] job 7c78dcdb-8aee-47b6-85fb-62b90e5a33c7 completed by vehicle veh17
[Midd4VCServer] job received: 4b44ad83-0b3d-47d3-8655-5423f646d633
[Midd4VC] Job e58317a9-8082-41d1-a1c2-b3670c5c1c3b timed out. Re-enqueueing.
[Midd4VC] Job 52d9b8e3-cc19-4125-ac65-4f838ca28c62 timed out. Re-enqueueing.
[Midd4VC] Job afa09b1c-c323-445b-bb64-2894850250c0 timed out. Re-enqueueing.
[Midd4VC] Job 2a57fd4f-661e-48b0-bd3e-fc827f0056da timed out. Re-enqueueing.
[Midd4VC] Job 60f0b82a-1745-482e-b2da-ade4e1566215 timed out. Re-enqueueing.
[Midd4VCServer] Assigning job 60f0b82a-1745-482e-b2da-ade4e1566215 to vehicle veh37
[Midd4VCServer] Assigning job 2a57fd4f-661e-48b0-bd3e-fc827f0056da to vehicle veh36
[Midd4VCServer] Assigning job afa09b1c-c323-445b-bb64-2894850250c0 to vehicle veh14
[Midd4VCServer] Assigning job 52d9b8e3-cc19-4125-ac65-4f838ca28c62 to vehicle veh1
[Midd4VCServer] Assigning job e58317a9-8082-41d1-a1c2-b3670c5c1c3b to vehicle veh28
[Midd4VCServer] Assigning job 4b44ad83-0b3d-47d3-8655-5423f646d633 to vehicle veh22
[Midd4VCServer] job e58317a9-8082-41d1-a1c2-b3670c5c1c3b completed by vehicle veh28
[Midd4VCServer] job 52d9b8e3-cc19-4125-ac65-4f838ca28c62 completed by vehicle veh1
[Midd4VCServer] job 4b44ad83-0b3d-47d3-8655-5423f646d633 completed by vehicle veh22
[Midd4VCServer] Vehicle veh21 already registered.
[Midd4VCServer] job received: 8089da67-4a71-40c4-998e-3f12b764fcbd
[Midd4VCServer] Assigning job 8089da67-4a71-40c4-998e-3f12b764fcbd to vehicle veh1
[Midd4VCServer] job 8089da67-4a71-40c4-998e-3f12b764fcbd completed by vehicle veh1
[Midd4VCServer] Vehicle veh28 already registered.
[Midd4VCServer] job received: ba52b88c-8319-46a2-a338-36dc478cae05
[Midd4VCServer] Assigning job ba52b88c-8319-46a2-a338-36dc478cae05 to vehicle veh28
[Midd4VCServer] job ba52b88c-8319-46a2-a338-36dc478cae05 completed by vehicle veh28
[Midd4VCServer] Vehicle veh26 already registered.
[Midd4VCServer] Vehicle veh23 already registered.
[Midd4VCServer] Vehicle veh31 already registered.
[Midd4VCServer] job received: 31a1e424-e8ab-4ad3-af3b-ba3cd68f492d
[Midd4VCServer] Assigning job 31a1e424-e8ab-4ad3-af3b-ba3cd68f492d to vehicle veh1
[Midd4VCServer] job 31a1e424-e8ab-4ad3-af3b-ba3cd68f492d completed by vehicle veh1
[Midd4VCServer] Vehicle veh36 already registered.
[Midd4VCServer] job received: a4e9b0fb-dcd4-4a40-9fb4-8c63b2bfa822
[Midd4VCServer] Assigning job a4e9b0fb-dcd4-4a40-9fb4-8c63b2bfa822 to vehicle veh28
[Midd4VCServer] job a4e9b0fb-dcd4-4a40-9fb4-8c63b2bfa822 completed by vehicle veh28
[Midd4VCServer] Vehicle veh6 already registered.
[Midd4VCServer] job received: d5d8b965-1d5c-4ff6-b73c-cc0723a95044
[Midd4VCServer] Assigning job d5d8b965-1d5c-4ff6-b73c-cc0723a95044 to vehicle veh1
[Midd4VCServer] job d5d8b965-1d5c-4ff6-b73c-cc0723a95044 completed by vehicle veh1
[Midd4VCServer] job received: e2299612-6996-4f64-8999-756c87101a20
[Midd4VCServer] Assigning job e2299612-6996-4f64-8999-756c87101a20 to vehicle veh28
[Midd4VCServer] job e2299612-6996-4f64-8999-756c87101a20 completed by vehicle veh28
[Midd4VCServer] job received: f601a0ec-303a-43dd-94cd-b24569e095b6
[Midd4VCServer] Assigning job f601a0ec-303a-43dd-94cd-b24569e095b6 to vehicle veh1
[Midd4VCServer] job f601a0ec-303a-43dd-94cd-b24569e095b6 completed by vehicle veh1
[Midd4VCServer] Vehicle veh11 already registered.
[Midd4VCServer] Vehicle veh16 already registered.
[Midd4VCServer] Vehicle veh3 already registered.
[Midd4VCServer] Vehicle veh19 already registered.
[Midd4VCServer] Vehicle veh2 already registered.
[Midd4VCServer] Vehicle veh34 already registered.
[Midd4VCServer] job received: e2106342-f8c2-4d7b-9e8f-e21bd3bc1dd3
[Midd4VC] Job de3a3fcf-6515-4651-a6d6-6005f287f5d2 timed out. Re-enqueueing.
[Midd4VCServer] Assigning job de3a3fcf-6515-4651-a6d6-6005f287f5d2 to vehicle veh7
[Midd4VCServer] Assigning job e2106342-f8c2-4d7b-9e8f-e21bd3bc1dd3 to vehicle veh28
[Midd4VCServer] job e2106342-f8c2-4d7b-9e8f-e21bd3bc1dd3 completed by vehicle veh28
[Midd4VCServer] Vehicle veh9 already registered.
[Midd4VCServer] Vehicle veh15 already registered.
[Midd4VCServer] job received: e272becd-c531-46e9-aae5-a99a059d56eb
[Midd4VCServer] Assigning job e272becd-c531-46e9-aae5-a99a059d56eb to vehicle veh12
[Midd4VCServer] job e272becd-c531-46e9-aae5-a99a059d56eb completed by vehicle veh12
[Midd4VCServer] Vehicle veh5 already registered.
[Midd4VCServer] job received: e4aa55a5-4019-4e57-99b7-d01f23d7974f
[Midd4VCServer] Assigning job e4aa55a5-4019-4e57-99b7-d01f23d7974f to vehicle veh39
[Midd4VCServer] job e4aa55a5-4019-4e57-99b7-d01f23d7974f completed by vehicle veh39
[Midd4VCServer] Vehicle veh11 already registered.
[Midd4VCServer] job received: f7ed2993-f133-4d39-b81e-1e56e2e3488a
[Midd4VCServer] Assigning job f7ed2993-f133-4d39-b81e-1e56e2e3488a to vehicle veh33
[Midd4VCServer] job f7ed2993-f133-4d39-b81e-1e56e2e3488a completed by vehicle veh33
[Midd4VCServer] Vehicle veh4 already registered.
[Midd4VCServer] job received: cd31fece-9a1a-489b-b22b-d9c886103b30
[Midd4VCServer] Assigning job cd31fece-9a1a-489b-b22b-d9c886103b30 to vehicle veh1
[Midd4VCServer] job cd31fece-9a1a-489b-b22b-d9c886103b30 completed by vehicle veh1
[Midd4VCServer] job received: bcc77e54-a594-409b-bc99-72aa3b85d35f
[Midd4VC] Job f4779399-20cd-4d0f-ad21-a115f8da2ee5 timed out. Re-enqueueing.
[Midd4VC] Job c91f81b6-7aa8-41ec-850e-001ec0e39893 timed out. Re-enqueueing.
[Midd4VC] Job 5d39eedd-1dd3-4f38-a1fc-318f13d67013 timed out. Re-enqueueing.
[Midd4VC] Job fadc5de6-aa72-40b6-aed0-875a3ef5e996 timed out. Re-enqueueing.
[Midd4VC] Job 57fd47d6-b4c1-43cc-9049-ba568237ad59 timed out. Re-enqueueing.
[Midd4VC] Job 9b8db0b5-8e19-45ee-b99e-398bf684a80c timed out. Re-enqueueing.
[Midd4VC] Job 93dce3ee-fc58-442a-943e-b9af0bca3828 timed out. Re-enqueueing.
[Midd4VCServer] Assigning job 93dce3ee-fc58-442a-943e-b9af0bca3828 to vehicle veh16
[Midd4VCServer] Assigning job 9b8db0b5-8e19-45ee-b99e-398bf684a80c to vehicle veh34
[Midd4VCServer] Assigning job 57fd47d6-b4c1-43cc-9049-ba568237ad59 to vehicle veh18
[Midd4VCServer] Assigning job fadc5de6-aa72-40b6-aed0-875a3ef5e996 to vehicle veh35
[Midd4VCServer] Assigning job 5d39eedd-1dd3-4f38-a1fc-318f13d67013 to vehicle veh8
[Midd4VCServer] Assigning job c91f81b6-7aa8-41ec-850e-001ec0e39893 to vehicle veh4
[Midd4VCServer] Assigning job f4779399-20cd-4d0f-ad21-a115f8da2ee5 to vehicle veh25
[Midd4VCServer] Assigning job bcc77e54-a594-409b-bc99-72aa3b85d35f to vehicle veh28
[Midd4VCServer] job 9b8db0b5-8e19-45ee-b99e-398bf684a80c completed by vehicle veh34
[Midd4VCServer] job c91f81b6-7aa8-41ec-850e-001ec0e39893 completed by vehicle veh4
[Midd4VCServer] job received: df30513d-b718-4dab-8761-11f894791bf4
[Midd4VCServer] Assigning job df30513d-b718-4dab-8761-11f894791bf4 to vehicle veh34
[Midd4VCServer] job df30513d-b718-4dab-8761-11f894791bf4 completed by vehicle veh34
[Midd4VCServer] job received: 67bf147c-581c-463f-9db0-11adb461d106
[Midd4VCServer] Assigning job 67bf147c-581c-463f-9db0-11adb461d106 to vehicle veh34
[Midd4VCServer] job 67bf147c-581c-463f-9db0-11adb461d106 completed by vehicle veh34
[Midd4VCServer] Vehicle veh13 already registered.
[Midd4VCServer] Vehicle veh3 already registered.
[Midd4VCServer] Vehicle veh17 already registered.
[Midd4VCServer] Vehicle veh19 already registered.
[Midd4VCServer] Vehicle veh21 already registered.
[Midd4VCServer] job received: 9476662a-4444-4f35-b0cc-5680b90aead4
[Midd4VCServer] Assigning job 9476662a-4444-4f35-b0cc-5680b90aead4 to vehicle veh34
[Midd4VCServer] job 9476662a-4444-4f35-b0cc-5680b90aead4 completed by vehicle veh34
[Midd4VCServer] job received: 8b915636-30d1-42ec-8a87-4e5ad3d3fc48
[Midd4VCServer] Assigning job 8b915636-30d1-42ec-8a87-4e5ad3d3fc48 to vehicle veh4
[Midd4VCServer] job 8b915636-30d1-42ec-8a87-4e5ad3d3fc48 completed by vehicle veh4
[Midd4VCServer] Vehicle veh29 already registered.
[Midd4VCServer] Vehicle veh16 already registered.
[Midd4VCServer] job received: 6e389fe2-22fc-47eb-99ce-06e746d2c666
[Midd4VC] Job de83b9fc-a7ec-4085-90df-86215ab17ab3 timed out. Re-enqueueing.
[Midd4VC] Job bf70faeb-fc74-4856-995f-3bc59f3c3183 timed out. Re-enqueueing.
[Midd4VC] Job 29f8696d-ffa6-4bc0-994e-4ea0c7b25b5b timed out. Re-enqueueing.
[Midd4VC] Job 8154e5c2-5a5d-4b01-b9c6-a944386c9c9d timed out. Re-enqueueing.
[Midd4VCServer] Assigning job 8154e5c2-5a5d-4b01-b9c6-a944386c9c9d to vehicle veh10
[Midd4VCServer] Assigning job 29f8696d-ffa6-4bc0-994e-4ea0c7b25b5b to vehicle veh32
[Midd4VCServer] Assigning job bf70faeb-fc74-4856-995f-3bc59f3c3183 to vehicle veh34
[Midd4VCServer] Assigning job de83b9fc-a7ec-4085-90df-86215ab17ab3 to vehicle veh4
[Midd4VCServer] Assigning job 6e389fe2-22fc-47eb-99ce-06e746d2c666 to vehicle veh24
[Midd4VCServer] job bf70faeb-fc74-4856-995f-3bc59f3c3183 completed by vehicle veh34
[Midd4VCServer] job de83b9fc-a7ec-4085-90df-86215ab17ab3 completed by vehicle veh4
[Midd4VCServer] Vehicle veh35 already registered.
[Midd4VCServer] job received: de7ec2e3-4612-4850-87f4-0687fe9065ec
[Midd4VC] Job a96fca9c-101e-4414-87e7-ead61d0768f1 timed out. Re-enqueueing.
[Midd4VCServer] Assigning job a96fca9c-101e-4414-87e7-ead61d0768f1 to vehicle veh30
[Midd4VCServer] Assigning job de7ec2e3-4612-4850-87f4-0687fe9065ec to vehicle veh34
[Midd4VCServer] job de7ec2e3-4612-4850-87f4-0687fe9065ec completed by vehicle veh34
[Midd4VCServer] Vehicle veh4 already registered.
[Midd4VCServer] Vehicle veh21 already registered.
[Midd4VCServer] Vehicle veh2 already registered.
[Midd4VCServer] Vehicle veh6 already registered.
[Midd4VCServer] job received: efd41220-cf67-4bda-ac23-838206964af6
[Midd4VC] Job 58745d2c-440c-4a55-a8f7-b88df3d2b738 timed out. Re-enqueueing.
[Midd4VCServer] Assigning job 58745d2c-440c-4a55-a8f7-b88df3d2b738 to vehicle veh29
[Midd4VCServer] Assigning job efd41220-cf67-4bda-ac23-838206964af6 to vehicle veh31
[Midd4VCServer] job 58745d2c-440c-4a55-a8f7-b88df3d2b738 completed by vehicle veh29
[Midd4VCServer] job received: b6b3b033-56a4-44ac-9deb-68658ec7e124
[Midd4VCServer] Assigning job b6b3b033-56a4-44ac-9deb-68658ec7e124 to vehicle veh29
[Midd4VCServer] job b6b3b033-56a4-44ac-9deb-68658ec7e124 completed by vehicle veh29
[Midd4VCServer] job received: 2983c007-8a22-4f2d-b2ed-43856588983f
[Midd4VCServer] Assigning job 2983c007-8a22-4f2d-b2ed-43856588983f to vehicle veh29
[Midd4VCServer] job 2983c007-8a22-4f2d-b2ed-43856588983f completed by vehicle veh29
[Midd4VCServer] job received: df71580e-7f17-42c3-84df-b267ae5c5c2a
[Midd4VCServer] Assigning job df71580e-7f17-42c3-84df-b267ae5c5c2a to vehicle veh4
[Midd4VCServer] job received: 67ae4703-6896-4361-a68d-840afed1de67
[Midd4VCServer] Assigning job 67ae4703-6896-4361-a68d-840afed1de67 to vehicle veh34
[Midd4VCServer] job received: 47a6d93f-4b85-4233-8f7c-6f402b3fce4c
[Midd4VC] Job 7a3a426b-26ac-4484-b2ff-61a67622605a timed out. Re-enqueueing.
[Midd4VC] Job d64b7c06-715b-4ed1-803a-0bdc637a5175 timed out. Re-enqueueing.
[Midd4VCServer] Assigning job d64b7c06-715b-4ed1-803a-0bdc637a5175 to vehicle veh26
[Midd4VCServer] Assigning job 7a3a426b-26ac-4484-b2ff-61a67622605a to vehicle veh9
[Midd4VCServer] Assigning job 47a6d93f-4b85-4233-8f7c-6f402b3fce4c to vehicle veh29
[Midd4VCServer] job 47a6d93f-4b85-4233-8f7c-6f402b3fce4c completed by vehicle veh29
[Midd4VCServer] Vehicle veh1 already registered.
[Midd4VCServer] Vehicle veh38 already registered.
[Midd4VCServer] Vehicle veh7 already registered.
[Midd4VCServer] Vehicle veh8 already registered.
[Midd4VCServer] job received: cf52007e-093c-495c-b66d-be5aae67575b
[Midd4VCServer] Assigning job cf52007e-093c-495c-b66d-be5aae67575b to vehicle veh29
[Midd4VCServer] job cf52007e-093c-495c-b66d-be5aae67575b completed by vehicle veh29
[Midd4VCServer] Vehicle veh9 already registered.
[Midd4VCServer] Vehicle veh5 already registered.
[Midd4VCServer] job received: bccb348e-d64d-4b81-9eed-6980e19cf14a
[Midd4VC] Job 0c529850-2890-4aeb-a3f2-f380f182c0c2 timed out. Re-enqueueing.
[Midd4VCServer] Assigning job 0c529850-2890-4aeb-a3f2-f380f182c0c2 to vehicle veh6
[Midd4VCServer] Assigning job bccb348e-d64d-4b81-9eed-6980e19cf14a to vehicle veh17
[Midd4VCServer] Vehicle veh33 already registered.
[Midd4VCServer] Vehicle veh23 already registered.
[Midd4VCServer] job received: 6b9dc982-a369-4a90-a39f-4d36f70168f3
[Midd4VCServer] Assigning job 6b9dc982-a369-4a90-a39f-4d36f70168f3 to vehicle veh22
[Midd4VCServer] Vehicle veh19 already registered.
[Midd4VCServer] Vehicle veh12 already registered.
[Midd4VCServer] Vehicle veh10 already registered.
[Midd4VCServer] job received: 95425c47-1b20-475e-9aa7-a50991493d44
[Midd4VC] Job 14a7e322-bee0-49e4-a57a-38818eb3a2e7 timed out. Re-enqueueing.
[Midd4VC] Job fabce894-cd55-431c-8cf6-e43b0b6959fd timed out. Re-enqueueing.
[Midd4VCServer] Assigning job fabce894-cd55-431c-8cf6-e43b0b6959fd to vehicle veh15
[Midd4VCServer] Assigning job 14a7e322-bee0-49e4-a57a-38818eb3a2e7 to vehicle veh27
[Midd4VCServer] Assigning job 95425c47-1b20-475e-9aa7-a50991493d44 to vehicle veh12
[Midd4VCServer] job fabce894-cd55-431c-8cf6-e43b0b6959fd completed by vehicle veh15
[Midd4VCServer] job 95425c47-1b20-475e-9aa7-a50991493d44 completed by vehicle veh12
[Midd4VCServer] job 14a7e322-bee0-49e4-a57a-38818eb3a2e7 completed by vehicle veh27
[Midd4VCServer] job received: 161ca3c8-5892-43f1-8226-1612b599f5d9
[Midd4VCServer] Assigning job 161ca3c8-5892-43f1-8226-1612b599f5d9 to vehicle veh15
[Midd4VCServer] job 161ca3c8-5892-43f1-8226-1612b599f5d9 completed by vehicle veh15
[Midd4VCServer] Vehicle veh31 already registered.
[Midd4VCServer] job received: 6e8cd5d7-2ce4-4a11-8311-985a37b43257
[Midd4VCServer] Assigning job 6e8cd5d7-2ce4-4a11-8311-985a37b43257 to vehicle veh15
[Midd4VCServer] job 6e8cd5d7-2ce4-4a11-8311-985a37b43257 completed by vehicle veh15
[Midd4VCServer] job received: a82df6fa-e8b0-46b0-bfe5-09e29423a47e
[Midd4VC] Job 2ebfc0a5-a4d5-485d-9855-2722ba6d1702 timed out. Re-enqueueing.
[Midd4VC] Job 6dd312a3-dd8f-4863-a7ce-83a26d76da56 timed out. Re-enqueueing.
[Midd4VCServer] Assigning job 6dd312a3-dd8f-4863-a7ce-83a26d76da56 to vehicle veh15
[Midd4VCServer] Assigning job 2ebfc0a5-a4d5-485d-9855-2722ba6d1702 to vehicle veh27
[Midd4VCServer] Assigning job a82df6fa-e8b0-46b0-bfe5-09e29423a47e to vehicle veh38
[Midd4VCServer] job 6dd312a3-dd8f-4863-a7ce-83a26d76da56 completed by vehicle veh15
[Midd4VCServer] job 2ebfc0a5-a4d5-485d-9855-2722ba6d1702 completed by vehicle veh27
[Midd4VCServer] job a82df6fa-e8b0-46b0-bfe5-09e29423a47e completed by vehicle veh38
[Midd4VCServer] job received: ce508f34-77c8-487e-8fba-1dd3846a7c0f
[Midd4VCServer] Assigning job ce508f34-77c8-487e-8fba-1dd3846a7c0f to vehicle veh15
[Midd4VCServer] job ce508f34-77c8-487e-8fba-1dd3846a7c0f completed by vehicle veh15
[Midd4VCServer] job received: ccf26a08-b802-4cc4-91d4-e8307dad1aa6
[Midd4VCServer] Assigning job ccf26a08-b802-4cc4-91d4-e8307dad1aa6 to vehicle veh15
[Midd4VCServer] job ccf26a08-b802-4cc4-91d4-e8307dad1aa6 completed by vehicle veh15
[Midd4VCServer] job received: e3230e0e-a13e-4357-99bb-d766c2fb1803
[Midd4VCServer] Assigning job e3230e0e-a13e-4357-99bb-d766c2fb1803 to vehicle veh27
[Midd4VCServer] job received: 86eb35f2-c190-4f19-a71d-a6dbb9442c67
[Midd4VCServer] Assigning job 86eb35f2-c190-4f19-a71d-a6dbb9442c67 to vehicle veh15
[Midd4VCServer] job e3230e0e-a13e-4357-99bb-d766c2fb1803 completed by vehicle veh27
[Midd4VCServer] job 86eb35f2-c190-4f19-a71d-a6dbb9442c67 completed by vehicle veh15
[Midd4VCServer] job received: a75d45b1-a315-4ca3-836a-e2dff84bb2a1
[Midd4VC] Job cd17c148-86c2-4bfc-bfaf-6133509fb3cb timed out. Re-enqueueing.
[Midd4VCServer] Assigning job cd17c148-86c2-4bfc-bfaf-6133509fb3cb to vehicle veh27
[Midd4VCServer] Assigning job a75d45b1-a315-4ca3-836a-e2dff84bb2a1 to vehicle veh15
[Midd4VCServer] job cd17c148-86c2-4bfc-bfaf-6133509fb3cb completed by vehicle veh27
[Midd4VCServer] job a75d45b1-a315-4ca3-836a-e2dff84bb2a1 completed by vehicle veh15
[Midd4VCServer] Vehicle veh1 already registered.
[Midd4VCServer] Vehicle veh21 already registered.
[Midd4VCServer] job received: efb22e01-6a55-462a-bf59-7e3427edd29c
[Midd4VC] Job 3d395ad3-6e72-4b11-a97a-cea9bd38fc67 timed out. Re-enqueueing.
[Midd4VCServer] Assigning job 3d395ad3-6e72-4b11-a97a-cea9bd38fc67 to vehicle veh2
[Midd4VCServer] Assigning job efb22e01-6a55-462a-bf59-7e3427edd29c to vehicle veh27
[Midd4VCServer] job 3d395ad3-6e72-4b11-a97a-cea9bd38fc67 completed by vehicle veh2
[Midd4VCServer] job efb22e01-6a55-462a-bf59-7e3427edd29c completed by vehicle veh27
[Midd4VCServer] Vehicle veh36 already registered.
[Midd4VCServer] Vehicle veh32 already registered.
[Midd4VCServer] Vehicle veh5 already registered.
[Midd4VCServer] Vehicle veh22 already registered.
[Midd4VCServer] Vehicle veh34 already registered.
[Midd4VCServer] Vehicle veh7 already registered.
[Midd4VCServer] job received: d317a182-ef0d-4b36-94da-bc7f2be0c92a
[Midd4VC] Job 25f8baa2-fddf-4932-9d49-30f8adf6a581 timed out. Re-enqueueing.
[Midd4VC] Job 46019a87-ce39-4f94-af40-fe6f9c5a021c timed out. Re-enqueueing.
[Midd4VC] Job c72afb59-0b5c-4ad5-a489-ee9d921c98c6 timed out. Re-enqueueing.
[Midd4VC] Job 485c38f9-e1de-4def-90fd-aafde3a45624 timed out. Re-enqueueing.
[Midd4VC] Job 6319f2f1-4472-4f9c-8540-2b1eb1b314b5 timed out. Re-enqueueing.
[Midd4VCServer] Assigning job 6319f2f1-4472-4f9c-8540-2b1eb1b314b5 to vehicle veh3
[Midd4VCServer] Assigning job 485c38f9-e1de-4def-90fd-aafde3a45624 to vehicle veh13
[Midd4VCServer] Assigning job c72afb59-0b5c-4ad5-a489-ee9d921c98c6 to vehicle veh23
[Midd4VCServer] Assigning job 46019a87-ce39-4f94-af40-fe6f9c5a021c to vehicle veh38
[Midd4VCServer] Assigning job 25f8baa2-fddf-4932-9d49-30f8adf6a581 to vehicle veh15
[Midd4VCServer] Assigning job d317a182-ef0d-4b36-94da-bc7f2be0c92a to vehicle veh2
[Midd4VCServer] job 6319f2f1-4472-4f9c-8540-2b1eb1b314b5 completed by vehicle veh3
[Midd4VCServer] job c72afb59-0b5c-4ad5-a489-ee9d921c98c6 completed by vehicle veh23
[Midd4VCServer] job d317a182-ef0d-4b36-94da-bc7f2be0c92a completed by vehicle veh2
[Midd4VCServer] job 46019a87-ce39-4f94-af40-fe6f9c5a021c completed by vehicle veh38
[Midd4VCServer] job 25f8baa2-fddf-4932-9d49-30f8adf6a581 completed by vehicle veh15
[Midd4VCServer] job received: e8b9216a-6338-4684-812b-93792ccb256e
[Midd4VCServer] Assigning job e8b9216a-6338-4684-812b-93792ccb256e to vehicle veh3
[Midd4VCServer] job e8b9216a-6338-4684-812b-93792ccb256e completed by vehicle veh3
[Midd4VCServer] Vehicle veh32 already registered.
[Midd4VCServer] Vehicle veh25 already registered.
[Midd4VCServer] job received: 5910193a-e5b3-485c-9139-990f0de1dd7c
[Midd4VCServer] Assigning job 5910193a-e5b3-485c-9139-990f0de1dd7c to vehicle veh3
[Midd4VCServer] job 5910193a-e5b3-485c-9139-990f0de1dd7c completed by vehicle veh3
[Midd4VCServer] Vehicle veh26 already registered.
[Midd4VCServer] job received: c3c0fa54-7834-4ed8-aa08-d117319db59d
[Midd4VC] Job 60f0b82a-1745-482e-b2da-ade4e1566215 timed out. Re-enqueueing.
[Midd4VC] Job 2a57fd4f-661e-48b0-bd3e-fc827f0056da timed out. Re-enqueueing.
[Midd4VC] Job afa09b1c-c323-445b-bb64-2894850250c0 timed out. Re-enqueueing.
[Midd4VCServer] Assigning job afa09b1c-c323-445b-bb64-2894850250c0 to vehicle veh3
[Midd4VCServer] Assigning job 2a57fd4f-661e-48b0-bd3e-fc827f0056da to vehicle veh37
[Midd4VCServer] Assigning job 60f0b82a-1745-482e-b2da-ade4e1566215 to vehicle veh36
[Midd4VCServer] Assigning job c3c0fa54-7834-4ed8-aa08-d117319db59d to vehicle veh14
[Midd4VCServer] job afa09b1c-c323-445b-bb64-2894850250c0 completed by vehicle veh3
[Midd4VCServer] job 60f0b82a-1745-482e-b2da-ade4e1566215 completed by vehicle veh36
[Midd4VCServer] job received: d7054346-d741-40c3-8fea-8de69f23b335
[Midd4VCServer] Assigning job d7054346-d741-40c3-8fea-8de69f23b335 to vehicle veh3
[Midd4VCServer] job d7054346-d741-40c3-8fea-8de69f23b335 completed by vehicle veh3
[Midd4VCServer] Vehicle veh19 already registered.
[Midd4VCServer] job received: 2ec7ca72-b72c-4e43-ae38-6448f6a5116c
[Midd4VCServer] Assigning job 2ec7ca72-b72c-4e43-ae38-6448f6a5116c to vehicle veh36
[Midd4VCServer] job 2ec7ca72-b72c-4e43-ae38-6448f6a5116c completed by vehicle veh36
[Midd4VCServer] job received: e41447ae-26fa-418a-9d70-eed6a98fcaed
[Midd4VCServer] Assigning job e41447ae-26fa-418a-9d70-eed6a98fcaed to vehicle veh3
[Midd4VCServer] job e41447ae-26fa-418a-9d70-eed6a98fcaed completed by vehicle veh3
[Midd4VCServer] job received: 7ed5a0ce-fc76-4726-be59-cdf880d3f92d
[Midd4VCServer] Assigning job 7ed5a0ce-fc76-4726-be59-cdf880d3f92d to vehicle veh36
[Midd4VCServer] job 7ed5a0ce-fc76-4726-be59-cdf880d3f92d completed by vehicle veh36
[Midd4VCServer] job received: 46890978-0dbd-4bd0-a912-6992f28820c0
[Midd4VCServer] Assigning job 46890978-0dbd-4bd0-a912-6992f28820c0 to vehicle veh3
[Midd4VCServer] job 46890978-0dbd-4bd0-a912-6992f28820c0 completed by vehicle veh3
[Midd4VCServer] Vehicle veh16 already registered.
[Midd4VCServer] Vehicle veh31 already registered.
[Midd4VCServer] job received: 5e9b9351-f802-402d-8385-d8b104b0f6d1
[Midd4VCServer] Assigning job 5e9b9351-f802-402d-8385-d8b104b0f6d1 to vehicle veh36
[Midd4VCServer] Disconnected with result code 0
[Midd4VCServer] Server stopped.
[Midd4VCServer] Connected with result code 0
[Midd4VCServer] Server started and subscribed to topics.
[Midd4VCServer] Vehicle veh32 already registered.
[Midd4VCServer] job received: 6bb827e7-eb41-45ba-8868-50df51bfceca
[Midd4VC] Job de3a3fcf-6515-4651-a6d6-6005f287f5d2 timed out. Re-enqueueing.
[Midd4VCServer] Assigning job de3a3fcf-6515-4651-a6d6-6005f287f5d2 to vehicle veh3
[Midd4VCServer] Assigning job 6bb827e7-eb41-45ba-8868-50df51bfceca to vehicle veh23
[Midd4VCServer] job de3a3fcf-6515-4651-a6d6-6005f287f5d2 completed by vehicle veh3
[Midd4VCServer] job 6bb827e7-eb41-45ba-8868-50df51bfceca completed by vehicle veh23
[Midd4VCServer] Vehicle veh23 already registered.
[Midd4VCServer] Vehicle veh15 already registered.
[Midd4VCServer] job received: e70de2a2-26a5-48f5-b043-fe73ad24777a
[Midd4VC] Job 93dce3ee-fc58-442a-943e-b9af0bca3828 timed out. Re-enqueueing.
[Midd4VC] Job 57fd47d6-b4c1-43cc-9049-ba568237ad59 timed out. Re-enqueueing.
[Midd4VC] Job fadc5de6-aa72-40b6-aed0-875a3ef5e996 timed out. Re-enqueueing.
[Midd4VC] Job 5d39eedd-1dd3-4f38-a1fc-318f13d67013 timed out. Re-enqueueing.
[Midd4VC] Job f4779399-20cd-4d0f-ad21-a115f8da2ee5 timed out. Re-enqueueing.
[Midd4VC] Job bcc77e54-a594-409b-bc99-72aa3b85d35f timed out. Re-enqueueing.
[Midd4VCServer] Assigning job bcc77e54-a594-409b-bc99-72aa3b85d35f to vehicle veh16
[Midd4VCServer] Assigning job f4779399-20cd-4d0f-ad21-a115f8da2ee5 to vehicle veh18
[Midd4VCServer] Assigning job 5d39eedd-1dd3-4f38-a1fc-318f13d67013 to vehicle veh35
[Midd4VCServer] Assigning job fadc5de6-aa72-40b6-aed0-875a3ef5e996 to vehicle veh8
[Midd4VCServer] Assigning job 57fd47d6-b4c1-43cc-9049-ba568237ad59 to vehicle veh3
[Midd4VCServer] Assigning job 93dce3ee-fc58-442a-943e-b9af0bca3828 to vehicle veh25
[Midd4VCServer] Assigning job e70de2a2-26a5-48f5-b043-fe73ad24777a to vehicle veh23
[Midd4VCServer] job e70de2a2-26a5-48f5-b043-fe73ad24777a completed by vehicle veh23
[Midd4VCServer] job 57fd47d6-b4c1-43cc-9049-ba568237ad59 completed by vehicle veh3
[Midd4VCServer] job fadc5de6-aa72-40b6-aed0-875a3ef5e996 completed by vehicle veh8
[Midd4VCServer] job bcc77e54-a594-409b-bc99-72aa3b85d35f completed by vehicle veh16
[Midd4VCServer] Vehicle veh36 already registered.
[Midd4VCServer] job received: f60d9c3c-49d1-43ce-98f9-074f86d5d121
[Midd4VCServer] Assigning job f60d9c3c-49d1-43ce-98f9-074f86d5d121 to vehicle veh16
[Midd4VCServer] job f60d9c3c-49d1-43ce-98f9-074f86d5d121 completed by vehicle veh16
[Midd4VCServer] job received: 69724c2e-b1fe-4977-bdd3-8a20864736ee
[Midd4VCServer] Assigning job 69724c2e-b1fe-4977-bdd3-8a20864736ee to vehicle veh16
[Midd4VCServer] job 69724c2e-b1fe-4977-bdd3-8a20864736ee completed by vehicle veh16
[Midd4VCServer] job received: fc77f7b0-7d77-409a-910d-d9c2d9c1cc45
[Midd4VCServer] Assigning job fc77f7b0-7d77-409a-910d-d9c2d9c1cc45 to vehicle veh16
[Midd4VCServer] job fc77f7b0-7d77-409a-910d-d9c2d9c1cc45 completed by vehicle veh16
[Midd4VCServer] job received: 8a784371-0d84-4da6-aaee-1f99c573cf96
[Midd4VCServer] Assigning job 8a784371-0d84-4da6-aaee-1f99c573cf96 to vehicle veh8
[Midd4VCServer] job 8a784371-0d84-4da6-aaee-1f99c573cf96 completed by vehicle veh8
[Midd4VCServer] Vehicle veh40 already registered.
[Midd4VCServer] job received: a6ed913f-1222-4d8f-a5f0-0cce8f00c56f
[Midd4VCServer] Assigning job a6ed913f-1222-4d8f-a5f0-0cce8f00c56f to vehicle veh16
[Midd4VCServer] job a6ed913f-1222-4d8f-a5f0-0cce8f00c56f completed by vehicle veh16
[Midd4VCServer] job received: bcaf4255-a9d3-4714-a765-f6a21aaad47d
[Midd4VCServer] Assigning job bcaf4255-a9d3-4714-a765-f6a21aaad47d to vehicle veh3
[Midd4VCServer] job bcaf4255-a9d3-4714-a765-f6a21aaad47d completed by vehicle veh3
[Midd4VCServer] Vehicle veh30 already registered.
[Midd4VCServer] Vehicle veh26 already registered.
[Midd4VCServer] Vehicle veh4 already registered.
[Midd4VCServer] job received: a44709cc-088a-4f45-8f04-4b07a6be7e9e
[Midd4VCServer] Assigning job a44709cc-088a-4f45-8f04-4b07a6be7e9e to vehicle veh8
[Midd4VCServer] job a44709cc-088a-4f45-8f04-4b07a6be7e9e completed by vehicle veh8
[Midd4VCServer] job received: 479acb31-2654-4321-a74e-79fbf556479d
[Midd4VCServer] Assigning job 479acb31-2654-4321-a74e-79fbf556479d to vehicle veh16
[Midd4VCServer] job 479acb31-2654-4321-a74e-79fbf556479d completed by vehicle veh16
[Midd4VCServer] Vehicle veh39 already registered.
[Midd4VCServer] Vehicle veh12 already registered.
[Midd4VCServer] Vehicle veh25 already registered.
[Midd4VCServer] Vehicle veh5 already registered.
[Midd4VCServer] job received: 3044b5ce-a57d-4355-880f-438038a33084
[Midd4VC] Job 8154e5c2-5a5d-4b01-b9c6-a944386c9c9d timed out. Re-enqueueing.
[Midd4VC] Job 29f8696d-ffa6-4bc0-994e-4ea0c7b25b5b timed out. Re-enqueueing.
[Midd4VC] Job 6e389fe2-22fc-47eb-99ce-06e746d2c666 timed out. Re-enqueueing.
[Midd4VC] Job a96fca9c-101e-4414-87e7-ead61d0768f1 timed out. Re-enqueueing.
[Midd4VCServer] Assigning job a96fca9c-101e-4414-87e7-ead61d0768f1 to vehicle veh10
[Midd4VCServer] Assigning job 6e389fe2-22fc-47eb-99ce-06e746d2c666 to vehicle veh32
[Midd4VCServer] Assigning job 29f8696d-ffa6-4bc0-994e-4ea0c7b25b5b to vehicle veh30
[Midd4VCServer] Assigning job 8154e5c2-5a5d-4b01-b9c6-a944386c9c9d to vehicle veh7
[Midd4VCServer] Assigning job 3044b5ce-a57d-4355-880f-438038a33084 to vehicle veh3
[Midd4VCServer] job 29f8696d-ffa6-4bc0-994e-4ea0c7b25b5b completed by vehicle veh30
[Midd4VCServer] job 6e389fe2-22fc-47eb-99ce-06e746d2c666 completed by vehicle veh32
[Midd4VCServer] job 8154e5c2-5a5d-4b01-b9c6-a944386c9c9d completed by vehicle veh7
[Midd4VCServer] job 3044b5ce-a57d-4355-880f-438038a33084 completed by vehicle veh3
[Midd4VCServer] Vehicle veh34 already registered.
[Midd4VCServer] Vehicle veh14 already registered.
[Midd4VCServer] job received: 6e8de701-6d70-475a-aef7-ce1a7569ecd6
[Midd4VC] Job efd41220-cf67-4bda-ac23-838206964af6 timed out. Re-enqueueing.
[Midd4VC] Job df71580e-7f17-42c3-84df-b267ae5c5c2a timed out. Re-enqueueing.
[Midd4VCServer] Assigning job df71580e-7f17-42c3-84df-b267ae5c5c2a to vehicle veh32
[Midd4VCServer] Assigning job efd41220-cf67-4bda-ac23-838206964af6 to vehicle veh30
[Midd4VCServer] Assigning job 6e8de701-6d70-475a-aef7-ce1a7569ecd6 to vehicle veh8
[Midd4VCServer] job df71580e-7f17-42c3-84df-b267ae5c5c2a completed by vehicle veh32
[Midd4VCServer] job efd41220-cf67-4bda-ac23-838206964af6 completed by vehicle veh30
[Midd4VCServer] job received: bc8045b7-dd65-4f90-8f4b-92134f551f88
[Midd4VC] Job 67ae4703-6896-4361-a68d-840afed1de67 timed out. Re-enqueueing.
[Midd4VCServer] Assigning job 67ae4703-6896-4361-a68d-840afed1de67 to vehicle veh32
[Midd4VCServer] Assigning job bc8045b7-dd65-4f90-8f4b-92134f551f88 to vehicle veh30
[Midd4VCServer] job bc8045b7-dd65-4f90-8f4b-92134f551f88 completed by vehicle veh30
[Midd4VCServer] job 67ae4703-6896-4361-a68d-840afed1de67 completed by vehicle veh32
[Midd4VCServer] job received: e90430d9-6e2c-4bfc-8f40-7e82b6af6383
[Midd4VC] Job d64b7c06-715b-4ed1-803a-0bdc637a5175 timed out. Re-enqueueing.
[Midd4VC] Job 7a3a426b-26ac-4484-b2ff-61a67622605a timed out. Re-enqueueing.
[Midd4VCServer] Assigning job 7a3a426b-26ac-4484-b2ff-61a67622605a to vehicle veh26
[Midd4VCServer] Assigning job d64b7c06-715b-4ed1-803a-0bdc637a5175 to vehicle veh32
[Midd4VCServer] Assigning job e90430d9-6e2c-4bfc-8f40-7e82b6af6383 to vehicle veh23
[Midd4VCServer] job d64b7c06-715b-4ed1-803a-0bdc637a5175 completed by vehicle veh32
[Midd4VCServer] job received: 88715377-84b5-4691-aaf1-234aaa1bcb73
[Midd4VCServer] Assigning job 88715377-84b5-4691-aaf1-234aaa1bcb73 to vehicle veh16
[Midd4VCServer] job 88715377-84b5-4691-aaf1-234aaa1bcb73 completed by vehicle veh16
[Midd4VCServer] Vehicle veh35 already registered.
[Midd4VCServer] Vehicle veh11 already registered.
[Midd4VCServer] job received: d23b8539-7aba-4171-87d3-c5bcca8b37c5
[Midd4VCServer] Assigning job d23b8539-7aba-4171-87d3-c5bcca8b37c5 to vehicle veh9
[Midd4VCServer] job d23b8539-7aba-4171-87d3-c5bcca8b37c5 completed by vehicle veh9
[Midd4VCServer] job received: 9f385f72-bfa2-4c67-bbb1-eec471698b43
[Midd4VCServer] Assigning job 9f385f72-bfa2-4c67-bbb1-eec471698b43 to vehicle veh7
[Midd4VCServer] job received: 705cd669-2f97-4d73-99f1-b04baeaef576
[Midd4VCServer] Assigning job 705cd669-2f97-4d73-99f1-b04baeaef576 to vehicle veh24
[Midd4VCServer] Vehicle veh18 already registered.
[Midd4VCServer] Vehicle veh27 already registered.
[Midd4VCServer] Vehicle veh10 already registered.
[Midd4VCServer] Vehicle veh2 already registered.
[Midd4VCServer] Vehicle veh30 already registered.
[Midd4VCServer] job received: ba89ef4b-05dd-4a1c-9278-135c1b681373
[Midd4VC] Job 0c529850-2890-4aeb-a3f2-f380f182c0c2 timed out. Re-enqueueing.
[Midd4VC] Job bccb348e-d64d-4b81-9eed-6980e19cf14a timed out. Re-enqueueing.
[Midd4VC] Job 6b9dc982-a369-4a90-a39f-4d36f70168f3 timed out. Re-enqueueing.
[Midd4VCServer] Assigning job 6b9dc982-a369-4a90-a39f-4d36f70168f3 to vehicle veh6
[Midd4VCServer] Assigning job bccb348e-d64d-4b81-9eed-6980e19cf14a to vehicle veh31
[Midd4VCServer] Assigning job 0c529850-2890-4aeb-a3f2-f380f182c0c2 to vehicle veh3
[Midd4VCServer] Assigning job ba89ef4b-05dd-4a1c-9278-135c1b681373 to vehicle veh11
[Midd4VCServer] Vehicle veh7 already registered.
[Midd4VCServer] job received: 8d3485b9-11ad-49d6-bcc6-237641603417
[Midd4VCServer] Assigning job 8d3485b9-11ad-49d6-bcc6-237641603417 to vehicle veh19
[Midd4VCServer] job received: f5299802-bc36-4765-a6b3-f568c3f41a1c
[Midd4VCServer] Assigning job f5299802-bc36-4765-a6b3-f568c3f41a1c to vehicle veh4
[Midd4VCServer] Vehicle veh16 already registered.
[Midd4VCServer] Vehicle veh40 already registered.
[Midd4VCServer] job received: ff3d0372-25fc-4ff8-9505-638c8393a26a
[Midd4VCServer] Assigning job ff3d0372-25fc-4ff8-9505-638c8393a26a to vehicle veh32
[Midd4VCServer] job ff3d0372-25fc-4ff8-9505-638c8393a26a completed by vehicle veh32
[Midd4VCServer] Vehicle veh28 already registered.
[Midd4VCServer] Vehicle veh37 already registered.
[Midd4VCServer] job received: 20699ab1-ea8c-4e9a-b201-e1ed2a5fb5a1
[Midd4VCServer] Assigning job 20699ab1-ea8c-4e9a-b201-e1ed2a5fb5a1 to vehicle veh34
[Midd4VCServer] job received: 79a01de6-258b-41c6-bf5b-60dba5b8483c
[Midd4VCServer] Assigning job 79a01de6-258b-41c6-bf5b-60dba5b8483c to vehicle veh30
[Midd4VCServer] job 79a01de6-258b-41c6-bf5b-60dba5b8483c completed by vehicle veh30
[Midd4VCServer] Vehicle veh39 already registered.
[Midd4VCServer] Vehicle veh31 already registered.
[Midd4VCServer] Vehicle veh15 already registered.
[Midd4VCServer] job received: 12da2295-cd74-4144-9c42-edc95f2e5785
[Midd4VCServer] Assigning job 12da2295-cd74-4144-9c42-edc95f2e5785 to vehicle veh16
[Midd4VCServer] job 12da2295-cd74-4144-9c42-edc95f2e5785 completed by vehicle veh16
[Midd4VCServer] Vehicle veh17 already registered.
[Midd4VCServer] job received: 0f2e6fd1-f279-4529-a373-239f6a8ebf8d
[Midd4VCServer] Assigning job 0f2e6fd1-f279-4529-a373-239f6a8ebf8d to vehicle veh5
[Midd4VCServer] job received: ffe5070c-d8c5-4e74-b586-95f4ff49ffc8
[Midd4VCServer] Assigning job ffe5070c-d8c5-4e74-b586-95f4ff49ffc8 to vehicle veh9
[Midd4VCServer] job ffe5070c-d8c5-4e74-b586-95f4ff49ffc8 completed by vehicle veh9
[Midd4VCServer] job received: da5df73a-9fdf-4b5f-9dfa-8a81bbecde41
[Midd4VCServer] Assigning job da5df73a-9fdf-4b5f-9dfa-8a81bbecde41 to vehicle veh21
[Midd4VCServer] Vehicle veh9 already registered.
[Midd4VCServer] Vehicle veh13 already registered.
[Midd4VCServer] Vehicle veh2 already registered.
[Midd4VCServer] Vehicle veh8 already registered.
[Midd4VCServer] job received: 03cc842b-2eca-4a96-8d2f-5a48f1df1a6f
[Midd4VCServer] Assigning job 03cc842b-2eca-4a96-8d2f-5a48f1df1a6f to vehicle veh27
[Midd4VCServer] job 03cc842b-2eca-4a96-8d2f-5a48f1df1a6f completed by vehicle veh27
[Midd4VCServer] Vehicle veh1 already registered.
[Midd4VCServer] job received: e3d808bd-f786-42d1-a1eb-91279f6347e5
[Midd4VCServer] Assigning job e3d808bd-f786-42d1-a1eb-91279f6347e5 to vehicle veh38
[Midd4VCServer] job received: 8f60937f-3ed0-4319-9aae-76a4ff670ec4
[Midd4VCServer] Assigning job 8f60937f-3ed0-4319-9aae-76a4ff670ec4 to vehicle veh15
[Midd4VCServer] job 8f60937f-3ed0-4319-9aae-76a4ff670ec4 completed by vehicle veh15
[Midd4VCServer] Vehicle veh19 already registered.
[Midd4VCServer] Vehicle veh35 already registered.
[Midd4VCServer] job received: 59517433-1962-4f7c-8a65-b7a8b6344ca3
[Midd4VC] Job 485c38f9-e1de-4def-90fd-aafde3a45624 timed out. Re-enqueueing.
[Midd4VCServer] Assigning job 485c38f9-e1de-4def-90fd-aafde3a45624 to vehicle veh13
[Midd4VCServer] Assigning job 59517433-1962-4f7c-8a65-b7a8b6344ca3 to vehicle veh2
[Midd4VCServer] job 59517433-1962-4f7c-8a65-b7a8b6344ca3 completed by vehicle veh2
[Midd4VCServer] job received: 3eec34eb-1694-4c34-a111-6f24d145a839
[Midd4VCServer] Assigning job 3eec34eb-1694-4c34-a111-6f24d145a839 to vehicle veh32
[Midd4VCServer] job received: 0d75f908-9236-4e3e-af09-cdb08f5fde25
[Midd4VCServer] Assigning job 0d75f908-9236-4e3e-af09-cdb08f5fde25 to vehicle veh30
[Midd4VCServer] job received: 7accd956-5bd2-427e-8a6b-b846ef2e93f2
[Midd4VC] Job 2a57fd4f-661e-48b0-bd3e-fc827f0056da timed out. Re-enqueueing.
[Midd4VC] Job c3c0fa54-7834-4ed8-aa08-d117319db59d timed out. Re-enqueueing.
[Midd4VCServer] Assigning job c3c0fa54-7834-4ed8-aa08-d117319db59d to vehicle veh37
[Midd4VCServer] Assigning job 2a57fd4f-661e-48b0-bd3e-fc827f0056da to vehicle veh14
[Midd4VCServer] Assigning job 7accd956-5bd2-427e-8a6b-b846ef2e93f2 to vehicle veh16
[Midd4VCServer] job 7accd956-5bd2-427e-8a6b-b846ef2e93f2 completed by vehicle veh16
[Midd4VCServer] Vehicle veh10 already registered.
[Midd4VCServer] job received: 0dfe7aed-cd54-4a37-a77d-6c80fdab0f22
[Midd4VCServer] Assigning job 0dfe7aed-cd54-4a37-a77d-6c80fdab0f22 to vehicle veh9
[Midd4VCServer] job 0dfe7aed-cd54-4a37-a77d-6c80fdab0f22 completed by vehicle veh9
[Midd4VCServer] Vehicle veh6 already registered.
[Midd4VCServer] job received: b204eac6-db3e-4592-8e2c-419988021515
[Midd4VCServer] Assigning job b204eac6-db3e-4592-8e2c-419988021515 to vehicle veh28
[Midd4VCServer] job b204eac6-db3e-4592-8e2c-419988021515 completed by vehicle veh28
[Midd4VCServer] job received: 189676c9-f2f9-4664-a2cd-6e16d2fc9b0e
[Midd4VCServer] Assigning job 189676c9-f2f9-4664-a2cd-6e16d2fc9b0e to vehicle veh27
[Midd4VCServer] Vehicle veh33 already registered.
[Midd4VCServer] job received: 97b0e77c-55ef-4b39-8ac4-ad5f75d077d9
[Midd4VC] Job 5e9b9351-f802-402d-8385-d8b104b0f6d1 timed out. Re-enqueueing.
[Midd4VCServer] Assigning job 5e9b9351-f802-402d-8385-d8b104b0f6d1 to vehicle veh36
[Midd4VCServer] Assigning job 97b0e77c-55ef-4b39-8ac4-ad5f75d077d9 to vehicle veh17
[Midd4VCServer] Vehicle veh34 already registered.
[Midd4VCServer] Vehicle veh3 already registered.
[Midd4VCServer] Vehicle veh36 already registered.
[Midd4VCServer] job received: 705522f3-d94b-4bda-adbc-0abebe4ec17f
[Midd4VCServer] Assigning job 705522f3-d94b-4bda-adbc-0abebe4ec17f to vehicle veh22
[Midd4VCServer] job 705522f3-d94b-4bda-adbc-0abebe4ec17f completed by vehicle veh22
[Midd4VCServer] Vehicle veh5 already registered.
[Midd4VCServer] job received: 11fc4e84-63fb-476b-bff8-1df4d3b5310b
[Midd4VCServer] Assigning job 11fc4e84-63fb-476b-bff8-1df4d3b5310b to vehicle veh15
[Midd4VCServer] Vehicle veh32 already registered.
[Midd4VCServer] job received: f8cca7e3-42ed-45f5-aed6-0715d580c7c3
[Midd4VCServer] Assigning job f8cca7e3-42ed-45f5-aed6-0715d580c7c3 to vehicle veh2
[Midd4VCServer] job f8cca7e3-42ed-45f5-aed6-0715d580c7c3 completed by vehicle veh2
[Midd4VCServer] Vehicle veh26 already registered.
[Midd4VCServer] Vehicle veh40 already registered.
[Midd4VCServer] job received: 6932fa17-1720-4b96-8d55-2b9cdb2a2d45
[Midd4VCServer] Assigning job 6932fa17-1720-4b96-8d55-2b9cdb2a2d45 to vehicle veh40
[Midd4VCServer] job 6932fa17-1720-4b96-8d55-2b9cdb2a2d45 completed by vehicle veh40
[Midd4VCServer] job received: 07a1e55e-f40e-41cc-a231-c5ca087182d2
[Midd4VCServer] Assigning job 07a1e55e-f40e-41cc-a231-c5ca087182d2 to vehicle veh16
[Midd4VCServer] job 07a1e55e-f40e-41cc-a231-c5ca087182d2 completed by vehicle veh16
[Midd4VCServer] Vehicle veh10 already registered.
[Midd4VCServer] Vehicle veh29 already registered.
[Midd4VCServer] Vehicle veh11 already registered.
[Midd4VCServer] job received: 5df49d99-f9b9-4027-87de-9cf4d64a7b65
[Midd4VC] Job f4779399-20cd-4d0f-ad21-a115f8da2ee5 timed out. Re-enqueueing.
[Midd4VC] Job 5d39eedd-1dd3-4f38-a1fc-318f13d67013 timed out. Re-enqueueing.
[Midd4VC] Job 93dce3ee-fc58-442a-943e-b9af0bca3828 timed out. Re-enqueueing.
[Midd4VCServer] Assigning job 93dce3ee-fc58-442a-943e-b9af0bca3828 to vehicle veh18
[Midd4VCServer] Assigning job 5d39eedd-1dd3-4f38-a1fc-318f13d67013 to vehicle veh35
[Midd4VCServer] Assigning job f4779399-20cd-4d0f-ad21-a115f8da2ee5 to vehicle veh25
[Midd4VCServer] Assigning job 5df49d99-f9b9-4027-87de-9cf4d64a7b65 to vehicle veh9
[Midd4VCServer] Vehicle veh34 already registered.
[Midd4VCServer] Vehicle veh27 already registered.
[Midd4VCServer] job received: 6eaa5564-dc0d-4f9f-88f1-fc5cf0a9d692
[Midd4VCServer] Assigning job 6eaa5564-dc0d-4f9f-88f1-fc5cf0a9d692 to vehicle veh39
[Midd4VCServer] job 6eaa5564-dc0d-4f9f-88f1-fc5cf0a9d692 completed by vehicle veh39
[Midd4VCServer] Vehicle veh14 already registered.
[Midd4VCServer] job received: 211a99ae-4a74-409b-887d-d2ecca404295
[Midd4VCServer] Assigning job 211a99ae-4a74-409b-887d-d2ecca404295 to vehicle veh20
[Midd4VCServer] job received: 9bceaa0c-9bb0-4007-8684-bada5e997c85
[Midd4VCServer] Assigning job 9bceaa0c-9bb0-4007-8684-bada5e997c85 to vehicle veh33
[Midd4VCServer] job 9bceaa0c-9bb0-4007-8684-bada5e997c85 completed by vehicle veh33
[Midd4VCServer] job received: 03e9af66-09f1-4577-800c-07869d3c8329
[Midd4VCServer] Assigning job 03e9af66-09f1-4577-800c-07869d3c8329 to vehicle veh1
[Midd4VCServer] job 03e9af66-09f1-4577-800c-07869d3c8329 completed by vehicle veh1
[Midd4VCServer] job received: f161d3e1-29e2-4038-9c10-14fdeae8c7c4
[Midd4VCServer] Assigning job f161d3e1-29e2-4038-9c10-14fdeae8c7c4 to vehicle veh28
[Midd4VCServer] job f161d3e1-29e2-4038-9c10-14fdeae8c7c4 completed by vehicle veh28
[Midd4VCServer] Vehicle veh37 already registered.
[Midd4VCServer] Vehicle veh15 already registered.
[Midd4VCServer] Vehicle veh38 already registered.
[Midd4VCServer] job received: 0a523900-622c-4e87-96b3-41298b08df91
[Midd4VC] Job a96fca9c-101e-4414-87e7-ead61d0768f1 timed out. Re-enqueueing.
[Midd4VCServer] Assigning job a96fca9c-101e-4414-87e7-ead61d0768f1 to vehicle veh10
[Midd4VCServer] Assigning job 0a523900-622c-4e87-96b3-41298b08df91 to vehicle veh29
[Midd4VCServer] job 0a523900-622c-4e87-96b3-41298b08df91 completed by vehicle veh29
[Midd4VCServer] Vehicle veh18 already registered.
[Midd4VCServer] job received: 554aaa78-52a4-4418-b784-f51e2513c37a
[Midd4VCServer] Assigning job 554aaa78-52a4-4418-b784-f51e2513c37a to vehicle veh22
[Midd4VCServer] Vehicle veh10 already registered.
[Midd4VCServer] Vehicle veh12 already registered.
[Midd4VCServer] job received: d8cd0584-986e-4232-98c4-8802b9fac162
[Midd4VC] Job 6e8de701-6d70-475a-aef7-ce1a7569ecd6 timed out. Re-enqueueing.
[Midd4VC] Job 7a3a426b-26ac-4484-b2ff-61a67622605a timed out. Re-enqueueing.
[Midd4VC] Job e90430d9-6e2c-4bfc-8f40-7e82b6af6383 timed out. Re-enqueueing.
[Midd4VCServer] Assigning job e90430d9-6e2c-4bfc-8f40-7e82b6af6383 to vehicle veh26
[Midd4VCServer] Assigning job 7a3a426b-26ac-4484-b2ff-61a67622605a to vehicle veh8
[Midd4VCServer] Assigning job 6e8de701-6d70-475a-aef7-ce1a7569ecd6 to vehicle veh23
[Midd4VCServer] Assigning job d8cd0584-986e-4232-98c4-8802b9fac162 to vehicle veh12
[Midd4VCServer] job e90430d9-6e2c-4bfc-8f40-7e82b6af6383 completed by vehicle veh26
[Midd4VCServer] job d8cd0584-986e-4232-98c4-8802b9fac162 completed by vehicle veh12
[Midd4VCServer] job 7a3a426b-26ac-4484-b2ff-61a67622605a completed by vehicle veh8
[Midd4VCServer] job received: 581b9cce-cb1b-46ca-a78c-f1d7ba81fceb
[Midd4VCServer] Assigning job 581b9cce-cb1b-46ca-a78c-f1d7ba81fceb to vehicle veh26
[Midd4VCServer] job 581b9cce-cb1b-46ca-a78c-f1d7ba81fceb completed by vehicle veh26
[Midd4VCServer] Vehicle veh38 already registered.
[Midd4VCServer] job received: db32f79f-6957-4c8a-96bf-b7ff24f1cfe8
[Midd4VCServer] Assigning job db32f79f-6957-4c8a-96bf-b7ff24f1cfe8 to vehicle veh26
[Midd4VCServer] job db32f79f-6957-4c8a-96bf-b7ff24f1cfe8 completed by vehicle veh26
[Midd4VCServer] Vehicle veh17 already registered.
[Midd4VCServer] Vehicle veh11 already registered.
[Midd4VCServer] Vehicle veh29 already registered.
[Midd4VCServer] job received: 16d6cce1-3468-495a-b758-b530ff5fda65
[Midd4VC] Job 9f385f72-bfa2-4c67-bbb1-eec471698b43 timed out. Re-enqueueing.
[Midd4VC] Job 705cd669-2f97-4d73-99f1-b04baeaef576 timed out. Re-enqueueing.
[Midd4VCServer] Assigning job 705cd669-2f97-4d73-99f1-b04baeaef576 to vehicle veh26
[Midd4VCServer] Assigning job 9f385f72-bfa2-4c67-bbb1-eec471698b43 to vehicle veh7
[Midd4VCServer] Assigning job 16d6cce1-3468-495a-b758-b530ff5fda65 to vehicle veh24
[Midd4VCServer] job 705cd669-2f97-4d73-99f1-b04baeaef576 completed by vehicle veh26
[Midd4VCServer] job 16d6cce1-3468-495a-b758-b530ff5fda65 completed by vehicle veh24
[Midd4VCServer] Vehicle veh25 already registered.
[Midd4VCServer] job received: 087161dc-cd10-4d6f-89df-3e4eb66af0f1
[Midd4VCServer] Assigning job 087161dc-cd10-4d6f-89df-3e4eb66af0f1 to vehicle veh8
[Midd4VCServer] job 087161dc-cd10-4d6f-89df-3e4eb66af0f1 completed by vehicle veh8
[Midd4VCServer] job received: 3463a572-1d53-48b9-839a-4b60c32dd36d
[Midd4VCServer] Assigning job 3463a572-1d53-48b9-839a-4b60c32dd36d to vehicle veh26
[Midd4VCServer] job 3463a572-1d53-48b9-839a-4b60c32dd36d completed by vehicle veh26
[Midd4VCServer] Vehicle veh24 already registered.
[Midd4VCServer] job received: cfe95d9d-a2e6-4c49-bffd-48ab9eed449d
[Midd4VCServer] Assigning job cfe95d9d-a2e6-4c49-bffd-48ab9eed449d to vehicle veh24
[Midd4VCServer] job cfe95d9d-a2e6-4c49-bffd-48ab9eed449d completed by vehicle veh24
[Midd4VCServer] job received: fc33ea3f-cb17-4cad-8aba-827389282717
[Midd4VCServer] Assigning job fc33ea3f-cb17-4cad-8aba-827389282717 to vehicle veh8
[Midd4VCServer] job fc33ea3f-cb17-4cad-8aba-827389282717 completed by vehicle veh8
[Midd4VCServer] Vehicle veh5 already registered.
[Midd4VCServer] Vehicle veh32 already registered.
[Midd4VCServer] Vehicle veh36 already registered.
[Midd4VCServer] job received: 5d100670-2707-4a45-8575-6446d64f22d2
[Midd4VCServer] Assigning job 5d100670-2707-4a45-8575-6446d64f22d2 to vehicle veh26
[Midd4VCServer] job 5d100670-2707-4a45-8575-6446d64f22d2 completed by vehicle veh26
[Midd4VCServer] Vehicle veh21 already registered.
[Midd4VCServer] job received: 524b78fc-d3df-446d-954b-0b9994704531
[Midd4VC] Job 6b9dc982-a369-4a90-a39f-4d36f70168f3 timed out. Re-enqueueing.
[Midd4VC] Job bccb348e-d64d-4b81-9eed-6980e19cf14a timed out. Re-enqueueing.
[Midd4VC] Job 0c529850-2890-4aeb-a3f2-f380f182c0c2 timed out. Re-enqueueing.
[Midd4VC] Job ba89ef4b-05dd-4a1c-9278-135c1b681373 timed out. Re-enqueueing.
[Midd4VCServer] Assigning job ba89ef4b-05dd-4a1c-9278-135c1b681373 to vehicle veh6
[Midd4VCServer] Assigning job 0c529850-2890-4aeb-a3f2-f380f182c0c2 to vehicle veh31
[Midd4VCServer] Assigning job bccb348e-d64d-4b81-9eed-6980e19cf14a to vehicle veh3
[Midd4VCServer] Assigning job 6b9dc982-a369-4a90-a39f-4d36f70168f3 to vehicle veh11
[Midd4VCServer] Assigning job 524b78fc-d3df-446d-954b-0b9994704531 to vehicle veh24
[Midd4VCServer] job bccb348e-d64d-4b81-9eed-6980e19cf14a completed by vehicle veh3
[Midd4VCServer] job 524b78fc-d3df-446d-954b-0b9994704531 completed by vehicle veh24
[Midd4VCServer] job 6b9dc982-a369-4a90-a39f-4d36f70168f3 completed by vehicle veh11
[Midd4VCServer] Vehicle veh2 already registered.
[Midd4VCServer] Vehicle veh31 already registered.
[Midd4VCServer] Vehicle veh28 already registered.
[Midd4VCServer] Vehicle veh30 already registered.
[Midd4VCServer] job received: 36b8644b-da9b-4464-a5a9-c3a0d915207f
[Midd4VC] Job 8d3485b9-11ad-49d6-bcc6-237641603417 timed out. Re-enqueueing.
[Midd4VC] Job f5299802-bc36-4765-a6b3-f568c3f41a1c timed out. Re-enqueueing.
[Midd4VC] Job 20699ab1-ea8c-4e9a-b201-e1ed2a5fb5a1 timed out. Re-enqueueing.
[Midd4VCServer] Assigning job 20699ab1-ea8c-4e9a-b201-e1ed2a5fb5a1 to vehicle veh19
[Midd4VCServer] Assigning job f5299802-bc36-4765-a6b3-f568c3f41a1c to vehicle veh4
[Midd4VCServer] Assigning job 8d3485b9-11ad-49d6-bcc6-237641603417 to vehicle veh34
[Midd4VCServer] Assigning job 36b8644b-da9b-4464-a5a9-c3a0d915207f to vehicle veh3
[Midd4VCServer] job 36b8644b-da9b-4464-a5a9-c3a0d915207f completed by vehicle veh3
[Midd4VCServer] job received: b0896d77-2154-4805-8d26-01be9e4f63ae
[Midd4VCServer] Assigning job b0896d77-2154-4805-8d26-01be9e4f63ae to vehicle veh11
[Midd4VCServer] job b0896d77-2154-4805-8d26-01be9e4f63ae completed by vehicle veh11
[Midd4VCServer] job received: e711cfb6-7714-429d-98ab-6dd9f000b81b
[Midd4VCServer] Assigning job e711cfb6-7714-429d-98ab-6dd9f000b81b to vehicle veh3
[Midd4VCServer] job e711cfb6-7714-429d-98ab-6dd9f000b81b completed by vehicle veh3
[Midd4VCServer] Vehicle veh8 already registered.
[Midd4VCServer] job received: 4f12b1a0-4328-4b66-b826-2c995ad7f2da
[Midd4VC] Job 0f2e6fd1-f279-4529-a373-239f6a8ebf8d timed out. Re-enqueueing.
[Midd4VC] Job da5df73a-9fdf-4b5f-9dfa-8a81bbecde41 timed out. Re-enqueueing.
[Midd4VCServer] Assigning job da5df73a-9fdf-4b5f-9dfa-8a81bbecde41 to vehicle veh5
[Midd4VCServer] Assigning job 0f2e6fd1-f279-4529-a373-239f6a8ebf8d to vehicle veh21
[Midd4VCServer] Assigning job 4f12b1a0-4328-4b66-b826-2c995ad7f2da to vehicle veh8
[Midd4VCServer] job 4f12b1a0-4328-4b66-b826-2c995ad7f2da completed by vehicle veh8
[Midd4VCServer] job da5df73a-9fdf-4b5f-9dfa-8a81bbecde41 completed by vehicle veh5
[Midd4VCServer] Vehicle veh1 already registered.
[Midd4VCServer] Vehicle veh6 already registered.
[Midd4VCServer] job received: 46467a44-d972-40da-9f3b-d7ac72a3c026
[Midd4VCServer] Assigning job 46467a44-d972-40da-9f3b-d7ac72a3c026 to vehicle veh5
[Midd4VCServer] job 46467a44-d972-40da-9f3b-d7ac72a3c026 completed by vehicle veh5
[Midd4VCServer] Vehicle veh13 already registered.
[Midd4VCServer] Vehicle veh31 already registered.
[Midd4VCServer] job received: a0cc924f-a52b-4f26-8a24-0189d8f225b5
[Midd4VCServer] Assigning job a0cc924f-a52b-4f26-8a24-0189d8f225b5 to vehicle veh11
[Midd4VCServer] job a0cc924f-a52b-4f26-8a24-0189d8f225b5 completed by vehicle veh11
[Midd4VCServer] job received: 79ee1ad0-d731-4b1a-89d5-b307a58d29d8
[Midd4VCServer] Assigning job 79ee1ad0-d731-4b1a-89d5-b307a58d29d8 to vehicle veh5
[Midd4VCServer] job 79ee1ad0-d731-4b1a-89d5-b307a58d29d8 completed by vehicle veh5
[Midd4VCServer] Vehicle veh7 already registered.
[Midd4VCServer] job received: 408a75d0-c3ee-4166-8118-c0283112c623
[Midd4VCServer] Assigning job 408a75d0-c3ee-4166-8118-c0283112c623 to vehicle veh26
[Midd4VCServer] job received: 3f3f4ffc-05d0-410c-b8b5-c6455c28cc1b
[Midd4VC] Job e3d808bd-f786-42d1-a1eb-91279f6347e5 timed out. Re-enqueueing.
[Midd4VCServer] Assigning job e3d808bd-f786-42d1-a1eb-91279f6347e5 to vehicle veh38
[Midd4VCServer] Assigning job 3f3f4ffc-05d0-410c-b8b5-c6455c28cc1b to vehicle veh24
[Midd4VCServer] job 3f3f4ffc-05d0-410c-b8b5-c6455c28cc1b completed by vehicle veh24
[Midd4VCServer] Vehicle veh33 already registered.
[Midd4VCServer] job received: 514c1cda-763e-4761-9c0c-5280e47d3b09
[Midd4VC] Job 485c38f9-e1de-4def-90fd-aafde3a45624 timed out. Re-enqueueing.
[Midd4VC] Job 3eec34eb-1694-4c34-a111-6f24d145a839 timed out. Re-enqueueing.
[Midd4VCServer] Assigning job 3eec34eb-1694-4c34-a111-6f24d145a839 to vehicle veh13
[Midd4VCServer] Assigning job 485c38f9-e1de-4def-90fd-aafde3a45624 to vehicle veh32
[Midd4VCServer] Assigning job 514c1cda-763e-4761-9c0c-5280e47d3b09 to vehicle veh3
[Midd4VCServer] job 485c38f9-e1de-4def-90fd-aafde3a45624 completed by vehicle veh32
[Midd4VCServer] job 3eec34eb-1694-4c34-a111-6f24d145a839 completed by vehicle veh13
[Midd4VCServer] job received: 1f839266-b7cb-4d9c-8954-e46a193c5d8d
[Midd4VC] Job 0d75f908-9236-4e3e-af09-cdb08f5fde25 timed out. Re-enqueueing.
[Midd4VCServer] Assigning job 0d75f908-9236-4e3e-af09-cdb08f5fde25 to vehicle veh13
[Midd4VCServer] Assigning job 1f839266-b7cb-4d9c-8954-e46a193c5d8d to vehicle veh30
[Midd4VCServer] job 0d75f908-9236-4e3e-af09-cdb08f5fde25 completed by vehicle veh13
[Midd4VCServer] Vehicle veh17 already registered.
[Midd4VCServer] Vehicle veh35 already registered.
[Midd4VCServer] Vehicle veh7 already registered.
[Midd4VCServer] job received: 63b520b6-f844-4525-86cc-1f8a2fdd5a0e
[Midd4VC] Job c3c0fa54-7834-4ed8-aa08-d117319db59d timed out. Re-enqueueing.
[Midd4VC] Job 2a57fd4f-661e-48b0-bd3e-fc827f0056da timed out. Re-enqueueing.
[Midd4VCServer] Assigning job 2a57fd4f-661e-48b0-bd3e-fc827f0056da to vehicle veh37
[Midd4VCServer] Assigning job c3c0fa54-7834-4ed8-aa08-d117319db59d to vehicle veh13
[Midd4VCServer] Assigning job 63b520b6-f844-4525-86cc-1f8a2fdd5a0e to vehicle veh14
[Midd4VCServer] job c3c0fa54-7834-4ed8-aa08-d117319db59d completed by vehicle veh13
[Midd4VCServer] job received: e408ac7c-2f15-4aac-8bd5-040c1574c4a0
[Midd4VCServer] Assigning job e408ac7c-2f15-4aac-8bd5-040c1574c4a0 to vehicle veh13
[Midd4VCServer] job e408ac7c-2f15-4aac-8bd5-040c1574c4a0 completed by vehicle veh13
[Midd4VCServer] Vehicle veh29 already registered.
[Midd4VCServer] Vehicle veh21 already registered.
[Midd4VCServer] job received: 04316316-6b27-4af1-919d-1ac529a94e3a
[Midd4VCServer] Assigning job 04316316-6b27-4af1-919d-1ac529a94e3a to vehicle veh13
[Midd4VCServer] job 04316316-6b27-4af1-919d-1ac529a94e3a completed by vehicle veh13
[Midd4VCServer] job received: f86e2935-d9d2-4951-af9f-b8acd7f22070
[Midd4VCServer] Assigning job f86e2935-d9d2-4951-af9f-b8acd7f22070 to vehicle veh13
[Midd4VCServer] job f86e2935-d9d2-4951-af9f-b8acd7f22070 completed by vehicle veh13
[Midd4VCServer] Vehicle veh4 already registered.
[Midd4VCServer] Vehicle veh22 already registered.
[Midd4VCServer] Vehicle veh34 already registered.
[Midd4VCServer] Vehicle veh9 already registered.
[Midd4VCServer] Vehicle veh27 already registered.
[Midd4VCServer] Vehicle veh23 already registered.
[Midd4VCServer] job received: 4c7bb073-59ab-4c23-aaae-8595f4e82326
[Midd4VC] Job 189676c9-f2f9-4664-a2cd-6e16d2fc9b0e timed out. Re-enqueueing.
[Midd4VC] Job 5e9b9351-f802-402d-8385-d8b104b0f6d1 timed out. Re-enqueueing.
[Midd4VC] Job 97b0e77c-55ef-4b39-8ac4-ad5f75d077d9 timed out. Re-enqueueing.
[Midd4VCServer] Assigning job 97b0e77c-55ef-4b39-8ac4-ad5f75d077d9 to vehicle veh36
[Midd4VCServer] Assigning job 5e9b9351-f802-402d-8385-d8b104b0f6d1 to vehicle veh13
[Midd4VCServer] Assigning job 189676c9-f2f9-4664-a2cd-6e16d2fc9b0e to vehicle veh27
[Midd4VCServer] Assigning job 4c7bb073-59ab-4c23-aaae-8595f4e82326 to vehicle veh17
[Midd4VCServer] job 5e9b9351-f802-402d-8385-d8b104b0f6d1 completed by vehicle veh13
[Midd4VCServer] job 189676c9-f2f9-4664-a2cd-6e16d2fc9b0e completed by vehicle veh27
[Midd4VCServer] Vehicle veh7 already registered.
[Midd4VCServer] job received: 0982a686-74c8-4678-adb1-726371dadea3
[Midd4VCServer] Assigning job 0982a686-74c8-4678-adb1-726371dadea3 to vehicle veh13
[Midd4VCServer] job 0982a686-74c8-4678-adb1-726371dadea3 completed by vehicle veh13
[Midd4VCServer] Vehicle veh6 already registered.
[Midd4VCServer] Vehicle veh32 already registered.
[Midd4VCServer] job received: c5c005cf-b9f8-4926-b7a1-96c4a8cbcf6b
[Midd4VC] Job 11fc4e84-63fb-476b-bff8-1df4d3b5310b timed out. Re-enqueueing.
[Midd4VCServer] Assigning job 11fc4e84-63fb-476b-bff8-1df4d3b5310b to vehicle veh13
[Midd4VCServer] Assigning job c5c005cf-b9f8-4926-b7a1-96c4a8cbcf6b to vehicle veh15
[Midd4VCServer] job 11fc4e84-63fb-476b-bff8-1df4d3b5310b completed by vehicle veh13
[Midd4VCServer] job received: 4fd47567-551f-4704-b1a9-4a6a947f4103
[Midd4VCServer] Assigning job 4fd47567-551f-4704-b1a9-4a6a947f4103 to vehicle veh13
[Midd4VCServer] Vehicle veh30 already registered.
[Midd4VCServer] job received: 8d762f10-5ac0-4dfd-a37a-8f3ec9f2eb0d
[Midd4VCServer] Assigning job 8d762f10-5ac0-4dfd-a37a-8f3ec9f2eb0d to vehicle veh32
[Midd4VCServer] job 8d762f10-5ac0-4dfd-a37a-8f3ec9f2eb0d completed by vehicle veh32
[Midd4VCServer] Vehicle veh13 already registered.
[Midd4VCServer] Vehicle veh31 already registered.
[Midd4VCServer] Vehicle veh11 already registered.
[Midd4VCServer] Vehicle veh39 already registered.
[Midd4VCServer] job received: df0f7348-97fd-400d-9057-4be3e330013c
[Midd4VC] Job 93dce3ee-fc58-442a-943e-b9af0bca3828 timed out. Re-enqueueing.
[Midd4VC] Job 5d39eedd-1dd3-4f38-a1fc-318f13d67013 timed out. Re-enqueueing.
[Midd4VC] Job f4779399-20cd-4d0f-ad21-a115f8da2ee5 timed out. Re-enqueueing.
[Midd4VC] Job 5df49d99-f9b9-4027-87de-9cf4d64a7b65 timed out. Re-enqueueing.
[Midd4VCServer] Assigning job 5df49d99-f9b9-4027-87de-9cf4d64a7b65 to vehicle veh18
[Midd4VCServer] Assigning job f4779399-20cd-4d0f-ad21-a115f8da2ee5 to vehicle veh35
[Midd4VCServer] Assigning job 5d39eedd-1dd3-4f38-a1fc-318f13d67013 to vehicle veh25
[Midd4VCServer] Assigning job 93dce3ee-fc58-442a-943e-b9af0bca3828 to vehicle veh9
[Midd4VCServer] Assigning job df0f7348-97fd-400d-9057-4be3e330013c to vehicle veh27
[Midd4VCServer] job 93dce3ee-fc58-442a-943e-b9af0bca3828 completed by vehicle veh9
[Midd4VCServer] job received: 56b785d0-75fc-4f19-9ed2-ba04037ac446
[Midd4VCServer] Assigning job 56b785d0-75fc-4f19-9ed2-ba04037ac446 to vehicle veh2
[Midd4VCServer] job received: 2ddc2ec7-2047-40bb-bd4d-a19fe107355f
[Midd4VCServer] Assigning job 2ddc2ec7-2047-40bb-bd4d-a19fe107355f to vehicle veh8
[Midd4VCServer] job received: f552e102-ea0b-4289-a24b-c07a003ddd04
[Midd4VC] Job 211a99ae-4a74-409b-887d-d2ecca404295 timed out. Re-enqueueing.
[Midd4VCServer] Assigning job 211a99ae-4a74-409b-887d-d2ecca404295 to vehicle veh20
[Midd4VCServer] Assigning job f552e102-ea0b-4289-a24b-c07a003ddd04 to vehicle veh11
[Midd4VCServer] job f552e102-ea0b-4289-a24b-c07a003ddd04 completed by vehicle veh11
[Midd4VCServer] job received: a7a9c605-79d9-46f4-908f-06ef6aaf565a
[Midd4VCServer] Assigning job a7a9c605-79d9-46f4-908f-06ef6aaf565a to vehicle veh32
[Midd4VCServer] job a7a9c605-79d9-46f4-908f-06ef6aaf565a completed by vehicle veh32
[Midd4VCServer] Vehicle veh4 already registered.
[Midd4VCServer] job received: 2e1301d7-decc-47eb-bd26-c5bed49014d2
[Midd4VCServer] Assigning job 2e1301d7-decc-47eb-bd26-c5bed49014d2 to vehicle veh40
[Midd4VCServer] Vehicle veh1 already registered.
[Midd4VCServer] Vehicle veh15 already registered.
[Midd4VCServer] job received: e17b9123-d6e0-4975-ac75-2eb731e2f538
[Midd4VC] Job a96fca9c-101e-4414-87e7-ead61d0768f1 timed out. Re-enqueueing.
[Midd4VCServer] Assigning job a96fca9c-101e-4414-87e7-ead61d0768f1 to vehicle veh10
[Midd4VCServer] Assigning job e17b9123-d6e0-4975-ac75-2eb731e2f538 to vehicle veh16
[Midd4VCServer] Vehicle veh22 already registered.
[Midd4VCServer] Vehicle veh5 already registered.
[Midd4VCServer] job received: 32b31422-20b3-462a-aa70-63b3b0ad8a27
[Midd4VCServer] Assigning job 32b31422-20b3-462a-aa70-63b3b0ad8a27 to vehicle veh5
[Midd4VCServer] job 32b31422-20b3-462a-aa70-63b3b0ad8a27 completed by vehicle veh5
[Midd4VCServer] Vehicle veh35 already registered.
[Midd4VCServer] job received: 2f5d45b8-bdaa-410e-9ebd-cf0775039c32
[Midd4VC] Job 554aaa78-52a4-4418-b784-f51e2513c37a timed out. Re-enqueueing.
[Midd4VCServer] Assigning job 554aaa78-52a4-4418-b784-f51e2513c37a to vehicle veh22
[Midd4VCServer] Assigning job 2f5d45b8-bdaa-410e-9ebd-cf0775039c32 to vehicle veh9
[Midd4VCServer] job 554aaa78-52a4-4418-b784-f51e2513c37a completed by vehicle veh22
[Midd4VCServer] Vehicle veh6 already registered.
[Midd4VCServer] job received: 292134f8-7dd4-4ea8-8e34-27d88cbf5bcf
[Midd4VCServer] Assigning job 292134f8-7dd4-4ea8-8e34-27d88cbf5bcf to vehicle veh39
[Midd4VCServer] Vehicle veh33 already registered.
[Midd4VCServer] job received: 81ada5f5-38ab-4187-ab25-0f9d6d1a7955
[Midd4VC] Job 6e8de701-6d70-475a-aef7-ce1a7569ecd6 timed out. Re-enqueueing.
[Midd4VCServer] Assigning job 6e8de701-6d70-475a-aef7-ce1a7569ecd6 to vehicle veh23
[Midd4VCServer] Assigning job 81ada5f5-38ab-4187-ab25-0f9d6d1a7955 to vehicle veh33
[Midd4VCServer] job 81ada5f5-38ab-4187-ab25-0f9d6d1a7955 completed by vehicle veh33
[Midd4VCServer] job received: ce553719-d3c0-4b74-bcc1-ab256baea75a
[Midd4VCServer] Assigning job ce553719-d3c0-4b74-bcc1-ab256baea75a to vehicle veh1
[Midd4VCServer] job ce553719-d3c0-4b74-bcc1-ab256baea75a completed by vehicle veh1
[Midd4VCServer] Vehicle veh36 already registered.
[Midd4VCServer] Vehicle veh40 already registered.
[Midd4VCServer] job received: a1c23754-d18c-46d8-9277-768ffe07d402
[Midd4VCServer] Assigning job a1c23754-d18c-46d8-9277-768ffe07d402 to vehicle veh28
[Midd4VCServer] Vehicle veh39 already registered.
[Midd4VCServer] Vehicle veh26 already registered.
[Midd4VCServer] job received: c7d72e51-0ab6-4570-a43d-f19d15b20ce4
[Midd4VC] Job 9f385f72-bfa2-4c67-bbb1-eec471698b43 timed out. Re-enqueueing.
[Midd4VCServer] Assigning job 9f385f72-bfa2-4c67-bbb1-eec471698b43 to vehicle veh7
[Midd4VCServer] Assigning job c7d72e51-0ab6-4570-a43d-f19d15b20ce4 to vehicle veh29
[Midd4VCServer] job c7d72e51-0ab6-4570-a43d-f19d15b20ce4 completed by vehicle veh29
[Midd4VCServer] job received: 98c95c05-160f-44eb-992e-9b06d5226436
[Midd4VCServer] Assigning job 98c95c05-160f-44eb-992e-9b06d5226436 to vehicle veh24
[Midd4VCServer] Vehicle veh35 already registered.
[Midd4VCServer] Vehicle veh2 already registered.
[Midd4VCServer] job received: 9755166f-7d5d-4df7-931d-9067956f2315
[Midd4VCServer] Assigning job 9755166f-7d5d-4df7-931d-9067956f2315 to vehicle veh22
[Midd4VCServer] job 9755166f-7d5d-4df7-931d-9067956f2315 completed by vehicle veh22
[Midd4VCServer] Vehicle veh24 already registered.
[Midd4VCServer] job received: a1cd4a68-9ce8-4a6c-b5df-5b7bad337b06
[Midd4VC] Job ba89ef4b-05dd-4a1c-9278-135c1b681373 timed out. Re-enqueueing.
[Midd4VC] Job 0c529850-2890-4aeb-a3f2-f380f182c0c2 timed out. Re-enqueueing.
[Midd4VCServer] Assigning job 0c529850-2890-4aeb-a3f2-f380f182c0c2 to vehicle veh6
[Midd4VCServer] Assigning job ba89ef4b-05dd-4a1c-9278-135c1b681373 to vehicle veh31
[Midd4VCServer] Assigning job a1cd4a68-9ce8-4a6c-b5df-5b7bad337b06 to vehicle veh12
[Midd4VCServer] Vehicle veh16 already registered.
[Midd4VCServer] job received: cc6d4902-a1a0-42e2-9f13-4fd5dec1244f
[Midd4VCServer] Assigning job cc6d4902-a1a0-42e2-9f13-4fd5dec1244f to vehicle veh11
[Midd4VCServer] job received: 02d7e712-f2e0-4e88-ad35-83b2b7866d0b
[Midd4VCServer] Assigning job 02d7e712-f2e0-4e88-ad35-83b2b7866d0b to vehicle veh32
[Midd4VCServer] Vehicle veh20 already registered.
[Midd4VCServer] job received: 52856bb7-e663-425a-9558-43ba2a93c166
[Midd4VCServer] Assigning job 52856bb7-e663-425a-9558-43ba2a93c166 to vehicle veh5
[Midd4VCServer] job received: ad3e6636-06c8-4b1c-93f1-82894a542fe0
[Midd4VCServer] Assigning job ad3e6636-06c8-4b1c-93f1-82894a542fe0 to vehicle veh33
[Midd4VCServer] job ad3e6636-06c8-4b1c-93f1-82894a542fe0 completed by vehicle veh33
[Midd4VCServer] job received: 1c65d5ad-27c6-4fa5-9fb5-30eb4d6ac09d
[Midd4VC] Job 20699ab1-ea8c-4e9a-b201-e1ed2a5fb5a1 timed out. Re-enqueueing.
[Midd4VC] Job f5299802-bc36-4765-a6b3-f568c3f41a1c timed out. Re-enqueueing.
[Midd4VC] Job 8d3485b9-11ad-49d6-bcc6-237641603417 timed out. Re-enqueueing.
[Midd4VCServer] Assigning job 8d3485b9-11ad-49d6-bcc6-237641603417 to vehicle veh19
[Midd4VCServer] Assigning job f5299802-bc36-4765-a6b3-f568c3f41a1c to vehicle veh4
[Midd4VCServer] Assigning job 20699ab1-ea8c-4e9a-b201-e1ed2a5fb5a1 to vehicle veh34
[Midd4VCServer] Assigning job 1c65d5ad-27c6-4fa5-9fb5-30eb4d6ac09d to vehicle veh1
[Midd4VCServer] job 20699ab1-ea8c-4e9a-b201-e1ed2a5fb5a1 completed by vehicle veh34
[Midd4VCServer] job 1c65d5ad-27c6-4fa5-9fb5-30eb4d6ac09d completed by vehicle veh1
[Midd4VCServer] job received: 34cc333b-17eb-437d-9b91-12ffa1b78270
[Midd4VC] Job 0f2e6fd1-f279-4529-a373-239f6a8ebf8d timed out. Re-enqueueing.
[Midd4VCServer] Assigning job 0f2e6fd1-f279-4529-a373-239f6a8ebf8d to vehicle veh21
[Midd4VCServer] Assigning job 34cc333b-17eb-437d-9b91-12ffa1b78270 to vehicle veh34
[Midd4VCServer] job 34cc333b-17eb-437d-9b91-12ffa1b78270 completed by vehicle veh34
[Midd4VCServer] job received: b75629e4-f761-475f-a2d8-37897fd66d0e
[Midd4VCServer] Assigning job b75629e4-f761-475f-a2d8-37897fd66d0e to vehicle veh34
[Midd4VCServer] job b75629e4-f761-475f-a2d8-37897fd66d0e completed by vehicle veh34
[Midd4VCServer] job received: a0efee3e-24ef-47ed-b64f-127dfef70994
[Midd4VCServer] Assigning job a0efee3e-24ef-47ed-b64f-127dfef70994 to vehicle veh34
[Midd4VCServer] job a0efee3e-24ef-47ed-b64f-127dfef70994 completed by vehicle veh34
[Midd4VCServer] job received: 5c5b0de6-aac3-45c2-8481-4355823d7f5b
[Midd4VCServer] Assigning job 5c5b0de6-aac3-45c2-8481-4355823d7f5b to vehicle veh34
[Midd4VCServer] job 5c5b0de6-aac3-45c2-8481-4355823d7f5b completed by vehicle veh34
[Midd4VCServer] job received: 7d0bd517-f529-4d3d-8556-94a4a25961eb
[Midd4VC] Job 408a75d0-c3ee-4166-8118-c0283112c623 timed out. Re-enqueueing.
[Midd4VCServer] Assigning job 408a75d0-c3ee-4166-8118-c0283112c623 to vehicle veh26
[Midd4VCServer] Assigning job 7d0bd517-f529-4d3d-8556-94a4a25961eb to vehicle veh29
[Midd4VCServer] job received: f5490e29-c03f-4311-827b-84c59b2b20c9
[Midd4VC] Job e3d808bd-f786-42d1-a1eb-91279f6347e5 timed out. Re-enqueueing.
[Midd4VCServer] Assigning job e3d808bd-f786-42d1-a1eb-91279f6347e5 to vehicle veh38
[Midd4VCServer] Assigning job f5490e29-c03f-4311-827b-84c59b2b20c9 to vehicle veh22
[Midd4VCServer] job received: 1803c95d-53cb-4558-a73c-8a0961dbacab
[Midd4VCServer] Assigning job 1803c95d-53cb-4558-a73c-8a0961dbacab to vehicle veh34
[Midd4VCServer] job received: a466f98c-f5ff-4340-aedb-706cc18e1f65
[Midd4VC] Job 514c1cda-763e-4761-9c0c-5280e47d3b09 timed out. Re-enqueueing.
[Midd4VCServer] Assigning job 514c1cda-763e-4761-9c0c-5280e47d3b09 to vehicle veh3
[Midd4VCServer] Assigning job a466f98c-f5ff-4340-aedb-706cc18e1f65 to vehicle veh33
[Midd4VCServer] Vehicle veh38 already registered.
[Midd4VCServer] Vehicle veh39 already registered.
[Midd4VCServer] Vehicle veh26 already registered.
[Midd4VCServer] Vehicle veh4 already registered.
[Midd4VCServer] Vehicle veh17 already registered.
[Midd4VCServer] Vehicle veh5 already registered.
[Midd4VCServer] Vehicle veh3 already registered.
[Midd4VCServer] Vehicle veh33 already registered.
[Midd4VCServer] Vehicle veh10 already registered.
[Midd4VCServer] Vehicle veh22 already registered.
[Midd4VCServer] job received: 47cff8db-ccaf-4a61-93cb-7837f61c7247
[Midd4VC] Job 1f839266-b7cb-4d9c-8954-e46a193c5d8d timed out. Re-enqueueing.
[Midd4VC] Job 2a57fd4f-661e-48b0-bd3e-fc827f0056da timed out. Re-enqueueing.
[Midd4VC] Job 63b520b6-f844-4525-86cc-1f8a2fdd5a0e timed out. Re-enqueueing.
[Midd4VCServer] Assigning job 63b520b6-f844-4525-86cc-1f8a2fdd5a0e to vehicle veh37
[Midd4VCServer] Assigning job 2a57fd4f-661e-48b0-bd3e-fc827f0056da to vehicle veh14
[Midd4VCServer] Assigning job 1f839266-b7cb-4d9c-8954-e46a193c5d8d to vehicle veh30
[Midd4VCServer] Assigning job 47cff8db-ccaf-4a61-93cb-7837f61c7247 to vehicle veh1
[Midd4VCServer] job 2a57fd4f-661e-48b0-bd3e-fc827f0056da completed by vehicle veh14
[Midd4VCServer] job 47cff8db-ccaf-4a61-93cb-7837f61c7247 completed by vehicle veh1
[Midd4VCServer] Vehicle veh14 already registered.
[Midd4VCServer] job received: 2cfd14cc-9210-46ef-be9d-d3c212d969ce
[Midd4VCServer] Assigning job 2cfd14cc-9210-46ef-be9d-d3c212d969ce to vehicle veh14
[Midd4VCServer] job 2cfd14cc-9210-46ef-be9d-d3c212d969ce completed by vehicle veh14
[Midd4VCServer] job received: 44ade504-a9d2-477d-b168-a6c842c49ac5
[Midd4VCServer] Assigning job 44ade504-a9d2-477d-b168-a6c842c49ac5 to vehicle veh14
[Midd4VCServer] job 44ade504-a9d2-477d-b168-a6c842c49ac5 completed by vehicle veh14
[Midd4VCServer] job received: 7982d55b-21bb-456f-bb11-f9348db3d225
[Midd4VCServer] Assigning job 7982d55b-21bb-456f-bb11-f9348db3d225 to vehicle veh14
[Midd4VCServer] job 7982d55b-21bb-456f-bb11-f9348db3d225 completed by vehicle veh14
[Midd4VCServer] job received: eb4662eb-bdb2-400b-94bd-b8f6dba677d2
[Midd4VC] Job 97b0e77c-55ef-4b39-8ac4-ad5f75d077d9 timed out. Re-enqueueing.
[Midd4VC] Job 4c7bb073-59ab-4c23-aaae-8595f4e82326 timed out. Re-enqueueing.
[Midd4VCServer] Assigning job 4c7bb073-59ab-4c23-aaae-8595f4e82326 to vehicle veh36
[Midd4VCServer] Assigning job 97b0e77c-55ef-4b39-8ac4-ad5f75d077d9 to vehicle veh14
[Midd4VCServer] Assigning job eb4662eb-bdb2-400b-94bd-b8f6dba677d2 to vehicle veh17
[Midd4VCServer] job 4c7bb073-59ab-4c23-aaae-8595f4e82326 completed by vehicle veh36
[Midd4VCServer] job eb4662eb-bdb2-400b-94bd-b8f6dba677d2 completed by vehicle veh17
[Midd4VCServer] job received: 5569b394-26eb-41f6-8fc9-a226240e6094
[Midd4VCServer] Assigning job 5569b394-26eb-41f6-8fc9-a226240e6094 to vehicle veh36
[Midd4VCServer] job 5569b394-26eb-41f6-8fc9-a226240e6094 completed by vehicle veh36
[Midd4VCServer] job received: bca54ca9-94eb-4dd1-9684-4896429c3dc3
[Midd4VCServer] Assigning job bca54ca9-94eb-4dd1-9684-4896429c3dc3 to vehicle veh36
[Midd4VCServer] job bca54ca9-94eb-4dd1-9684-4896429c3dc3 completed by vehicle veh36
[Midd4VCServer] job received: e8c46876-61af-4e20-af1e-57d30f83d35c
[Midd4VCServer] Assigning job e8c46876-61af-4e20-af1e-57d30f83d35c to vehicle veh36
[Midd4VCServer] job e8c46876-61af-4e20-af1e-57d30f83d35c completed by vehicle veh36
[Midd4VCServer] Vehicle veh9 already registered.
[Midd4VCServer] job received: fab08d10-a125-4df9-80db-95c25a74554e
[Midd4VC] Job c5c005cf-b9f8-4926-b7a1-96c4a8cbcf6b timed out. Re-enqueueing.
[Midd4VCServer] Assigning job c5c005cf-b9f8-4926-b7a1-96c4a8cbcf6b to vehicle veh36
[Midd4VCServer] Assigning job fab08d10-a125-4df9-80db-95c25a74554e to vehicle veh15
[Midd4VCServer] job c5c005cf-b9f8-4926-b7a1-96c4a8cbcf6b completed by vehicle veh36
[Midd4VCServer] job fab08d10-a125-4df9-80db-95c25a74554e completed by vehicle veh15
[Midd4VCServer] Vehicle veh11 already registered.
[Midd4VCServer] job received: cecc81c3-2519-43c5-9634-6a4f0dbe5337
[Midd4VC] Job 4fd47567-551f-4704-b1a9-4a6a947f4103 timed out. Re-enqueueing.
[Midd4VCServer] Assigning job 4fd47567-551f-4704-b1a9-4a6a947f4103 to vehicle veh13
[Midd4VCServer] Assigning job cecc81c3-2519-43c5-9634-6a4f0dbe5337 to vehicle veh36
[Midd4VCServer] job cecc81c3-2519-43c5-9634-6a4f0dbe5337 completed by vehicle veh36
[Midd4VCServer] job received: 8cbbbc82-34f4-4b1f-972b-4757d14d7f6b
[Midd4VCServer] Assigning job 8cbbbc82-34f4-4b1f-972b-4757d14d7f6b to vehicle veh36
[Midd4VCServer] job 8cbbbc82-34f4-4b1f-972b-4757d14d7f6b completed by vehicle veh36
[Midd4VCServer] job received: c81b754d-cff7-4131-924e-20c239c4a190
[Midd4VCServer] Assigning job c81b754d-cff7-4131-924e-20c239c4a190 to vehicle veh36
[Midd4VCServer] job c81b754d-cff7-4131-924e-20c239c4a190 completed by vehicle veh36
[Midd4VCServer] Vehicle veh2 already registered.
[Midd4VCServer] Vehicle veh30 already registered.
[Midd4VCServer] Vehicle veh13 already registered.
[Midd4VCServer] job received: 1015eff2-5a67-4603-a4e1-a61e601bfeee
[Midd4VCServer] Assigning job 1015eff2-5a67-4603-a4e1-a61e601bfeee to vehicle veh17
[Midd4VCServer] job 1015eff2-5a67-4603-a4e1-a61e601bfeee completed by vehicle veh17
[Midd4VCServer] Vehicle veh37 already registered.
[Midd4VCServer] job received: 6f04c959-0970-44bc-912a-39670be79bf6
[Midd4VC] Job 5df49d99-f9b9-4027-87de-9cf4d64a7b65 timed out. Re-enqueueing.
[Midd4VC] Job f4779399-20cd-4d0f-ad21-a115f8da2ee5 timed out. Re-enqueueing.
[Midd4VC] Job 5d39eedd-1dd3-4f38-a1fc-318f13d67013 timed out. Re-enqueueing.
[Midd4VC] Job df0f7348-97fd-400d-9057-4be3e330013c timed out. Re-enqueueing.
[Midd4VC] Job 56b785d0-75fc-4f19-9ed2-ba04037ac446 timed out. Re-enqueueing.
[Midd4VCServer] Assigning job 56b785d0-75fc-4f19-9ed2-ba04037ac446 to vehicle veh18
[Midd4VCServer] Assigning job df0f7348-97fd-400d-9057-4be3e330013c to vehicle veh35
[Midd4VCServer] Assigning job 5d39eedd-1dd3-4f38-a1fc-318f13d67013 to vehicle veh25
[Midd4VCServer] Assigning job f4779399-20cd-4d0f-ad21-a115f8da2ee5 to vehicle veh27
[Midd4VCServer] Assigning job 5df49d99-f9b9-4027-87de-9cf4d64a7b65 to vehicle veh15
[Midd4VCServer] Assigning job 6f04c959-0970-44bc-912a-39670be79bf6 to vehicle veh2
[Midd4VCServer] job received: 91439c64-6160-42db-82f2-ae4bcce2c28a
[Midd4VC] Job 2ddc2ec7-2047-40bb-bd4d-a19fe107355f timed out. Re-enqueueing.
[Midd4VC] Job 211a99ae-4a74-409b-887d-d2ecca404295 timed out. Re-enqueueing.
[Midd4VCServer] Assigning job 211a99ae-4a74-409b-887d-d2ecca404295 to vehicle veh20
[Midd4VCServer] Assigning job 2ddc2ec7-2047-40bb-bd4d-a19fe107355f to vehicle veh8
[Midd4VCServer] Assigning job 91439c64-6160-42db-82f2-ae4bcce2c28a to vehicle veh36
[Midd4VCServer] job 211a99ae-4a74-409b-887d-d2ecca404295 completed by vehicle veh20
[Midd4VCServer] job received: ed2c17f6-4c21-4ddb-bdac-1ef629ee7bb2
[Midd4VCServer] Assigning job ed2c17f6-4c21-4ddb-bdac-1ef629ee7bb2 to vehicle veh20
[Midd4VCServer] job ed2c17f6-4c21-4ddb-bdac-1ef629ee7bb2 completed by vehicle veh20
[Midd4VCServer] Vehicle veh22 already registered.
[Midd4VCServer] Vehicle veh8 already registered.
[Midd4VCServer] job received: 60243890-e860-45f4-accf-2297b0bc8c97
[Midd4VCServer] Assigning job 60243890-e860-45f4-accf-2297b0bc8c97 to vehicle veh17
[Midd4VCServer] job 60243890-e860-45f4-accf-2297b0bc8c97 completed by vehicle veh17
[Midd4VCServer] job received: c19933b8-eb31-4a28-b8d3-6a2f164cb361
[Midd4VCServer] Assigning job c19933b8-eb31-4a28-b8d3-6a2f164cb361 to vehicle veh20
[Midd4VCServer] job c19933b8-eb31-4a28-b8d3-6a2f164cb361 completed by vehicle veh20
[Midd4VCServer] Vehicle veh36 already registered.
[Midd4VCServer] Vehicle veh31 already registered.
[Midd4VCServer] Vehicle veh34 already registered.
[Midd4VCServer] job received: 008b6fcb-941b-4531-831a-1ecb5f8232a3
[Midd4VC] Job 2e1301d7-decc-47eb-bd26-c5bed49014d2 timed out. Re-enqueueing.
[Midd4VC] Job a96fca9c-101e-4414-87e7-ead61d0768f1 timed out. Re-enqueueing.
[Midd4VC] Job e17b9123-d6e0-4975-ac75-2eb731e2f538 timed out. Re-enqueueing.
[Midd4VCServer] Assigning job e17b9123-d6e0-4975-ac75-2eb731e2f538 to vehicle veh10
[Midd4VCServer] Assigning job a96fca9c-101e-4414-87e7-ead61d0768f1 to vehicle veh40
[Midd4VCServer] Assigning job 2e1301d7-decc-47eb-bd26-c5bed49014d2 to vehicle veh16
[Midd4VCServer] Assigning job 008b6fcb-941b-4531-831a-1ecb5f8232a3 to vehicle veh17
[Midd4VCServer] job 008b6fcb-941b-4531-831a-1ecb5f8232a3 completed by vehicle veh17
[Midd4VCServer] Vehicle veh25 already registered.
[Midd4VCServer] job received: 9e4df042-edca-42f4-9b36-679db523836f
[Midd4VCServer] Assigning job 9e4df042-edca-42f4-9b36-679db523836f to vehicle veh20
[Midd4VCServer] job 9e4df042-edca-42f4-9b36-679db523836f completed by vehicle veh20
[Midd4VCServer] Vehicle veh39 already registered.
[Midd4VCServer] job received: bd01bca6-6117-4cb0-b56c-8d66486a574a
[Midd4VC] Job 2f5d45b8-bdaa-410e-9ebd-cf0775039c32 timed out. Re-enqueueing.
[Midd4VCServer] Assigning job 2f5d45b8-bdaa-410e-9ebd-cf0775039c32 to vehicle veh9
[Midd4VCServer] Assigning job bd01bca6-6117-4cb0-b56c-8d66486a574a to vehicle veh17
[Midd4VCServer] job bd01bca6-6117-4cb0-b56c-8d66486a574a completed by vehicle veh17
[Midd4VCServer] job 2f5d45b8-bdaa-410e-9ebd-cf0775039c32 completed by vehicle veh9
[Midd4VCServer] job received: 1ce4566a-aa2a-4517-82f7-3f887583e53f
[Midd4VC] Job 292134f8-7dd4-4ea8-8e34-27d88cbf5bcf timed out. Re-enqueueing.
[Midd4VCServer] Assigning job 292134f8-7dd4-4ea8-8e34-27d88cbf5bcf to vehicle veh39
[Midd4VCServer] Assigning job 1ce4566a-aa2a-4517-82f7-3f887583e53f to vehicle veh9
[Midd4VCServer] job 292134f8-7dd4-4ea8-8e34-27d88cbf5bcf completed by vehicle veh39
[Midd4VCServer] job 1ce4566a-aa2a-4517-82f7-3f887583e53f completed by vehicle veh9
[Midd4VCServer] job received: 39a6551e-c6fb-44bd-96ba-9d5c125bcf05
[Midd4VC] Job 6e8de701-6d70-475a-aef7-ce1a7569ecd6 timed out. Re-enqueueing.
[Midd4VC] Job a1c23754-d18c-46d8-9277-768ffe07d402 timed out. Re-enqueueing.
[Midd4VCServer] Assigning job a1c23754-d18c-46d8-9277-768ffe07d402 to vehicle veh23
[Midd4VCServer] Assigning job 6e8de701-6d70-475a-aef7-ce1a7569ecd6 to vehicle veh28
[Midd4VCServer] Assigning job 39a6551e-c6fb-44bd-96ba-9d5c125bcf05 to vehicle veh39
[Midd4VCServer] job 39a6551e-c6fb-44bd-96ba-9d5c125bcf05 completed by vehicle veh39
[Midd4VCServer] job received: 4673330f-f06e-49d8-89d4-c07732bd2f4d
[Midd4VCServer] Assigning job 4673330f-f06e-49d8-89d4-c07732bd2f4d to vehicle veh9
[Midd4VCServer] Vehicle veh4 already registered.
[Midd4VCServer] job received: d13fac17-2d6e-4cf8-be98-e369d0fd3d0b
[Midd4VC] Job 9f385f72-bfa2-4c67-bbb1-eec471698b43 timed out. Re-enqueueing.
[Midd4VC] Job 98c95c05-160f-44eb-992e-9b06d5226436 timed out. Re-enqueueing.
[Midd4VCServer] Assigning job 98c95c05-160f-44eb-992e-9b06d5226436 to vehicle veh7
[Midd4VCServer] Assigning job 9f385f72-bfa2-4c67-bbb1-eec471698b43 to vehicle veh24
[Midd4VCServer] Assigning job d13fac17-2d6e-4cf8-be98-e369d0fd3d0b to vehicle veh39
[Midd4VCServer] job received: b87d2130-0d4c-42cb-9b94-33e30af1fb60
[Midd4VCServer] Assigning job b87d2130-0d4c-42cb-9b94-33e30af1fb60 to vehicle veh20
[Midd4VCServer] job b87d2130-0d4c-42cb-9b94-33e30af1fb60 completed by vehicle veh20
[Midd4VCServer] job received: ee0ac699-bb02-47d3-a78a-cd59439ed5c5
[Midd4VCServer] Assigning job ee0ac699-bb02-47d3-a78a-cd59439ed5c5 to vehicle veh1
[Midd4VCServer] Vehicle veh28 already registered.
[Midd4VCServer] job received: a2326c95-a683-4304-b2f3-9babd191aecd
[Midd4VCServer] Assigning job a2326c95-a683-4304-b2f3-9babd191aecd to vehicle veh17
[Midd4VCServer] job a2326c95-a683-4304-b2f3-9babd191aecd completed by vehicle veh17
[Midd4VCServer] Vehicle veh9 already registered.
[Midd4VCServer] job received: 1f4fa07d-4b54-4239-b323-4899b8eaaf2f
[Midd4VC] Job 0c529850-2890-4aeb-a3f2-f380f182c0c2 timed out. Re-enqueueing.
[Midd4VC] Job ba89ef4b-05dd-4a1c-9278-135c1b681373 timed out. Re-enqueueing.
[Midd4VC] Job a1cd4a68-9ce8-4a6c-b5df-5b7bad337b06 timed out. Re-enqueueing.
[Midd4VC] Job cc6d4902-a1a0-42e2-9f13-4fd5dec1244f timed out. Re-enqueueing.
[Midd4VC] Job 02d7e712-f2e0-4e88-ad35-83b2b7866d0b timed out. Re-enqueueing.
[Midd4VCServer] Assigning job 02d7e712-f2e0-4e88-ad35-83b2b7866d0b to vehicle veh6
[Midd4VCServer] Assigning job cc6d4902-a1a0-42e2-9f13-4fd5dec1244f to vehicle veh31
[Midd4VCServer] Assigning job a1cd4a68-9ce8-4a6c-b5df-5b7bad337b06 to vehicle veh12
[Midd4VCServer] Assigning job ba89ef4b-05dd-4a1c-9278-135c1b681373 to vehicle veh11
[Midd4VCServer] Assigning job 0c529850-2890-4aeb-a3f2-f380f182c0c2 to vehicle veh32
[Midd4VCServer] Assigning job 1f4fa07d-4b54-4239-b323-4899b8eaaf2f to vehicle veh20
[Midd4VCServer] job 1f4fa07d-4b54-4239-b323-4899b8eaaf2f completed by vehicle veh20
[Midd4VCServer] Vehicle veh24 already registered.
[Midd4VCServer] Vehicle veh23 already registered.
[Midd4VCServer] job received: d95b47e9-e07c-4364-bc69-596e03171f6d
[Midd4VCServer] Assigning job d95b47e9-e07c-4364-bc69-596e03171f6d to vehicle veh17
[Midd4VCServer] job d95b47e9-e07c-4364-bc69-596e03171f6d completed by vehicle veh17
[Midd4VCServer] Vehicle veh40 already registered.
[Midd4VCServer] Vehicle veh6 already registered.
[Midd4VCServer] Vehicle veh36 already registered.
[Midd4VCServer] job received: 0a20c2ea-807e-4933-888e-6f712ecf5f4e
[Midd4VC] Job 52856bb7-e663-425a-9558-43ba2a93c166 timed out. Re-enqueueing.
[Midd4VC] Job 8d3485b9-11ad-49d6-bcc6-237641603417 timed out. Re-enqueueing.
[Midd4VC] Job f5299802-bc36-4765-a6b3-f568c3f41a1c timed out. Re-enqueueing.
[Midd4VCServer] Assigning job f5299802-bc36-4765-a6b3-f568c3f41a1c to vehicle veh19
[Midd4VCServer] Assigning job 8d3485b9-11ad-49d6-bcc6-237641603417 to vehicle veh4
[Midd4VCServer] Assigning job 52856bb7-e663-425a-9558-43ba2a93c166 to vehicle veh5
[Midd4VCServer] Assigning job 0a20c2ea-807e-4933-888e-6f712ecf5f4e to vehicle veh20
[Midd4VCServer] Vehicle veh35 already registered.
[Midd4VCServer] Vehicle veh11 already registered.
[Midd4VCServer] Vehicle veh26 already registered.
[Midd4VCServer] job received: 6b55e142-a1d5-460e-a392-b8827e5218e3
[Midd4VCServer] Assigning job 6b55e142-a1d5-460e-a392-b8827e5218e3 to vehicle veh17
[Midd4VCServer] job 6b55e142-a1d5-460e-a392-b8827e5218e3 completed by vehicle veh17
[Midd4VCServer] Vehicle veh21 already registered.
[Midd4VCServer] job received: 8c89e230-b91c-4385-b4d8-287be191df0f
[Midd4VCServer] Assigning job 8c89e230-b91c-4385-b4d8-287be191df0f to vehicle veh17
[Midd4VCServer] job 8c89e230-b91c-4385-b4d8-287be191df0f completed by vehicle veh17
[Midd4VCServer] job received: 0613c970-a798-48b8-9140-ea43537b0709
[Midd4VCServer] Assigning job 0613c970-a798-48b8-9140-ea43537b0709 to vehicle veh17
[Midd4VCServer] job 0613c970-a798-48b8-9140-ea43537b0709 completed by vehicle veh17
[Midd4VCServer] Vehicle veh32 already registered.
[Midd4VCServer] Vehicle veh22 already registered.
[Midd4VCServer] job received: beef04d2-55be-4630-b716-41712c9f902e
[Midd4VC] Job 0f2e6fd1-f279-4529-a373-239f6a8ebf8d timed out. Re-enqueueing.
[Midd4VCServer] Assigning job 0f2e6fd1-f279-4529-a373-239f6a8ebf8d to vehicle veh21
[Midd4VCServer] Assigning job beef04d2-55be-4630-b716-41712c9f902e to vehicle veh17
[Midd4VCServer] job 0f2e6fd1-f279-4529-a373-239f6a8ebf8d completed by vehicle veh21
[Midd4VCServer] job beef04d2-55be-4630-b716-41712c9f902e completed by vehicle veh17
[Midd4VCServer] job received: dbc50492-7290-4f0c-81bb-bef93afb943d
[Midd4VCServer] Assigning job dbc50492-7290-4f0c-81bb-bef93afb943d to vehicle veh21
[Midd4VCServer] job dbc50492-7290-4f0c-81bb-bef93afb943d completed by vehicle veh21
[Midd4VCServer] Vehicle veh12 already registered.
[Midd4VCServer] Vehicle veh2 already registered.
[Midd4VCServer] job received: 0d4e414e-7988-4f6c-8060-7e7ad62c7078
[Midd4VC] Job 408a75d0-c3ee-4166-8118-c0283112c623 timed out. Re-enqueueing.
[Midd4VC] Job 7d0bd517-f529-4d3d-8556-94a4a25961eb timed out. Re-enqueueing.
[Midd4VCServer] Assigning job 7d0bd517-f529-4d3d-8556-94a4a25961eb to vehicle veh26
[Midd4VCServer] Assigning job 408a75d0-c3ee-4166-8118-c0283112c623 to vehicle veh21
[Midd4VCServer] Assigning job 0d4e414e-7988-4f6c-8060-7e7ad62c7078 to vehicle veh29
[Midd4VCServer] job 7d0bd517-f529-4d3d-8556-94a4a25961eb completed by vehicle veh26
[Midd4VCServer] job 408a75d0-c3ee-4166-8118-c0283112c623 completed by vehicle veh21
[Midd4VCServer] job received: 54ed0bd6-9c83-4b37-b4bd-669955033590
[Midd4VCServer] Assigning job 54ed0bd6-9c83-4b37-b4bd-669955033590 to vehicle veh26
[Midd4VCServer] job 54ed0bd6-9c83-4b37-b4bd-669955033590 completed by vehicle veh26
[Midd4VCServer] job received: a0160d21-86db-44ee-b25c-4b63b510d68e
[Midd4VCServer] Assigning job a0160d21-86db-44ee-b25c-4b63b510d68e to vehicle veh21
[Midd4VCServer] job a0160d21-86db-44ee-b25c-4b63b510d68e completed by vehicle veh21
[Midd4VCServer] Vehicle veh19 already registered.
[Midd4VCServer] job received: fd07b4fb-a572-4c72-9787-8491baaa79ab
[Midd4VC] Job e3d808bd-f786-42d1-a1eb-91279f6347e5 timed out. Re-enqueueing.
[Midd4VC] Job f5490e29-c03f-4311-827b-84c59b2b20c9 timed out. Re-enqueueing.
[Midd4VC] Job 1803c95d-53cb-4558-a73c-8a0961dbacab timed out. Re-enqueueing.
[Midd4VCServer] Assigning job 1803c95d-53cb-4558-a73c-8a0961dbacab to vehicle veh38
[Midd4VCServer] Assigning job f5490e29-c03f-4311-827b-84c59b2b20c9 to vehicle veh26
[Midd4VCServer] Assigning job e3d808bd-f786-42d1-a1eb-91279f6347e5 to vehicle veh21
[Midd4VCServer] Assigning job fd07b4fb-a572-4c72-9787-8491baaa79ab to vehicle veh22
[Midd4VCServer] job f5490e29-c03f-4311-827b-84c59b2b20c9 completed by vehicle veh26
[Midd4VCServer] job e3d808bd-f786-42d1-a1eb-91279f6347e5 completed by vehicle veh21
[Midd4VCServer] job 1803c95d-53cb-4558-a73c-8a0961dbacab completed by vehicle veh38
[Midd4VCServer] job fd07b4fb-a572-4c72-9787-8491baaa79ab completed by vehicle veh22
[Midd4VCServer] job received: ea6cfb02-22e4-4baa-ae54-80c9815d09bd
[Midd4VCServer] Assigning job ea6cfb02-22e4-4baa-ae54-80c9815d09bd to vehicle veh38
[Midd4VCServer] job ea6cfb02-22e4-4baa-ae54-80c9815d09bd completed by vehicle veh38
[Midd4VCServer] Vehicle veh39 already registered.
[Midd4VCServer] Vehicle veh38 already registered.
[Midd4VCServer] Vehicle veh36 already registered.
[Midd4VCServer] Vehicle veh4 already registered.
[Midd4VCServer] Vehicle veh9 already registered.
[Midd4VCServer] Vehicle veh31 already registered.
[Midd4VCServer] job received: 998c3cfe-4c54-40d8-ba17-dbc96dc3db41
[Midd4VC] Job 514c1cda-763e-4761-9c0c-5280e47d3b09 timed out. Re-enqueueing.
[Midd4VC] Job a466f98c-f5ff-4340-aedb-706cc18e1f65 timed out. Re-enqueueing.
[Midd4VCServer] Assigning job a466f98c-f5ff-4340-aedb-706cc18e1f65 to vehicle veh38
[Midd4VCServer] Assigning job 514c1cda-763e-4761-9c0c-5280e47d3b09 to vehicle veh3
[Midd4VCServer] Assigning job 998c3cfe-4c54-40d8-ba17-dbc96dc3db41 to vehicle veh34
[Midd4VCServer] job received: dfb75628-85e4-47f4-96e8-fd3cbc1c8500
[Midd4VCServer] Assigning job dfb75628-85e4-47f4-96e8-fd3cbc1c8500 to vehicle veh26
[Midd4VCServer] Vehicle veh33 already registered.
[Midd4VCServer] job received: 4d8714c7-b7b2-4300-b3b9-0a1c215d0e98
[Midd4VC] Job 63b520b6-f844-4525-86cc-1f8a2fdd5a0e timed out. Re-enqueueing.
[Midd4VC] Job 1f839266-b7cb-4d9c-8954-e46a193c5d8d timed out. Re-enqueueing.
[Midd4VCServer] Assigning job 1f839266-b7cb-4d9c-8954-e46a193c5d8d to vehicle veh37
[Midd4VCServer] Assigning job 63b520b6-f844-4525-86cc-1f8a2fdd5a0e to vehicle veh30
[Midd4VCServer] Assigning job 4d8714c7-b7b2-4300-b3b9-0a1c215d0e98 to vehicle veh33
[Midd4VCServer] job 1f839266-b7cb-4d9c-8954-e46a193c5d8d completed by vehicle veh37
[Midd4VCServer] job 4d8714c7-b7b2-4300-b3b9-0a1c215d0e98 completed by vehicle veh33
[Midd4VCServer] job received: 0c607361-9156-4c37-806b-4460ea7d1401
[Midd4VCServer] Assigning job 0c607361-9156-4c37-806b-4460ea7d1401 to vehicle veh37
[Midd4VCServer] job 0c607361-9156-4c37-806b-4460ea7d1401 completed by vehicle veh37
[Midd4VCServer] Vehicle veh16 already registered.
[Midd4VCServer] job received: f7dcc458-1c37-4a11-8e7a-0ce646326aa8
[Midd4VCServer] Assigning job f7dcc458-1c37-4a11-8e7a-0ce646326aa8 to vehicle veh37
[Midd4VCServer] job f7dcc458-1c37-4a11-8e7a-0ce646326aa8 completed by vehicle veh37
[Midd4VCServer] Vehicle veh6 already registered.
[Midd4VCServer] job received: ea8d517a-09de-4509-b9b3-4bfe6631a66d
[Midd4VC] Job 97b0e77c-55ef-4b39-8ac4-ad5f75d077d9 timed out. Re-enqueueing.
[Midd4VCServer] Assigning job 97b0e77c-55ef-4b39-8ac4-ad5f75d077d9 to vehicle veh37
[Midd4VCServer] Assigning job ea8d517a-09de-4509-b9b3-4bfe6631a66d to vehicle veh14
[Midd4VCServer] job 97b0e77c-55ef-4b39-8ac4-ad5f75d077d9 completed by vehicle veh37
[Midd4VCServer] Vehicle veh26 already registered.
[Midd4VCServer] Vehicle veh29 already registered.
[Midd4VCServer] job received: f52c912d-093c-4787-9897-47ec9b35d08e
[Midd4VCServer] Assigning job f52c912d-093c-4787-9897-47ec9b35d08e to vehicle veh37
[Midd4VCServer] job f52c912d-093c-4787-9897-47ec9b35d08e completed by vehicle veh37
[Midd4VCServer] job received: 33654655-34d4-402d-9bb6-8766e4e886d8
[Midd4VCServer] Assigning job 33654655-34d4-402d-9bb6-8766e4e886d8 to vehicle veh37
[Midd4VCServer] job 33654655-34d4-402d-9bb6-8766e4e886d8 completed by vehicle veh37
[Midd4VCServer] Vehicle veh1 already registered.
[Midd4VCServer] job received: 9a01561a-9e52-4640-bab0-323107b7a782
[Midd4VC] Job 4fd47567-551f-4704-b1a9-4a6a947f4103 timed out. Re-enqueueing.
[Midd4VCServer] Assigning job 4fd47567-551f-4704-b1a9-4a6a947f4103 to vehicle veh37
[Midd4VCServer] Assigning job 9a01561a-9e52-4640-bab0-323107b7a782 to vehicle veh13
[Midd4VCServer] job 4fd47567-551f-4704-b1a9-4a6a947f4103 completed by vehicle veh37
[Midd4VCServer] Vehicle veh30 already registered.
[Midd4VCServer] Vehicle veh17 already registered.
[Midd4VCServer] Vehicle veh21 already registered.
[Midd4VCServer] job received: 83582f60-ee5b-4a1c-a5d0-0bd11dc1105a
[Midd4VCServer] Assigning job 83582f60-ee5b-4a1c-a5d0-0bd11dc1105a to vehicle veh37
[Midd4VCServer] job 83582f60-ee5b-4a1c-a5d0-0bd11dc1105a completed by vehicle veh37
[Midd4VCServer] job received: 522da74b-02e4-47d1-9e97-90c1218c0378
[Midd4VCServer] Assigning job 522da74b-02e4-47d1-9e97-90c1218c0378 to vehicle veh37
[Midd4VCServer] job 522da74b-02e4-47d1-9e97-90c1218c0378 completed by vehicle veh37
[Midd4VCServer] job received: 35319b12-33ee-41ae-b8aa-ad85f12e7095
[Midd4VCServer] Assigning job 35319b12-33ee-41ae-b8aa-ad85f12e7095 to vehicle veh37
[Midd4VCServer] job 35319b12-33ee-41ae-b8aa-ad85f12e7095 completed by vehicle veh37
[Midd4VCServer] Vehicle veh14 already registered.
[Midd4VCServer] Vehicle veh19 already registered.
[Midd4VCServer] job received: a4f35364-c936-42fe-b32b-ddd37393f66d
[Midd4VCServer] Assigning job a4f35364-c936-42fe-b32b-ddd37393f66d to vehicle veh37
[Midd4VCServer] job a4f35364-c936-42fe-b32b-ddd37393f66d completed by vehicle veh37
[Midd4VCServer] job received: a32ed02d-1a86-48b9-8095-5d190134e497
[Midd4VC] Job 56b785d0-75fc-4f19-9ed2-ba04037ac446 timed out. Re-enqueueing.
[Midd4VC] Job df0f7348-97fd-400d-9057-4be3e330013c timed out. Re-enqueueing.
[Midd4VC] Job 5d39eedd-1dd3-4f38-a1fc-318f13d67013 timed out. Re-enqueueing.
[Midd4VC] Job f4779399-20cd-4d0f-ad21-a115f8da2ee5 timed out. Re-enqueueing.
[Midd4VC] Job 5df49d99-f9b9-4027-87de-9cf4d64a7b65 timed out. Re-enqueueing.
[Midd4VC] Job 6f04c959-0970-44bc-912a-39670be79bf6 timed out. Re-enqueueing.
[Midd4VC] Job 2ddc2ec7-2047-40bb-bd4d-a19fe107355f timed out. Re-enqueueing.
[Midd4VC] Job 91439c64-6160-42db-82f2-ae4bcce2c28a timed out. Re-enqueueing.
[Midd4VCServer] Assigning job 91439c64-6160-42db-82f2-ae4bcce2c28a to vehicle veh18
[Midd4VCServer] Assigning job 2ddc2ec7-2047-40bb-bd4d-a19fe107355f to vehicle veh35
[Midd4VCServer] Assigning job 6f04c959-0970-44bc-912a-39670be79bf6 to vehicle veh25
[Midd4VCServer] Assigning job 5df49d99-f9b9-4027-87de-9cf4d64a7b65 to vehicle veh27
[Midd4VCServer] Assigning job f4779399-20cd-4d0f-ad21-a115f8da2ee5 to vehicle veh15
[Midd4VCServer] Assigning job 5d39eedd-1dd3-4f38-a1fc-318f13d67013 to vehicle veh2
[Midd4VCServer] Assigning job df0f7348-97fd-400d-9057-4be3e330013c to vehicle veh8
[Midd4VCServer] Assigning job 56b785d0-75fc-4f19-9ed2-ba04037ac446 to vehicle veh37
[Midd4VCServer] Assigning job a32ed02d-1a86-48b9-8095-5d190134e497 to vehicle veh36
[Midd4VCServer] job 5d39eedd-1dd3-4f38-a1fc-318f13d67013 completed by vehicle veh2
[Midd4VCServer] job received: 4e0dea58-a15a-47e5-a96a-218895ffe57c
[Midd4VCServer] Assigning job 4e0dea58-a15a-47e5-a96a-218895ffe57c to vehicle veh2
[Midd4VCServer] job 4e0dea58-a15a-47e5-a96a-218895ffe57c completed by vehicle veh2
[Midd4VCServer] Vehicle veh36 already registered.
[Midd4VCServer] job received: ea9cc52a-9470-4639-a02a-2d089621bcfc
[Midd4VCServer] Assigning job ea9cc52a-9470-4639-a02a-2d089621bcfc to vehicle veh2
[Midd4VCServer] job ea9cc52a-9470-4639-a02a-2d089621bcfc completed by vehicle veh2
[Midd4VCServer] Vehicle veh28 already registered.
[Midd4VCServer] Vehicle veh15 already registered.
[Midd4VCServer] job received: 5719ca21-36bc-465e-b21d-3b7596aea880
[Midd4VCServer] Assigning job 5719ca21-36bc-465e-b21d-3b7596aea880 to vehicle veh21
[Midd4VCServer] job 5719ca21-36bc-465e-b21d-3b7596aea880 completed by vehicle veh21
[Midd4VCServer] job received: 9042acdf-c142-4aa4-828b-4fc55e2b3b7a
[Midd4VC] Job e17b9123-d6e0-4975-ac75-2eb731e2f538 timed out. Re-enqueueing.
[Midd4VC] Job a96fca9c-101e-4414-87e7-ead61d0768f1 timed out. Re-enqueueing.
[Midd4VC] Job 2e1301d7-decc-47eb-bd26-c5bed49014d2 timed out. Re-enqueueing.
[Midd4VCServer] Assigning job 2e1301d7-decc-47eb-bd26-c5bed49014d2 to vehicle veh10
[Midd4VCServer] Assigning job a96fca9c-101e-4414-87e7-ead61d0768f1 to vehicle veh40
[Midd4VCServer] Assigning job e17b9123-d6e0-4975-ac75-2eb731e2f538 to vehicle veh16
[Midd4VCServer] Assigning job 9042acdf-c142-4aa4-828b-4fc55e2b3b7a to vehicle veh22
[Midd4VCServer] job 9042acdf-c142-4aa4-828b-4fc55e2b3b7a completed by vehicle veh22
[Midd4VCServer] Vehicle veh14 already registered.
[Midd4VCServer] job received: 00c0f833-b498-4f0e-892c-193e274f71c6
[Midd4VCServer] Assigning job 00c0f833-b498-4f0e-892c-193e274f71c6 to vehicle veh2
[Midd4VCServer] Vehicle veh31 already registered.
[Midd4VCServer] Vehicle veh8 already registered.
[Midd4VCServer] Vehicle veh24 already registered.
[Midd4VCServer] job received: 578448e5-8846-466e-b418-b5ed564083ba
[Midd4VCServer] Assigning job 578448e5-8846-466e-b418-b5ed564083ba to vehicle veh33
[Midd4VCServer] job 578448e5-8846-466e-b418-b5ed564083ba completed by vehicle veh33
[Midd4VCServer] Vehicle veh13 already registered.
[Midd4VCServer] Vehicle veh39 already registered.
[Midd4VCServer] job received: 4641c83a-1848-4943-b22d-640d356f68e4
[Midd4VCServer] Assigning job 4641c83a-1848-4943-b22d-640d356f68e4 to vehicle veh21
[Midd4VCServer] job 4641c83a-1848-4943-b22d-640d356f68e4 completed by vehicle veh21
[Midd4VCServer] job received: 2b7871ce-4676-4e06-b186-25932cfe4629
[Midd4VCServer] Assigning job 2b7871ce-4676-4e06-b186-25932cfe4629 to vehicle veh22
[Midd4VCServer] job 2b7871ce-4676-4e06-b186-25932cfe4629 completed by vehicle veh22
[Midd4VCServer] job received: b9a3b186-eae4-41f0-a022-d1df2939cb09
[Midd4VCServer] Assigning job b9a3b186-eae4-41f0-a022-d1df2939cb09 to vehicle veh33
[Midd4VCServer] job b9a3b186-eae4-41f0-a022-d1df2939cb09 completed by vehicle veh33
[Midd4VCServer] job received: 0b363f04-9601-41b1-881d-6d56b7a5e089
[Midd4VC] Job a1c23754-d18c-46d8-9277-768ffe07d402 timed out. Re-enqueueing.
[Midd4VC] Job 6e8de701-6d70-475a-aef7-ce1a7569ecd6 timed out. Re-enqueueing.
[Midd4VC] Job 4673330f-f06e-49d8-89d4-c07732bd2f4d timed out. Re-enqueueing.
[Midd4VCServer] Assigning job 4673330f-f06e-49d8-89d4-c07732bd2f4d to vehicle veh23
[Midd4VCServer] Assigning job 6e8de701-6d70-475a-aef7-ce1a7569ecd6 to vehicle veh28
[Midd4VCServer] Assigning job a1c23754-d18c-46d8-9277-768ffe07d402 to vehicle veh9
[Midd4VCServer] Assigning job 0b363f04-9601-41b1-881d-6d56b7a5e089 to vehicle veh21
[Midd4VCServer] job a1c23754-d18c-46d8-9277-768ffe07d402 completed by vehicle veh9
[Midd4VCServer] job 6e8de701-6d70-475a-aef7-ce1a7569ecd6 completed by vehicle veh28
[Midd4VCServer] job 0b363f04-9601-41b1-881d-6d56b7a5e089 completed by vehicle veh21
[Midd4VCServer] Vehicle veh28 already registered.
[Midd4VCServer] job received: be4d17d2-503e-4530-987d-8ed8c326769a
[Midd4VC] Job 98c95c05-160f-44eb-992e-9b06d5226436 timed out. Re-enqueueing.
[Midd4VC] Job 9f385f72-bfa2-4c67-bbb1-eec471698b43 timed out. Re-enqueueing.
[Midd4VC] Job d13fac17-2d6e-4cf8-be98-e369d0fd3d0b timed out. Re-enqueueing.
[Midd4VCServer] Assigning job d13fac17-2d6e-4cf8-be98-e369d0fd3d0b to vehicle veh7
[Midd4VCServer] Assigning job 9f385f72-bfa2-4c67-bbb1-eec471698b43 to vehicle veh24
[Midd4VCServer] Assigning job 98c95c05-160f-44eb-992e-9b06d5226436 to vehicle veh28
[Midd4VCServer] Assigning job be4d17d2-503e-4530-987d-8ed8c326769a to vehicle veh39
[Midd4VCServer] job 9f385f72-bfa2-4c67-bbb1-eec471698b43 completed by vehicle veh24
[Midd4VCServer] job 98c95c05-160f-44eb-992e-9b06d5226436 completed by vehicle veh28
[Midd4VCServer] job be4d17d2-503e-4530-987d-8ed8c326769a completed by vehicle veh39
[Midd4VCServer] job received: 97e47306-a5b0-4629-b803-4493ff7e3632
[Midd4VCServer] Assigning job 97e47306-a5b0-4629-b803-4493ff7e3632 to vehicle veh24
[Midd4VCServer] job 97e47306-a5b0-4629-b803-4493ff7e3632 completed by vehicle veh24
[Midd4VCServer] Vehicle veh31 already registered.
[Midd4VCServer] Vehicle veh21 already registered.
[Midd4VCServer] job received: e33948dc-00c5-4029-9f0d-39f1769bd1bb
[Midd4VC] Job ee0ac699-bb02-47d3-a78a-cd59439ed5c5 timed out. Re-enqueueing.
[Midd4VCServer] Assigning job ee0ac699-bb02-47d3-a78a-cd59439ed5c5 to vehicle veh28
[Midd4VCServer] Assigning job e33948dc-00c5-4029-9f0d-39f1769bd1bb to vehicle veh24
[Midd4VCServer] job e33948dc-00c5-4029-9f0d-39f1769bd1bb completed by vehicle veh24
[Midd4VCServer] Vehicle veh30 already registered.
[Midd4VCServer] job received: b6a2e858-b2fb-484d-8bec-e8d91460c1ca
[Midd4VCServer] Assigning job b6a2e858-b2fb-484d-8bec-e8d91460c1ca to vehicle veh9
[Midd4VCServer] job b6a2e858-b2fb-484d-8bec-e8d91460c1ca completed by vehicle veh9
[Midd4VCServer] Vehicle veh29 already registered.
[Midd4VCServer] job received: 930a2f91-42a2-4c73-a078-7c4a40a6a2eb
[Midd4VCServer] Assigning job 930a2f91-42a2-4c73-a078-7c4a40a6a2eb to vehicle veh39
[Midd4VCServer] job 930a2f91-42a2-4c73-a078-7c4a40a6a2eb completed by vehicle veh39
[Midd4VCServer] Vehicle veh26 already registered.
[Midd4VCServer] Vehicle veh10 already registered.
[Midd4VCServer] Vehicle veh35 already registered.
[Midd4VCServer] Vehicle veh32 already registered.
[Midd4VCServer] Vehicle veh28 already registered.
[Midd4VCServer] job received: 42ca3936-23bc-41d3-94fa-519c24508db9
[Midd4VC] Job 02d7e712-f2e0-4e88-ad35-83b2b7866d0b timed out. Re-enqueueing.
[Midd4VC] Job cc6d4902-a1a0-42e2-9f13-4fd5dec1244f timed out. Re-enqueueing.
[Midd4VC] Job a1cd4a68-9ce8-4a6c-b5df-5b7bad337b06 timed out. Re-enqueueing.
[Midd4VC] Job ba89ef4b-05dd-4a1c-9278-135c1b681373 timed out. Re-enqueueing.
[Midd4VC] Job 0c529850-2890-4aeb-a3f2-f380f182c0c2 timed out. Re-enqueueing.
[Midd4VC] Job f5299802-bc36-4765-a6b3-f568c3f41a1c timed out. Re-enqueueing.
[Midd4VC] Job 8d3485b9-11ad-49d6-bcc6-237641603417 timed out. Re-enqueueing.
[Midd4VC] Job 52856bb7-e663-425a-9558-43ba2a93c166 timed out. Re-enqueueing.
[Midd4VC] Job 0a20c2ea-807e-4933-888e-6f712ecf5f4e timed out. Re-enqueueing.
[Midd4VCServer] Assigning job 0a20c2ea-807e-4933-888e-6f712ecf5f4e to vehicle veh6
[Midd4VCServer] Assigning job 52856bb7-e663-425a-9558-43ba2a93c166 to vehicle veh31
[Midd4VCServer] Assigning job 8d3485b9-11ad-49d6-bcc6-237641603417 to vehicle veh19
[Midd4VCServer] Assigning job f5299802-bc36-4765-a6b3-f568c3f41a1c to vehicle veh4
[Midd4VCServer] Assigning job 0c529850-2890-4aeb-a3f2-f380f182c0c2 to vehicle veh12
[Midd4VCServer] Assigning job ba89ef4b-05dd-4a1c-9278-135c1b681373 to vehicle veh11
[Midd4VCServer] Assigning job a1cd4a68-9ce8-4a6c-b5df-5b7bad337b06 to vehicle veh32
[Midd4VCServer] Assigning job cc6d4902-a1a0-42e2-9f13-4fd5dec1244f to vehicle veh5
[Midd4VCServer] Assigning job 02d7e712-f2e0-4e88-ad35-83b2b7866d0b to vehicle veh1
[Midd4VCServer] Assigning job 42ca3936-23bc-41d3-94fa-519c24508db9 to vehicle veh24
[Midd4VCServer] job 8d3485b9-11ad-49d6-bcc6-237641603417 completed by vehicle veh19
[Midd4VCServer] job 42ca3936-23bc-41d3-94fa-519c24508db9 completed by vehicle veh24
[Midd4VCServer] job a1cd4a68-9ce8-4a6c-b5df-5b7bad337b06 completed by vehicle veh32
[Midd4VCServer] Vehicle veh16 already registered.
[Midd4VCServer] job received: 427eab8c-5cfa-48f9-8bb5-5fc24ed01abb
[Midd4VCServer] Assigning job 427eab8c-5cfa-48f9-8bb5-5fc24ed01abb to vehicle veh19
[Midd4VCServer] job 427eab8c-5cfa-48f9-8bb5-5fc24ed01abb completed by vehicle veh19
[Midd4VCServer] job received: 69e4a89f-8891-4c0c-8543-0d1fb1851a49
[Midd4VCServer] Assigning job 69e4a89f-8891-4c0c-8543-0d1fb1851a49 to vehicle veh19
[Midd4VCServer] job 69e4a89f-8891-4c0c-8543-0d1fb1851a49 completed by vehicle veh19
[Midd4VCServer] Vehicle veh1 already registered.
[Midd4VCServer] job received: 10b7080f-1a21-414c-bc1b-ab5e5342e319
[Midd4VCServer] Assigning job 10b7080f-1a21-414c-bc1b-ab5e5342e319 to vehicle veh19
[Midd4VCServer] job 10b7080f-1a21-414c-bc1b-ab5e5342e319 completed by vehicle veh19
[Midd4VCServer] Vehicle veh20 already registered.
[Midd4VCServer] Vehicle veh16 already registered.
[Midd4VCServer] job received: 62035cae-b167-46f1-8b1c-2a420fe7eb47
[Midd4VCServer] Assigning job 62035cae-b167-46f1-8b1c-2a420fe7eb47 to vehicle veh19
[Midd4VCServer] job 62035cae-b167-46f1-8b1c-2a420fe7eb47 completed by vehicle veh19
[Midd4VCServer] Vehicle veh23 already registered.
[Midd4VCServer] Vehicle veh2 already registered.
[Midd4VCServer] Vehicle veh27 already registered.
[Midd4VCServer] Vehicle veh34 already registered.
[Midd4VCServer] job received: fee32f57-9bee-4505-9734-959531ef266a
[Midd4VC] Job 0d4e414e-7988-4f6c-8060-7e7ad62c7078 timed out. Re-enqueueing.
[Midd4VCServer] Assigning job 0d4e414e-7988-4f6c-8060-7e7ad62c7078 to vehicle veh29
[Midd4VCServer] Assigning job fee32f57-9bee-4505-9734-959531ef266a to vehicle veh19
[Midd4VCServer] job fee32f57-9bee-4505-9734-959531ef266a completed by vehicle veh19
[Midd4VCServer] Vehicle veh25 already registered.
[Midd4VCServer] job received: d8f170b2-48d1-4226-b59e-e632ff1e087e
[Midd4VCServer] Assigning job d8f170b2-48d1-4226-b59e-e632ff1e087e to vehicle veh32
[Midd4VCServer] job received: ccec5244-c75f-44be-8bf2-1b65dea9fa2c
[Midd4VCServer] Assigning job ccec5244-c75f-44be-8bf2-1b65dea9fa2c to vehicle veh19
[Midd4VCServer] job ccec5244-c75f-44be-8bf2-1b65dea9fa2c completed by vehicle veh19
[Midd4VCServer] job received: 798952c8-b4f8-40f4-bab3-574db0821a59
[Midd4VCServer] Assigning job 798952c8-b4f8-40f4-bab3-574db0821a59 to vehicle veh19
[Midd4VCServer] job 798952c8-b4f8-40f4-bab3-574db0821a59 completed by vehicle veh19
[Midd4VCServer] Vehicle veh18 already registered.
[Midd4VCServer] job received: 7ef0fb42-1a16-420d-afe9-7611e68eb455
[Midd4VCServer] Assigning job 7ef0fb42-1a16-420d-afe9-7611e68eb455 to vehicle veh9
[Midd4VCServer] job 7ef0fb42-1a16-420d-afe9-7611e68eb455 completed by vehicle veh9
[Midd4VCServer] Vehicle veh13 already registered.
[Midd4VCServer] Vehicle veh26 already registered.
[Midd4VCServer] job received: 18fb327b-c824-487a-86fc-91761a117b60
[Midd4VCServer] Assigning job 18fb327b-c824-487a-86fc-91761a117b60 to vehicle veh39
[Midd4VCServer] Vehicle veh29 already registered.
[Midd4VCServer] Vehicle veh40 already registered.
[Midd4VCServer] job received: 56123768-af28-46a0-b71d-1c222f09506f
[Midd4VC] Job a466f98c-f5ff-4340-aedb-706cc18e1f65 timed out. Re-enqueueing.
[Midd4VC] Job 514c1cda-763e-4761-9c0c-5280e47d3b09 timed out. Re-enqueueing.
[Midd4VC] Job 998c3cfe-4c54-40d8-ba17-dbc96dc3db41 timed out. Re-enqueueing.
[Midd4VCServer] Assigning job 998c3cfe-4c54-40d8-ba17-dbc96dc3db41 to vehicle veh38
[Midd4VCServer] Assigning job 514c1cda-763e-4761-9c0c-5280e47d3b09 to vehicle veh3
[Midd4VCServer] Assigning job a466f98c-f5ff-4340-aedb-706cc18e1f65 to vehicle veh34
[Midd4VCServer] Assigning job 56123768-af28-46a0-b71d-1c222f09506f to vehicle veh24
[Midd4VCServer] Vehicle veh31 already registered.
[Midd4VCServer] job received: e5638edb-cb26-496b-bf41-7d9041986473
[Midd4VC] Job dfb75628-85e4-47f4-96e8-fd3cbc1c8500 timed out. Re-enqueueing.
[Midd4VC] Job 63b520b6-f844-4525-86cc-1f8a2fdd5a0e timed out. Re-enqueueing.
[Midd4VCServer] Assigning job 63b520b6-f844-4525-86cc-1f8a2fdd5a0e to vehicle veh30
[Midd4VCServer] Assigning job dfb75628-85e4-47f4-96e8-fd3cbc1c8500 to vehicle veh26
[Midd4VCServer] Assigning job e5638edb-cb26-496b-bf41-7d9041986473 to vehicle veh22
[Midd4VCServer] job dfb75628-85e4-47f4-96e8-fd3cbc1c8500 completed by vehicle veh26
[Midd4VCServer] job received: 2587b828-3499-4d3c-ad71-a01ff8876618
[Midd4VCServer] Assigning job 2587b828-3499-4d3c-ad71-a01ff8876618 to vehicle veh26
[Midd4VCServer] job 2587b828-3499-4d3c-ad71-a01ff8876618 completed by vehicle veh26
[Midd4VCServer] job received: f4556911-1643-4fb0-a2e5-fbc43df52972
[Midd4VCServer] Assigning job f4556911-1643-4fb0-a2e5-fbc43df52972 to vehicle veh26
[Midd4VCServer] job f4556911-1643-4fb0-a2e5-fbc43df52972 completed by vehicle veh26
[Midd4VCServer] Vehicle veh3 already registered.
[Midd4VCServer] Vehicle veh4 already registered.
[Midd4VCServer] Vehicle veh14 already registered.
[Midd4VCServer] Vehicle veh32 already registered.
[Midd4VCServer] Vehicle veh30 already registered.
[Midd4VCServer] job received: 3d960ed2-edc4-4f84-964c-ea71803710b8
[Midd4VC] Job ea8d517a-09de-4509-b9b3-4bfe6631a66d timed out. Re-enqueueing.
[Midd4VCServer] Assigning job ea8d517a-09de-4509-b9b3-4bfe6631a66d to vehicle veh14
[Midd4VCServer] Assigning job 3d960ed2-edc4-4f84-964c-ea71803710b8 to vehicle veh19
[Midd4VCServer] job ea8d517a-09de-4509-b9b3-4bfe6631a66d completed by vehicle veh14
[Midd4VCServer] job 3d960ed2-edc4-4f84-964c-ea71803710b8 completed by vehicle veh19
[Midd4VCServer] Vehicle veh17 already registered.
[Midd4VCServer] Vehicle veh16 already registered.
[Midd4VCServer] Vehicle veh20 already registered.
[Midd4VCServer] job received: c5d8d474-40c5-4439-ae09-fade17b7d610
[Midd4VCServer] Assigning job c5d8d474-40c5-4439-ae09-fade17b7d610 to vehicle veh14
[Midd4VCServer] job c5d8d474-40c5-4439-ae09-fade17b7d610 completed by vehicle veh14
[Midd4VCServer] Vehicle veh6 already registered.
[Midd4VCServer] job received: c6543c42-4c94-4ac7-8deb-0eb131c91d13
[Midd4VC] Job 9a01561a-9e52-4640-bab0-323107b7a782 timed out. Re-enqueueing.
[Midd4VCServer] Assigning job 9a01561a-9e52-4640-bab0-323107b7a782 to vehicle veh13
[Midd4VCServer] Assigning job c6543c42-4c94-4ac7-8deb-0eb131c91d13 to vehicle veh14
[Midd4VCServer] job c6543c42-4c94-4ac7-8deb-0eb131c91d13 completed by vehicle veh14
[Midd4VCServer] job received: 4e477c92-0379-408e-95c6-b6dcadff1016
[Midd4VCServer] Assigning job 4e477c92-0379-408e-95c6-b6dcadff1016 to vehicle veh14
[Midd4VCServer] job 4e477c92-0379-408e-95c6-b6dcadff1016 completed by vehicle veh14
[Midd4VCServer] job received: 018be1f5-cc35-4b04-afc4-feeddf2a94d6
[Midd4VCServer] Assigning job 018be1f5-cc35-4b04-afc4-feeddf2a94d6 to vehicle veh14
[Midd4VCServer] job 018be1f5-cc35-4b04-afc4-feeddf2a94d6 completed by vehicle veh14
[Midd4VCServer] job received: ff503ffa-ee3f-4a59-85f0-b4520ff857b6
[Midd4VCServer] Assigning job ff503ffa-ee3f-4a59-85f0-b4520ff857b6 to vehicle veh14
[Midd4VCServer] job ff503ffa-ee3f-4a59-85f0-b4520ff857b6 completed by vehicle veh14
[Midd4VCServer] Vehicle veh33 already registered.
[Midd4VCServer] Vehicle veh12 already registered.
[Midd4VCServer] Vehicle veh24 already registered.
[Midd4VCServer] Vehicle veh39 already registered.
[Midd4VCServer] job received: f15f8de9-dfd6-40cc-9f7d-a9996cc466d6
[Midd4VCServer] Assigning job f15f8de9-dfd6-40cc-9f7d-a9996cc466d6 to vehicle veh14
[Midd4VCServer] job received: bf8df47a-f594-43c4-afae-3465914f3281
[Midd4VCServer] Assigning job bf8df47a-f594-43c4-afae-3465914f3281 to vehicle veh9
[Midd4VCServer] job received: 9d91ba4c-02b2-4bb3-ae63-5e68bccbd96d
[Midd4VC] Job 91439c64-6160-42db-82f2-ae4bcce2c28a timed out. Re-enqueueing.
[Midd4VC] Job 2ddc2ec7-2047-40bb-bd4d-a19fe107355f timed out. Re-enqueueing.
[Midd4VC] Job 6f04c959-0970-44bc-912a-39670be79bf6 timed out. Re-enqueueing.
[Midd4VC] Job 5df49d99-f9b9-4027-87de-9cf4d64a7b65 timed out. Re-enqueueing.
[Midd4VC] Job f4779399-20cd-4d0f-ad21-a115f8da2ee5 timed out. Re-enqueueing.
[Midd4VC] Job df0f7348-97fd-400d-9057-4be3e330013c timed out. Re-enqueueing.
[Midd4VC] Job 56b785d0-75fc-4f19-9ed2-ba04037ac446 timed out. Re-enqueueing.
[Midd4VC] Job a32ed02d-1a86-48b9-8095-5d190134e497 timed out. Re-enqueueing.
[Midd4VCServer] Assigning job a32ed02d-1a86-48b9-8095-5d190134e497 to vehicle veh18
[Midd4VCServer] Assigning job 56b785d0-75fc-4f19-9ed2-ba04037ac446 to vehicle veh35
[Midd4VCServer] Assigning job df0f7348-97fd-400d-9057-4be3e330013c to vehicle veh25
[Midd4VCServer] Assigning job f4779399-20cd-4d0f-ad21-a115f8da2ee5 to vehicle veh27
[Midd4VCServer] Assigning job 5df49d99-f9b9-4027-87de-9cf4d64a7b65 to vehicle veh15
[Midd4VCServer] Assigning job 6f04c959-0970-44bc-912a-39670be79bf6 to vehicle veh8
[Midd4VCServer] Assigning job 2ddc2ec7-2047-40bb-bd4d-a19fe107355f to vehicle veh37
[Midd4VCServer] Assigning job 91439c64-6160-42db-82f2-ae4bcce2c28a to vehicle veh36
[Midd4VCServer] Assigning job 9d91ba4c-02b2-4bb3-ae63-5e68bccbd96d to vehicle veh26
[Midd4VCServer] job 2ddc2ec7-2047-40bb-bd4d-a19fe107355f completed by vehicle veh37
[Midd4VCServer] job f4779399-20cd-4d0f-ad21-a115f8da2ee5 completed by vehicle veh27
[Midd4VCServer] job 9d91ba4c-02b2-4bb3-ae63-5e68bccbd96d completed by vehicle veh26
[Midd4VCServer] Vehicle veh19 already registered.
[Midd4VCServer] Vehicle veh37 already registered.
[Midd4VCServer] job received: 1d36eb54-47e1-4fd9-aea2-984628112f9f
[Midd4VCServer] Assigning job 1d36eb54-47e1-4fd9-aea2-984628112f9f to vehicle veh27
[Midd4VCServer] job 1d36eb54-47e1-4fd9-aea2-984628112f9f completed by vehicle veh27
[Midd4VCServer] job received: f86620f1-2ad4-43d3-892c-4ae95188bde4
[Midd4VCServer] Assigning job f86620f1-2ad4-43d3-892c-4ae95188bde4 to vehicle veh37
[Midd4VCServer] job f86620f1-2ad4-43d3-892c-4ae95188bde4 completed by vehicle veh37
[Midd4VCServer] Vehicle veh18 already registered.
[Midd4VCServer] Vehicle veh13 already registered.
[Midd4VCServer] Vehicle veh15 already registered.
[Midd4VCServer] Vehicle veh14 already registered.
[Midd4VCServer] Vehicle veh1 already registered.
[Midd4VCServer] job received: 95d62a40-790f-484d-910d-7109383543ab
[Midd4VCServer] Assigning job 95d62a40-790f-484d-910d-7109383543ab to vehicle veh27
[Midd4VCServer] job 95d62a40-790f-484d-910d-7109383543ab completed by vehicle veh27
[Midd4VCServer] job received: 42f084c5-b207-478f-b733-1f6975a84c6f
[Midd4VCServer] Assigning job 42f084c5-b207-478f-b733-1f6975a84c6f to vehicle veh37
[Midd4VCServer] job 42f084c5-b207-478f-b733-1f6975a84c6f completed by vehicle veh37
[Midd4VCServer] Vehicle veh25 already registered.
[Midd4VCServer] Vehicle veh30 already registered.
[Midd4VCServer] Vehicle veh11 already registered.
[Midd4VCServer] Vehicle veh20 already registered.
[Midd4VCServer] Vehicle veh26 already registered.
[Midd4VCServer] job received: e40fac8a-466d-4989-9509-913291553146
[Midd4VC] Job 2e1301d7-decc-47eb-bd26-c5bed49014d2 timed out. Re-enqueueing.
[Midd4VC] Job a96fca9c-101e-4414-87e7-ead61d0768f1 timed out. Re-enqueueing.
[Midd4VC] Job e17b9123-d6e0-4975-ac75-2eb731e2f538 timed out. Re-enqueueing.
[Midd4VC] Job 00c0f833-b498-4f0e-892c-193e274f71c6 timed out. Re-enqueueing.
[Midd4VCServer] Assigning job 00c0f833-b498-4f0e-892c-193e274f71c6 to vehicle veh10
[Midd4VCServer] Assigning job e17b9123-d6e0-4975-ac75-2eb731e2f538 to vehicle veh40
[Midd4VCServer] Assigning job a96fca9c-101e-4414-87e7-ead61d0768f1 to vehicle veh16
[Midd4VCServer] Assigning job 2e1301d7-decc-47eb-bd26-c5bed49014d2 to vehicle veh27
[Midd4VCServer] Assigning job e40fac8a-466d-4989-9509-913291553146 to vehicle veh2
[Midd4VCServer] job 2e1301d7-decc-47eb-bd26-c5bed49014d2 completed by vehicle veh27
[Midd4VCServer] job received: b9d925e6-c371-478d-9847-500cdd8c786a
[Midd4VCServer] Assigning job b9d925e6-c371-478d-9847-500cdd8c786a to vehicle veh37
[Midd4VCServer] job b9d925e6-c371-478d-9847-500cdd8c786a completed by vehicle veh37
[Midd4VCServer] job received: 6c8d9261-39fe-4361-82dd-3b0d2668645b
[Midd4VCServer] Assigning job 6c8d9261-39fe-4361-82dd-3b0d2668645b to vehicle veh27
[Midd4VCServer] job 6c8d9261-39fe-4361-82dd-3b0d2668645b completed by vehicle veh27
[Midd4VCServer] job received: b81ef34a-9c0f-4f80-bd7d-97a07b192493
[Midd4VCServer] Assigning job b81ef34a-9c0f-4f80-bd7d-97a07b192493 to vehicle veh37
[Midd4VCServer] job b81ef34a-9c0f-4f80-bd7d-97a07b192493 completed by vehicle veh37
[Midd4VCServer] Vehicle veh3 already registered.
[Midd4VCServer] job received: b9b83f9e-5de5-40de-b737-60d8037e863f
[Midd4VCServer] Assigning job b9b83f9e-5de5-40de-b737-60d8037e863f to vehicle veh27
[Midd4VCServer] job b9b83f9e-5de5-40de-b737-60d8037e863f completed by vehicle veh27
[Midd4VCServer] Vehicle veh35 already registered.
[Midd4VCServer] job received: 85188fad-dc0c-4316-9637-c64e4b102b8d
[Midd4VC] Job 4673330f-f06e-49d8-89d4-c07732bd2f4d timed out. Re-enqueueing.
[Midd4VCServer] Assigning job 4673330f-f06e-49d8-89d4-c07732bd2f4d to vehicle veh23
[Midd4VCServer] Assigning job 85188fad-dc0c-4316-9637-c64e4b102b8d to vehicle veh37
[Midd4VCServer] job 85188fad-dc0c-4316-9637-c64e4b102b8d completed by vehicle veh37
[Midd4VCServer] Vehicle veh7 already registered.
[Midd4VCServer] Vehicle veh11 already registered.
[Midd4VCServer] job received: c546dd4b-7748-43ee-9e10-bdc30dcfb9e4
[Midd4VC] Job d13fac17-2d6e-4cf8-be98-e369d0fd3d0b timed out. Re-enqueueing.
[Midd4VCServer] Assigning job d13fac17-2d6e-4cf8-be98-e369d0fd3d0b to vehicle veh7
[Midd4VCServer] Assigning job c546dd4b-7748-43ee-9e10-bdc30dcfb9e4 to vehicle veh20
[Midd4VCServer] job c546dd4b-7748-43ee-9e10-bdc30dcfb9e4 completed by vehicle veh20
[Midd4VCServer] job d13fac17-2d6e-4cf8-be98-e369d0fd3d0b completed by vehicle veh7
[Midd4VCServer] job received: bb9c89c1-8840-4464-a510-d355e6bf2350
[Midd4VCServer] Assigning job bb9c89c1-8840-4464-a510-d355e6bf2350 to vehicle veh7
[Midd4VCServer] job bb9c89c1-8840-4464-a510-d355e6bf2350 completed by vehicle veh7
[Midd4VCServer] job received: fcc2a39d-595a-4718-8aca-758721ccc734
[Midd4VCServer] Assigning job fcc2a39d-595a-4718-8aca-758721ccc734 to vehicle veh7
[Midd4VCServer] Vehicle veh18 already registered.
[Midd4VCServer] Vehicle veh17 already registered.
[Midd4VCServer] Vehicle veh5 already registered.
[Midd4VCServer] Vehicle veh7 already registered.
[Midd4VCServer] Vehicle veh21 already registered.
[Midd4VCServer] job received: 0c571642-10f2-4425-a9b9-1484534a425c
[Midd4VC] Job ee0ac699-bb02-47d3-a78a-cd59439ed5c5 timed out. Re-enqueueing.
[Midd4VCServer] Assigning job ee0ac699-bb02-47d3-a78a-cd59439ed5c5 to vehicle veh28
[Midd4VCServer] Assigning job 0c571642-10f2-4425-a9b9-1484534a425c to vehicle veh33
[Midd4VCServer] job 0c571642-10f2-4425-a9b9-1484534a425c completed by vehicle veh33
[Midd4VCServer] job received: 315176f6-140d-43c1-92d3-1da6aabb470e
[Midd4VCServer] Assigning job 315176f6-140d-43c1-92d3-1da6aabb470e to vehicle veh21
[Midd4VCServer] job 315176f6-140d-43c1-92d3-1da6aabb470e completed by vehicle veh21
[Midd4VCServer] job received: 0ac0bd9b-f1c9-4fdc-adee-4855b413887b
[Midd4VCServer] Assigning job 0ac0bd9b-f1c9-4fdc-adee-4855b413887b to vehicle veh27
[Midd4VCServer] job 0ac0bd9b-f1c9-4fdc-adee-4855b413887b completed by vehicle veh27
[Midd4VCServer] Vehicle veh34 already registered.
[Midd4VCServer] Vehicle veh16 already registered.
[Midd4VCServer] job received: 0451e1d5-0e92-4924-9b5c-912fbac465dc
[Midd4VC] Job 0a20c2ea-807e-4933-888e-6f712ecf5f4e timed out. Re-enqueueing.
[Midd4VC] Job 52856bb7-e663-425a-9558-43ba2a93c166 timed out. Re-enqueueing.
[Midd4VC] Job f5299802-bc36-4765-a6b3-f568c3f41a1c timed out. Re-enqueueing.
[Midd4VC] Job 0c529850-2890-4aeb-a3f2-f380f182c0c2 timed out. Re-enqueueing.
[Midd4VC] Job ba89ef4b-05dd-4a1c-9278-135c1b681373 timed out. Re-enqueueing.
[Midd4VC] Job cc6d4902-a1a0-42e2-9f13-4fd5dec1244f timed out. Re-enqueueing.
[Midd4VC] Job 02d7e712-f2e0-4e88-ad35-83b2b7866d0b timed out. Re-enqueueing.
[Midd4VCServer] Assigning job 02d7e712-f2e0-4e88-ad35-83b2b7866d0b to vehicle veh6
[Midd4VCServer] Assigning job cc6d4902-a1a0-42e2-9f13-4fd5dec1244f to vehicle veh31
[Midd4VCServer] Assigning job ba89ef4b-05dd-4a1c-9278-135c1b681373 to vehicle veh4
[Midd4VCServer] Assigning job 0c529850-2890-4aeb-a3f2-f380f182c0c2 to vehicle veh12
[Midd4VCServer] Assigning job f5299802-bc36-4765-a6b3-f568c3f41a1c to vehicle veh11
[Midd4VCServer] Assigning job 52856bb7-e663-425a-9558-43ba2a93c166 to vehicle veh5
[Midd4VCServer] Assigning job 0a20c2ea-807e-4933-888e-6f712ecf5f4e to vehicle veh1
[Midd4VCServer] Assigning job 0451e1d5-0e92-4924-9b5c-912fbac465dc to vehicle veh19
[Midd4VCServer] job ba89ef4b-05dd-4a1c-9278-135c1b681373 completed by vehicle veh4
[Midd4VCServer] job f5299802-bc36-4765-a6b3-f568c3f41a1c completed by vehicle veh11
[Midd4VCServer] job 0a20c2ea-807e-4933-888e-6f712ecf5f4e completed by vehicle veh1
[Midd4VCServer] job 52856bb7-e663-425a-9558-43ba2a93c166 completed by vehicle veh5
[Midd4VCServer] Vehicle veh32 already registered.
[Midd4VCServer] job received: b5d836a5-31e8-4dca-aa8b-eac753d99af1
[Midd4VCServer] Assigning job b5d836a5-31e8-4dca-aa8b-eac753d99af1 to vehicle veh4
[Midd4VCServer] job b5d836a5-31e8-4dca-aa8b-eac753d99af1 completed by vehicle veh4
[Midd4VCServer] job received: 3a85e1dc-4a85-437b-aa17-d4ca29b2556f
[Midd4VCServer] Assigning job 3a85e1dc-4a85-437b-aa17-d4ca29b2556f to vehicle veh4
[Midd4VCServer] job 3a85e1dc-4a85-437b-aa17-d4ca29b2556f completed by vehicle veh4
[Midd4VCServer] Vehicle veh8 already registered.
[Midd4VCServer] job received: d3cfdb06-7ddb-46ef-a78d-a50ee4aba5a5
[Midd4VCServer] Assigning job d3cfdb06-7ddb-46ef-a78d-a50ee4aba5a5 to vehicle veh4
[Midd4VCServer] job d3cfdb06-7ddb-46ef-a78d-a50ee4aba5a5 completed by vehicle veh4
[Midd4VCServer] Vehicle veh9 already registered.
[Midd4VCServer] Vehicle veh15 already registered.
[Midd4VCServer] job received: de309750-4293-4705-b2c7-2291dfa108be
[Midd4VCServer] Assigning job de309750-4293-4705-b2c7-2291dfa108be to vehicle veh4
[Midd4VCServer] job de309750-4293-4705-b2c7-2291dfa108be completed by vehicle veh4
[Midd4VCServer] job received: ded5065f-585f-484a-94b5-520eabdcdad9
[Midd4VC] Job 0d4e414e-7988-4f6c-8060-7e7ad62c7078 timed out. Re-enqueueing.
[Midd4VCServer] Assigning job 0d4e414e-7988-4f6c-8060-7e7ad62c7078 to vehicle veh29
[Midd4VCServer] Assigning job ded5065f-585f-484a-94b5-520eabdcdad9 to vehicle veh11
[Midd4VCServer] job 0d4e414e-7988-4f6c-8060-7e7ad62c7078 completed by vehicle veh29
[Midd4VCServer] job received: e629ecc9-b4cb-4772-91c0-2bb390117e9e
[Midd4VC] Job d8f170b2-48d1-4226-b59e-e632ff1e087e timed out. Re-enqueueing.
[Midd4VCServer] Assigning job d8f170b2-48d1-4226-b59e-e632ff1e087e to vehicle veh4
[Midd4VCServer] Assigning job e629ecc9-b4cb-4772-91c0-2bb390117e9e to vehicle veh32
[Midd4VCServer] job d8f170b2-48d1-4226-b59e-e632ff1e087e completed by vehicle veh4
[Midd4VCServer] job received: 551d326f-3fee-4a7a-92d5-c27d36340657
[Midd4VCServer] Assigning job 551d326f-3fee-4a7a-92d5-c27d36340657 to vehicle veh5
[Midd4VCServer] job 551d326f-3fee-4a7a-92d5-c27d36340657 completed by vehicle veh5
[Midd4VCServer] Vehicle veh25 already registered.
[Midd4VCServer] Vehicle veh38 already registered.
[Midd4VCServer] job received: c02380ae-aa51-406e-974a-2e01f7a7ffe1
[Midd4VCServer] Assigning job c02380ae-aa51-406e-974a-2e01f7a7ffe1 to vehicle veh29
[Midd4VCServer] job c02380ae-aa51-406e-974a-2e01f7a7ffe1 completed by vehicle veh29
[Midd4VCServer] job received: 3fbf1494-82b2-4ada-8232-252e6290ffb5
[Midd4VC] Job 18fb327b-c824-487a-86fc-91761a117b60 timed out. Re-enqueueing.
[Midd4VC] Job 998c3cfe-4c54-40d8-ba17-dbc96dc3db41 timed out. Re-enqueueing.
[Midd4VC] Job 514c1cda-763e-4761-9c0c-5280e47d3b09 timed out. Re-enqueueing.
[Midd4VC] Job a466f98c-f5ff-4340-aedb-706cc18e1f65 timed out. Re-enqueueing.
[Midd4VC] Job 56123768-af28-46a0-b71d-1c222f09506f timed out. Re-enqueueing.
[Midd4VCServer] Assigning job 56123768-af28-46a0-b71d-1c222f09506f to vehicle veh38
[Midd4VCServer] Assigning job a466f98c-f5ff-4340-aedb-706cc18e1f65 to vehicle veh3
[Midd4VCServer] Assigning job 514c1cda-763e-4761-9c0c-5280e47d3b09 to vehicle veh34
[Midd4VCServer] Assigning job 998c3cfe-4c54-40d8-ba17-dbc96dc3db41 to vehicle veh4
[Midd4VCServer] Assigning job 18fb327b-c824-487a-86fc-91761a117b60 to vehicle veh5
[Midd4VCServer] Assigning job 3fbf1494-82b2-4ada-8232-252e6290ffb5 to vehicle veh29
[Midd4VCServer] job 56123768-af28-46a0-b71d-1c222f09506f completed by vehicle veh38
[Midd4VCServer] job 18fb327b-c824-487a-86fc-91761a117b60 completed by vehicle veh5
[Midd4VCServer] job 3fbf1494-82b2-4ada-8232-252e6290ffb5 completed by vehicle veh29
[Midd4VCServer] job received: 2621319b-b7d6-43a8-9b12-4db82d248062
[Midd4VCServer] Assigning job 2621319b-b7d6-43a8-9b12-4db82d248062 to vehicle veh38
[Midd4VCServer] job 2621319b-b7d6-43a8-9b12-4db82d248062 completed by vehicle veh38
[Midd4VCServer] Vehicle veh36 already registered.
[Midd4VCServer] Vehicle veh2 already registered.
[Midd4VCServer] job received: f936f4b2-1b34-4e5c-b5d6-2803e942c965
[Midd4VCServer] Assigning job f936f4b2-1b34-4e5c-b5d6-2803e942c965 to vehicle veh38
[Midd4VCServer] job f936f4b2-1b34-4e5c-b5d6-2803e942c965 completed by vehicle veh38
[Midd4VCServer] job received: 6d93a03a-c503-42c9-abeb-0d3eebfda900
[Midd4VCServer] Assigning job 6d93a03a-c503-42c9-abeb-0d3eebfda900 to vehicle veh38
[Midd4VCServer] job 6d93a03a-c503-42c9-abeb-0d3eebfda900 completed by vehicle veh38
[Midd4VCServer] job received: 364be434-797b-4f0f-9b9f-e08d29adfce5
[Midd4VCServer] Assigning job 364be434-797b-4f0f-9b9f-e08d29adfce5 to vehicle veh38
[Midd4VCServer] job 364be434-797b-4f0f-9b9f-e08d29adfce5 completed by vehicle veh38
[Midd4VCServer] job received: 32a8c3f2-32dd-4588-9674-dec2249e88a4
[Midd4VC] Job 63b520b6-f844-4525-86cc-1f8a2fdd5a0e timed out. Re-enqueueing.
[Midd4VC] Job e5638edb-cb26-496b-bf41-7d9041986473 timed out. Re-enqueueing.
[Midd4VCServer] Assigning job e5638edb-cb26-496b-bf41-7d9041986473 to vehicle veh30
[Midd4VCServer] Assigning job 63b520b6-f844-4525-86cc-1f8a2fdd5a0e to vehicle veh5
[Midd4VCServer] Assigning job 32a8c3f2-32dd-4588-9674-dec2249e88a4 to vehicle veh39
[Midd4VCServer] job 32a8c3f2-32dd-4588-9674-dec2249e88a4 completed by vehicle veh39
[Midd4VCServer] Vehicle veh1 already registered.
[Midd4VCServer] job received: f9047aa4-1817-4169-a9c8-7f9adb25ada8
[Midd4VCServer] Assigning job f9047aa4-1817-4169-a9c8-7f9adb25ada8 to vehicle veh1
[Midd4VCServer] job f9047aa4-1817-4169-a9c8-7f9adb25ada8 completed by vehicle veh1
[Midd4VCServer] Vehicle veh39 already registered.
[Midd4VCServer] job received: d93440dc-3986-4e28-a7fd-15910b2d992f
[Midd4VCServer] Assigning job d93440dc-3986-4e28-a7fd-15910b2d992f to vehicle veh29
[Midd4VCServer] job d93440dc-3986-4e28-a7fd-15910b2d992f completed by vehicle veh29
[Midd4VCServer] Vehicle veh7 already registered.
[Midd4VCServer] Vehicle veh14 already registered.
[Midd4VCServer] Vehicle veh28 already registered.
[Midd4VCServer] Vehicle veh31 already registered.
[Midd4VCServer] Vehicle veh21 already registered.
[Midd4VCServer] job received: 58882edd-2b94-4ac9-9356-861522de45e1
[Midd4VC] Job 9a01561a-9e52-4640-bab0-323107b7a782 timed out. Re-enqueueing.
[Midd4VCServer] Assigning job 9a01561a-9e52-4640-bab0-323107b7a782 to vehicle veh13
[Midd4VCServer] Assigning job 58882edd-2b94-4ac9-9356-861522de45e1 to vehicle veh24
[Midd4VCServer] job 9a01561a-9e52-4640-bab0-323107b7a782 completed by vehicle veh13
[Midd4VCServer] job received: db0019d9-3ae1-40fd-a965-3e694ad38c1a
[Midd4VCServer] Assigning job db0019d9-3ae1-40fd-a965-3e694ad38c1a to vehicle veh13
[Midd4VCServer] job db0019d9-3ae1-40fd-a965-3e694ad38c1a completed by vehicle veh13
[Midd4VCServer] Vehicle veh1 already registered.
[Midd4VCServer] job received: f61e47de-ba81-41cf-b825-ed92e9f68db8
[Midd4VCServer] Assigning job f61e47de-ba81-41cf-b825-ed92e9f68db8 to vehicle veh13
[Midd4VCServer] job f61e47de-ba81-41cf-b825-ed92e9f68db8 completed by vehicle veh13
[Midd4VCServer] job received: 6ad27823-66b5-48bb-8084-e20faf210ed4
[Midd4VCServer] Assigning job 6ad27823-66b5-48bb-8084-e20faf210ed4 to vehicle veh13
[Midd4VCServer] job 6ad27823-66b5-48bb-8084-e20faf210ed4 completed by vehicle veh13
[Midd4VCServer] job received: 7885e6b5-169d-4fa3-ad77-efd4ae6735d4
[Midd4VCServer] Assigning job 7885e6b5-169d-4fa3-ad77-efd4ae6735d4 to vehicle veh13
[Midd4VCServer] job 7885e6b5-169d-4fa3-ad77-efd4ae6735d4 completed by vehicle veh13
[Midd4VCServer] job received: 6e63bf9c-726f-4219-9ecd-3a640c748224
[Midd4VC] Job f15f8de9-dfd6-40cc-9f7d-a9996cc466d6 timed out. Re-enqueueing.
[Midd4VCServer] Assigning job f15f8de9-dfd6-40cc-9f7d-a9996cc466d6 to vehicle veh14
[Midd4VCServer] Assigning job 6e63bf9c-726f-4219-9ecd-3a640c748224 to vehicle veh13
[Midd4VCServer] job f15f8de9-dfd6-40cc-9f7d-a9996cc466d6 completed by vehicle veh14
[Midd4VCServer] job 6e63bf9c-726f-4219-9ecd-3a640c748224 completed by vehicle veh13
[Midd4VCServer] job received: 944c0532-b410-41ae-90af-b460a0f9caa9
[Midd4VCServer] Assigning job 944c0532-b410-41ae-90af-b460a0f9caa9 to vehicle veh14
[Midd4VCServer] job 944c0532-b410-41ae-90af-b460a0f9caa9 completed by vehicle veh14
[Midd4VCServer] Vehicle veh25 already registered.
[Midd4VCServer] job received: 7835c344-0651-4d7f-a07d-266354f494af
[Midd4VC] Job bf8df47a-f594-43c4-afae-3465914f3281 timed out. Re-enqueueing.
[Midd4VCServer] Assigning job bf8df47a-f594-43c4-afae-3465914f3281 to vehicle veh13
[Midd4VCServer] Assigning job 7835c344-0651-4d7f-a07d-266354f494af to vehicle veh14
[Midd4VCServer] job bf8df47a-f594-43c4-afae-3465914f3281 completed by vehicle veh13
[Midd4VCServer] Vehicle veh16 already registered.
[Midd4VCServer] job received: 457dcedd-6d25-4eac-b5a4-c14946c0dc63
[Midd4VC] Job a32ed02d-1a86-48b9-8095-5d190134e497 timed out. Re-enqueueing.
[Midd4VC] Job 56b785d0-75fc-4f19-9ed2-ba04037ac446 timed out. Re-enqueueing.
[Midd4VC] Job df0f7348-97fd-400d-9057-4be3e330013c timed out. Re-enqueueing.
[Midd4VC] Job 5df49d99-f9b9-4027-87de-9cf4d64a7b65 timed out. Re-enqueueing.
[Midd4VC] Job 6f04c959-0970-44bc-912a-39670be79bf6 timed out. Re-enqueueing.
[Midd4VC] Job 91439c64-6160-42db-82f2-ae4bcce2c28a timed out. Re-enqueueing.
[Midd4VCServer] Assigning job 91439c64-6160-42db-82f2-ae4bcce2c28a to vehicle veh18
[Midd4VCServer] Assigning job 6f04c959-0970-44bc-912a-39670be79bf6 to vehicle veh35
[Midd4VCServer] Assigning job 5df49d99-f9b9-4027-87de-9cf4d64a7b65 to vehicle veh25
[Midd4VCServer] Assigning job df0f7348-97fd-400d-9057-4be3e330013c to vehicle veh15
[Midd4VCServer] Assigning job 56b785d0-75fc-4f19-9ed2-ba04037ac446 to vehicle veh8
[Midd4VCServer] Assigning job a32ed02d-1a86-48b9-8095-5d190134e497 to vehicle veh36
[Midd4VCServer] Assigning job 457dcedd-6d25-4eac-b5a4-c14946c0dc63 to vehicle veh13
[Midd4VCServer] job 457dcedd-6d25-4eac-b5a4-c14946c0dc63 completed by vehicle veh13
[Midd4VCServer] job 5df49d99-f9b9-4027-87de-9cf4d64a7b65 completed by vehicle veh25
[Midd4VCServer] Vehicle veh17 already registered.
[Midd4VCServer] job received: b152caf3-13d5-4e0a-b708-a5adefb0d5ea
[Midd4VCServer] Assigning job b152caf3-13d5-4e0a-b708-a5adefb0d5ea to vehicle veh25
[Midd4VCServer] job b152caf3-13d5-4e0a-b708-a5adefb0d5ea completed by vehicle veh25
[Midd4VCServer] Vehicle veh11 already registered.
[Midd4VCServer] job received: 8bce64e5-396d-402e-b238-c3ff8b9a85bd
[Midd4VCServer] Assigning job 8bce64e5-396d-402e-b238-c3ff8b9a85bd to vehicle veh25
[Midd4VCServer] job 8bce64e5-396d-402e-b238-c3ff8b9a85bd completed by vehicle veh25
[Midd4VCServer] Vehicle veh2 already registered.
[Midd4VCServer] job received: a01e68dd-6af3-475c-9345-51a89f6cb94d
[Midd4VC] Job 00c0f833-b498-4f0e-892c-193e274f71c6 timed out. Re-enqueueing.
[Midd4VC] Job e17b9123-d6e0-4975-ac75-2eb731e2f538 timed out. Re-enqueueing.
[Midd4VC] Job a96fca9c-101e-4414-87e7-ead61d0768f1 timed out. Re-enqueueing.
[Midd4VC] Job e40fac8a-466d-4989-9509-913291553146 timed out. Re-enqueueing.
[Midd4VCServer] Assigning job e40fac8a-466d-4989-9509-913291553146 to vehicle veh10
[Midd4VCServer] Assigning job a96fca9c-101e-4414-87e7-ead61d0768f1 to vehicle veh25
[Midd4VCServer] Assigning job e17b9123-d6e0-4975-ac75-2eb731e2f538 to vehicle veh40
[Midd4VCServer] Assigning job 00c0f833-b498-4f0e-892c-193e274f71c6 to vehicle veh16
[Midd4VCServer] Assigning job a01e68dd-6af3-475c-9345-51a89f6cb94d to vehicle veh2
[Midd4VCServer] job a96fca9c-101e-4414-87e7-ead61d0768f1 completed by vehicle veh25
[Midd4VCServer] job 00c0f833-b498-4f0e-892c-193e274f71c6 completed by vehicle veh16
[Midd4VCServer] job a01e68dd-6af3-475c-9345-51a89f6cb94d completed by vehicle veh2
[Midd4VCServer] job received: 1eeef390-f059-4abb-9fa3-10c763f69337
[Midd4VCServer] Assigning job 1eeef390-f059-4abb-9fa3-10c763f69337 to vehicle veh25
[Midd4VCServer] job 1eeef390-f059-4abb-9fa3-10c763f69337 completed by vehicle veh25
[Midd4VCServer] job received: 8a9ad6ac-e65f-47b5-af26-3d58f6fc1449
[Midd4VCServer] Assigning job 8a9ad6ac-e65f-47b5-af26-3d58f6fc1449 to vehicle veh25
[Midd4VCServer] job 8a9ad6ac-e65f-47b5-af26-3d58f6fc1449 completed by vehicle veh25
[Midd4VCServer] Vehicle veh12 already registered.
[Midd4VCServer] job received: 34557793-345e-4042-9a4e-b28b6b9bf419
[Midd4VCServer] Assigning job 34557793-345e-4042-9a4e-b28b6b9bf419 to vehicle veh25
[Midd4VCServer] job 34557793-345e-4042-9a4e-b28b6b9bf419 completed by vehicle veh25
[Midd4VCServer] job received: 4d1d4f2f-e8d5-4771-99c3-4ed38b732256
[Midd4VCServer] Assigning job 4d1d4f2f-e8d5-4771-99c3-4ed38b732256 to vehicle veh25
[Midd4VCServer] job 4d1d4f2f-e8d5-4771-99c3-4ed38b732256 completed by vehicle veh25
[Midd4VCServer] job received: ac24c5b4-8d37-4a2e-b0a4-b97e0022a30c
[Midd4VCServer] Assigning job ac24c5b4-8d37-4a2e-b0a4-b97e0022a30c to vehicle veh16
[Midd4VCServer] job ac24c5b4-8d37-4a2e-b0a4-b97e0022a30c completed by vehicle veh16
[Midd4VCServer] Vehicle veh14 already registered.
[Midd4VCServer] job received: 993256c2-679e-4ccb-b66f-9db16d87a258
[Midd4VCServer] Assigning job 993256c2-679e-4ccb-b66f-9db16d87a258 to vehicle veh25
[Midd4VCServer] job 993256c2-679e-4ccb-b66f-9db16d87a258 completed by vehicle veh25
[Midd4VCServer] Vehicle veh29 already registered.
[Midd4VCServer] Vehicle veh39 already registered.
[Midd4VCServer] Vehicle veh3 already registered.
[Midd4VCServer] Vehicle veh6 already registered.
[Midd4VCServer] Vehicle veh32 already registered.
[Midd4VCServer] Vehicle veh15 already registered.
[Midd4VCServer] Vehicle veh27 already registered.
[Midd4VCServer] Vehicle veh19 already registered.
[Midd4VCServer] job received: 8e5cbf43-94e4-48cc-a91f-edd423329ba7
[Midd4VC] Job 4673330f-f06e-49d8-89d4-c07732bd2f4d timed out. Re-enqueueing.
[Midd4VC] Job fcc2a39d-595a-4718-8aca-758721ccc734 timed out. Re-enqueueing.
[Midd4VCServer] Assigning job fcc2a39d-595a-4718-8aca-758721ccc734 to vehicle veh23
[Midd4VCServer] Assigning job 4673330f-f06e-49d8-89d4-c07732bd2f4d to vehicle veh7
[Midd4VCServer] Assigning job 8e5cbf43-94e4-48cc-a91f-edd423329ba7 to vehicle veh16
[Midd4VCServer] job 4673330f-f06e-49d8-89d4-c07732bd2f4d completed by vehicle veh7
[Midd4VCServer] Vehicle veh30 already registered.
[Midd4VCServer] Vehicle veh26 already registered.
[Midd4VCServer] job received: 379f10c0-b6f0-4276-b399-02ace45a36a5
[Midd4VCServer] Assigning job 379f10c0-b6f0-4276-b399-02ace45a36a5 to vehicle veh7
[Midd4VCServer] job 379f10c0-b6f0-4276-b399-02ace45a36a5 completed by vehicle veh7
[Midd4VCServer] job received: eb1fa323-7317-4831-90e2-f09dff7aac99
[Midd4VC] Job ee0ac699-bb02-47d3-a78a-cd59439ed5c5 timed out. Re-enqueueing.
[Midd4VCServer] Assigning job ee0ac699-bb02-47d3-a78a-cd59439ed5c5 to vehicle veh7
[Midd4VCServer] Assigning job eb1fa323-7317-4831-90e2-f09dff7aac99 to vehicle veh28
[Midd4VCServer] job ee0ac699-bb02-47d3-a78a-cd59439ed5c5 completed by vehicle veh7
[Midd4VCServer] job received: 74a9d2cf-c1c9-43b0-9311-f03412bc9866
[Midd4VCServer] Assigning job 74a9d2cf-c1c9-43b0-9311-f03412bc9866 to vehicle veh7
[Midd4VCServer] job 74a9d2cf-c1c9-43b0-9311-f03412bc9866 completed by vehicle veh7
[Midd4VCServer] Vehicle veh40 already registered.
[Midd4VCServer] job received: 155195cd-9d54-43d4-9ad3-97fabcba6432
[Midd4VCServer] Assigning job 155195cd-9d54-43d4-9ad3-97fabcba6432 to vehicle veh7
[Midd4VCServer] job 155195cd-9d54-43d4-9ad3-97fabcba6432 completed by vehicle veh7
[Midd4VCServer] job received: 9d57ed47-9925-4708-b1f6-78a1d70c86fa
[Midd4VCServer] Assigning job 9d57ed47-9925-4708-b1f6-78a1d70c86fa to vehicle veh25
[Midd4VCServer] job 9d57ed47-9925-4708-b1f6-78a1d70c86fa completed by vehicle veh25
[Midd4VCServer] Vehicle veh18 already registered.
[Midd4VCServer] Vehicle veh24 already registered.
[Midd4VCServer] Vehicle veh9 already registered.
[Midd4VCServer] job received: 9d68c604-f90b-4c98-83b3-fc12d31d212f
[Midd4VC] Job 02d7e712-f2e0-4e88-ad35-83b2b7866d0b timed out. Re-enqueueing.
[Midd4VC] Job cc6d4902-a1a0-42e2-9f13-4fd5dec1244f timed out. Re-enqueueing.
[Midd4VC] Job 0c529850-2890-4aeb-a3f2-f380f182c0c2 timed out. Re-enqueueing.
[Midd4VC] Job 0451e1d5-0e92-4924-9b5c-912fbac465dc timed out. Re-enqueueing.
[Midd4VCServer] Assigning job 0451e1d5-0e92-4924-9b5c-912fbac465dc to vehicle veh6
[Midd4VCServer] Assigning job 0c529850-2890-4aeb-a3f2-f380f182c0c2 to vehicle veh31
[Midd4VCServer] Assigning job cc6d4902-a1a0-42e2-9f13-4fd5dec1244f to vehicle veh12
[Midd4VCServer] Assigning job 02d7e712-f2e0-4e88-ad35-83b2b7866d0b to vehicle veh7
[Midd4VCServer] Assigning job 9d68c604-f90b-4c98-83b3-fc12d31d212f to vehicle veh2
[Midd4VCServer] job 02d7e712-f2e0-4e88-ad35-83b2b7866d0b completed by vehicle veh7
[Midd4VCServer] job 0c529850-2890-4aeb-a3f2-f380f182c0c2 completed by vehicle veh31
[Midd4VCServer] job cc6d4902-a1a0-42e2-9f13-4fd5dec1244f completed by vehicle veh12
[Midd4VCServer] job 0451e1d5-0e92-4924-9b5c-912fbac465dc completed by vehicle veh6
[Midd4VCServer] Vehicle veh31 already registered.
[Midd4VCServer] Vehicle veh14 already registered.
[Midd4VCServer] job received: 4d26906c-7066-4d45-a13b-40810aa9d634
[Midd4VCServer] Assigning job 4d26906c-7066-4d45-a13b-40810aa9d634 to vehicle veh6
[Midd4VCServer] job 4d26906c-7066-4d45-a13b-40810aa9d634 completed by vehicle veh6
[Midd4VCServer] job received: c0a30955-1680-44c1-af74-b892549a5d2b
[Midd4VCServer] Assigning job c0a30955-1680-44c1-af74-b892549a5d2b to vehicle veh6
[Midd4VCServer] job c0a30955-1680-44c1-af74-b892549a5d2b completed by vehicle veh6
[Midd4VCServer] job received: cd2921aa-68e4-4921-a6ba-d7356418f3b5
[Midd4VCServer] Assigning job cd2921aa-68e4-4921-a6ba-d7356418f3b5 to vehicle veh31
[Midd4VCServer] job cd2921aa-68e4-4921-a6ba-d7356418f3b5 completed by vehicle veh31
[Midd4VCServer] Vehicle veh15 already registered.
[Midd4VCServer] Vehicle veh4 already registered.
[Midd4VCServer] Vehicle veh13 already registered.
[Midd4VCServer] job received: bf61b609-5ad9-4b56-b2bb-f5461fe118ae
[Midd4VCServer] Assigning job bf61b609-5ad9-4b56-b2bb-f5461fe118ae to vehicle veh6
[Midd4VCServer] job bf61b609-5ad9-4b56-b2bb-f5461fe118ae completed by vehicle veh6
[Midd4VCServer] Vehicle veh1 already registered.
[Midd4VCServer] job received: 087202bd-2e1c-4b57-bf6a-7990150cc8f9
[Midd4VC] Job ded5065f-585f-484a-94b5-520eabdcdad9 timed out. Re-enqueueing.
[Midd4VCServer] Assigning job ded5065f-585f-484a-94b5-520eabdcdad9 to vehicle veh31
[Midd4VCServer] Assigning job 087202bd-2e1c-4b57-bf6a-7990150cc8f9 to vehicle veh6
[Midd4VCServer] Vehicle veh2 already registered.
[Midd4VCServer] job received: d752a7ef-33df-472b-898a-9a112ae38ae7
[Midd4VC] Job e629ecc9-b4cb-4772-91c0-2bb390117e9e timed out. Re-enqueueing.
[Midd4VCServer] Assigning job e629ecc9-b4cb-4772-91c0-2bb390117e9e to vehicle veh12
[Midd4VCServer] Assigning job d752a7ef-33df-472b-898a-9a112ae38ae7 to vehicle veh11
[Midd4VCServer] job received: 191be44a-a049-4d48-90ef-4896cabde0b8
[Midd4VCServer] Assigning job 191be44a-a049-4d48-90ef-4896cabde0b8 to vehicle veh32
[Midd4VCServer] job received: 18b7add2-496f-4f27-a45c-51330910e19e
[Midd4VCServer] Assigning job 18b7add2-496f-4f27-a45c-51330910e19e to vehicle veh25
[Midd4VCServer] Vehicle veh19 already registered.
[Midd4VCServer] Vehicle veh15 already registered.
[Midd4VCServer] job received: a640b0f0-f16e-47e2-b080-4c2e4d8875fe
[Midd4VCServer] Assigning job a640b0f0-f16e-47e2-b080-4c2e4d8875fe to vehicle veh7
[Midd4VCServer] job a640b0f0-f16e-47e2-b080-4c2e4d8875fe completed by vehicle veh7
[Midd4VCServer] Vehicle veh31 already registered.
[Midd4VCServer] Vehicle veh18 already registered.
[Midd4VCServer] Vehicle veh24 already registered.
[Midd4VCServer] job received: 0cc59dce-8c68-4f6c-994d-f9cfad7e5702
[Midd4VC] Job a466f98c-f5ff-4340-aedb-706cc18e1f65 timed out. Re-enqueueing.
[Midd4VC] Job 514c1cda-763e-4761-9c0c-5280e47d3b09 timed out. Re-enqueueing.
[Midd4VC] Job 998c3cfe-4c54-40d8-ba17-dbc96dc3db41 timed out. Re-enqueueing.
[Midd4VCServer] Assigning job 998c3cfe-4c54-40d8-ba17-dbc96dc3db41 to vehicle veh3
[Midd4VCServer] Assigning job 514c1cda-763e-4761-9c0c-5280e47d3b09 to vehicle veh34
[Midd4VCServer] Assigning job a466f98c-f5ff-4340-aedb-706cc18e1f65 to vehicle veh4
[Midd4VCServer] Assigning job 0cc59dce-8c68-4f6c-994d-f9cfad7e5702 to vehicle veh38
[Midd4VCServer] Vehicle veh5 already registered.
[Midd4VCServer] Vehicle veh17 already registered.
[Midd4VCServer] Vehicle veh23 already registered.
[Midd4VCServer] job received: 6f47e8d3-fc2b-4817-9e46-e6b087bd2401
[Midd4VCServer] Assigning job 6f47e8d3-fc2b-4817-9e46-e6b087bd2401 to vehicle veh22
[Midd4VCServer] Vehicle veh37 already registered.
[Midd4VCServer] Vehicle veh2 already registered.
[Midd4VCServer] Vehicle veh33 already registered.
[Midd4VCServer] job received: 1fa73b13-3ff9-4b24-af45-dcc04f5a6727
[Midd4VC] Job e5638edb-cb26-496b-bf41-7d9041986473 timed out. Re-enqueueing.
[Midd4VC] Job 63b520b6-f844-4525-86cc-1f8a2fdd5a0e timed out. Re-enqueueing.
[Midd4VCServer] Assigning job 63b520b6-f844-4525-86cc-1f8a2fdd5a0e to vehicle veh30
[Midd4VCServer] Assigning job e5638edb-cb26-496b-bf41-7d9041986473 to vehicle veh5
[Midd4VCServer] Assigning job 1fa73b13-3ff9-4b24-af45-dcc04f5a6727 to vehicle veh13
[Midd4VCServer] job 63b520b6-f844-4525-86cc-1f8a2fdd5a0e completed by vehicle veh30
[Midd4VCServer] job received: cd1b23eb-5211-4af2-adb9-bd1fa53f779d
[Midd4VCServer] Assigning job cd1b23eb-5211-4af2-adb9-bd1fa53f779d to vehicle veh30
[Midd4VCServer] job cd1b23eb-5211-4af2-adb9-bd1fa53f779d completed by vehicle veh30
[Midd4VCServer] job received: a69cb1cd-e545-44d0-b72d-2a09c7429380
[Midd4VCServer] Assigning job a69cb1cd-e545-44d0-b72d-2a09c7429380 to vehicle veh30
[Midd4VCServer] job a69cb1cd-e545-44d0-b72d-2a09c7429380 completed by vehicle veh30
[Midd4VCServer] Vehicle veh17 already registered.
[Midd4VCServer] Vehicle veh34 already registered.
[Midd4VCServer] Vehicle veh37 already registered.
[Midd4VCServer] job received: dde4d15d-71c2-495e-959f-a226fdc0b76e
[Midd4VCServer] Assigning job dde4d15d-71c2-495e-959f-a226fdc0b76e to vehicle veh30
[Midd4VCServer] job dde4d15d-71c2-495e-959f-a226fdc0b76e completed by vehicle veh30
[Midd4VCServer] job received: 660d8dc3-b88b-4416-8d89-bd2a748d5567
[Midd4VCServer] Assigning job 660d8dc3-b88b-4416-8d89-bd2a748d5567 to vehicle veh30
[Midd4VCServer] job 660d8dc3-b88b-4416-8d89-bd2a748d5567 completed by vehicle veh30
[Midd4VCServer] Vehicle veh16 already registered.
[Midd4VCServer] job received: c9e72597-0edc-4509-936e-a04522d0db06
[Midd4VC] Job 58882edd-2b94-4ac9-9356-861522de45e1 timed out. Re-enqueueing.
[Midd4VCServer] Assigning job 58882edd-2b94-4ac9-9356-861522de45e1 to vehicle veh30
[Midd4VCServer] Assigning job c9e72597-0edc-4509-936e-a04522d0db06 to vehicle veh24
[Midd4VCServer] job 58882edd-2b94-4ac9-9356-861522de45e1 completed by vehicle veh30
[Midd4VCServer] job c9e72597-0edc-4509-936e-a04522d0db06 completed by vehicle veh24
[Midd4VCServer] Vehicle veh2 already registered.
[Midd4VCServer] job received: 2ffdea88-0dc2-4838-a27d-cd7295427148
[Midd4VCServer] Assigning job 2ffdea88-0dc2-4838-a27d-cd7295427148 to vehicle veh30
[Midd4VCServer] job 2ffdea88-0dc2-4838-a27d-cd7295427148 completed by vehicle veh30
[Midd4VCServer] Vehicle veh19 already registered.
[Midd4VCServer] job received: 7a02cf2f-b68b-4d02-bc9f-d5f1ae11b1ae
[Midd4VCServer] Assigning job 7a02cf2f-b68b-4d02-bc9f-d5f1ae11b1ae to vehicle veh30
[Midd4VCServer] job 7a02cf2f-b68b-4d02-bc9f-d5f1ae11b1ae completed by vehicle veh30
[Midd4VCServer] job received: f7715d30-0780-4c6a-bb53-c704557dc109
[Midd4VCServer] Assigning job f7715d30-0780-4c6a-bb53-c704557dc109 to vehicle veh9
[Midd4VCServer] job f7715d30-0780-4c6a-bb53-c704557dc109 completed by vehicle veh9
[Midd4VCServer] Vehicle veh25 already registered.
[Midd4VCServer] job received: e326ebbd-9cdf-43e9-84bb-c157d3d02057
[Midd4VCServer] Assigning job e326ebbd-9cdf-43e9-84bb-c157d3d02057 to vehicle veh39
[Midd4VCServer] job e326ebbd-9cdf-43e9-84bb-c157d3d02057 completed by vehicle veh39
[Midd4VCServer] Vehicle veh4 already registered.
[Midd4VCServer] Vehicle veh29 already registered.
[Midd4VCServer] job received: b3d81e94-9e57-4d2a-8a23-c886bf4acffb
[Midd4VC] Job 7835c344-0651-4d7f-a07d-266354f494af timed out. Re-enqueueing.
[Midd4VCServer] Assigning job 7835c344-0651-4d7f-a07d-266354f494af to vehicle veh14
[Midd4VCServer] Assigning job b3d81e94-9e57-4d2a-8a23-c886bf4acffb to vehicle veh1
[Midd4VCServer] job received: 17d3b1a5-ff8f-467c-855d-08f796c62f50
[Midd4VCServer] Assigning job 17d3b1a5-ff8f-467c-855d-08f796c62f50 to vehicle veh29
[Midd4VCServer] job 17d3b1a5-ff8f-467c-855d-08f796c62f50 completed by vehicle veh29
[Midd4VCServer] job received: 9c6759b5-dadc-4ddf-a00d-dd0006508e44
[Midd4VCServer] Assigning job 9c6759b5-dadc-4ddf-a00d-dd0006508e44 to vehicle veh7
[Midd4VCServer] Vehicle veh6 already registered.
[Midd4VCServer] Vehicle veh10 already registered.
[Midd4VCServer] Vehicle veh28 already registered.
[Midd4VCServer] job received: 4bf2ec92-bc2a-46cf-8de0-ac249811e9e0
[Midd4VC] Job 91439c64-6160-42db-82f2-ae4bcce2c28a timed out. Re-enqueueing.
[Midd4VC] Job 6f04c959-0970-44bc-912a-39670be79bf6 timed out. Re-enqueueing.
[Midd4VC] Job df0f7348-97fd-400d-9057-4be3e330013c timed out. Re-enqueueing.
[Midd4VC] Job 56b785d0-75fc-4f19-9ed2-ba04037ac446 timed out. Re-enqueueing.
[Midd4VC] Job a32ed02d-1a86-48b9-8095-5d190134e497 timed out. Re-enqueueing.
[Midd4VCServer] Assigning job a32ed02d-1a86-48b9-8095-5d190134e497 to vehicle veh18
[Midd4VCServer] Assigning job 56b785d0-75fc-4f19-9ed2-ba04037ac446 to vehicle veh35
[Midd4VCServer] Assigning job df0f7348-97fd-400d-9057-4be3e330013c to vehicle veh15
[Midd4VCServer] Assigning job 6f04c959-0970-44bc-912a-39670be79bf6 to vehicle veh8
[Midd4VCServer] Assigning job 91439c64-6160-42db-82f2-ae4bcce2c28a to vehicle veh36
[Midd4VCServer] Assigning job 4bf2ec92-bc2a-46cf-8de0-ac249811e9e0 to vehicle veh24
[Midd4VCServer] job df0f7348-97fd-400d-9057-4be3e330013c completed by vehicle veh15
[Midd4VCServer] job a32ed02d-1a86-48b9-8095-5d190134e497 completed by vehicle veh18
[Midd4VCServer] job 4bf2ec92-bc2a-46cf-8de0-ac249811e9e0 completed by vehicle veh24
[Midd4VCServer] job received: ec6c8516-1ee8-4916-8322-3be028ee2a37
[Midd4VCServer] Assigning job ec6c8516-1ee8-4916-8322-3be028ee2a37 to vehicle veh18
[Midd4VCServer] job ec6c8516-1ee8-4916-8322-3be028ee2a37 completed by vehicle veh18
[Midd4VCServer] Vehicle veh23 already registered.
[Midd4VCServer] Vehicle veh12 already registered.
[Midd4VCServer] job received: 2cbbc2da-5cae-4af5-a823-c5437d1eb2a1
[Midd4VC] Job e40fac8a-466d-4989-9509-913291553146 timed out. Re-enqueueing.
[Midd4VC] Job e17b9123-d6e0-4975-ac75-2eb731e2f538 timed out. Re-enqueueing.
[Midd4VCServer] Assigning job e17b9123-d6e0-4975-ac75-2eb731e2f538 to vehicle veh10
[Midd4VCServer] Assigning job e40fac8a-466d-4989-9509-913291553146 to vehicle veh18
[Midd4VCServer] Assigning job 2cbbc2da-5cae-4af5-a823-c5437d1eb2a1 to vehicle veh40
[Midd4VCServer] job e17b9123-d6e0-4975-ac75-2eb731e2f538 completed by vehicle veh10
[Midd4VCServer] job e40fac8a-466d-4989-9509-913291553146 completed by vehicle veh18
[Midd4VCServer] job 2cbbc2da-5cae-4af5-a823-c5437d1eb2a1 completed by vehicle veh40
[Midd4VCServer] job received: 32a7989b-cd86-45db-bba0-d5befbc597b7
[Midd4VCServer] Assigning job 32a7989b-cd86-45db-bba0-d5befbc597b7 to vehicle veh10
[Midd4VCServer] job 32a7989b-cd86-45db-bba0-d5befbc597b7 completed by vehicle veh10
[Midd4VCServer] Vehicle veh40 already registered.
[Midd4VCServer] job received: 5980096e-8409-4942-a7c5-ece0f7b29fce
[Midd4VCServer] Assigning job 5980096e-8409-4942-a7c5-ece0f7b29fce to vehicle veh18
[Midd4VCServer] job 5980096e-8409-4942-a7c5-ece0f7b29fce completed by vehicle veh18
[Midd4VCServer] Vehicle veh36 already registered.
[Midd4VCServer] job received: 94aa1e7c-1a27-4626-80a6-653eef324a8f
[Midd4VCServer] Assigning job 94aa1e7c-1a27-4626-80a6-653eef324a8f to vehicle veh10
[Midd4VCServer] job 94aa1e7c-1a27-4626-80a6-653eef324a8f completed by vehicle veh10
[Midd4VCServer] job received: a6a66b27-be87-4c6c-8776-06a07f8cd033
[Midd4VCServer] Assigning job a6a66b27-be87-4c6c-8776-06a07f8cd033 to vehicle veh18
[Midd4VCServer] job a6a66b27-be87-4c6c-8776-06a07f8cd033 completed by vehicle veh18
[Midd4VCServer] job received: 4a68065d-0c5f-4187-8570-c1856725a88b
[Midd4VCServer] Assigning job 4a68065d-0c5f-4187-8570-c1856725a88b to vehicle veh10
[Midd4VCServer] job 4a68065d-0c5f-4187-8570-c1856725a88b completed by vehicle veh10
[Midd4VCServer] job received: 784aec9b-ac95-4ac1-ac97-3de95f0e834f
[Midd4VCServer] Assigning job 784aec9b-ac95-4ac1-ac97-3de95f0e834f to vehicle veh18
[Midd4VCServer] job 784aec9b-ac95-4ac1-ac97-3de95f0e834f completed by vehicle veh18
[Midd4VCServer] job received: 7b8b3829-468c-4120-95ff-0cea6190a5f5
[Midd4VCServer] Assigning job 7b8b3829-468c-4120-95ff-0cea6190a5f5 to vehicle veh10
[Midd4VCServer] job 7b8b3829-468c-4120-95ff-0cea6190a5f5 completed by vehicle veh10
[Midd4VCServer] Vehicle veh17 already registered.
[Midd4VCServer] Vehicle veh34 already registered.
[Midd4VCServer] Vehicle veh26 already registered.
[Midd4VCServer] Vehicle veh37 already registered.
[Midd4VCServer] Vehicle veh15 already registered.
[Midd4VCServer] job received: 24d910c6-fa51-41f5-86ba-20caf6056627
[Midd4VC] Job fcc2a39d-595a-4718-8aca-758721ccc734 timed out. Re-enqueueing.
[Midd4VC] Job 8e5cbf43-94e4-48cc-a91f-edd423329ba7 timed out. Re-enqueueing.
[Midd4VCServer] Assigning job 8e5cbf43-94e4-48cc-a91f-edd423329ba7 to vehicle veh23
[Midd4VCServer] Assigning job fcc2a39d-595a-4718-8aca-758721ccc734 to vehicle veh18
[Midd4VCServer] Assigning job 24d910c6-fa51-41f5-86ba-20caf6056627 to vehicle veh10
[Midd4VCServer] job fcc2a39d-595a-4718-8aca-758721ccc734 completed by vehicle veh18
[Midd4VCServer] job 8e5cbf43-94e4-48cc-a91f-edd423329ba7 completed by vehicle veh23
[Midd4VCServer] job 24d910c6-fa51-41f5-86ba-20caf6056627 completed by vehicle veh10
[Midd4VCServer] Vehicle veh23 already registered.
[Midd4VCServer] Vehicle veh19 already registered.
[Midd4VCServer] Vehicle veh8 already registered.
[Midd4VCServer] Vehicle veh11 already registered.
[Midd4VCServer] job received: 82b026c5-03cf-4227-9e9b-d90d2b4aaeca
[Midd4VC] Job eb1fa323-7317-4831-90e2-f09dff7aac99 timed out. Re-enqueueing.
[Midd4VCServer] Assigning job eb1fa323-7317-4831-90e2-f09dff7aac99 to vehicle veh23
[Midd4VCServer] Assigning job 82b026c5-03cf-4227-9e9b-d90d2b4aaeca to vehicle veh18
[Midd4VCServer] job eb1fa323-7317-4831-90e2-f09dff7aac99 completed by vehicle veh23
[Midd4VCServer] job 82b026c5-03cf-4227-9e9b-d90d2b4aaeca completed by vehicle veh18
[Midd4VCServer] job received: 6129c771-b0c1-45bd-8e92-3f520ad745e2
[Midd4VCServer] Assigning job 6129c771-b0c1-45bd-8e92-3f520ad745e2 to vehicle veh23
[Midd4VCServer] job 6129c771-b0c1-45bd-8e92-3f520ad745e2 completed by vehicle veh23
[Midd4VCServer] job received: fbaad194-0d42-4406-9289-2734171af926
[Midd4VCServer] Assigning job fbaad194-0d42-4406-9289-2734171af926 to vehicle veh10
[Midd4VCServer] job fbaad194-0d42-4406-9289-2734171af926 completed by vehicle veh10
[Midd4VCServer] job received: 074e0278-7a76-4416-902c-0ff5930fb815
[Midd4VC] Job 9d68c604-f90b-4c98-83b3-fc12d31d212f timed out. Re-enqueueing.
[Midd4VCServer] Assigning job 9d68c604-f90b-4c98-83b3-fc12d31d212f to vehicle veh18
[Midd4VCServer] Assigning job 074e0278-7a76-4416-902c-0ff5930fb815 to vehicle veh23
[Midd4VCServer] job 074e0278-7a76-4416-902c-0ff5930fb815 completed by vehicle veh23
[Midd4VCServer] job received: 700d03c9-b35c-4781-ac43-ab6976c99949
[Midd4VCServer] Assigning job 700d03c9-b35c-4781-ac43-ab6976c99949 to vehicle veh10
[Midd4VCServer] job 700d03c9-b35c-4781-ac43-ab6976c99949 completed by vehicle veh10
[Midd4VCServer] Vehicle veh25 already registered.
[Midd4VCServer] job received: b33a375b-68aa-4397-a943-641b513354b9
[Midd4VCServer] Assigning job b33a375b-68aa-4397-a943-641b513354b9 to vehicle veh23
[Midd4VCServer] job b33a375b-68aa-4397-a943-641b513354b9 completed by vehicle veh23
[Midd4VCServer] job received: 7c45959e-3b0f-44b3-ba42-fec1baed694e
[Midd4VCServer] Assigning job 7c45959e-3b0f-44b3-ba42-fec1baed694e to vehicle veh15
[Midd4VCServer] job 7c45959e-3b0f-44b3-ba42-fec1baed694e completed by vehicle veh15
[Midd4VCServer] Vehicle veh14 already registered.
[Midd4VCServer] Vehicle veh39 already registered.
[Midd4VCServer] job received: 78aeaba5-87e1-4e42-b2e3-163795cddeec
[Midd4VCServer] Assigning job 78aeaba5-87e1-4e42-b2e3-163795cddeec to vehicle veh10
[Midd4VCServer] job 78aeaba5-87e1-4e42-b2e3-163795cddeec completed by vehicle veh10
[Midd4VCServer] job received: f8369568-9ef3-4997-9a38-403a1ad3af58
[Midd4VCServer] Assigning job f8369568-9ef3-4997-9a38-403a1ad3af58 to vehicle veh40
[Midd4VCServer] job f8369568-9ef3-4997-9a38-403a1ad3af58 completed by vehicle veh40
[Midd4VCServer] Vehicle veh31 already registered.
[Midd4VCServer] Vehicle veh38 already registered.
[Midd4VCServer] job received: 6ba1db11-cd66-44a0-a953-d76d2538fa06
[Midd4VCServer] Assigning job 6ba1db11-cd66-44a0-a953-d76d2538fa06 to vehicle veh23
[Midd4VCServer] job 6ba1db11-cd66-44a0-a953-d76d2538fa06 completed by vehicle veh23
[Midd4VCServer] Vehicle veh30 already registered.
[Midd4VCServer] Vehicle veh29 already registered.
[Midd4VCServer] Vehicle veh24 already registered.
[Midd4VCServer] job received: 53bceb5d-2ba3-4ac2-8201-696ae7afaacb
[Midd4VC] Job ded5065f-585f-484a-94b5-520eabdcdad9 timed out. Re-enqueueing.
[Midd4VC] Job 087202bd-2e1c-4b57-bf6a-7990150cc8f9 timed out. Re-enqueueing.
[Midd4VC] Job e629ecc9-b4cb-4772-91c0-2bb390117e9e timed out. Re-enqueueing.
[Midd4VC] Job d752a7ef-33df-472b-898a-9a112ae38ae7 timed out. Re-enqueueing.
[Midd4VC] Job 191be44a-a049-4d48-90ef-4896cabde0b8 timed out. Re-enqueueing.
[Midd4VC] Job 18b7add2-496f-4f27-a45c-51330910e19e timed out. Re-enqueueing.
[Midd4VCServer] Assigning job 18b7add2-496f-4f27-a45c-51330910e19e to vehicle veh31
[Midd4VCServer] Assigning job 191be44a-a049-4d48-90ef-4896cabde0b8 to vehicle veh6
[Midd4VCServer] Assigning job d752a7ef-33df-472b-898a-9a112ae38ae7 to vehicle veh12
[Midd4VCServer] Assigning job e629ecc9-b4cb-4772-91c0-2bb390117e9e to vehicle veh15
[Midd4VCServer] Assigning job 087202bd-2e1c-4b57-bf6a-7990150cc8f9 to vehicle veh11
[Midd4VCServer] Assigning job ded5065f-585f-484a-94b5-520eabdcdad9 to vehicle veh10
[Midd4VCServer] Assigning job 53bceb5d-2ba3-4ac2-8201-696ae7afaacb to vehicle veh32
[Midd4VCServer] job 18b7add2-496f-4f27-a45c-51330910e19e completed by vehicle veh31
[Midd4VCServer] job 087202bd-2e1c-4b57-bf6a-7990150cc8f9 completed by vehicle veh11
[Midd4VCServer] Disconnected with result code 7
[Midd4VCServer] Connected with result code 0
[Midd4VCServer] Disconnected with result code 7
[Midd4VCServer] Disconnected with result code 0
[Midd4VCServer] Server stopped.
