[Midd4VCServer] Connected with result code 0
[Midd4VCServer] Server started and subscribed to topics.
[Midd4VCServer] Starting fault injection on broker...
[Midd4VCServer] job received: 322bf133-d258-4f13-8b4e-bf2e33d1fca4
[Midd4VCServer] Vehicle registered: veh21
[Midd4VCServer] Assigning job 322bf133-d258-4f13-8b4e-bf2e33d1fca4 to vehicle veh21
[Midd4VCServer] Vehicle registered: veh20
[Midd4VCServer] Vehicle registered: veh24
[Midd4VCServer] job 322bf133-d258-4f13-8b4e-bf2e33d1fca4 completed by vehicle veh21
[Midd4VCServer] Vehicle registered: veh25
[Midd4VCServer] Vehicle registered: veh40
[Midd4VCServer] Vehicle registered: veh1
[Midd4VCServer] Vehicle registered: veh22
[Midd4VCServer] Vehicle registered: veh18
[Midd4VCServer] Vehicle registered: veh28
[Midd4VCServer] Vehicle registered: veh17
[Midd4VCServer] Vehicle registered: veh26
[Midd4VCServer] Vehicle registered: veh6
[Midd4VCServer] Vehicle registered: veh11
[Midd4VCServer] Vehicle registered: veh16
[Midd4VCServer] Vehicle registered: veh8
[Midd4VCServer] Vehicle registered: veh13
[Midd4VCServer] Vehicle registered: veh12
[Midd4VCServer] Vehicle registered: veh4
[Midd4VCServer] Vehicle registered: veh39
[Midd4VCServer] Vehicle registered: veh30
[Midd4VCServer] Vehicle registered: veh27
[Midd4VCServer] Vehicle registered: veh29
[Midd4VCServer] Vehicle registered: veh10
[Midd4VCServer] Disconnected with result code 7
[Midd4VCServer] Connected with result code 0
[Midd4VCServer] Disconnected with result code 0
[Midd4VCServer] Server stopped.
[Midd4VCServer] Connected with result code 0
[Midd4VCServer] Server started and subscribed to topics.
[Midd4VCServer] job received: fc7b95e8-ea09-4c2a-9936-5dc0d594812f
[Midd4VCServer] Assigning job fc7b95e8-ea09-4c2a-9936-5dc0d594812f to vehicle veh20
[Midd4VCServer] job received: 16914615-bfe2-42ba-9b71-2cec5b26755c
[Midd4VCServer] Assigning job 16914615-bfe2-42ba-9b71-2cec5b26755c to vehicle veh24
[Midd4VCServer] job 16914615-bfe2-42ba-9b71-2cec5b26755c completed by vehicle veh24
[Midd4VCServer] job received: bfb81529-58d5-43a6-be97-94c9b6aa54f4
[Midd4VCServer] Assigning job bfb81529-58d5-43a6-be97-94c9b6aa54f4 to vehicle veh25
[Midd4VCServer] Vehicle veh10 already registered.
[Midd4VCServer] Vehicle veh4 already registered.
[Midd4VCServer] Vehicle veh1 already registered.
[Midd4VCServer] job received: f9ea29ac-3fc5-4d5c-8053-efec9792f67d
[Midd4VCServer] Assigning job f9ea29ac-3fc5-4d5c-8053-efec9792f67d to vehicle veh40
[Midd4VCServer] Vehicle veh20 already registered.
[Midd4VCServer] Vehicle veh22 already registered.
[Midd4VCServer] job received: 58d345b7-2d82-4f7e-8fcd-331c1a8be518
[Midd4VCServer] Assigning job 58d345b7-2d82-4f7e-8fcd-331c1a8be518 to vehicle veh1
[Midd4VCServer] job 58d345b7-2d82-4f7e-8fcd-331c1a8be518 completed by vehicle veh1
[Midd4VCServer] Vehicle registered: veh2
[Midd4VCServer] Vehicle registered: veh34
[Midd4VCServer] job received: 7a03cd54-56c3-47f1-adca-c50ed6adce72
[Midd4VCServer] Assigning job 7a03cd54-56c3-47f1-adca-c50ed6adce72 to vehicle veh22
[Midd4VCServer] job 7a03cd54-56c3-47f1-adca-c50ed6adce72 completed by vehicle veh22
[Midd4VCServer] Vehicle veh16 already registered.
[Midd4VCServer] job received: f09c40db-c47d-48b2-9e81-007309866a34
[Midd4VCServer] Assigning job f09c40db-c47d-48b2-9e81-007309866a34 to vehicle veh18
[Midd4VCServer] job f09c40db-c47d-48b2-9e81-007309866a34 completed by vehicle veh18
[Midd4VCServer] Vehicle veh27 already registered.
[Midd4VCServer] job received: 868ed091-4822-4ff3-bb01-9a6bae271712
[Midd4VCServer] Assigning job 868ed091-4822-4ff3-bb01-9a6bae271712 to vehicle veh28
[Midd4VCServer] job 868ed091-4822-4ff3-bb01-9a6bae271712 completed by vehicle veh28
[Midd4VCServer] job received: da2fb9b4-e352-43ad-98fd-426c840d5bfa
[Midd4VCServer] Assigning job da2fb9b4-e352-43ad-98fd-426c840d5bfa to vehicle veh17
[Midd4VCServer] Vehicle veh40 already registered.
[Midd4VCServer] Vehicle registered: veh37
[Midd4VCServer] job received: 1aca06b6-faf1-4291-9e7c-437bf18059b9
[Midd4VCServer] Assigning job 1aca06b6-faf1-4291-9e7c-437bf18059b9 to vehicle veh26
[Midd4VCServer] job received: 81f34b8d-2764-4731-8646-af70dcea3c1b
[Midd4VCServer] Assigning job 81f34b8d-2764-4731-8646-af70dcea3c1b to vehicle veh6
[Midd4VCServer] job received: b26a1caa-c7f4-4638-80bb-9a655bb48c68
[Midd4VCServer] Assigning job b26a1caa-c7f4-4638-80bb-9a655bb48c68 to vehicle veh11
[Midd4VCServer] job b26a1caa-c7f4-4638-80bb-9a655bb48c68 completed by vehicle veh11
[Midd4VCServer] job received: 69b8c9ed-2be2-489e-a426-d295db53d702
[Midd4VCServer] Assigning job 69b8c9ed-2be2-489e-a426-d295db53d702 to vehicle veh16
[Midd4VCServer] job received: e789b6f4-db30-41f2-95ab-c0dfd0beb9b0
[Midd4VCServer] Assigning job e789b6f4-db30-41f2-95ab-c0dfd0beb9b0 to vehicle veh8
[Midd4VCServer] Vehicle veh25 already registered.
[Midd4VCServer] Vehicle veh26 already registered.
[Midd4VCServer] job received: e3c10601-99a3-46b9-a0b3-cbbd12427015
[Midd4VCServer] Assigning job e3c10601-99a3-46b9-a0b3-cbbd12427015 to vehicle veh13
[Midd4VCServer] job received: b9b5b2e9-28ee-4468-8a84-bafd9f8c6b17
[Midd4VCServer] Assigning job b9b5b2e9-28ee-4468-8a84-bafd9f8c6b17 to vehicle veh12
[Midd4VCServer] job received: e9b1d002-7dad-4d41-8a29-5541db8b0d2d
[Midd4VCServer] Assigning job e9b1d002-7dad-4d41-8a29-5541db8b0d2d to vehicle veh4
[Midd4VCServer] job received: e0df6efb-60e5-460d-8e67-e93c46364082
[Midd4VCServer] Assigning job e0df6efb-60e5-460d-8e67-e93c46364082 to vehicle veh39
[Midd4VCServer] Vehicle registered: veh32
[Midd4VCServer] Vehicle registered: veh3
[Midd4VCServer] job received: b6df6cc1-e997-49d7-ab89-31d553589f3a
[Midd4VCServer] Assigning job b6df6cc1-e997-49d7-ab89-31d553589f3a to vehicle veh30
[Midd4VCServer] Vehicle veh21 already registered.
[Midd4VCServer] Vehicle registered: veh5
[Midd4VCServer] Vehicle veh2 already registered.
[Midd4VCServer] Vehicle veh30 already registered.
[Midd4VCServer] Vehicle registered: veh15
[Midd4VCServer] job received: 7ef69dcf-c8b8-41c3-85a6-f0fd9a9dea81
[Midd4VCServer] Assigning job 7ef69dcf-c8b8-41c3-85a6-f0fd9a9dea81 to vehicle veh27
[Midd4VCServer] job 7ef69dcf-c8b8-41c3-85a6-f0fd9a9dea81 completed by vehicle veh27
[Midd4VCServer] job received: 8f4961e8-ae54-4ac1-9ab2-640cbc630137
[Midd4VCServer] Assigning job 8f4961e8-ae54-4ac1-9ab2-640cbc630137 to vehicle veh29
[Midd4VCServer] job received: 01b6f766-b0dd-429c-bc19-8a201b5a0256
[Midd4VCServer] Assigning job 01b6f766-b0dd-429c-bc19-8a201b5a0256 to vehicle veh10
[Midd4VCServer] job received: c41185e6-6e21-4023-8f4f-088f9030030a
[Midd4VCServer] Assigning job c41185e6-6e21-4023-8f4f-088f9030030a to vehicle veh2
[Midd4VCServer] job c41185e6-6e21-4023-8f4f-088f9030030a completed by vehicle veh2
[Midd4VCServer] job received: 16118f1b-29f2-4c25-808d-e10bca8132b3
[Midd4VCServer] Assigning job 16118f1b-29f2-4c25-808d-e10bca8132b3 to vehicle veh34
[Midd4VCServer] job received: 15b2b5af-5420-4027-a827-ef45bf1a5aaf
[Midd4VCServer] Assigning job 15b2b5af-5420-4027-a827-ef45bf1a5aaf to vehicle veh37
[Midd4VCServer] job 15b2b5af-5420-4027-a827-ef45bf1a5aaf completed by vehicle veh37
[Midd4VCServer] job received: 366d331f-ab2a-4fb8-ad82-169d621fdadc
[Midd4VCServer] Assigning job 366d331f-ab2a-4fb8-ad82-169d621fdadc to vehicle veh32
[Midd4VCServer] Vehicle registered: veh7
[Midd4VCServer] Vehicle veh11 already registered.
[Midd4VCServer] job received: b0a1b697-3580-4388-91d1-634b0f67d77e
[Midd4VCServer] Assigning job b0a1b697-3580-4388-91d1-634b0f67d77e to vehicle veh3
[Midd4VCServer] Vehicle veh22 already registered.
[Midd4VCServer] Vehicle veh12 already registered.
[Midd4VCServer] Vehicle veh25 already registered.
[Midd4VCServer] Vehicle veh21 already registered.
[Midd4VCServer] job received: eeded7f8-235a-4627-850b-501fd5e8c317
[Midd4VCServer] Assigning job eeded7f8-235a-4627-850b-501fd5e8c317 to vehicle veh5
[Midd4VCServer] Vehicle veh39 already registered.
[Midd4VCServer] Vehicle veh1 already registered.
[Midd4VCServer] Vehicle veh15 already registered.
[Midd4VCServer] job received: 819f1266-1c3a-4d8b-be1f-1e72a28a57a6
[Midd4VCServer] Assigning job 819f1266-1c3a-4d8b-be1f-1e72a28a57a6 to vehicle veh15
[Midd4VCServer] job 819f1266-1c3a-4d8b-be1f-1e72a28a57a6 completed by vehicle veh15
[Midd4VCServer] Vehicle veh32 already registered.
[Midd4VCServer] job received: 1e7fbc32-1e7b-4587-8a3f-d11011c5c39a
[Midd4VCServer] Assigning job 1e7fbc32-1e7b-4587-8a3f-d11011c5c39a to vehicle veh7
[Midd4VCServer] job 1e7fbc32-1e7b-4587-8a3f-d11011c5c39a completed by vehicle veh7
[Midd4VCServer] job received: 982be591-5a83-44f6-8ef0-e10b8d7ea126
[Midd4VCServer] Assigning job 982be591-5a83-44f6-8ef0-e10b8d7ea126 to vehicle veh21
[Midd4VCServer] job 982be591-5a83-44f6-8ef0-e10b8d7ea126 completed by vehicle veh21
[Midd4VCServer] job received: 13ce3c9f-a46f-471e-9203-b4b0dc314fe0
[Midd4VCServer] Assigning job 13ce3c9f-a46f-471e-9203-b4b0dc314fe0 to vehicle veh24
[Midd4VCServer] Vehicle veh3 already registered.
[Midd4VCServer] Vehicle registered: veh36
[Midd4VCServer] Vehicle registered: veh9
[Midd4VCServer] job received: 7b0c8f3b-9613-48ae-80c6-cb8997c311c9
[Midd4VCServer] Assigning job 7b0c8f3b-9613-48ae-80c6-cb8997c311c9 to vehicle veh36
[Midd4VCServer] job 7b0c8f3b-9613-48ae-80c6-cb8997c311c9 completed by vehicle veh36
[Midd4VCServer] Vehicle veh26 already registered.
[Midd4VCServer] job received: 5e356f1f-2949-4fb3-8658-d9ac56dbde99
[Midd4VCServer] Assigning job 5e356f1f-2949-4fb3-8658-d9ac56dbde99 to vehicle veh9
[Midd4VCServer] job 5e356f1f-2949-4fb3-8658-d9ac56dbde99 completed by vehicle veh9
[Midd4VCServer] Vehicle veh25 already registered.
[Midd4VCServer] job received: f6aa9bbc-e8d3-4006-b528-d0310b892c89
[Midd4VCServer] Assigning job f6aa9bbc-e8d3-4006-b528-d0310b892c89 to vehicle veh1
[Midd4VCServer] job f6aa9bbc-e8d3-4006-b528-d0310b892c89 completed by vehicle veh1
[Midd4VCServer] job received: 78f6ff21-d064-408a-8988-8f16d2ec1f56
[Midd4VCServer] Assigning job 78f6ff21-d064-408a-8988-8f16d2ec1f56 to vehicle veh22
[Midd4VCServer] job 78f6ff21-d064-408a-8988-8f16d2ec1f56 completed by vehicle veh22
[Midd4VCServer] job received: 4ab50237-e412-4e7a-9375-c058077c59d4
[Midd4VCServer] Assigning job 4ab50237-e412-4e7a-9375-c058077c59d4 to vehicle veh18
[Midd4VCServer] Vehicle veh24 already registered.
[Midd4VCServer] job received: d038f4cd-5f02-4e3e-b07d-0b437b6a7b48
[Midd4VCServer] Assigning job d038f4cd-5f02-4e3e-b07d-0b437b6a7b48 to vehicle veh28
[Midd4VCServer] Vehicle veh34 already registered.
[Midd4VCServer] job received: aa72da12-4703-48dc-8421-1b24c4f634df
[Midd4VCServer] Assigning job aa72da12-4703-48dc-8421-1b24c4f634df to vehicle veh11
[Midd4VCServer] job received: 1f6f697d-b511-4584-a68d-426388efef0c
[Midd4VCServer] Assigning job 1f6f697d-b511-4584-a68d-426388efef0c to vehicle veh27
[Midd4VCServer] Vehicle veh39 already registered.
[Midd4VCServer] Vehicle registered: veh35
[Midd4VCServer] job received: cd731f6a-b01a-4827-84ad-43250fd6380e
[Midd4VC] Job fc7b95e8-ea09-4c2a-9936-5dc0d594812f timed out. Re-enqueueing.
[Midd4VCServer] Assigning job fc7b95e8-ea09-4c2a-9936-5dc0d594812f to vehicle veh20
[Midd4VCServer] Assigning job cd731f6a-b01a-4827-84ad-43250fd6380e to vehicle veh35
[Midd4VCServer] job cd731f6a-b01a-4827-84ad-43250fd6380e completed by vehicle veh35
[Midd4VCServer] Vehicle veh4 already registered.
[Midd4VCServer] job received: ae7cf2fb-af31-46a2-9847-8d19c32df68f
[Midd4VC] Job bfb81529-58d5-43a6-be97-94c9b6aa54f4 timed out. Re-enqueueing.
[Midd4VCServer] Assigning job bfb81529-58d5-43a6-be97-94c9b6aa54f4 to vehicle veh25
[Midd4VCServer] Assigning job ae7cf2fb-af31-46a2-9847-8d19c32df68f to vehicle veh2
[Midd4VCServer] Vehicle registered: veh38
[Midd4VCServer] Vehicle veh27 already registered.
[Midd4VCServer] job received: 496b14e0-9871-4e7a-b8fa-df092c5e0979
[Midd4VC] Job f9ea29ac-3fc5-4d5c-8053-efec9792f67d timed out. Re-enqueueing.
[Midd4VCServer] Assigning job f9ea29ac-3fc5-4d5c-8053-efec9792f67d to vehicle veh40
[Midd4VCServer] Assigning job 496b14e0-9871-4e7a-b8fa-df092c5e0979 to vehicle veh38
[Midd4VCServer] job 496b14e0-9871-4e7a-b8fa-df092c5e0979 completed by vehicle veh38
[Midd4VCServer] job received: 875b2053-07d6-4b0f-80d3-f66a65e4b9fa
[Midd4VCServer] Assigning job 875b2053-07d6-4b0f-80d3-f66a65e4b9fa to vehicle veh37
[Midd4VCServer] Vehicle veh28 already registered.
[Midd4VCServer] Vehicle veh9 already registered.
[Midd4VCServer] job received: 8b6eea1e-8311-41a5-a7a4-6d5bb8f094b3
[Midd4VCServer] Assigning job 8b6eea1e-8311-41a5-a7a4-6d5bb8f094b3 to vehicle veh15
[Midd4VCServer] Vehicle veh21 already registered.
[Midd4VCServer] Vehicle veh8 already registered.
[Midd4VCServer] job received: 87a1cd74-a305-4312-ac92-a3e4edfe6842
[Midd4VCServer] Assigning job 87a1cd74-a305-4312-ac92-a3e4edfe6842 to vehicle veh7
[Midd4VCServer] Vehicle veh37 already registered.
[Midd4VCServer] Vehicle registered: veh14
[Midd4VCServer] Vehicle veh11 already registered.
[Midd4VCServer] job received: 94a75ed5-680c-455f-9d68-60bdfda91c09
[Midd4VCServer] Assigning job 94a75ed5-680c-455f-9d68-60bdfda91c09 to vehicle veh14
[Midd4VCServer] job 94a75ed5-680c-455f-9d68-60bdfda91c09 completed by vehicle veh14
[Midd4VCServer] Vehicle veh40 already registered.
[Midd4VCServer] Vehicle veh30 already registered.
[Midd4VCServer] job received: 0bbad39b-57e8-4593-973b-9be4a208b8b3
[Midd4VCServer] Assigning job 0bbad39b-57e8-4593-973b-9be4a208b8b3 to vehicle veh36
[Midd4VCServer] Vehicle veh8 already registered.
[Midd4VCServer] Vehicle veh10 already registered.
[Midd4VCServer] job received: 020dfa97-97dd-4698-9e2c-13b3ec48c60a
[Midd4VC] Job da2fb9b4-e352-43ad-98fd-426c840d5bfa timed out. Re-enqueueing.
[Midd4VCServer] Assigning job da2fb9b4-e352-43ad-98fd-426c840d5bfa to vehicle veh17
[Midd4VCServer] Assigning job 020dfa97-97dd-4698-9e2c-13b3ec48c60a to vehicle veh9
[Midd4VCServer] job received: fe989813-bac7-40b3-84f1-f7cbd4f7d2b5
[Midd4VCServer] Assigning job fe989813-bac7-40b3-84f1-f7cbd4f7d2b5 to vehicle veh35
[Midd4VCServer] job fe989813-bac7-40b3-84f1-f7cbd4f7d2b5 completed by vehicle veh35
[Midd4VCServer] job received: 153331e1-16b3-4249-a730-6cb63be2d8bb
[Midd4VCServer] Assigning job 153331e1-16b3-4249-a730-6cb63be2d8bb to vehicle veh38
[Midd4VCServer] job 153331e1-16b3-4249-a730-6cb63be2d8bb completed by vehicle veh38
[Midd4VCServer] Vehicle veh40 already registered.
[Midd4VCServer] job received: eebfc28f-453d-4de3-8bc4-f8f3e28745ba
[Midd4VC] Job 1aca06b6-faf1-4291-9e7c-437bf18059b9 timed out. Re-enqueueing.
[Midd4VC] Job 81f34b8d-2764-4731-8646-af70dcea3c1b timed out. Re-enqueueing.
[Midd4VCServer] Assigning job 81f34b8d-2764-4731-8646-af70dcea3c1b to vehicle veh26
[Midd4VCServer] Assigning job 1aca06b6-faf1-4291-9e7c-437bf18059b9 to vehicle veh6
[Midd4VCServer] Assigning job eebfc28f-453d-4de3-8bc4-f8f3e28745ba to vehicle veh14
[Midd4VCServer] job received: 2ab958a5-800d-4bc1-9a11-7297e13624ef
[Midd4VCServer] Assigning job 2ab958a5-800d-4bc1-9a11-7297e13624ef to vehicle veh21
[Midd4VCServer] job 2ab958a5-800d-4bc1-9a11-7297e13624ef completed by vehicle veh21
[Midd4VCServer] Vehicle veh13 already registered.
[Midd4VCServer] Vehicle veh20 already registered.
[Midd4VCServer] job received: a511aee5-977a-422b-823b-7e268f84ea5c
[Midd4VC] Job 69b8c9ed-2be2-489e-a426-d295db53d702 timed out. Re-enqueueing.
[Midd4VC] Job e789b6f4-db30-41f2-95ab-c0dfd0beb9b0 timed out. Re-enqueueing.
[Midd4VCServer] Assigning job e789b6f4-db30-41f2-95ab-c0dfd0beb9b0 to vehicle veh16
[Midd4VCServer] Assigning job 69b8c9ed-2be2-489e-a426-d295db53d702 to vehicle veh8
[Midd4VCServer] Assigning job a511aee5-977a-422b-823b-7e268f84ea5c to vehicle veh1
[Midd4VCServer] job 69b8c9ed-2be2-489e-a426-d295db53d702 completed by vehicle veh8
[Midd4VCServer] Vehicle registered: veh19
[Midd4VC] Job e3c10601-99a3-46b9-a0b3-cbbd12427015 timed out. Re-enqueueing.
[Midd4VC] Job b9b5b2e9-28ee-4468-8a84-bafd9f8c6b17 timed out. Re-enqueueing.
[Midd4VCServer] Assigning job b9b5b2e9-28ee-4468-8a84-bafd9f8c6b17 to vehicle veh13
[Midd4VCServer] Assigning job e3c10601-99a3-46b9-a0b3-cbbd12427015 to vehicle veh12
[Midd4VCServer] job b9b5b2e9-28ee-4468-8a84-bafd9f8c6b17 completed by vehicle veh13
[Midd4VCServer] job e3c10601-99a3-46b9-a0b3-cbbd12427015 completed by vehicle veh12
[Midd4VCServer] job received: 78a11f1d-d601-489a-ab51-fdd1691a086e
[Midd4VCServer] Assigning job 78a11f1d-d601-489a-ab51-fdd1691a086e to vehicle veh19
[Midd4VCServer] job 78a11f1d-d601-489a-ab51-fdd1691a086e completed by vehicle veh19
[Midd4VCServer] job received: 3531b1a9-6c49-4e6d-9be7-2ac1accf877f
[Midd4VC] Job e9b1d002-7dad-4d41-8a29-5541db8b0d2d timed out. Re-enqueueing.
[Midd4VCServer] Assigning job e9b1d002-7dad-4d41-8a29-5541db8b0d2d to vehicle veh4
[Midd4VCServer] Assigning job 3531b1a9-6c49-4e6d-9be7-2ac1accf877f to vehicle veh8
[Midd4VCServer] job 3531b1a9-6c49-4e6d-9be7-2ac1accf877f completed by vehicle veh8
[Midd4VCServer] job e9b1d002-7dad-4d41-8a29-5541db8b0d2d completed by vehicle veh4
[Midd4VCServer] job received: 04ce4a4d-49bc-4e34-a13e-245904dada1f
[Midd4VC] Job e0df6efb-60e5-460d-8e67-e93c46364082 timed out. Re-enqueueing.
[Midd4VCServer] Assigning job e0df6efb-60e5-460d-8e67-e93c46364082 to vehicle veh39
[Midd4VCServer] Assigning job 04ce4a4d-49bc-4e34-a13e-245904dada1f to vehicle veh13
[Midd4VCServer] job e0df6efb-60e5-460d-8e67-e93c46364082 completed by vehicle veh39
[Midd4VCServer] job 04ce4a4d-49bc-4e34-a13e-245904dada1f completed by vehicle veh13
[Midd4VCServer] Vehicle veh21 already registered.
[Midd4VCServer] job received: c94c2613-7f7e-467f-8d57-55b96273e623
[Midd4VCServer] Assigning job c94c2613-7f7e-467f-8d57-55b96273e623 to vehicle veh12
[Midd4VCServer] job c94c2613-7f7e-467f-8d57-55b96273e623 completed by vehicle veh12
[Midd4VCServer] job received: eee2447e-a948-4bf6-aa3f-c6a08a29ad52
[Midd4VC] Job b6df6cc1-e997-49d7-ab89-31d553589f3a timed out. Re-enqueueing.
[Midd4VCServer] Assigning job b6df6cc1-e997-49d7-ab89-31d553589f3a to vehicle veh30
[Midd4VCServer] Assigning job eee2447e-a948-4bf6-aa3f-c6a08a29ad52 to vehicle veh4
[Midd4VCServer] job eee2447e-a948-4bf6-aa3f-c6a08a29ad52 completed by vehicle veh4
[Midd4VCServer] job received: a2a8a552-5434-4ce3-aabf-0a446b64a3c5
[Midd4VCServer] Assigning job a2a8a552-5434-4ce3-aabf-0a446b64a3c5 to vehicle veh39
[Midd4VCServer] job a2a8a552-5434-4ce3-aabf-0a446b64a3c5 completed by vehicle veh39
[Midd4VCServer] job received: 5002aa13-ab4f-469f-877b-f147499ecf50
[Midd4VCServer] Assigning job 5002aa13-ab4f-469f-877b-f147499ecf50 to vehicle veh19
[Midd4VCServer] Vehicle veh8 already registered.
[Midd4VCServer] Vehicle veh17 already registered.
[Midd4VCServer] job received: e06146e1-c731-408e-810d-2ae3433a6063
[Midd4VCServer] Assigning job e06146e1-c731-408e-810d-2ae3433a6063 to vehicle veh22
[Midd4VCServer] job e06146e1-c731-408e-810d-2ae3433a6063 completed by vehicle veh22
[Midd4VCServer] Vehicle veh24 already registered.
[Midd4VCServer] Vehicle veh16 already registered.
[Midd4VCServer] job received: b28466e4-3bd6-4c9b-b22c-b72904b359fd
[Midd4VC] Job 8f4961e8-ae54-4ac1-9ab2-640cbc630137 timed out. Re-enqueueing.
[Midd4VCServer] Assigning job 8f4961e8-ae54-4ac1-9ab2-640cbc630137 to vehicle veh29
[Midd4VCServer] Assigning job b28466e4-3bd6-4c9b-b22c-b72904b359fd to vehicle veh8
[Midd4VCServer] job b28466e4-3bd6-4c9b-b22c-b72904b359fd completed by vehicle veh8
[Midd4VCServer] Vehicle veh14 already registered.
[Midd4VCServer] job received: 1fd25417-4290-4ffc-87db-df1e88f4f258
[Midd4VCServer] Assigning job 1fd25417-4290-4ffc-87db-df1e88f4f258 to vehicle veh13
[Midd4VCServer] job 1fd25417-4290-4ffc-87db-df1e88f4f258 completed by vehicle veh13
[Midd4VCServer] job received: 576fbe4b-f7c9-4824-93d2-8659ffeb3d4b
[Midd4VC] Job 01b6f766-b0dd-429c-bc19-8a201b5a0256 timed out. Re-enqueueing.
[Midd4VCServer] Assigning job 01b6f766-b0dd-429c-bc19-8a201b5a0256 to vehicle veh10
[Midd4VCServer] Assigning job 576fbe4b-f7c9-4824-93d2-8659ffeb3d4b to vehicle veh12
[Midd4VCServer] job 576fbe4b-f7c9-4824-93d2-8659ffeb3d4b completed by vehicle veh12
[Midd4VCServer] job 01b6f766-b0dd-429c-bc19-8a201b5a0256 completed by vehicle veh10
[Midd4VCServer] Vehicle veh2 already registered.
[Midd4VCServer] Vehicle veh32 already registered.
[Midd4VCServer] job received: ae96f20c-16a9-4010-8226-7227c29d46b8
[Midd4VC] Job 16118f1b-29f2-4c25-808d-e10bca8132b3 timed out. Re-enqueueing.
[Midd4VC] Job 366d331f-ab2a-4fb8-ad82-169d621fdadc timed out. Re-enqueueing.
[Midd4VCServer] Assigning job 366d331f-ab2a-4fb8-ad82-169d621fdadc to vehicle veh34
[Midd4VCServer] Assigning job 16118f1b-29f2-4c25-808d-e10bca8132b3 to vehicle veh32
[Midd4VCServer] Assigning job ae96f20c-16a9-4010-8226-7227c29d46b8 to vehicle veh10
[Midd4VCServer] job ae96f20c-16a9-4010-8226-7227c29d46b8 completed by vehicle veh10
[Midd4VCServer] job 16118f1b-29f2-4c25-808d-e10bca8132b3 completed by vehicle veh32
[Midd4VCServer] Vehicle veh1 already registered.
[Midd4VCServer] Vehicle veh25 already registered.
[Midd4VCServer] Vehicle veh20 already registered.
[Midd4VCServer] Vehicle veh9 already registered.
[Midd4VCServer] Vehicle registered: veh31
[Midd4VC] Job b0a1b697-3580-4388-91d1-634b0f67d77e timed out. Re-enqueueing.
[Midd4VCServer] Assigning job b0a1b697-3580-4388-91d1-634b0f67d77e to vehicle veh3
[Midd4VCServer] job b0a1b697-3580-4388-91d1-634b0f67d77e completed by vehicle veh3
[Midd4VCServer] Vehicle veh5 already registered.
[Midd4VCServer] Vehicle veh34 already registered.
[Midd4VCServer] Vehicle veh29 already registered.
[Midd4VCServer] job received: 0308efd6-a052-4b94-bdf4-176ab5d032d6
[Midd4VCServer] Assigning job 0308efd6-a052-4b94-bdf4-176ab5d032d6 to vehicle veh31
[Midd4VCServer] job 0308efd6-a052-4b94-bdf4-176ab5d032d6 completed by vehicle veh31
[Midd4VCServer] job received: 47762ac6-64b8-4f7b-9edf-bf1a79135fb4
[Midd4VCServer] Assigning job 47762ac6-64b8-4f7b-9edf-bf1a79135fb4 to vehicle veh32
[Midd4VCServer] job 47762ac6-64b8-4f7b-9edf-bf1a79135fb4 completed by vehicle veh32
[Midd4VCServer] job received: cdf47e8d-d497-46a5-91f1-d23cb599cf80
[Midd4VCServer] Assigning job cdf47e8d-d497-46a5-91f1-d23cb599cf80 to vehicle veh3
[Midd4VCServer] Vehicle registered: veh23
[Midd4VCServer] Vehicle veh10 already registered.
[Midd4VCServer] job received: e565b5b9-3cd9-49d7-bd64-591c8f87a070
[Midd4VC] Job eeded7f8-235a-4627-850b-501fd5e8c317 timed out. Re-enqueueing.
[Midd4VCServer] Assigning job eeded7f8-235a-4627-850b-501fd5e8c317 to vehicle veh5
[Midd4VCServer] Assigning job e565b5b9-3cd9-49d7-bd64-591c8f87a070 to vehicle veh23
[Midd4VCServer] job eeded7f8-235a-4627-850b-501fd5e8c317 completed by vehicle veh5
[Midd4VCServer] job e565b5b9-3cd9-49d7-bd64-591c8f87a070 completed by vehicle veh23
[Midd4VCServer] Vehicle veh3 already registered.
[Midd4VCServer] job received: b69c9348-611b-41a4-b193-67520d63efc6
[Midd4VCServer] Assigning job b69c9348-611b-41a4-b193-67520d63efc6 to vehicle veh5
[Midd4VCServer] job received: 321bbd70-b43c-4aa8-b0b8-4d2c937a6ffe
[Midd4VCServer] Assigning job 321bbd70-b43c-4aa8-b0b8-4d2c937a6ffe to vehicle veh31
[Midd4VCServer] job 321bbd70-b43c-4aa8-b0b8-4d2c937a6ffe completed by vehicle veh31
[Midd4VCServer] Vehicle registered: veh33
[Midd4VC] Job 13ce3c9f-a46f-471e-9203-b4b0dc314fe0 timed out. Re-enqueueing.
[Midd4VCServer] Assigning job 13ce3c9f-a46f-471e-9203-b4b0dc314fe0 to vehicle veh33
[Midd4VCServer] job 13ce3c9f-a46f-471e-9203-b4b0dc314fe0 completed by vehicle veh33
[Midd4VCServer] Vehicle veh22 already registered.
[Midd4VCServer] job received: 8155ef74-2da6-4f94-9240-514cbaf7b928
[Midd4VCServer] Assigning job 8155ef74-2da6-4f94-9240-514cbaf7b928 to vehicle veh24
[Midd4VCServer] job 8155ef74-2da6-4f94-9240-514cbaf7b928 completed by vehicle veh24
[Midd4VCServer] job received: c1d89185-9f2d-40a3-b2c7-f6d0c1180d93
[Midd4VCServer] Assigning job c1d89185-9f2d-40a3-b2c7-f6d0c1180d93 to vehicle veh23
[Midd4VCServer] Vehicle veh39 already registered.
[Midd4VCServer] job received: 9fc84c07-ca4e-4b90-8bcd-27b409309461
[Midd4VCServer] Assigning job 9fc84c07-ca4e-4b90-8bcd-27b409309461 to vehicle veh33
[Midd4VCServer] Vehicle veh18 already registered.
[Midd4VCServer] Vehicle veh36 already registered.
[Midd4VCServer] Vehicle veh30 already registered.
[Midd4VCServer] Vehicle veh37 already registered.
[Midd4VCServer] job received: edf70e84-cac7-422c-a02d-a5036debfd23
[Midd4VCServer] Assigning job edf70e84-cac7-422c-a02d-a5036debfd23 to vehicle veh24
[Midd4VCServer] job edf70e84-cac7-422c-a02d-a5036debfd23 completed by vehicle veh24
[Midd4VCServer] Vehicle veh28 already registered.
[Midd4VCServer] Vehicle veh35 already registered.
[Midd4VCServer] job received: f86a2071-ebcb-4530-98f6-9ab61824754b
[Midd4VC] Job 4ab50237-e412-4e7a-9375-c058077c59d4 timed out. Re-enqueueing.
[Midd4VC] Job d038f4cd-5f02-4e3e-b07d-0b437b6a7b48 timed out. Re-enqueueing.
[Midd4VCServer] Assigning job d038f4cd-5f02-4e3e-b07d-0b437b6a7b48 to vehicle veh18
[Midd4VCServer] Assigning job 4ab50237-e412-4e7a-9375-c058077c59d4 to vehicle veh28
[Midd4VCServer] Assigning job f86a2071-ebcb-4530-98f6-9ab61824754b to vehicle veh4
[Midd4VCServer] job d038f4cd-5f02-4e3e-b07d-0b437b6a7b48 completed by vehicle veh18
[Midd4VCServer] job 4ab50237-e412-4e7a-9375-c058077c59d4 completed by vehicle veh28
[Midd4VCServer] job received: f5597f0e-1162-4a13-bb6a-3a486130bd52
[Midd4VCServer] Assigning job f5597f0e-1162-4a13-bb6a-3a486130bd52 to vehicle veh18
[Midd4VCServer] job f5597f0e-1162-4a13-bb6a-3a486130bd52 completed by vehicle veh18
[Midd4VCServer] Vehicle veh7 already registered.
[Midd4VCServer] job received: 19656e63-8d3a-4478-9906-986527e6677e
[Midd4VCServer] Assigning job 19656e63-8d3a-4478-9906-986527e6677e to vehicle veh28
[Midd4VCServer] job 19656e63-8d3a-4478-9906-986527e6677e completed by vehicle veh28
[Midd4VCServer] Vehicle veh13 already registered.
[Midd4VCServer] Vehicle veh23 already registered.
[Midd4VCServer] Vehicle veh15 already registered.
[Midd4VCServer] Vehicle veh11 already registered.
[Midd4VCServer] job received: e928db3c-06f1-41d8-bf19-795b492dc580
[Midd4VC] Job aa72da12-4703-48dc-8421-1b24c4f634df timed out. Re-enqueueing.
[Midd4VC] Job 1f6f697d-b511-4584-a68d-426388efef0c timed out. Re-enqueueing.
[Midd4VC] Job fc7b95e8-ea09-4c2a-9936-5dc0d594812f timed out. Re-enqueueing.
[Midd4VCServer] Assigning job fc7b95e8-ea09-4c2a-9936-5dc0d594812f to vehicle veh20
[Midd4VCServer] Assigning job 1f6f697d-b511-4584-a68d-426388efef0c to vehicle veh11
[Midd4VCServer] Assigning job aa72da12-4703-48dc-8421-1b24c4f634df to vehicle veh27
[Midd4VCServer] Assigning job e928db3c-06f1-41d8-bf19-795b492dc580 to vehicle veh39
[Midd4VCServer] job fc7b95e8-ea09-4c2a-9936-5dc0d594812f completed by vehicle veh20
[Midd4VCServer] job 1f6f697d-b511-4584-a68d-426388efef0c completed by vehicle veh11
[Midd4VCServer] job received: ea4b2deb-4390-49c3-b48f-1e69abefd41d
[Midd4VCServer] Assigning job ea4b2deb-4390-49c3-b48f-1e69abefd41d to vehicle veh20
[Midd4VCServer] job ea4b2deb-4390-49c3-b48f-1e69abefd41d completed by vehicle veh20
[Midd4VCServer] Vehicle veh29 already registered.
[Midd4VCServer] job received: dc5075f6-9608-4702-81c2-d92692d3386b
[Midd4VCServer] Assigning job dc5075f6-9608-4702-81c2-d92692d3386b to vehicle veh20
[Midd4VCServer] job dc5075f6-9608-4702-81c2-d92692d3386b completed by vehicle veh20
[Midd4VCServer] Vehicle veh9 already registered.
[Midd4VCServer] job received: c1b81cac-dbd7-4704-b8f0-57be7b151a8f
[Midd4VCServer] Assigning job c1b81cac-dbd7-4704-b8f0-57be7b151a8f to vehicle veh11
[Midd4VCServer] job c1b81cac-dbd7-4704-b8f0-57be7b151a8f completed by vehicle veh11
[Midd4VCServer] job received: b30dd1fb-708d-4299-a3e0-cb553041c949
[Midd4VCServer] Assigning job b30dd1fb-708d-4299-a3e0-cb553041c949 to vehicle veh10
[Midd4VCServer] Vehicle veh34 already registered.
[Midd4VCServer] job received: ffd75a91-113a-421f-8452-650844f469f4
[Midd4VC] Job bfb81529-58d5-43a6-be97-94c9b6aa54f4 timed out. Re-enqueueing.
[Midd4VC] Job ae7cf2fb-af31-46a2-9847-8d19c32df68f timed out. Re-enqueueing.
[Midd4VCServer] Assigning job ae7cf2fb-af31-46a2-9847-8d19c32df68f to vehicle veh25
[Midd4VCServer] Assigning job bfb81529-58d5-43a6-be97-94c9b6aa54f4 to vehicle veh2
[Midd4VCServer] Assigning job ffd75a91-113a-421f-8452-650844f469f4 to vehicle veh32
[Midd4VCServer] Vehicle veh1 already registered.
[Midd4VCServer] job received: 3096b922-dd2a-4c97-bff3-8d6863c2a4a5
[Midd4VC] Job f9ea29ac-3fc5-4d5c-8053-efec9792f67d timed out. Re-enqueueing.
[Midd4VC] Job 875b2053-07d6-4b0f-80d3-f66a65e4b9fa timed out. Re-enqueueing.
[Midd4VC] Job 8b6eea1e-8311-41a5-a7a4-6d5bb8f094b3 timed out. Re-enqueueing.
[Midd4VC] Job 87a1cd74-a305-4312-ac92-a3e4edfe6842 timed out. Re-enqueueing.
[Midd4VCServer] Assigning job 87a1cd74-a305-4312-ac92-a3e4edfe6842 to vehicle veh40
[Midd4VCServer] Assigning job 8b6eea1e-8311-41a5-a7a4-6d5bb8f094b3 to vehicle veh37
[Midd4VCServer] Assigning job 875b2053-07d6-4b0f-80d3-f66a65e4b9fa to vehicle veh15
[Midd4VCServer] Assigning job f9ea29ac-3fc5-4d5c-8053-efec9792f67d to vehicle veh7
[Midd4VCServer] Assigning job 3096b922-dd2a-4c97-bff3-8d6863c2a4a5 to vehicle veh35
[Midd4VCServer] job 3096b922-dd2a-4c97-bff3-8d6863c2a4a5 completed by vehicle veh35
[Midd4VCServer] job 875b2053-07d6-4b0f-80d3-f66a65e4b9fa completed by vehicle veh15
[Midd4VCServer] job f9ea29ac-3fc5-4d5c-8053-efec9792f67d completed by vehicle veh7
[Midd4VCServer] Vehicle veh25 already registered.
[Midd4VCServer] job received: 23b84c50-a3b6-4172-a82a-09733e6d5f37
[Midd4VCServer] Assigning job 23b84c50-a3b6-4172-a82a-09733e6d5f37 to vehicle veh15
[Midd4VCServer] job 23b84c50-a3b6-4172-a82a-09733e6d5f37 completed by vehicle veh15
[Midd4VCServer] job received: 87bb79d3-8ee6-448f-9fdd-9f717e01d715
[Midd4VCServer] Assigning job 87bb79d3-8ee6-448f-9fdd-9f717e01d715 to vehicle veh7
[Midd4VCServer] job 87bb79d3-8ee6-448f-9fdd-9f717e01d715 completed by vehicle veh7
[Midd4VCServer] job received: 806f7bcf-248f-4b84-86b5-bf252f31644e
[Midd4VC] Job 0bbad39b-57e8-4593-973b-9be4a208b8b3 timed out. Re-enqueueing.
[Midd4VC] Job da2fb9b4-e352-43ad-98fd-426c840d5bfa timed out. Re-enqueueing.
[Midd4VC] Job 020dfa97-97dd-4698-9e2c-13b3ec48c60a timed out. Re-enqueueing.
[Midd4VCServer] Assigning job 020dfa97-97dd-4698-9e2c-13b3ec48c60a to vehicle veh17
[Midd4VCServer] Assigning job da2fb9b4-e352-43ad-98fd-426c840d5bfa to vehicle veh36
[Midd4VCServer] Assigning job 0bbad39b-57e8-4593-973b-9be4a208b8b3 to vehicle veh9
[Midd4VCServer] Assigning job 806f7bcf-248f-4b84-86b5-bf252f31644e to vehicle veh38
[Midd4VCServer] job 0bbad39b-57e8-4593-973b-9be4a208b8b3 completed by vehicle veh9
[Midd4VCServer] Vehicle veh5 already registered.
[Midd4VCServer] job received: 829cbdf5-0d1d-404f-8cdb-156d88f66dab
[Midd4VCServer] Assigning job 829cbdf5-0d1d-404f-8cdb-156d88f66dab to vehicle veh9
[Midd4VCServer] job 829cbdf5-0d1d-404f-8cdb-156d88f66dab completed by vehicle veh9
[Midd4VCServer] Vehicle veh10 already registered.
[Midd4VCServer] job received: 7f84689e-c4ca-40a7-8ce2-8af5c5d6618a
[Midd4VCServer] Assigning job 7f84689e-c4ca-40a7-8ce2-8af5c5d6618a to vehicle veh31
[Midd4VCServer] job received: a5fc0fa2-4e27-4f3b-8f43-c796ef9a79d1
[Midd4VCServer] Assigning job a5fc0fa2-4e27-4f3b-8f43-c796ef9a79d1 to vehicle veh21
[Midd4VCServer] Vehicle veh16 already registered.
[Midd4VCServer] job received: 657c1a04-f7ed-48a5-b8ce-cd70dc29f3b7
[Midd4VC] Job 81f34b8d-2764-4731-8646-af70dcea3c1b timed out. Re-enqueueing.
[Midd4VC] Job 1aca06b6-faf1-4291-9e7c-437bf18059b9 timed out. Re-enqueueing.
[Midd4VC] Job eebfc28f-453d-4de3-8bc4-f8f3e28745ba timed out. Re-enqueueing.
[Midd4VCServer] Assigning job eebfc28f-453d-4de3-8bc4-f8f3e28745ba to vehicle veh26
[Midd4VCServer] Assigning job 1aca06b6-faf1-4291-9e7c-437bf18059b9 to vehicle veh6
[Midd4VCServer] Assigning job 81f34b8d-2764-4731-8646-af70dcea3c1b to vehicle veh14
[Midd4VCServer] Assigning job 657c1a04-f7ed-48a5-b8ce-cd70dc29f3b7 to vehicle veh20
[Midd4VCServer] job 81f34b8d-2764-4731-8646-af70dcea3c1b completed by vehicle veh14
[Midd4VCServer] Vehicle veh31 already registered.
[Midd4VCServer] job received: 15ae6ddd-a42f-45ad-b1f8-f2059dab1bec
[Midd4VCServer] Assigning job 15ae6ddd-a42f-45ad-b1f8-f2059dab1bec to vehicle veh14
[Midd4VCServer] job 15ae6ddd-a42f-45ad-b1f8-f2059dab1bec completed by vehicle veh14
[Midd4VCServer] Vehicle veh19 already registered.
[Midd4VCServer] Vehicle veh39 already registered.
[Midd4VCServer] Vehicle veh3 already registered.
[Midd4VCServer] Vehicle veh38 already registered.
[Midd4VCServer] Vehicle veh12 already registered.
[Midd4VCServer] job received: 4ccf612b-d296-40fd-af48-3a07626e8f51
[Midd4VC] Job e789b6f4-db30-41f2-95ab-c0dfd0beb9b0 timed out. Re-enqueueing.
[Midd4VC] Job a511aee5-977a-422b-823b-7e268f84ea5c timed out. Re-enqueueing.
[Midd4VCServer] Assigning job a511aee5-977a-422b-823b-7e268f84ea5c to vehicle veh16
[Midd4VCServer] Assigning job e789b6f4-db30-41f2-95ab-c0dfd0beb9b0 to vehicle veh1
[Midd4VCServer] Assigning job 4ccf612b-d296-40fd-af48-3a07626e8f51 to vehicle veh24
[Midd4VCServer] job a511aee5-977a-422b-823b-7e268f84ea5c completed by vehicle veh16
[Midd4VCServer] job 4ccf612b-d296-40fd-af48-3a07626e8f51 completed by vehicle veh24
[Midd4VCServer] job received: d1f68254-1af9-4555-b4af-21f123fdb30d
[Midd4VCServer] Assigning job d1f68254-1af9-4555-b4af-21f123fdb30d to vehicle veh16
[Midd4VCServer] job d1f68254-1af9-4555-b4af-21f123fdb30d completed by vehicle veh16
[Midd4VCServer] Vehicle veh11 already registered.
[Midd4VCServer] Vehicle veh23 already registered.
[Midd4VCServer] Vehicle veh29 already registered.
[Midd4VCServer] Vehicle veh20 already registered.
[Midd4VCServer] job received: 460ed856-586a-41fc-80dc-4c5da3f6c713
[Midd4VCServer] Assigning job 460ed856-586a-41fc-80dc-4c5da3f6c713 to vehicle veh16
[Midd4VCServer] job 460ed856-586a-41fc-80dc-4c5da3f6c713 completed by vehicle veh16
[Midd4VCServer] Vehicle veh6 already registered.
[Midd4VCServer] job received: 6e8adfa6-c505-4a63-b268-46cfaeb515e4
[Midd4VCServer] Assigning job 6e8adfa6-c505-4a63-b268-46cfaeb515e4 to vehicle veh22
[Midd4VCServer] Vehicle veh39 already registered.
[Midd4VCServer] Vehicle veh18 already registered.
[Midd4VCServer] job received: d4c832cc-8a6f-4327-abb5-d81a0d4dc89b
[Midd4VCServer] Assigning job d4c832cc-8a6f-4327-abb5-d81a0d4dc89b to vehicle veh18
[Midd4VCServer] job d4c832cc-8a6f-4327-abb5-d81a0d4dc89b completed by vehicle veh18
[Midd4VCServer] job received: 2d8228df-584b-400f-9a96-c915488ce4c2
[Midd4VC] Job b6df6cc1-e997-49d7-ab89-31d553589f3a timed out. Re-enqueueing.
[Midd4VCServer] Assigning job b6df6cc1-e997-49d7-ab89-31d553589f3a to vehicle veh30
[Midd4VCServer] Assigning job 2d8228df-584b-400f-9a96-c915488ce4c2 to vehicle veh28
[Midd4VCServer] Vehicle veh9 already registered.
[Midd4VCServer] job received: 6a77c659-7739-4e1a-9e67-9f6f0b46c65d
[Midd4VC] Job 5002aa13-ab4f-469f-877b-f147499ecf50 timed out. Re-enqueueing.
[Midd4VCServer] Assigning job 5002aa13-ab4f-469f-877b-f147499ecf50 to vehicle veh19
[Midd4VCServer] Assigning job 6a77c659-7739-4e1a-9e67-9f6f0b46c65d to vehicle veh11
[Midd4VCServer] job 6a77c659-7739-4e1a-9e67-9f6f0b46c65d completed by vehicle veh11
[Midd4VCServer] job 5002aa13-ab4f-469f-877b-f147499ecf50 completed by vehicle veh19
[Midd4VCServer] job received: 588e6175-898d-4e1f-919e-cecba9107b49
[Midd4VCServer] Assigning job 588e6175-898d-4e1f-919e-cecba9107b49 to vehicle veh19
[Midd4VCServer] job 588e6175-898d-4e1f-919e-cecba9107b49 completed by vehicle veh19
[Midd4VCServer] Vehicle veh20 already registered.
[Midd4VCServer] Vehicle veh21 already registered.
[Midd4VCServer] job received: 67181bb7-ec08-4b37-b2fd-7b4fff9408df
[Midd4VC] Job 8f4961e8-ae54-4ac1-9ab2-640cbc630137 timed out. Re-enqueueing.
[Midd4VCServer] Assigning job 8f4961e8-ae54-4ac1-9ab2-640cbc630137 to vehicle veh29
[Midd4VCServer] Assigning job 67181bb7-ec08-4b37-b2fd-7b4fff9408df to vehicle veh16
[Midd4VCServer] job 8f4961e8-ae54-4ac1-9ab2-640cbc630137 completed by vehicle veh29
[Midd4VCServer] job 67181bb7-ec08-4b37-b2fd-7b4fff9408df completed by vehicle veh16
[Midd4VCServer] Vehicle veh2 already registered.
[Midd4VCServer] job received: f78c761f-d3b0-48e4-a9c5-be85d5ce7c5e
[Midd4VCServer] Assigning job f78c761f-d3b0-48e4-a9c5-be85d5ce7c5e to vehicle veh29
[Midd4VCServer] job f78c761f-d3b0-48e4-a9c5-be85d5ce7c5e completed by vehicle veh29
[Midd4VCServer] Vehicle veh39 already registered.
[Midd4VCServer] job received: b1915d48-5ad1-4aec-930c-c1659cf9974f
[Midd4VCServer] Assigning job b1915d48-5ad1-4aec-930c-c1659cf9974f to vehicle veh29
[Midd4VCServer] job b1915d48-5ad1-4aec-930c-c1659cf9974f completed by vehicle veh29
[Midd4VCServer] Vehicle veh37 already registered.
[Midd4VCServer] job received: dd8454bc-39c9-4074-9082-e48d0ad71831
[Midd4VC] Job 366d331f-ab2a-4fb8-ad82-169d621fdadc timed out. Re-enqueueing.
[Midd4VCServer] Assigning job 366d331f-ab2a-4fb8-ad82-169d621fdadc to vehicle veh34
[Midd4VCServer] Assigning job dd8454bc-39c9-4074-9082-e48d0ad71831 to vehicle veh8
[Midd4VCServer] job received: 3409f7bc-b347-4504-9f7d-cd035fc8b4fa
[Midd4VCServer] Assigning job 3409f7bc-b347-4504-9f7d-cd035fc8b4fa to vehicle veh13
[Midd4VCServer] Vehicle veh22 already registered.
[Midd4VCServer] Vehicle veh36 already registered.
[Midd4VCServer] job received: b6271543-ade5-475a-ad1b-1bc1b92ea524
[Midd4VCServer] Assigning job b6271543-ade5-475a-ad1b-1bc1b92ea524 to vehicle veh12
[Midd4VCServer] job received: 18568341-ee52-49a7-8c5d-bac8722341b5
[Midd4VC] Job cdf47e8d-d497-46a5-91f1-d23cb599cf80 timed out. Re-enqueueing.
[Midd4VCServer] Assigning job cdf47e8d-d497-46a5-91f1-d23cb599cf80 to vehicle veh3
[Midd4VCServer] Assigning job 18568341-ee52-49a7-8c5d-bac8722341b5 to vehicle veh29
[Midd4VCServer] job cdf47e8d-d497-46a5-91f1-d23cb599cf80 completed by vehicle veh3
[Midd4VCServer] job 18568341-ee52-49a7-8c5d-bac8722341b5 completed by vehicle veh29
[Midd4VCServer] Vehicle veh31 already registered.
[Midd4VCServer] Vehicle veh40 already registered.
[Midd4VCServer] Vehicle veh33 already registered.
[Midd4VCServer] Vehicle veh4 already registered.
[Midd4VCServer] Vehicle veh34 already registered.
[Midd4VCServer] job received: fdfdbb55-676a-444e-b790-86ad12d38bc1
[Midd4VCServer] Assigning job fdfdbb55-676a-444e-b790-86ad12d38bc1 to vehicle veh3
[Midd4VCServer] job fdfdbb55-676a-444e-b790-86ad12d38bc1 completed by vehicle veh3
[Midd4VCServer] Vehicle veh28 already registered.
[Midd4VCServer] Vehicle veh12 already registered.
[Midd4VCServer] Vehicle veh24 already registered.
[Midd4VCServer] Vehicle veh27 already registered.
[Midd4VCServer] Vehicle veh8 already registered.
[Midd4VCServer] Vehicle veh26 already registered.
[Midd4VCServer] job received: 4807d4c4-3483-46b3-b4aa-fd596180f1be
[Midd4VC] Job b69c9348-611b-41a4-b193-67520d63efc6 timed out. Re-enqueueing.
[Midd4VC] Job c1d89185-9f2d-40a3-b2c7-f6d0c1180d93 timed out. Re-enqueueing.
[Midd4VCServer] Assigning job c1d89185-9f2d-40a3-b2c7-f6d0c1180d93 to vehicle veh5
[Midd4VCServer] Assigning job b69c9348-611b-41a4-b193-67520d63efc6 to vehicle veh23
[Midd4VCServer] Assigning job 4807d4c4-3483-46b3-b4aa-fd596180f1be to vehicle veh3
[Midd4VCServer] job b69c9348-611b-41a4-b193-67520d63efc6 completed by vehicle veh23
[Midd4VCServer] job 4807d4c4-3483-46b3-b4aa-fd596180f1be completed by vehicle veh3
[Midd4VCServer] job received: 7ee1a111-4b7a-4e2a-be6a-63cbbcd061f3
[Midd4VCServer] Assigning job 7ee1a111-4b7a-4e2a-be6a-63cbbcd061f3 to vehicle veh23
[Midd4VCServer] job 7ee1a111-4b7a-4e2a-be6a-63cbbcd061f3 completed by vehicle veh23
[Midd4VCServer] Vehicle veh38 already registered.
[Midd4VCServer] job received: 33fb3013-0bf0-486d-962c-9d0232012fd8
[Midd4VCServer] Assigning job 33fb3013-0bf0-486d-962c-9d0232012fd8 to vehicle veh15
[Midd4VCServer] Vehicle veh32 already registered.
[Midd4VCServer] job received: ea62fd71-2976-43bb-97d5-e2002683af17
[Midd4VCServer] Assigning job ea62fd71-2976-43bb-97d5-e2002683af17 to vehicle veh7
[Midd4VCServer] job ea62fd71-2976-43bb-97d5-e2002683af17 completed by vehicle veh7
[Midd4VCServer] job received: f4898f1b-7dff-4f82-895a-907c039adc19
[Midd4VC] Job 9fc84c07-ca4e-4b90-8bcd-27b409309461 timed out. Re-enqueueing.
[Midd4VCServer] Assigning job 9fc84c07-ca4e-4b90-8bcd-27b409309461 to vehicle veh33
[Midd4VCServer] Assigning job f4898f1b-7dff-4f82-895a-907c039adc19 to vehicle veh9
[Midd4VCServer] job 9fc84c07-ca4e-4b90-8bcd-27b409309461 completed by vehicle veh33
[Midd4VCServer] job received: 42c86805-63f5-4476-a9af-d6d0419b71fe
[Midd4VCServer] Assigning job 42c86805-63f5-4476-a9af-d6d0419b71fe to vehicle veh33
[Midd4VCServer] job 42c86805-63f5-4476-a9af-d6d0419b71fe completed by vehicle veh33
[Midd4VCServer] Vehicle veh25 already registered.
[Midd4VCServer] Vehicle veh17 already registered.
[Midd4VCServer] job received: c7343c68-fe0b-40e5-b290-3c272fc53739
[Midd4VCServer] Assigning job c7343c68-fe0b-40e5-b290-3c272fc53739 to vehicle veh35
[Midd4VCServer] job c7343c68-fe0b-40e5-b290-3c272fc53739 completed by vehicle veh35
[Midd4VCServer] Vehicle veh13 already registered.
[Midd4VCServer] job received: 0acbe900-df27-4bf2-8cc2-edd7db11c4d2
[Midd4VC] Job f86a2071-ebcb-4530-98f6-9ab61824754b timed out. Re-enqueueing.
[Midd4VCServer] Assigning job f86a2071-ebcb-4530-98f6-9ab61824754b to vehicle veh4
[Midd4VCServer] Assigning job 0acbe900-df27-4bf2-8cc2-edd7db11c4d2 to vehicle veh14
[Midd4VCServer] job f86a2071-ebcb-4530-98f6-9ab61824754b completed by vehicle veh4
[Midd4VCServer] job 0acbe900-df27-4bf2-8cc2-edd7db11c4d2 completed by vehicle veh14
[Midd4VCServer] job received: 64f5f62d-b885-44c2-8626-9fe3971dbdea
[Midd4VCServer] Assigning job 64f5f62d-b885-44c2-8626-9fe3971dbdea to vehicle veh4
[Midd4VCServer] job 64f5f62d-b885-44c2-8626-9fe3971dbdea completed by vehicle veh4
[Midd4VCServer] Vehicle veh21 already registered.
[Midd4VCServer] Vehicle veh12 already registered.
[Midd4VCServer] Vehicle veh19 already registered.
[Midd4VCServer] Vehicle veh6 already registered.
[Midd4VCServer] job received: 100d8582-845b-406b-b433-3a194aaaea42
[Midd4VC] Job aa72da12-4703-48dc-8421-1b24c4f634df timed out. Re-enqueueing.
[Midd4VC] Job e928db3c-06f1-41d8-bf19-795b492dc580 timed out. Re-enqueueing.
[Midd4VCServer] Assigning job e928db3c-06f1-41d8-bf19-795b492dc580 to vehicle veh27
[Midd4VCServer] Assigning job aa72da12-4703-48dc-8421-1b24c4f634df to vehicle veh39
[Midd4VCServer] Assigning job 100d8582-845b-406b-b433-3a194aaaea42 to vehicle veh19
[Midd4VCServer] job 100d8582-845b-406b-b433-3a194aaaea42 completed by vehicle veh19
[Midd4VCServer] job aa72da12-4703-48dc-8421-1b24c4f634df completed by vehicle veh39
[Midd4VCServer] job received: f664c269-5963-44a0-a23b-cf3770eb4b0f
[Midd4VCServer] Assigning job f664c269-5963-44a0-a23b-cf3770eb4b0f to vehicle veh39
[Midd4VCServer] job f664c269-5963-44a0-a23b-cf3770eb4b0f completed by vehicle veh39
[Midd4VCServer] job received: 91070f03-9fd5-4227-ac81-097f72900349
[Midd4VCServer] Assigning job 91070f03-9fd5-4227-ac81-097f72900349 to vehicle veh23
[Midd4VCServer] job 91070f03-9fd5-4227-ac81-097f72900349 completed by vehicle veh23
[Midd4VCServer] job received: 2b1ab855-1779-4836-bb65-1d5938951722
[Midd4VC] Job b30dd1fb-708d-4299-a3e0-cb553041c949 timed out. Re-enqueueing.
[Midd4VC] Job ae7cf2fb-af31-46a2-9847-8d19c32df68f timed out. Re-enqueueing.
[Midd4VC] Job bfb81529-58d5-43a6-be97-94c9b6aa54f4 timed out. Re-enqueueing.
[Midd4VC] Job ffd75a91-113a-421f-8452-650844f469f4 timed out. Re-enqueueing.
[Midd4VCServer] Assigning job ffd75a91-113a-421f-8452-650844f469f4 to vehicle veh25
[Midd4VCServer] Assigning job bfb81529-58d5-43a6-be97-94c9b6aa54f4 to vehicle veh2
[Midd4VCServer] Assigning job ae7cf2fb-af31-46a2-9847-8d19c32df68f to vehicle veh10
[Midd4VCServer] Assigning job b30dd1fb-708d-4299-a3e0-cb553041c949 to vehicle veh32
[Midd4VCServer] Assigning job 2b1ab855-1779-4836-bb65-1d5938951722 to vehicle veh33
[Midd4VCServer] job ffd75a91-113a-421f-8452-650844f469f4 completed by vehicle veh25
[Midd4VCServer] job bfb81529-58d5-43a6-be97-94c9b6aa54f4 completed by vehicle veh2
[Midd4VCServer] job received: a0b0bdf4-bde5-4d84-848f-1b43a0320557
[Midd4VCServer] Assigning job a0b0bdf4-bde5-4d84-848f-1b43a0320557 to vehicle veh25
[Midd4VCServer] job a0b0bdf4-bde5-4d84-848f-1b43a0320557 completed by vehicle veh25
[Midd4VCServer] Vehicle veh34 already registered.
[Midd4VCServer] job received: a170e2d0-c317-4f5d-bac1-370a10a025cf
[Midd4VCServer] Assigning job a170e2d0-c317-4f5d-bac1-370a10a025cf to vehicle veh25
[Midd4VCServer] job a170e2d0-c317-4f5d-bac1-370a10a025cf completed by vehicle veh25
[Midd4VCServer] job received: e2f5464a-81c4-427d-bf7c-256aeab2ee36
[Midd4VCServer] Assigning job e2f5464a-81c4-427d-bf7c-256aeab2ee36 to vehicle veh2
[Midd4VCServer] job e2f5464a-81c4-427d-bf7c-256aeab2ee36 completed by vehicle veh2
[Midd4VCServer] job received: f6298ac5-2f97-4bbb-a0ff-5783a2c65d7a
[Midd4VCServer] Assigning job f6298ac5-2f97-4bbb-a0ff-5783a2c65d7a to vehicle veh25
[Midd4VCServer] job f6298ac5-2f97-4bbb-a0ff-5783a2c65d7a completed by vehicle veh25
[Midd4VCServer] job received: 8fe0c363-ab69-42aa-97b8-894feebc2cd0
[Midd4VC] Job 87a1cd74-a305-4312-ac92-a3e4edfe6842 timed out. Re-enqueueing.
[Midd4VC] Job 8b6eea1e-8311-41a5-a7a4-6d5bb8f094b3 timed out. Re-enqueueing.
[Midd4VCServer] Assigning job 8b6eea1e-8311-41a5-a7a4-6d5bb8f094b3 to vehicle veh40
[Midd4VCServer] Assigning job 87a1cd74-a305-4312-ac92-a3e4edfe6842 to vehicle veh37
[Midd4VCServer] Assigning job 8fe0c363-ab69-42aa-97b8-894feebc2cd0 to vehicle veh2
[Midd4VCServer] job 8fe0c363-ab69-42aa-97b8-894feebc2cd0 completed by vehicle veh2
[Midd4VCServer] Vehicle veh9 already registered.
[Midd4VCServer] Vehicle veh27 already registered.
[Midd4VCServer] Vehicle veh24 already registered.
[Midd4VCServer] job received: 8c188e14-72ba-4808-9a04-6e17b5f2b318
[Midd4VCServer] Assigning job 8c188e14-72ba-4808-9a04-6e17b5f2b318 to vehicle veh24
[Midd4VCServer] job 8c188e14-72ba-4808-9a04-6e17b5f2b318 completed by vehicle veh24
[Midd4VCServer] job received: 629f26af-0869-45f9-8d34-f1be9931ef07
[Midd4VCServer] Assigning job 629f26af-0869-45f9-8d34-f1be9931ef07 to vehicle veh25
[Midd4VCServer] job 629f26af-0869-45f9-8d34-f1be9931ef07 completed by vehicle veh25
[Midd4VCServer] Vehicle veh28 already registered.
[Midd4VCServer] Vehicle veh34 already registered.
[Midd4VCServer] Vehicle veh39 already registered.
[Midd4VCServer] job received: 08ed123e-cafb-4dde-aec1-ffc3fc490bda
[Midd4VC] Job 020dfa97-97dd-4698-9e2c-13b3ec48c60a timed out. Re-enqueueing.
[Midd4VC] Job da2fb9b4-e352-43ad-98fd-426c840d5bfa timed out. Re-enqueueing.
[Midd4VC] Job 806f7bcf-248f-4b84-86b5-bf252f31644e timed out. Re-enqueueing.
[Midd4VC] Job 7f84689e-c4ca-40a7-8ce2-8af5c5d6618a timed out. Re-enqueueing.
[Midd4VCServer] Assigning job 7f84689e-c4ca-40a7-8ce2-8af5c5d6618a to vehicle veh17
[Midd4VCServer] Assigning job 806f7bcf-248f-4b84-86b5-bf252f31644e to vehicle veh36
[Midd4VCServer] Assigning job da2fb9b4-e352-43ad-98fd-426c840d5bfa to vehicle veh38
[Midd4VCServer] Assigning job 020dfa97-97dd-4698-9e2c-13b3ec48c60a to vehicle veh31
[Midd4VCServer] Assigning job 08ed123e-cafb-4dde-aec1-ffc3fc490bda to vehicle veh18
[Midd4VCServer] job 020dfa97-97dd-4698-9e2c-13b3ec48c60a completed by vehicle veh31
[Midd4VCServer] job 7f84689e-c4ca-40a7-8ce2-8af5c5d6618a completed by vehicle veh17
[Midd4VCServer] job received: 54089bdb-2c1c-46f6-b4be-910692a9fe44
[Midd4VC] Job a5fc0fa2-4e27-4f3b-8f43-c796ef9a79d1 timed out. Re-enqueueing.
[Midd4VCServer] Assigning job a5fc0fa2-4e27-4f3b-8f43-c796ef9a79d1 to vehicle veh17
[Midd4VCServer] Assigning job 54089bdb-2c1c-46f6-b4be-910692a9fe44 to vehicle veh21
[Midd4VCServer] job 54089bdb-2c1c-46f6-b4be-910692a9fe44 completed by vehicle veh21
[Midd4VCServer] job a5fc0fa2-4e27-4f3b-8f43-c796ef9a79d1 completed by vehicle veh17
[Midd4VCServer] job received: d4f76087-79fc-404e-bdc3-98e87ce3b231
[Midd4VCServer] Assigning job d4f76087-79fc-404e-bdc3-98e87ce3b231 to vehicle veh17
[Midd4VCServer] job d4f76087-79fc-404e-bdc3-98e87ce3b231 completed by vehicle veh17
[Midd4VCServer] job received: 57e18b67-f346-4882-aefa-4fed62342d64
[Midd4VCServer] Assigning job 57e18b67-f346-4882-aefa-4fed62342d64 to vehicle veh17
[Midd4VCServer] job 57e18b67-f346-4882-aefa-4fed62342d64 completed by vehicle veh17
[Midd4VCServer] Vehicle veh1 already registered.
[Midd4VCServer] Vehicle veh28 already registered.
[Midd4VCServer] Vehicle veh14 already registered.
[Midd4VCServer] job received: 892a359d-ff67-4451-8cf7-88190bced55e
[Midd4VC] Job eebfc28f-453d-4de3-8bc4-f8f3e28745ba timed out. Re-enqueueing.
[Midd4VC] Job 1aca06b6-faf1-4291-9e7c-437bf18059b9 timed out. Re-enqueueing.
[Midd4VC] Job 657c1a04-f7ed-48a5-b8ce-cd70dc29f3b7 timed out. Re-enqueueing.
[Midd4VCServer] Assigning job 657c1a04-f7ed-48a5-b8ce-cd70dc29f3b7 to vehicle veh26
[Midd4VCServer] Assigning job 1aca06b6-faf1-4291-9e7c-437bf18059b9 to vehicle veh6
[Midd4VCServer] Assigning job eebfc28f-453d-4de3-8bc4-f8f3e28745ba to vehicle veh20
[Midd4VCServer] Assigning job 892a359d-ff67-4451-8cf7-88190bced55e to vehicle veh31
[Midd4VCServer] job 657c1a04-f7ed-48a5-b8ce-cd70dc29f3b7 completed by vehicle veh26
[Midd4VCServer] job 1aca06b6-faf1-4291-9e7c-437bf18059b9 completed by vehicle veh6
[Midd4VCServer] job 892a359d-ff67-4451-8cf7-88190bced55e completed by vehicle veh31
[Midd4VCServer] job received: 2a02c4ac-586a-421c-91b9-bda09a7a0f91
[Midd4VC] Job e789b6f4-db30-41f2-95ab-c0dfd0beb9b0 timed out. Re-enqueueing.
[Midd4VCServer] Assigning job e789b6f4-db30-41f2-95ab-c0dfd0beb9b0 to vehicle veh26
[Midd4VCServer] Assigning job 2a02c4ac-586a-421c-91b9-bda09a7a0f91 to vehicle veh6
[Midd4VCServer] job 2a02c4ac-586a-421c-91b9-bda09a7a0f91 completed by vehicle veh6
[Midd4VCServer] job e789b6f4-db30-41f2-95ab-c0dfd0beb9b0 completed by vehicle veh26
[Midd4VCServer] Vehicle veh6 already registered.
[Midd4VCServer] Vehicle veh37 already registered.
[Midd4VCServer] job received: 4334d064-8cfa-4882-8104-b0142572e9bc
[Midd4VCServer] Assigning job 4334d064-8cfa-4882-8104-b0142572e9bc to vehicle veh1
[Midd4VCServer] job 4334d064-8cfa-4882-8104-b0142572e9bc completed by vehicle veh1
[Midd4VCServer] job received: 7cf1e5ca-1ff9-4d0d-875d-555094c83c32
[Midd4VCServer] Assigning job 7cf1e5ca-1ff9-4d0d-875d-555094c83c32 to vehicle veh26
[Midd4VCServer] job 7cf1e5ca-1ff9-4d0d-875d-555094c83c32 completed by vehicle veh26
[Midd4VCServer] Vehicle veh33 already registered.
[Midd4VCServer] job received: a6bad1d5-d550-499d-9874-975d0f1a1ef4
[Midd4VCServer] Assigning job a6bad1d5-d550-499d-9874-975d0f1a1ef4 to vehicle veh6
[Midd4VCServer] job a6bad1d5-d550-499d-9874-975d0f1a1ef4 completed by vehicle veh6
[Midd4VCServer] Vehicle veh25 already registered.
[Midd4VCServer] Vehicle veh10 already registered.
[Midd4VCServer] job received: db07a9d6-4f01-48b0-be4f-700dba64a9df
[Midd4VC] Job 6e8adfa6-c505-4a63-b268-46cfaeb515e4 timed out. Re-enqueueing.
[Midd4VC] Job b6df6cc1-e997-49d7-ab89-31d553589f3a timed out. Re-enqueueing.
[Midd4VC] Job 2d8228df-584b-400f-9a96-c915488ce4c2 timed out. Re-enqueueing.
[Midd4VCServer] Assigning job 2d8228df-584b-400f-9a96-c915488ce4c2 to vehicle veh30
[Midd4VCServer] Assigning job b6df6cc1-e997-49d7-ab89-31d553589f3a to vehicle veh1
[Midd4VCServer] Assigning job 6e8adfa6-c505-4a63-b268-46cfaeb515e4 to vehicle veh22
[Midd4VCServer] Assigning job db07a9d6-4f01-48b0-be4f-700dba64a9df to vehicle veh28
[Midd4VCServer] job b6df6cc1-e997-49d7-ab89-31d553589f3a completed by vehicle veh1
[Midd4VCServer] job received: e100c8e8-d4d2-4756-8b86-f3fe0bac3cb2
[Midd4VCServer] Assigning job e100c8e8-d4d2-4756-8b86-f3fe0bac3cb2 to vehicle veh26
[Midd4VCServer] job e100c8e8-d4d2-4756-8b86-f3fe0bac3cb2 completed by vehicle veh26
[Midd4VCServer] Vehicle veh32 already registered.
[Midd4VCServer] Vehicle veh4 already registered.
[Midd4VCServer] job received: 70a24c3c-88d0-4039-9d47-95eb2449b337
[Midd4VCServer] Assigning job 70a24c3c-88d0-4039-9d47-95eb2449b337 to vehicle veh6
[Midd4VCServer] Vehicle veh24 already registered.
[Midd4VCServer] Vehicle veh13 already registered.
[Midd4VCServer] job received: c0f9897c-87ff-47a6-9527-38df984f1e69
[Midd4VCServer] Assigning job c0f9897c-87ff-47a6-9527-38df984f1e69 to vehicle veh21
[Midd4VCServer] job received: f3921de8-f793-481a-88de-055d8889b160
[Midd4VCServer] Assigning job f3921de8-f793-481a-88de-055d8889b160 to vehicle veh1
[Midd4VCServer] job f3921de8-f793-481a-88de-055d8889b160 completed by vehicle veh1
[Midd4VCServer] Vehicle veh29 already registered.
[Midd4VCServer] Vehicle veh25 already registered.
[Midd4VCServer] Vehicle veh23 already registered.
[Midd4VCServer] job received: a7306387-a495-44f1-855e-b1ba8291b398
[Midd4VCServer] Assigning job a7306387-a495-44f1-855e-b1ba8291b398 to vehicle veh17
[Midd4VCServer] job a7306387-a495-44f1-855e-b1ba8291b398 completed by vehicle veh17
[Midd4VCServer] job received: 26941a7e-9402-4417-bd48-4c2a4bef7e7b
[Midd4VCServer] Assigning job 26941a7e-9402-4417-bd48-4c2a4bef7e7b to vehicle veh26
[Midd4VCServer] Vehicle veh11 already registered.
[Midd4VCServer] Vehicle veh39 already registered.
[Midd4VCServer] job received: 83ccfb7b-9631-45b4-936b-c659316c58d3
[Midd4VC] Job 366d331f-ab2a-4fb8-ad82-169d621fdadc timed out. Re-enqueueing.
[Midd4VC] Job dd8454bc-39c9-4074-9082-e48d0ad71831 timed out. Re-enqueueing.
[Midd4VCServer] Assigning job dd8454bc-39c9-4074-9082-e48d0ad71831 to vehicle veh34
[Midd4VCServer] Assigning job 366d331f-ab2a-4fb8-ad82-169d621fdadc to vehicle veh8
[Midd4VCServer] Assigning job 83ccfb7b-9631-45b4-936b-c659316c58d3 to vehicle veh11
[Midd4VCServer] job 366d331f-ab2a-4fb8-ad82-169d621fdadc completed by vehicle veh8
[Midd4VCServer] job 83ccfb7b-9631-45b4-936b-c659316c58d3 completed by vehicle veh11
[Midd4VCServer] Vehicle veh6 already registered.
[Midd4VCServer] Vehicle veh30 already registered.
[Midd4VCServer] job received: 90857b61-ca83-4b27-96da-50eb3b93b236
[Midd4VC] Job 3409f7bc-b347-4504-9f7d-cd035fc8b4fa timed out. Re-enqueueing.
[Midd4VCServer] Assigning job 3409f7bc-b347-4504-9f7d-cd035fc8b4fa to vehicle veh13
[Midd4VCServer] Assigning job 90857b61-ca83-4b27-96da-50eb3b93b236 to vehicle veh16
[Midd4VCServer] job 3409f7bc-b347-4504-9f7d-cd035fc8b4fa completed by vehicle veh13
[Midd4VCServer] Vehicle veh15 already registered.
[Midd4VCServer] job received: b7218050-c74b-4a21-bb95-6902e76764fa
[Midd4VCServer] Assigning job b7218050-c74b-4a21-bb95-6902e76764fa to vehicle veh8
[Midd4VCServer] job b7218050-c74b-4a21-bb95-6902e76764fa completed by vehicle veh8
[Midd4VCServer] Vehicle veh19 already registered.
[Midd4VCServer] job received: a79e9af2-1c05-4173-8d45-c6c8d2f68398
[Midd4VC] Job b6271543-ade5-475a-ad1b-1bc1b92ea524 timed out. Re-enqueueing.
[Midd4VCServer] Assigning job b6271543-ade5-475a-ad1b-1bc1b92ea524 to vehicle veh12
[Midd4VCServer] Assigning job a79e9af2-1c05-4173-8d45-c6c8d2f68398 to vehicle veh13
[Midd4VCServer] job a79e9af2-1c05-4173-8d45-c6c8d2f68398 completed by vehicle veh13
[Midd4VCServer] Vehicle veh17 already registered.
[Midd4VCServer] Vehicle veh36 already registered.
[Midd4VCServer] Vehicle veh29 already registered.
[Midd4VCServer] Vehicle veh13 already registered.
[Midd4VCServer] job received: 813eaeca-75f7-4c98-87af-a0a225ab0afc
[Midd4VCServer] Assigning job 813eaeca-75f7-4c98-87af-a0a225ab0afc to vehicle veh4
[Midd4VCServer] Vehicle veh22 already registered.
[Midd4VCServer] job received: 2e02fc35-2ffe-4e14-bc87-d77f3d27b61b
[Midd4VCServer] Assigning job 2e02fc35-2ffe-4e14-bc87-d77f3d27b61b to vehicle veh39
[Midd4VCServer] job 2e02fc35-2ffe-4e14-bc87-d77f3d27b61b completed by vehicle veh39
[Midd4VCServer] job received: 97713dc7-3504-4e4b-b2d6-bc661acf5763
[Midd4VCServer] Assigning job 97713dc7-3504-4e4b-b2d6-bc661acf5763 to vehicle veh29
[Midd4VCServer] job 97713dc7-3504-4e4b-b2d6-bc661acf5763 completed by vehicle veh29
[Midd4VCServer] job received: 087c43c6-92fa-4420-8f50-f27244ce2fdd
[Midd4VC] Job c1d89185-9f2d-40a3-b2c7-f6d0c1180d93 timed out. Re-enqueueing.
[Midd4VCServer] Assigning job c1d89185-9f2d-40a3-b2c7-f6d0c1180d93 to vehicle veh5
[Midd4VCServer] Assigning job 087c43c6-92fa-4420-8f50-f27244ce2fdd to vehicle veh2
[Midd4VCServer] job 087c43c6-92fa-4420-8f50-f27244ce2fdd completed by vehicle veh2
[Midd4VCServer] Vehicle veh20 already registered.
[Midd4VCServer] Vehicle veh27 already registered.
[Midd4VCServer] job received: 0469f4c2-6c7b-4340-aaa5-22c3507e16b2
[Midd4VC] Job 33fb3013-0bf0-486d-962c-9d0232012fd8 timed out. Re-enqueueing.
[Midd4VC] Job f4898f1b-7dff-4f82-895a-907c039adc19 timed out. Re-enqueueing.
[Midd4VCServer] Assigning job f4898f1b-7dff-4f82-895a-907c039adc19 to vehicle veh15
[Midd4VCServer] Assigning job 33fb3013-0bf0-486d-962c-9d0232012fd8 to vehicle veh9
[Midd4VCServer] Assigning job 0469f4c2-6c7b-4340-aaa5-22c3507e16b2 to vehicle veh3
[Midd4VCServer] job f4898f1b-7dff-4f82-895a-907c039adc19 completed by vehicle veh15
[Midd4VCServer] job received: 57beb22a-e7e9-4864-92fb-344410e3920e
[Midd4VCServer] Assigning job 57beb22a-e7e9-4864-92fb-344410e3920e to vehicle veh15
[Midd4VCServer] job 57beb22a-e7e9-4864-92fb-344410e3920e completed by vehicle veh15
[Midd4VCServer] job received: 0d79e3b7-9722-4b88-9c6b-3fdf80951880
[Midd4VCServer] Assigning job 0d79e3b7-9722-4b88-9c6b-3fdf80951880 to vehicle veh7
[Midd4VCServer] job received: 222b0a02-8628-41dd-9bbc-afd944bdfe2d
[Midd4VCServer] Assigning job 222b0a02-8628-41dd-9bbc-afd944bdfe2d to vehicle veh35
[Midd4VCServer] Vehicle veh4 already registered.
[Midd4VCServer] Vehicle veh21 already registered.
[Midd4VCServer] job received: 18d46c96-834c-4eb2-9b73-1ef4da307ffd
[Midd4VCServer] Assigning job 18d46c96-834c-4eb2-9b73-1ef4da307ffd to vehicle veh14
[Midd4VCServer] job received: 5654915c-c899-4f48-8426-085b597b6bd1
[Midd4VCServer] Assigning job 5654915c-c899-4f48-8426-085b597b6bd1 to vehicle veh19
[Midd4VCServer] job 5654915c-c899-4f48-8426-085b597b6bd1 completed by vehicle veh19
[Midd4VCServer] Vehicle veh11 already registered.
[Midd4VCServer] job received: 1c204a8e-c6c6-49dd-a0a4-1724e0a73ed6
[Midd4VCServer] Assigning job 1c204a8e-c6c6-49dd-a0a4-1724e0a73ed6 to vehicle veh31
[Midd4VCServer] job 1c204a8e-c6c6-49dd-a0a4-1724e0a73ed6 completed by vehicle veh31
[Midd4VCServer] job received: 4ffbe9c9-dee2-49c0-acfb-4ad11690e8da
[Midd4VCServer] Assigning job 4ffbe9c9-dee2-49c0-acfb-4ad11690e8da to vehicle veh23
[Midd4VCServer] Vehicle veh35 already registered.
[Midd4VCServer] job received: 264e9897-456c-41bb-b101-dc1911618c09
[Midd4VCServer] Assigning job 264e9897-456c-41bb-b101-dc1911618c09 to vehicle veh24
[Midd4VCServer] job received: d6e52882-041e-4383-b9bd-97debdecd6e7
[Midd4VC] Job e928db3c-06f1-41d8-bf19-795b492dc580 timed out. Re-enqueueing.
[Midd4VCServer] Assigning job e928db3c-06f1-41d8-bf19-795b492dc580 to vehicle veh27
[Midd4VCServer] Assigning job d6e52882-041e-4383-b9bd-97debdecd6e7 to vehicle veh25
[Midd4VCServer] job e928db3c-06f1-41d8-bf19-795b492dc580 completed by vehicle veh27
[Midd4VCServer] Vehicle veh33 already registered.
[Midd4VCServer] job received: a27b6e68-ff21-414d-ae33-337633a01d1c
[Midd4VCServer] Assigning job a27b6e68-ff21-414d-ae33-337633a01d1c to vehicle veh27
[Midd4VCServer] job a27b6e68-ff21-414d-ae33-337633a01d1c completed by vehicle veh27
[Midd4VCServer] Vehicle veh34 already registered.
[Midd4VCServer] Vehicle veh1 already registered.
[Midd4VCServer] Vehicle veh24 already registered.
[Midd4VCServer] job received: 33441592-7499-428e-938c-fad1d493065f
[Midd4VC] Job ae7cf2fb-af31-46a2-9847-8d19c32df68f timed out. Re-enqueueing.
[Midd4VC] Job b30dd1fb-708d-4299-a3e0-cb553041c949 timed out. Re-enqueueing.
[Midd4VC] Job 2b1ab855-1779-4836-bb65-1d5938951722 timed out. Re-enqueueing.
[Midd4VCServer] Assigning job 2b1ab855-1779-4836-bb65-1d5938951722 to vehicle veh10
[Midd4VCServer] Assigning job b30dd1fb-708d-4299-a3e0-cb553041c949 to vehicle veh32
[Midd4VCServer] Assigning job ae7cf2fb-af31-46a2-9847-8d19c32df68f to vehicle veh27
[Midd4VCServer] Assigning job 33441592-7499-428e-938c-fad1d493065f to vehicle veh33
[Midd4VCServer] job b30dd1fb-708d-4299-a3e0-cb553041c949 completed by vehicle veh32
[Midd4VCServer] job ae7cf2fb-af31-46a2-9847-8d19c32df68f completed by vehicle veh27
[Midd4VCServer] job 33441592-7499-428e-938c-fad1d493065f completed by vehicle veh33
[Midd4VCServer] Vehicle veh32 already registered.
[Midd4VCServer] Vehicle veh6 already registered.
[Midd4VCServer] job received: a315a230-8e71-4d9e-8e57-549d35207b41
[Midd4VC] Job 8b6eea1e-8311-41a5-a7a4-6d5bb8f094b3 timed out. Re-enqueueing.
[Midd4VC] Job 87a1cd74-a305-4312-ac92-a3e4edfe6842 timed out. Re-enqueueing.
[Midd4VCServer] Assigning job 87a1cd74-a305-4312-ac92-a3e4edfe6842 to vehicle veh40
[Midd4VCServer] Assigning job 8b6eea1e-8311-41a5-a7a4-6d5bb8f094b3 to vehicle veh37
[Midd4VCServer] Assigning job a315a230-8e71-4d9e-8e57-549d35207b41 to vehicle veh32
[Midd4VCServer] job 8b6eea1e-8311-41a5-a7a4-6d5bb8f094b3 completed by vehicle veh37
[Midd4VCServer] job a315a230-8e71-4d9e-8e57-549d35207b41 completed by vehicle veh32
[Midd4VCServer] job received: 92bf3428-c807-4499-9b3f-69e14c975b76
[Midd4VCServer] Assigning job 92bf3428-c807-4499-9b3f-69e14c975b76 to vehicle veh37
[Midd4VCServer] job 92bf3428-c807-4499-9b3f-69e14c975b76 completed by vehicle veh37
[Midd4VCServer] job received: 4f6956f8-28c5-4835-9b56-06456f68d5d4
[Midd4VCServer] Assigning job 4f6956f8-28c5-4835-9b56-06456f68d5d4 to vehicle veh37
[Midd4VCServer] job 4f6956f8-28c5-4835-9b56-06456f68d5d4 completed by vehicle veh37
[Midd4VCServer] Vehicle veh14 already registered.
[Midd4VCServer] Vehicle veh5 already registered.
[Midd4VCServer] job received: 4e09bc9d-6417-4a22-be7c-f4daa4856cf6
[Midd4VCServer] Assigning job 4e09bc9d-6417-4a22-be7c-f4daa4856cf6 to vehicle veh27
[Midd4VCServer] job received: cdcacf35-b6a5-417b-85c0-95cce63f3b22
[Midd4VCServer] Assigning job cdcacf35-b6a5-417b-85c0-95cce63f3b22 to vehicle veh37
[Midd4VCServer] job cdcacf35-b6a5-417b-85c0-95cce63f3b22 completed by vehicle veh37
[Midd4VCServer] job received: 3cdb9034-af01-4bbc-becb-82c55dfe9c25
[Midd4VCServer] Assigning job 3cdb9034-af01-4bbc-becb-82c55dfe9c25 to vehicle veh32
[Midd4VCServer] job 3cdb9034-af01-4bbc-becb-82c55dfe9c25 completed by vehicle veh32
[Midd4VCServer] Vehicle veh20 already registered.
[Midd4VCServer] job received: 51a666ea-d541-444d-b636-0b0f9efd3b40
[Midd4VCServer] Assigning job 51a666ea-d541-444d-b636-0b0f9efd3b40 to vehicle veh33
[Midd4VCServer] job 51a666ea-d541-444d-b636-0b0f9efd3b40 completed by vehicle veh33
[Midd4VCServer] job received: cdd41620-b615-4c40-b31a-34e8e6c3987c
[Midd4VCServer] Assigning job cdd41620-b615-4c40-b31a-34e8e6c3987c to vehicle veh1
[Midd4VCServer] job cdd41620-b615-4c40-b31a-34e8e6c3987c completed by vehicle veh1
[Midd4VCServer] job received: 3b4da5b2-79e1-4e34-a214-388ea9324f29
[Midd4VC] Job 806f7bcf-248f-4b84-86b5-bf252f31644e timed out. Re-enqueueing.
[Midd4VC] Job da2fb9b4-e352-43ad-98fd-426c840d5bfa timed out. Re-enqueueing.
[Midd4VC] Job 08ed123e-cafb-4dde-aec1-ffc3fc490bda timed out. Re-enqueueing.
[Midd4VCServer] Assigning job 08ed123e-cafb-4dde-aec1-ffc3fc490bda to vehicle veh36
[Midd4VCServer] Assigning job da2fb9b4-e352-43ad-98fd-426c840d5bfa to vehicle veh38
[Midd4VCServer] Assigning job 806f7bcf-248f-4b84-86b5-bf252f31644e to vehicle veh18
[Midd4VCServer] Assigning job 3b4da5b2-79e1-4e34-a214-388ea9324f29 to vehicle veh17
[Midd4VCServer] Vehicle veh40 already registered.
[Midd4VCServer] Vehicle veh14 already registered.
[Midd4VCServer] Vehicle veh7 already registered.
[Midd4VCServer] Vehicle veh24 already registered.
[Midd4VCServer] Vehicle veh36 already registered.
[Midd4VCServer] job received: 3fa79934-516c-4b5f-b019-7275b1438f39
[Midd4VCServer] Assigning job 3fa79934-516c-4b5f-b019-7275b1438f39 to vehicle veh11
[Midd4VCServer] Vehicle veh12 already registered.
[Midd4VCServer] Vehicle veh20 already registered.
[Midd4VCServer] Vehicle veh13 already registered.
[Midd4VCServer] Vehicle veh31 already registered.
[Midd4VCServer] job received: 1b220598-6030-4696-8850-5480ae03491a
[Midd4VC] Job eebfc28f-453d-4de3-8bc4-f8f3e28745ba timed out. Re-enqueueing.
[Midd4VCServer] Assigning job eebfc28f-453d-4de3-8bc4-f8f3e28745ba to vehicle veh20
[Midd4VCServer] Assigning job 1b220598-6030-4696-8850-5480ae03491a to vehicle veh8
[Midd4VCServer] job eebfc28f-453d-4de3-8bc4-f8f3e28745ba completed by vehicle veh20
[Midd4VCServer] Vehicle veh22 already registered.
[Midd4VCServer] Vehicle veh25 already registered.
[Midd4VCServer] job received: 275f077c-28ac-4c44-ad3b-d88f7d31cfb0
[Midd4VCServer] Assigning job 275f077c-28ac-4c44-ad3b-d88f7d31cfb0 to vehicle veh20
[Midd4VCServer] job 275f077c-28ac-4c44-ad3b-d88f7d31cfb0 completed by vehicle veh20
[Midd4VCServer] Vehicle veh29 already registered.
[Midd4VCServer] job received: d747ec07-07fd-4dc4-a187-31460826e7a8
[Midd4VCServer] Assigning job d747ec07-07fd-4dc4-a187-31460826e7a8 to vehicle veh20
[Midd4VCServer] job d747ec07-07fd-4dc4-a187-31460826e7a8 completed by vehicle veh20
[Midd4VCServer] Vehicle veh28 already registered.
[Midd4VCServer] Vehicle veh19 already registered.
[Midd4VCServer] job received: 9843700e-5dba-45c0-a770-78f552b1de83
[Midd4VCServer] Assigning job 9843700e-5dba-45c0-a770-78f552b1de83 to vehicle veh13
[Midd4VCServer] job 9843700e-5dba-45c0-a770-78f552b1de83 completed by vehicle veh13
[Midd4VCServer] job received: df2c819e-b6e4-43ad-b4b2-f4ff4a5d5330
[Midd4VCServer] Assigning job df2c819e-b6e4-43ad-b4b2-f4ff4a5d5330 to vehicle veh39
[Midd4VCServer] job df2c819e-b6e4-43ad-b4b2-f4ff4a5d5330 completed by vehicle veh39
[Midd4VCServer] Vehicle veh26 already registered.
[Midd4VCServer] Vehicle veh12 already registered.
[Midd4VCServer] job received: bc805967-60fd-45e6-86f1-584bd636e937
[Midd4VC] Job 2d8228df-584b-400f-9a96-c915488ce4c2 timed out. Re-enqueueing.
[Midd4VC] Job 6e8adfa6-c505-4a63-b268-46cfaeb515e4 timed out. Re-enqueueing.
[Midd4VC] Job db07a9d6-4f01-48b0-be4f-700dba64a9df timed out. Re-enqueueing.
[Midd4VCServer] Assigning job db07a9d6-4f01-48b0-be4f-700dba64a9df to vehicle veh30
[Midd4VCServer] Assigning job 6e8adfa6-c505-4a63-b268-46cfaeb515e4 to vehicle veh22
[Midd4VCServer] Assigning job 2d8228df-584b-400f-9a96-c915488ce4c2 to vehicle veh28
[Midd4VCServer] Assigning job bc805967-60fd-45e6-86f1-584bd636e937 to vehicle veh29
[Midd4VCServer] job 2d8228df-584b-400f-9a96-c915488ce4c2 completed by vehicle veh28
[Midd4VCServer] job 6e8adfa6-c505-4a63-b268-46cfaeb515e4 completed by vehicle veh22
[Midd4VCServer] job bc805967-60fd-45e6-86f1-584bd636e937 completed by vehicle veh29
[Midd4VCServer] job received: ea775c84-d7b4-408a-b1f2-df1b5684d170
[Midd4VCServer] Assigning job ea775c84-d7b4-408a-b1f2-df1b5684d170 to vehicle veh22
[Midd4VCServer] job ea775c84-d7b4-408a-b1f2-df1b5684d170 completed by vehicle veh22
[Midd4VCServer] Vehicle veh17 already registered.
[Midd4VCServer] job received: 71e36841-c6d5-4ea3-aee9-7610218f7c10
[Midd4VC] Job 70a24c3c-88d0-4039-9d47-95eb2449b337 timed out. Re-enqueueing.
[Midd4VCServer] Assigning job 70a24c3c-88d0-4039-9d47-95eb2449b337 to vehicle veh6
[Midd4VCServer] Assigning job 71e36841-c6d5-4ea3-aee9-7610218f7c10 to vehicle veh28
[Midd4VCServer] job 71e36841-c6d5-4ea3-aee9-7610218f7c10 completed by vehicle veh28
[Midd4VCServer] Vehicle veh5 already registered.
[Midd4VCServer] job received: 69f1318b-3ec3-424b-83db-50d08c2121c8
[Midd4VC] Job c0f9897c-87ff-47a6-9527-38df984f1e69 timed out. Re-enqueueing.
[Midd4VCServer] Assigning job c0f9897c-87ff-47a6-9527-38df984f1e69 to vehicle veh21
[Midd4VCServer] Assigning job 69f1318b-3ec3-424b-83db-50d08c2121c8 to vehicle veh22
[Midd4VCServer] job 69f1318b-3ec3-424b-83db-50d08c2121c8 completed by vehicle veh22
[Midd4VCServer] Vehicle veh21 already registered.
[Midd4VCServer] job received: 0f88057a-c1ba-45b1-b2a7-9e7baac8fec1
[Midd4VCServer] Assigning job 0f88057a-c1ba-45b1-b2a7-9e7baac8fec1 to vehicle veh28
[Midd4VCServer] job 0f88057a-c1ba-45b1-b2a7-9e7baac8fec1 completed by vehicle veh28
[Midd4VCServer] Vehicle veh9 already registered.
[Midd4VCServer] Vehicle veh27 already registered.
[Midd4VCServer] job received: 869a6488-ca09-4277-9530-e9bc7561a505
[Midd4VCServer] Assigning job 869a6488-ca09-4277-9530-e9bc7561a505 to vehicle veh2
[Midd4VCServer] job received: 8e08ae38-2776-4601-8d20-f8f08f641ac5
[Midd4VC] Job 26941a7e-9402-4417-bd48-4c2a4bef7e7b timed out. Re-enqueueing.
[Midd4VCServer] Assigning job 26941a7e-9402-4417-bd48-4c2a4bef7e7b to vehicle veh26
[Midd4VCServer] Assigning job 8e08ae38-2776-4601-8d20-f8f08f641ac5 to vehicle veh37
[Midd4VCServer] job 8e08ae38-2776-4601-8d20-f8f08f641ac5 completed by vehicle veh37
[Midd4VCServer] job 26941a7e-9402-4417-bd48-4c2a4bef7e7b completed by vehicle veh26
[Midd4VCServer] job received: a4f5d194-bb2c-4d36-936f-5c3fadb82712
[Midd4VCServer] Assigning job a4f5d194-bb2c-4d36-936f-5c3fadb82712 to vehicle veh26
[Midd4VCServer] job a4f5d194-bb2c-4d36-936f-5c3fadb82712 completed by vehicle veh26
[Midd4VCServer] Vehicle veh7 already registered.
[Midd4VCServer] job received: b1cfb5d1-b2de-40ff-b077-c562395e771d
[Midd4VCServer] Assigning job b1cfb5d1-b2de-40ff-b077-c562395e771d to vehicle veh32
[Midd4VCServer] Vehicle veh30 already registered.
[Midd4VCServer] Vehicle veh34 already registered.
[Midd4VCServer] job received: c45afac7-3692-4bb4-a71d-1aafdd8a9b19
[Midd4VC] Job dd8454bc-39c9-4074-9082-e48d0ad71831 timed out. Re-enqueueing.
[Midd4VC] Job 90857b61-ca83-4b27-96da-50eb3b93b236 timed out. Re-enqueueing.
[Midd4VC] Job b6271543-ade5-475a-ad1b-1bc1b92ea524 timed out. Re-enqueueing.
[Midd4VCServer] Assigning job b6271543-ade5-475a-ad1b-1bc1b92ea524 to vehicle veh34
[Midd4VCServer] Assigning job 90857b61-ca83-4b27-96da-50eb3b93b236 to vehicle veh12
[Midd4VCServer] Assigning job dd8454bc-39c9-4074-9082-e48d0ad71831 to vehicle veh16
[Midd4VCServer] Assigning job c45afac7-3692-4bb4-a71d-1aafdd8a9b19 to vehicle veh15
[Midd4VCServer] job 90857b61-ca83-4b27-96da-50eb3b93b236 completed by vehicle veh12
[Midd4VCServer] job b6271543-ade5-475a-ad1b-1bc1b92ea524 completed by vehicle veh34
[Midd4VCServer] Vehicle veh32 already registered.
[Midd4VCServer] job received: 9b7b9e69-20ea-47ec-9571-3202fa72fb68
[Midd4VCServer] Assigning job 9b7b9e69-20ea-47ec-9571-3202fa72fb68 to vehicle veh34
[Midd4VCServer] job 9b7b9e69-20ea-47ec-9571-3202fa72fb68 completed by vehicle veh34
[Midd4VCServer] job received: 779441cc-85e2-402a-99e3-55668ce9b67c
[Midd4VCServer] Assigning job 779441cc-85e2-402a-99e3-55668ce9b67c to vehicle veh34
[Midd4VCServer] job 779441cc-85e2-402a-99e3-55668ce9b67c completed by vehicle veh34
[Midd4VCServer] job received: 23c68fac-a922-46e2-8858-fffe9a952bfa
[Midd4VCServer] Assigning job 23c68fac-a922-46e2-8858-fffe9a952bfa to vehicle veh34
[Midd4VCServer] job 23c68fac-a922-46e2-8858-fffe9a952bfa completed by vehicle veh34
[Midd4VCServer] Vehicle veh22 already registered.
[Midd4VCServer] Vehicle veh38 already registered.
[Midd4VCServer] job received: fd62e997-5b4a-410a-844d-9512afb0a5ab
[Midd4VC] Job 813eaeca-75f7-4c98-87af-a0a225ab0afc timed out. Re-enqueueing.
[Midd4VCServer] Assigning job 813eaeca-75f7-4c98-87af-a0a225ab0afc to vehicle veh12
[Midd4VCServer] Assigning job fd62e997-5b4a-410a-844d-9512afb0a5ab to vehicle veh4
[Midd4VCServer] job 813eaeca-75f7-4c98-87af-a0a225ab0afc completed by vehicle veh12
[Midd4VCServer] Vehicle veh27 already registered.
[Midd4VCServer] job received: 23ffe9a7-5117-4bfa-8e3c-c90650ceceff
[Midd4VC] Job c1d89185-9f2d-40a3-b2c7-f6d0c1180d93 timed out. Re-enqueueing.
[Midd4VC] Job 33fb3013-0bf0-486d-962c-9d0232012fd8 timed out. Re-enqueueing.
[Midd4VC] Job 0469f4c2-6c7b-4340-aaa5-22c3507e16b2 timed out. Re-enqueueing.
[Midd4VCServer] Assigning job 0469f4c2-6c7b-4340-aaa5-22c3507e16b2 to vehicle veh5
[Midd4VCServer] Assigning job 33fb3013-0bf0-486d-962c-9d0232012fd8 to vehicle veh9
[Midd4VCServer] Assigning job c1d89185-9f2d-40a3-b2c7-f6d0c1180d93 to vehicle veh34
[Midd4VCServer] Assigning job 23ffe9a7-5117-4bfa-8e3c-c90650ceceff to vehicle veh3
[Midd4VCServer] job 0469f4c2-6c7b-4340-aaa5-22c3507e16b2 completed by vehicle veh5
[Midd4VCServer] job c1d89185-9f2d-40a3-b2c7-f6d0c1180d93 completed by vehicle veh34
[Midd4VCServer] Vehicle veh14 already registered.
[Midd4VCServer] job received: 20ecc6af-0dda-428d-8154-f05681a4debc
[Midd4VC] Job 0d79e3b7-9722-4b88-9c6b-3fdf80951880 timed out. Re-enqueueing.
[Midd4VCServer] Assigning job 0d79e3b7-9722-4b88-9c6b-3fdf80951880 to vehicle veh5
[Midd4VCServer] Assigning job 20ecc6af-0dda-428d-8154-f05681a4debc to vehicle veh7
[Midd4VCServer] job 0d79e3b7-9722-4b88-9c6b-3fdf80951880 completed by vehicle veh5
[Midd4VCServer] job 20ecc6af-0dda-428d-8154-f05681a4debc completed by vehicle veh7
[Midd4VCServer] job received: ab4b96fb-307b-4c69-af57-f646f23f8b9d
[Midd4VC] Job 222b0a02-8628-41dd-9bbc-afd944bdfe2d timed out. Re-enqueueing.
[Midd4VCServer] Assigning job 222b0a02-8628-41dd-9bbc-afd944bdfe2d to vehicle veh5
[Midd4VCServer] Assigning job ab4b96fb-307b-4c69-af57-f646f23f8b9d to vehicle veh35
[Midd4VCServer] job 222b0a02-8628-41dd-9bbc-afd944bdfe2d completed by vehicle veh5
[Midd4VCServer] job ab4b96fb-307b-4c69-af57-f646f23f8b9d completed by vehicle veh35
[Midd4VCServer] job received: 77750b03-c322-4b61-888f-d989d8d6a392
[Midd4VCServer] Assigning job 77750b03-c322-4b61-888f-d989d8d6a392 to vehicle veh5
[Midd4VCServer] job 77750b03-c322-4b61-888f-d989d8d6a392 completed by vehicle veh5
[Midd4VCServer] Vehicle veh19 already registered.
[Midd4VCServer] Vehicle veh31 already registered.
[Midd4VCServer] job received: 34225513-8648-4ff2-8c87-36f2b471fd6e
[Midd4VCServer] Assigning job 34225513-8648-4ff2-8c87-36f2b471fd6e to vehicle veh12
[Midd4VCServer] job 34225513-8648-4ff2-8c87-36f2b471fd6e completed by vehicle veh12
[Midd4VCServer] job received: 2580c91d-df0c-4837-9c51-192ec89ddcfd
[Midd4VCServer] Assigning job 2580c91d-df0c-4837-9c51-192ec89ddcfd to vehicle veh34
[Midd4VCServer] job 2580c91d-df0c-4837-9c51-192ec89ddcfd completed by vehicle veh34
[Midd4VCServer] Vehicle veh23 already registered.
[Midd4VCServer] Vehicle veh11 already registered.
[Midd4VCServer] job received: b3a3805e-3fbd-447b-89d9-424b48bdf2b2
[Midd4VC] Job 18d46c96-834c-4eb2-9b73-1ef4da307ffd timed out. Re-enqueueing.
[Midd4VCServer] Assigning job 18d46c96-834c-4eb2-9b73-1ef4da307ffd to vehicle veh14
[Midd4VCServer] Assigning job b3a3805e-3fbd-447b-89d9-424b48bdf2b2 to vehicle veh5
[Midd4VCServer] job 18d46c96-834c-4eb2-9b73-1ef4da307ffd completed by vehicle veh14
[Midd4VCServer] job b3a3805e-3fbd-447b-89d9-424b48bdf2b2 completed by vehicle veh5
[Midd4VCServer] Vehicle veh36 already registered.
[Midd4VCServer] Vehicle veh38 already registered.
[Midd4VCServer] Vehicle veh15 already registered.
[Midd4VCServer] job received: d74f028f-db74-4a12-8c0f-773e71f96051
[Midd4VC] Job 4ffbe9c9-dee2-49c0-acfb-4ad11690e8da timed out. Re-enqueueing.
[Midd4VCServer] Assigning job 4ffbe9c9-dee2-49c0-acfb-4ad11690e8da to vehicle veh23
[Midd4VCServer] Assigning job d74f028f-db74-4a12-8c0f-773e71f96051 to vehicle veh7
[Midd4VCServer] job 4ffbe9c9-dee2-49c0-acfb-4ad11690e8da completed by vehicle veh23
[Midd4VCServer] job d74f028f-db74-4a12-8c0f-773e71f96051 completed by vehicle veh7
[Midd4VCServer] Vehicle veh8 already registered.
[Midd4VCServer] Vehicle veh39 already registered.
[Midd4VCServer] Vehicle veh6 already registered.
[Midd4VCServer] job received: e4242c8f-b212-4f15-ac71-f50df2081276
[Midd4VC] Job 264e9897-456c-41bb-b101-dc1911618c09 timed out. Re-enqueueing.
[Midd4VCServer] Assigning job 264e9897-456c-41bb-b101-dc1911618c09 to vehicle veh24
[Midd4VCServer] Assigning job e4242c8f-b212-4f15-ac71-f50df2081276 to vehicle veh35
[Midd4VCServer] job e4242c8f-b212-4f15-ac71-f50df2081276 completed by vehicle veh35
[Midd4VCServer] job received: 6e5deb16-f273-4283-bd00-9ecaaf426b6c
[Midd4VCServer] Assigning job 6e5deb16-f273-4283-bd00-9ecaaf426b6c to vehicle veh14
[Midd4VCServer] job 6e5deb16-f273-4283-bd00-9ecaaf426b6c completed by vehicle veh14
[Midd4VCServer] job received: 0f600c11-c0ce-46d9-a348-546d6508d80d
[Midd4VC] Job d6e52882-041e-4383-b9bd-97debdecd6e7 timed out. Re-enqueueing.
[Midd4VCServer] Assigning job d6e52882-041e-4383-b9bd-97debdecd6e7 to vehicle veh25
[Midd4VCServer] Assigning job 0f600c11-c0ce-46d9-a348-546d6508d80d to vehicle veh19
[Midd4VCServer] job d6e52882-041e-4383-b9bd-97debdecd6e7 completed by vehicle veh25
[Midd4VCServer] job received: 2ca72d87-b449-4912-96f7-b047e1fdcf2a
[Midd4VC] Job 2b1ab855-1779-4836-bb65-1d5938951722 timed out. Re-enqueueing.
[Midd4VCServer] Assigning job 2b1ab855-1779-4836-bb65-1d5938951722 to vehicle veh10
[Midd4VCServer] Assigning job 2ca72d87-b449-4912-96f7-b047e1fdcf2a to vehicle veh31
[Midd4VCServer] job received: 71a1f3b0-6e3e-40dd-b8f8-80b2da981f3c
[Midd4VCServer] Assigning job 71a1f3b0-6e3e-40dd-b8f8-80b2da981f3c to vehicle veh23
[Midd4VCServer] job 71a1f3b0-6e3e-40dd-b8f8-80b2da981f3c completed by vehicle veh23
[Midd4VCServer] job received: 2c148882-e346-48de-b02a-418ff2dd3cfe
[Midd4VCServer] Assigning job 2c148882-e346-48de-b02a-418ff2dd3cfe to vehicle veh33
[Midd4VCServer] job 2c148882-e346-48de-b02a-418ff2dd3cfe completed by vehicle veh33
[Midd4VCServer] Vehicle veh37 already registered.
[Midd4VCServer] Vehicle veh22 already registered.
[Midd4VCServer] job received: 953f1dce-dcd6-4e5a-adcc-b7c2b590fdf2
[Midd4VC] Job 87a1cd74-a305-4312-ac92-a3e4edfe6842 timed out. Re-enqueueing.
[Midd4VCServer] Assigning job 87a1cd74-a305-4312-ac92-a3e4edfe6842 to vehicle veh40
[Midd4VCServer] Assigning job 953f1dce-dcd6-4e5a-adcc-b7c2b590fdf2 to vehicle veh20
[Midd4VCServer] Vehicle veh38 already registered.
[Midd4VCServer] job received: 6da04407-a8d3-41ae-a684-8c822373d467
[Midd4VCServer] Assigning job 6da04407-a8d3-41ae-a684-8c822373d467 to vehicle veh25
[Midd4VCServer] job 6da04407-a8d3-41ae-a684-8c822373d467 completed by vehicle veh25
[Midd4VCServer] job received: 9b866938-a58f-4161-88c2-d39baeee4c91
[Midd4VCServer] Assigning job 9b866938-a58f-4161-88c2-d39baeee4c91 to vehicle veh1
[Midd4VCServer] Vehicle veh14 already registered.
[Midd4VCServer] Vehicle veh16 already registered.
[Midd4VCServer] job received: f7a83bcb-eb4f-4ece-8db4-597d670f4e5f
[Midd4VC] Job 4e09bc9d-6417-4a22-be7c-f4daa4856cf6 timed out. Re-enqueueing.
[Midd4VCServer] Assigning job 4e09bc9d-6417-4a22-be7c-f4daa4856cf6 to vehicle veh27
[Midd4VCServer] Assigning job f7a83bcb-eb4f-4ece-8db4-597d670f4e5f to vehicle veh22
[Midd4VCServer] job 4e09bc9d-6417-4a22-be7c-f4daa4856cf6 completed by vehicle veh27
[Midd4VCServer] job f7a83bcb-eb4f-4ece-8db4-597d670f4e5f completed by vehicle veh22
[Midd4VCServer] job received: b7abcf78-fa61-42c3-aeca-a8ff5eb0adbb
[Midd4VCServer] Assigning job b7abcf78-fa61-42c3-aeca-a8ff5eb0adbb to vehicle veh27
[Midd4VCServer] job b7abcf78-fa61-42c3-aeca-a8ff5eb0adbb completed by vehicle veh27
[Midd4VCServer] job received: 5a4c08fe-cd7c-4c31-b35d-eea08e6bca6e
[Midd4VCServer] Assigning job 5a4c08fe-cd7c-4c31-b35d-eea08e6bca6e to vehicle veh28
[Midd4VCServer] job 5a4c08fe-cd7c-4c31-b35d-eea08e6bca6e completed by vehicle veh28
[Midd4VCServer] Vehicle veh40 already registered.
[Midd4VCServer] Vehicle veh26 already registered.
[Midd4VCServer] Vehicle veh22 already registered.
[Midd4VCServer] job received: 0cfa9cd5-e410-4aba-8da7-185651a9c61a
[Midd4VC] Job 08ed123e-cafb-4dde-aec1-ffc3fc490bda timed out. Re-enqueueing.
[Midd4VC] Job da2fb9b4-e352-43ad-98fd-426c840d5bfa timed out. Re-enqueueing.
[Midd4VC] Job 806f7bcf-248f-4b84-86b5-bf252f31644e timed out. Re-enqueueing.
[Midd4VC] Job 3b4da5b2-79e1-4e34-a214-388ea9324f29 timed out. Re-enqueueing.
[Midd4VC] Job 3fa79934-516c-4b5f-b019-7275b1438f39 timed out. Re-enqueueing.
[Midd4VCServer] Assigning job 3fa79934-516c-4b5f-b019-7275b1438f39 to vehicle veh36
[Midd4VCServer] Assigning job 3b4da5b2-79e1-4e34-a214-388ea9324f29 to vehicle veh38
[Midd4VCServer] Assigning job 806f7bcf-248f-4b84-86b5-bf252f31644e to vehicle veh18
[Midd4VCServer] Assigning job da2fb9b4-e352-43ad-98fd-426c840d5bfa to vehicle veh17
[Midd4VCServer] Assigning job 08ed123e-cafb-4dde-aec1-ffc3fc490bda to vehicle veh11
[Midd4VCServer] Assigning job 0cfa9cd5-e410-4aba-8da7-185651a9c61a to vehicle veh26
[Midd4VCServer] job 3fa79934-516c-4b5f-b019-7275b1438f39 completed by vehicle veh36
[Midd4VCServer] job 0cfa9cd5-e410-4aba-8da7-185651a9c61a completed by vehicle veh26
[Midd4VCServer] Vehicle veh9 already registered.
[Midd4VCServer] job received: 725d37d0-9621-4637-8cfc-311daf1b246e
[Midd4VCServer] Assigning job 725d37d0-9621-4637-8cfc-311daf1b246e to vehicle veh36
[Midd4VCServer] job 725d37d0-9621-4637-8cfc-311daf1b246e completed by vehicle veh36
[Midd4VCServer] Vehicle veh2 already registered.
[Midd4VCServer] job received: 1d8f7633-903b-421a-a9d2-e8ac6a749293
[Midd4VC] Job 1b220598-6030-4696-8850-5480ae03491a timed out. Re-enqueueing.
[Midd4VCServer] Assigning job 1b220598-6030-4696-8850-5480ae03491a to vehicle veh36
[Midd4VCServer] Assigning job 1d8f7633-903b-421a-a9d2-e8ac6a749293 to vehicle veh8
[Midd4VCServer] job 1b220598-6030-4696-8850-5480ae03491a completed by vehicle veh36
[Midd4VCServer] Vehicle veh24 already registered.
[Midd4VCServer] job received: 1cb91e6e-b602-4354-b35e-9f78c1a943ea
[Midd4VCServer] Assigning job 1cb91e6e-b602-4354-b35e-9f78c1a943ea to vehicle veh36
[Midd4VCServer] job 1cb91e6e-b602-4354-b35e-9f78c1a943ea completed by vehicle veh36
[Midd4VCServer] job received: 4c20326c-38cf-44dc-b8ef-fbd2af5dd23a
[Midd4VCServer] Assigning job 4c20326c-38cf-44dc-b8ef-fbd2af5dd23a to vehicle veh36
[Midd4VCServer] job 4c20326c-38cf-44dc-b8ef-fbd2af5dd23a completed by vehicle veh36
[Midd4VCServer] job received: c0954d61-6a58-4d96-9874-9de7172da4a3
[Midd4VCServer] Assigning job c0954d61-6a58-4d96-9874-9de7172da4a3 to vehicle veh13
[Midd4VCServer] job received: 9027ae43-186e-42ea-9c4a-f2a224f64989
[Midd4VCServer] Assigning job 9027ae43-186e-42ea-9c4a-f2a224f64989 to vehicle veh12
[Midd4VCServer] Vehicle veh8 already registered.
[Midd4VCServer] Vehicle veh19 already registered.
[Midd4VCServer] Vehicle veh3 already registered.
[Midd4VCServer] job received: b762b0ba-addc-4c4e-8964-977f960b8705
[Midd4VC] Job db07a9d6-4f01-48b0-be4f-700dba64a9df timed out. Re-enqueueing.
[Midd4VCServer] Assigning job db07a9d6-4f01-48b0-be4f-700dba64a9df to vehicle veh30
[Midd4VCServer] Assigning job b762b0ba-addc-4c4e-8964-977f960b8705 to vehicle veh39
[Midd4VCServer] Vehicle veh7 already registered.
[Midd4VCServer] Vehicle veh15 already registered.
[Midd4VCServer] job received: b9b25e6d-089f-4f51-8c16-ef8f35abf6f7
[Midd4VCServer] Assigning job b9b25e6d-089f-4f51-8c16-ef8f35abf6f7 to vehicle veh27
[Midd4VCServer] job b9b25e6d-089f-4f51-8c16-ef8f35abf6f7 completed by vehicle veh27
[Midd4VCServer] Vehicle veh17 already registered.
[Midd4VCServer] Vehicle veh12 already registered.
[Midd4VCServer] Vehicle veh31 already registered.
[Midd4VCServer] job received: 866b3c82-fa07-49f7-ab81-6989ea017c4b
[Midd4VC] Job 70a24c3c-88d0-4039-9d47-95eb2449b337 timed out. Re-enqueueing.
[Midd4VC] Job c0f9897c-87ff-47a6-9527-38df984f1e69 timed out. Re-enqueueing.
[Midd4VCServer] Assigning job c0f9897c-87ff-47a6-9527-38df984f1e69 to vehicle veh6
[Midd4VCServer] Assigning job 70a24c3c-88d0-4039-9d47-95eb2449b337 to vehicle veh21
[Midd4VCServer] Assigning job 866b3c82-fa07-49f7-ab81-6989ea017c4b to vehicle veh29
[Midd4VCServer] job c0f9897c-87ff-47a6-9527-38df984f1e69 completed by vehicle veh6
[Midd4VCServer] Vehicle veh39 already registered.
[Midd4VCServer] Vehicle veh18 already registered.
[Midd4VCServer] Vehicle veh35 already registered.
[Midd4VCServer] job received: 3e682759-b80c-4a0f-9a66-e80e8581dc66
[Midd4VC] Job 869a6488-ca09-4277-9530-e9bc7561a505 timed out. Re-enqueueing.
[Midd4VCServer] Assigning job 869a6488-ca09-4277-9530-e9bc7561a505 to vehicle veh6
[Midd4VCServer] Assigning job 3e682759-b80c-4a0f-9a66-e80e8581dc66 to vehicle veh2
[Midd4VCServer] job 869a6488-ca09-4277-9530-e9bc7561a505 completed by vehicle veh6
[Midd4VCServer] job 3e682759-b80c-4a0f-9a66-e80e8581dc66 completed by vehicle veh2
[Midd4VCServer] Vehicle veh21 already registered.
[Midd4VCServer] job received: 9e1abea2-f085-4c0a-9e3e-6555274d8bb2
[Midd4VCServer] Assigning job 9e1abea2-f085-4c0a-9e3e-6555274d8bb2 to vehicle veh6
[Midd4VCServer] job 9e1abea2-f085-4c0a-9e3e-6555274d8bb2 completed by vehicle veh6
[Midd4VCServer] job received: 2140fdcf-dae1-4d76-a0e5-0afcd7a4d4e8
[Midd4VC] Job b1cfb5d1-b2de-40ff-b077-c562395e771d timed out. Re-enqueueing.
[Midd4VCServer] Assigning job b1cfb5d1-b2de-40ff-b077-c562395e771d to vehicle veh32
[Midd4VCServer] Assigning job 2140fdcf-dae1-4d76-a0e5-0afcd7a4d4e8 to vehicle veh6
[Midd4VCServer] job 2140fdcf-dae1-4d76-a0e5-0afcd7a4d4e8 completed by vehicle veh6
[Midd4VCServer] job received: f1b98292-5b85-4766-8618-463b92471158
[Midd4VCServer] Assigning job f1b98292-5b85-4766-8618-463b92471158 to vehicle veh2
[Midd4VCServer] job f1b98292-5b85-4766-8618-463b92471158 completed by vehicle veh2
[Midd4VCServer] Vehicle veh1 already registered.
[Midd4VCServer] job received: e4c9903e-8920-4de8-96ac-979df77a9dd7
[Midd4VCServer] Assigning job e4c9903e-8920-4de8-96ac-979df77a9dd7 to vehicle veh34
[Midd4VCServer] job received: baab6ba3-5bdc-4ae0-8a59-c659f226a5fc
[Midd4VCServer] Assigning job baab6ba3-5bdc-4ae0-8a59-c659f226a5fc to vehicle veh37
[Midd4VCServer] Vehicle veh38 already registered.
[Midd4VCServer] job received: 7132a1f8-985b-467e-ae6a-4f16ea2ffc49
[Midd4VC] Job dd8454bc-39c9-4074-9082-e48d0ad71831 timed out. Re-enqueueing.
[Midd4VC] Job c45afac7-3692-4bb4-a71d-1aafdd8a9b19 timed out. Re-enqueueing.
[Midd4VCServer] Assigning job c45afac7-3692-4bb4-a71d-1aafdd8a9b19 to vehicle veh16
[Midd4VCServer] Assigning job dd8454bc-39c9-4074-9082-e48d0ad71831 to vehicle veh15
[Midd4VCServer] Assigning job 7132a1f8-985b-467e-ae6a-4f16ea2ffc49 to vehicle veh5
[Midd4VCServer] job 7132a1f8-985b-467e-ae6a-4f16ea2ffc49 completed by vehicle veh5
[Midd4VCServer] Vehicle veh29 already registered.
[Midd4VCServer] Vehicle veh4 already registered.
[Midd4VCServer] job received: a332b559-95fc-4caa-8c5a-7287358d84c3
[Midd4VC] Job fd62e997-5b4a-410a-844d-9512afb0a5ab timed out. Re-enqueueing.
[Midd4VCServer] Assigning job fd62e997-5b4a-410a-844d-9512afb0a5ab to vehicle veh4
[Midd4VCServer] Assigning job a332b559-95fc-4caa-8c5a-7287358d84c3 to vehicle veh7
[Midd4VCServer] job fd62e997-5b4a-410a-844d-9512afb0a5ab completed by vehicle veh4
[Midd4VCServer] job a332b559-95fc-4caa-8c5a-7287358d84c3 completed by vehicle veh7
[Midd4VCServer] job received: 43d73835-4ddc-462a-a475-5fef18a69cd9
[Midd4VCServer] Assigning job 43d73835-4ddc-462a-a475-5fef18a69cd9 to vehicle veh4
[Midd4VCServer] job 43d73835-4ddc-462a-a475-5fef18a69cd9 completed by vehicle veh4
[Midd4VCServer] job received: 85ccee9a-da6f-4a90-8011-043582f35589
[Midd4VCServer] Assigning job 85ccee9a-da6f-4a90-8011-043582f35589 to vehicle veh4
[Midd4VCServer] job 85ccee9a-da6f-4a90-8011-043582f35589 completed by vehicle veh4
[Midd4VCServer] Vehicle veh31 already registered.
[Midd4VCServer] Vehicle veh18 already registered.
[Midd4VCServer] job received: 14ae7c90-4ff3-4c2d-9f69-67f5371d5bc1
[Midd4VC] Job 33fb3013-0bf0-486d-962c-9d0232012fd8 timed out. Re-enqueueing.
[Midd4VC] Job 23ffe9a7-5117-4bfa-8e3c-c90650ceceff timed out. Re-enqueueing.
[Midd4VCServer] Assigning job 23ffe9a7-5117-4bfa-8e3c-c90650ceceff to vehicle veh9
[Midd4VCServer] Assigning job 33fb3013-0bf0-486d-962c-9d0232012fd8 to vehicle veh3
[Midd4VCServer] Assigning job 14ae7c90-4ff3-4c2d-9f69-67f5371d5bc1 to vehicle veh36
[Midd4VCServer] job 23ffe9a7-5117-4bfa-8e3c-c90650ceceff completed by vehicle veh9
[Midd4VCServer] job 14ae7c90-4ff3-4c2d-9f69-67f5371d5bc1 completed by vehicle veh36
[Midd4VCServer] Vehicle veh36 already registered.
[Midd4VCServer] job received: 03523f18-9029-44ef-b9e0-192895c9fad8
[Midd4VCServer] Assigning job 03523f18-9029-44ef-b9e0-192895c9fad8 to vehicle veh9
[Midd4VCServer] job 03523f18-9029-44ef-b9e0-192895c9fad8 completed by vehicle veh9
[Midd4VCServer] Vehicle veh33 already registered.
[Midd4VCServer] job received: 8e23fd9c-9b29-4f83-aaa1-0c42fe19c785
[Midd4VCServer] Assigning job 8e23fd9c-9b29-4f83-aaa1-0c42fe19c785 to vehicle veh9
[Midd4VCServer] job received: d88e2c57-1ebb-477e-abf4-9561675f321e
[Midd4VCServer] Assigning job d88e2c57-1ebb-477e-abf4-9561675f321e to vehicle veh35
[Midd4VCServer] job received: 80de7042-3978-422b-924a-c4e13b1f4f73
[Midd4VCServer] Assigning job 80de7042-3978-422b-924a-c4e13b1f4f73 to vehicle veh14
[Midd4VCServer] job 80de7042-3978-422b-924a-c4e13b1f4f73 completed by vehicle veh14
[Midd4VCServer] job received: 00911af9-5756-4d2d-a4d2-4c1699a7113a
[Midd4VCServer] Assigning job 00911af9-5756-4d2d-a4d2-4c1699a7113a to vehicle veh23
[Midd4VCServer] Vehicle veh27 already registered.
[Midd4VCServer] Vehicle veh2 already registered.
[Midd4VCServer] Vehicle veh16 already registered.
[Midd4VCServer] job received: afe77628-738f-4dd5-b32b-1603ab012ff5
[Midd4VCServer] Assigning job afe77628-738f-4dd5-b32b-1603ab012ff5 to vehicle veh33
[Midd4VCServer] job afe77628-738f-4dd5-b32b-1603ab012ff5 completed by vehicle veh33
[Midd4VCServer] Vehicle veh19 already registered.
[Midd4VCServer] job received: 61338136-5812-4a12-a13f-2e676c1a0b9c
[Midd4VC] Job 264e9897-456c-41bb-b101-dc1911618c09 timed out. Re-enqueueing.
[Midd4VCServer] Assigning job 264e9897-456c-41bb-b101-dc1911618c09 to vehicle veh24
[Midd4VCServer] Assigning job 61338136-5812-4a12-a13f-2e676c1a0b9c to vehicle veh25
[Midd4VCServer] job 61338136-5812-4a12-a13f-2e676c1a0b9c completed by vehicle veh25
[Midd4VCServer] Vehicle veh4 already registered.
[Midd4VCServer] job received: 543f05cc-e881-467d-9d7e-087d8f6bcd5b
[Midd4VCServer] Assigning job 543f05cc-e881-467d-9d7e-087d8f6bcd5b to vehicle veh22
[Midd4VCServer] Vehicle veh34 already registered.
[Midd4VCServer] Vehicle veh20 already registered.
[Midd4VCServer] Vehicle veh13 already registered.
[Midd4VCServer] job received: b26ebc23-6fe4-4d19-b2f5-62b90559146f
[Midd4VC] Job 0f600c11-c0ce-46d9-a348-546d6508d80d timed out. Re-enqueueing.
[Midd4VC] Job 2b1ab855-1779-4836-bb65-1d5938951722 timed out. Re-enqueueing.
[Midd4VC] Job 2ca72d87-b449-4912-96f7-b047e1fdcf2a timed out. Re-enqueueing.
[Midd4VCServer] Assigning job 2ca72d87-b449-4912-96f7-b047e1fdcf2a to vehicle veh10
[Midd4VCServer] Assigning job 2b1ab855-1779-4836-bb65-1d5938951722 to vehicle veh19
[Midd4VCServer] Assigning job 0f600c11-c0ce-46d9-a348-546d6508d80d to vehicle veh31
[Midd4VCServer] Assigning job b26ebc23-6fe4-4d19-b2f5-62b90559146f to vehicle veh28
[Midd4VCServer] job 2b1ab855-1779-4836-bb65-1d5938951722 completed by vehicle veh19
[Midd4VCServer] job 0f600c11-c0ce-46d9-a348-546d6508d80d completed by vehicle veh31
[Midd4VCServer] Vehicle veh37 already registered.
[Midd4VCServer] Vehicle veh23 already registered.
[Midd4VCServer] Vehicle veh24 already registered.
[Midd4VCServer] job received: ebd0822f-0574-45ef-84a5-b0372a8a8c2f
[Midd4VCServer] Assigning job ebd0822f-0574-45ef-84a5-b0372a8a8c2f to vehicle veh19
[Midd4VCServer] job ebd0822f-0574-45ef-84a5-b0372a8a8c2f completed by vehicle veh19
[Midd4VCServer] job received: 3849c9f8-2ca6-4aa4-8e7a-287fb6724b25
[Midd4VCServer] Assigning job 3849c9f8-2ca6-4aa4-8e7a-287fb6724b25 to vehicle veh31
[Midd4VCServer] job 3849c9f8-2ca6-4aa4-8e7a-287fb6724b25 completed by vehicle veh31
[Midd4VCServer] job received: 247dec55-2d15-44b4-998e-4bb93156955b
[Midd4VCServer] Assigning job 247dec55-2d15-44b4-998e-4bb93156955b to vehicle veh26
[Midd4VCServer] job received: 6a34b535-a66a-440b-ab8b-93eb6a65d336
[Midd4VCServer] Assigning job 6a34b535-a66a-440b-ab8b-93eb6a65d336 to vehicle veh6
[Midd4VCServer] Vehicle veh22 already registered.
[Midd4VCServer] job received: edffefef-0b30-4c14-ab20-c5d8f782f48c
[Midd4VCServer] Assigning job edffefef-0b30-4c14-ab20-c5d8f782f48c to vehicle veh4
[Midd4VCServer] job edffefef-0b30-4c14-ab20-c5d8f782f48c completed by vehicle veh4
[Midd4VCServer] job received: 91b73b05-2f5c-4682-80bf-bcd69deb004a
[Midd4VC] Job 87a1cd74-a305-4312-ac92-a3e4edfe6842 timed out. Re-enqueueing.
[Midd4VC] Job 953f1dce-dcd6-4e5a-adcc-b7c2b590fdf2 timed out. Re-enqueueing.
[Midd4VC] Job 9b866938-a58f-4161-88c2-d39baeee4c91 timed out. Re-enqueueing.
[Midd4VCServer] Assigning job 9b866938-a58f-4161-88c2-d39baeee4c91 to vehicle veh40
[Midd4VCServer] Assigning job 953f1dce-dcd6-4e5a-adcc-b7c2b590fdf2 to vehicle veh20
[Midd4VCServer] Assigning job 87a1cd74-a305-4312-ac92-a3e4edfe6842 to vehicle veh1
[Midd4VCServer] Assigning job 91b73b05-2f5c-4682-80bf-bcd69deb004a to vehicle veh27
[Midd4VCServer] job 91b73b05-2f5c-4682-80bf-bcd69deb004a completed by vehicle veh27
[Midd4VCServer] job 87a1cd74-a305-4312-ac92-a3e4edfe6842 completed by vehicle veh1
[Midd4VCServer] Vehicle veh21 already registered.
[Midd4VCServer] job received: 60ef68d8-e9db-462a-a7ea-39abb7e8fb36
[Midd4VCServer] Assigning job 60ef68d8-e9db-462a-a7ea-39abb7e8fb36 to vehicle veh1
[Midd4VCServer] job 60ef68d8-e9db-462a-a7ea-39abb7e8fb36 completed by vehicle veh1
[Midd4VCServer] Vehicle veh15 already registered.
[Midd4VCServer] Vehicle veh7 already registered.
[Midd4VCServer] job received: 00879693-917a-4292-b6d6-f0d57b8a21bb
[Midd4VCServer] Assigning job 00879693-917a-4292-b6d6-f0d57b8a21bb to vehicle veh2
[Midd4VCServer] job received: cc3ec33c-ff8b-4781-baeb-55ec1c8f09d5
[Midd4VCServer] Assigning job cc3ec33c-ff8b-4781-baeb-55ec1c8f09d5 to vehicle veh5
[Midd4VCServer] job cc3ec33c-ff8b-4781-baeb-55ec1c8f09d5 completed by vehicle veh5
[Midd4VCServer] Vehicle veh35 already registered.
[Midd4VCServer] job received: e4621197-8bb6-4914-88d7-1bfd47a23b8d
[Midd4VCServer] Assigning job e4621197-8bb6-4914-88d7-1bfd47a23b8d to vehicle veh7
[Midd4VCServer] job e4621197-8bb6-4914-88d7-1bfd47a23b8d completed by vehicle veh7
[Midd4VCServer] Vehicle veh30 already registered.
[Midd4VCServer] Vehicle veh37 already registered.
[Midd4VCServer] Vehicle veh9 already registered.
[Midd4VCServer] job received: 850b3e3c-d3ed-4033-8429-3a69db7693e1
[Midd4VC] Job 3b4da5b2-79e1-4e34-a214-388ea9324f29 timed out. Re-enqueueing.
[Midd4VC] Job 806f7bcf-248f-4b84-86b5-bf252f31644e timed out. Re-enqueueing.
[Midd4VC] Job da2fb9b4-e352-43ad-98fd-426c840d5bfa timed out. Re-enqueueing.
[Midd4VC] Job 08ed123e-cafb-4dde-aec1-ffc3fc490bda timed out. Re-enqueueing.
[Midd4VCServer] Assigning job 08ed123e-cafb-4dde-aec1-ffc3fc490bda to vehicle veh38
[Midd4VCServer] Assigning job da2fb9b4-e352-43ad-98fd-426c840d5bfa to vehicle veh18
[Midd4VCServer] Assigning job 806f7bcf-248f-4b84-86b5-bf252f31644e to vehicle veh17
[Midd4VCServer] Assigning job 3b4da5b2-79e1-4e34-a214-388ea9324f29 to vehicle veh11
[Midd4VCServer] Assigning job 850b3e3c-d3ed-4033-8429-3a69db7693e1 to vehicle veh36
[Midd4VCServer] job da2fb9b4-e352-43ad-98fd-426c840d5bfa completed by vehicle veh18
[Midd4VCServer] job 806f7bcf-248f-4b84-86b5-bf252f31644e completed by vehicle veh17
[Midd4VCServer] job 850b3e3c-d3ed-4033-8429-3a69db7693e1 completed by vehicle veh36
[Midd4VCServer] Vehicle veh6 already registered.
[Midd4VCServer] job received: f17eb8ca-40e3-4f5b-814f-23e4cdfc7dc9
[Midd4VC] Job 1d8f7633-903b-421a-a9d2-e8ac6a749293 timed out. Re-enqueueing.
[Midd4VCServer] Assigning job 1d8f7633-903b-421a-a9d2-e8ac6a749293 to vehicle veh18
[Midd4VCServer] Assigning job f17eb8ca-40e3-4f5b-814f-23e4cdfc7dc9 to vehicle veh8
[Midd4VCServer] job received: 92527468-96b6-476d-84d6-9da17f7de28a
[Midd4VCServer] Assigning job 92527468-96b6-476d-84d6-9da17f7de28a to vehicle veh17
[Midd4VCServer] job 92527468-96b6-476d-84d6-9da17f7de28a completed by vehicle veh17
[Midd4VCServer] job received: b0d34775-e66a-4e6f-8218-e1fcc48bed9a
[Midd4VC] Job c0954d61-6a58-4d96-9874-9de7172da4a3 timed out. Re-enqueueing.
[Midd4VCServer] Assigning job c0954d61-6a58-4d96-9874-9de7172da4a3 to vehicle veh13
[Midd4VCServer] Assigning job b0d34775-e66a-4e6f-8218-e1fcc48bed9a to vehicle veh17
[Midd4VCServer] job b0d34775-e66a-4e6f-8218-e1fcc48bed9a completed by vehicle veh17
[Midd4VCServer] job c0954d61-6a58-4d96-9874-9de7172da4a3 completed by vehicle veh13
[Midd4VCServer] Vehicle veh26 already registered.
[Midd4VCServer] job received: c7644bb7-d817-4b18-a9cf-e358d1cd9600
[Midd4VC] Job 9027ae43-186e-42ea-9c4a-f2a224f64989 timed out. Re-enqueueing.
[Midd4VCServer] Assigning job 9027ae43-186e-42ea-9c4a-f2a224f64989 to vehicle veh12
[Midd4VCServer] Assigning job c7644bb7-d817-4b18-a9cf-e358d1cd9600 to vehicle veh13
[Midd4VCServer] job c7644bb7-d817-4b18-a9cf-e358d1cd9600 completed by vehicle veh13
[Midd4VCServer] job received: baee3bf4-f6dc-41e0-96dd-dddc0efe7059
[Midd4VCServer] Assigning job baee3bf4-f6dc-41e0-96dd-dddc0efe7059 to vehicle veh14
[Midd4VCServer] Vehicle veh33 already registered.
[Midd4VCServer] job received: 7fb88639-9941-4854-929d-017265aa90e3
[Midd4VC] Job db07a9d6-4f01-48b0-be4f-700dba64a9df timed out. Re-enqueueing.
[Midd4VC] Job b762b0ba-addc-4c4e-8964-977f960b8705 timed out. Re-enqueueing.
[Midd4VCServer] Assigning job b762b0ba-addc-4c4e-8964-977f960b8705 to vehicle veh30
[Midd4VCServer] Assigning job db07a9d6-4f01-48b0-be4f-700dba64a9df to vehicle veh39
[Midd4VCServer] Assigning job 7fb88639-9941-4854-929d-017265aa90e3 to vehicle veh19
[Midd4VCServer] job b762b0ba-addc-4c4e-8964-977f960b8705 completed by vehicle veh30
[Midd4VCServer] job received: 3c7a7174-fadf-40e6-a6f2-de9f7c00f680
[Midd4VCServer] Assigning job 3c7a7174-fadf-40e6-a6f2-de9f7c00f680 to vehicle veh30
[Midd4VCServer] job 3c7a7174-fadf-40e6-a6f2-de9f7c00f680 completed by vehicle veh30
[Midd4VCServer] job received: 23b8324b-a5e1-497d-8a1f-9d528e8f70d4
[Midd4VCServer] Assigning job 23b8324b-a5e1-497d-8a1f-9d528e8f70d4 to vehicle veh30
[Midd4VCServer] job 23b8324b-a5e1-497d-8a1f-9d528e8f70d4 completed by vehicle veh30
[Midd4VCServer] Vehicle veh32 already registered.
[Midd4VCServer] Vehicle veh37 already registered.
[Midd4VCServer] Vehicle veh18 already registered.
[Midd4VCServer] Vehicle veh3 already registered.
[Midd4VCServer] Vehicle veh2 already registered.
[Midd4VCServer] Vehicle veh11 already registered.
[Midd4VCServer] job received: 4c78dfcd-0843-461f-b81f-61b06e6ead46
[Midd4VC] Job 70a24c3c-88d0-4039-9d47-95eb2449b337 timed out. Re-enqueueing.
[Midd4VC] Job 866b3c82-fa07-49f7-ab81-6989ea017c4b timed out. Re-enqueueing.
[Midd4VCServer] Assigning job 866b3c82-fa07-49f7-ab81-6989ea017c4b to vehicle veh30
[Midd4VCServer] Assigning job 70a24c3c-88d0-4039-9d47-95eb2449b337 to vehicle veh21
[Midd4VCServer] Assigning job 4c78dfcd-0843-461f-b81f-61b06e6ead46 to vehicle veh29
[Midd4VCServer] job 866b3c82-fa07-49f7-ab81-6989ea017c4b completed by vehicle veh30
[Midd4VCServer] Vehicle veh10 already registered.
[Midd4VCServer] Vehicle veh23 already registered.
[Midd4VCServer] job received: efe46572-adc4-4eaa-8400-677fad12b9b2
[Midd4VCServer] Assigning job efe46572-adc4-4eaa-8400-677fad12b9b2 to vehicle veh30
[Midd4VCServer] job efe46572-adc4-4eaa-8400-677fad12b9b2 completed by vehicle veh30
[Midd4VCServer] job received: 0fb3df9c-8929-4604-b4ef-1c138940c1ea
[Midd4VC] Job b1cfb5d1-b2de-40ff-b077-c562395e771d timed out. Re-enqueueing.
[Midd4VCServer] Assigning job b1cfb5d1-b2de-40ff-b077-c562395e771d to vehicle veh30
[Midd4VCServer] Assigning job 0fb3df9c-8929-4604-b4ef-1c138940c1ea to vehicle veh32
[Midd4VCServer] job b1cfb5d1-b2de-40ff-b077-c562395e771d completed by vehicle veh30
[Midd4VCServer] job 0fb3df9c-8929-4604-b4ef-1c138940c1ea completed by vehicle veh32
[Midd4VCServer] job received: a9f7223c-56c9-4e0d-a9a2-a3d747eb3b24
[Midd4VCServer] Assigning job a9f7223c-56c9-4e0d-a9a2-a3d747eb3b24 to vehicle veh30
[Midd4VCServer] job a9f7223c-56c9-4e0d-a9a2-a3d747eb3b24 completed by vehicle veh30
[Midd4VCServer] Vehicle veh7 already registered.
[Midd4VCServer] job received: a5831cb4-251c-4a5f-a3e3-c3273039b08a
[Midd4VC] Job e4c9903e-8920-4de8-96ac-979df77a9dd7 timed out. Re-enqueueing.
[Midd4VC] Job baab6ba3-5bdc-4ae0-8a59-c659f226a5fc timed out. Re-enqueueing.
[Midd4VCServer] Assigning job baab6ba3-5bdc-4ae0-8a59-c659f226a5fc to vehicle veh34
[Midd4VCServer] Assigning job e4c9903e-8920-4de8-96ac-979df77a9dd7 to vehicle veh37
[Midd4VCServer] Assigning job a5831cb4-251c-4a5f-a3e3-c3273039b08a to vehicle veh32
[Midd4VCServer] job e4c9903e-8920-4de8-96ac-979df77a9dd7 completed by vehicle veh37
[Midd4VCServer] job a5831cb4-251c-4a5f-a3e3-c3273039b08a completed by vehicle veh32
[Midd4VCServer] job received: a6582db2-05cc-49c6-ad40-3c47ec6ce846
[Midd4VC] Job c45afac7-3692-4bb4-a71d-1aafdd8a9b19 timed out. Re-enqueueing.
[Midd4VC] Job dd8454bc-39c9-4074-9082-e48d0ad71831 timed out. Re-enqueueing.
[Midd4VCServer] Assigning job dd8454bc-39c9-4074-9082-e48d0ad71831 to vehicle veh16
[Midd4VCServer] Assigning job c45afac7-3692-4bb4-a71d-1aafdd8a9b19 to vehicle veh15
[Midd4VCServer] Assigning job a6582db2-05cc-49c6-ad40-3c47ec6ce846 to vehicle veh30
[Midd4VCServer] job dd8454bc-39c9-4074-9082-e48d0ad71831 completed by vehicle veh16
[Midd4VCServer] job c45afac7-3692-4bb4-a71d-1aafdd8a9b19 completed by vehicle veh15
[Midd4VCServer] job a6582db2-05cc-49c6-ad40-3c47ec6ce846 completed by vehicle veh30
[Midd4VCServer] Vehicle veh10 already registered.
[Midd4VCServer] Vehicle veh16 already registered.
[Midd4VCServer] job received: a73dcea3-0b22-4a67-917d-9c29e7b73864
[Midd4VCServer] Assigning job a73dcea3-0b22-4a67-917d-9c29e7b73864 to vehicle veh16
[Midd4VCServer] job a73dcea3-0b22-4a67-917d-9c29e7b73864 completed by vehicle veh16
[Midd4VCServer] job received: 1c2b4142-e85c-42fd-836c-8430cde38219
[Midd4VCServer] Assigning job 1c2b4142-e85c-42fd-836c-8430cde38219 to vehicle veh16
[Midd4VCServer] job 1c2b4142-e85c-42fd-836c-8430cde38219 completed by vehicle veh16
[Midd4VCServer] Vehicle veh34 already registered.
[Midd4VCServer] job received: 69b94259-1891-48d2-a386-77513af3f89b
[Midd4VCServer] Assigning job 69b94259-1891-48d2-a386-77513af3f89b to vehicle veh15
[Midd4VCServer] job 69b94259-1891-48d2-a386-77513af3f89b completed by vehicle veh15
[Midd4VCServer] job received: fe6363ea-5620-459e-89b1-73923c829dcc
[Midd4VCServer] Assigning job fe6363ea-5620-459e-89b1-73923c829dcc to vehicle veh16
[Midd4VCServer] job fe6363ea-5620-459e-89b1-73923c829dcc completed by vehicle veh16
[Midd4VCServer] Vehicle veh31 already registered.
[Midd4VCServer] Vehicle veh38 already registered.
[Midd4VCServer] Vehicle veh9 already registered.
[Midd4VCServer] Vehicle veh22 already registered.
[Midd4VCServer] job received: 6a70ec04-0c58-43bc-8391-6197c77e2bbc
[Midd4VCServer] Assigning job 6a70ec04-0c58-43bc-8391-6197c77e2bbc to vehicle veh37
[Midd4VCServer] job 6a70ec04-0c58-43bc-8391-6197c77e2bbc completed by vehicle veh37
[Midd4VCServer] Vehicle veh29 already registered.
[Midd4VCServer] job received: 9d279b58-9d64-4531-b933-28829a7f268c
[Midd4VCServer] Assigning job 9d279b58-9d64-4531-b933-28829a7f268c to vehicle veh32
[Midd4VCServer] Vehicle veh17 already registered.
[Midd4VCServer] job received: 414190c6-26a6-4ff0-872b-977850f7a960
[Midd4VC] Job 33fb3013-0bf0-486d-962c-9d0232012fd8 timed out. Re-enqueueing.
[Midd4VCServer] Assigning job 33fb3013-0bf0-486d-962c-9d0232012fd8 to vehicle veh3
[Midd4VCServer] Assigning job 414190c6-26a6-4ff0-872b-977850f7a960 to vehicle veh15
[Midd4VCServer] job 33fb3013-0bf0-486d-962c-9d0232012fd8 completed by vehicle veh3
[Midd4VCServer] job 414190c6-26a6-4ff0-872b-977850f7a960 completed by vehicle veh15
[Midd4VCServer] Vehicle veh2 already registered.
[Midd4VCServer] job received: b7dfeaeb-c06e-46c0-a7ad-791b3e2675da
[Midd4VC] Job 8e23fd9c-9b29-4f83-aaa1-0c42fe19c785 timed out. Re-enqueueing.
[Midd4VC] Job d88e2c57-1ebb-477e-abf4-9561675f321e timed out. Re-enqueueing.
[Midd4VCServer] Assigning job d88e2c57-1ebb-477e-abf4-9561675f321e to vehicle veh3
[Midd4VCServer] Assigning job 8e23fd9c-9b29-4f83-aaa1-0c42fe19c785 to vehicle veh9
[Midd4VCServer] Assigning job b7dfeaeb-c06e-46c0-a7ad-791b3e2675da to vehicle veh35
[Midd4VCServer] job d88e2c57-1ebb-477e-abf4-9561675f321e completed by vehicle veh3
[Midd4VCServer] job b7dfeaeb-c06e-46c0-a7ad-791b3e2675da completed by vehicle veh35
[Midd4VCServer] job 8e23fd9c-9b29-4f83-aaa1-0c42fe19c785 completed by vehicle veh9
[Midd4VCServer] Vehicle veh8 already registered.
[Midd4VCServer] Vehicle veh6 already registered.
[Midd4VCServer] job received: de515baa-4ec0-4e8f-98d1-680d9d24b7e2
[Midd4VC] Job 00911af9-5756-4d2d-a4d2-4c1699a7113a timed out. Re-enqueueing.
[Midd4VCServer] Assigning job 00911af9-5756-4d2d-a4d2-4c1699a7113a to vehicle veh3
[Midd4VCServer] Assigning job de515baa-4ec0-4e8f-98d1-680d9d24b7e2 to vehicle veh9
[Midd4VCServer] job de515baa-4ec0-4e8f-98d1-680d9d24b7e2 completed by vehicle veh9
[Midd4VCServer] job 00911af9-5756-4d2d-a4d2-4c1699a7113a completed by vehicle veh3
[Midd4VCServer] job received: 5abadfe3-df7b-461c-befd-f06b45106eea
[Midd4VCServer] Assigning job 5abadfe3-df7b-461c-befd-f06b45106eea to vehicle veh23
[Midd4VCServer] job received: 5f80d859-340e-4364-b51d-f4b683a2ebd6
[Midd4VCServer] Assigning job 5f80d859-340e-4364-b51d-f4b683a2ebd6 to vehicle veh3
[Midd4VCServer] job 5f80d859-340e-4364-b51d-f4b683a2ebd6 completed by vehicle veh3
[Midd4VCServer] Vehicle veh32 already registered.
[Midd4VCServer] job received: 9597336d-990c-41f4-bd8b-3f982b633bb9
[Midd4VCServer] Assigning job 9597336d-990c-41f4-bd8b-3f982b633bb9 to vehicle veh9
[Midd4VCServer] job 9597336d-990c-41f4-bd8b-3f982b633bb9 completed by vehicle veh9
[Midd4VCServer] Vehicle veh21 already registered.
[Midd4VCServer] job received: 39add6cd-b21b-48ee-8e32-e6bd83515162
[Midd4VCServer] Assigning job 39add6cd-b21b-48ee-8e32-e6bd83515162 to vehicle veh35
[Midd4VCServer] job 39add6cd-b21b-48ee-8e32-e6bd83515162 completed by vehicle veh35
[Midd4VCServer] Vehicle veh7 already registered.
[Midd4VCServer] Vehicle veh19 already registered.
[Midd4VCServer] job received: 208da85f-cc0b-4915-8553-5cbf28b36909
[Midd4VC] Job 264e9897-456c-41bb-b101-dc1911618c09 timed out. Re-enqueueing.
[Midd4VC] Job 543f05cc-e881-467d-9d7e-087d8f6bcd5b timed out. Re-enqueueing.
[Midd4VCServer] Assigning job 543f05cc-e881-467d-9d7e-087d8f6bcd5b to vehicle veh24
[Midd4VCServer] Assigning job 264e9897-456c-41bb-b101-dc1911618c09 to vehicle veh22
[Midd4VCServer] Assigning job 208da85f-cc0b-4915-8553-5cbf28b36909 to vehicle veh31
[Midd4VCServer] job 264e9897-456c-41bb-b101-dc1911618c09 completed by vehicle veh22
[Midd4VCServer] job 208da85f-cc0b-4915-8553-5cbf28b36909 completed by vehicle veh31
[Midd4VCServer] job received: e6ee10d6-38b9-48ff-8416-c14af03bad6d
[Midd4VCServer] Assigning job e6ee10d6-38b9-48ff-8416-c14af03bad6d to vehicle veh33
[Midd4VCServer] job e6ee10d6-38b9-48ff-8416-c14af03bad6d completed by vehicle veh33
[Midd4VCServer] Vehicle veh1 already registered.
[Midd4VCServer] Vehicle veh27 already registered.
[Midd4VCServer] job received: c9278e94-4416-477d-b9cd-fe28cc5cdbe1
[Midd4VC] Job 2ca72d87-b449-4912-96f7-b047e1fdcf2a timed out. Re-enqueueing.
[Midd4VC] Job b26ebc23-6fe4-4d19-b2f5-62b90559146f timed out. Re-enqueueing.
[Midd4VCServer] Assigning job b26ebc23-6fe4-4d19-b2f5-62b90559146f to vehicle veh10
[Midd4VCServer] Assigning job 2ca72d87-b449-4912-96f7-b047e1fdcf2a to vehicle veh28
[Midd4VCServer] Assigning job c9278e94-4416-477d-b9cd-fe28cc5cdbe1 to vehicle veh25
[Midd4VCServer] job b26ebc23-6fe4-4d19-b2f5-62b90559146f completed by vehicle veh10
[Midd4VCServer] Vehicle veh4 already registered.
[Midd4VCServer] job received: 38c4b0a4-4360-4a46-9aee-453508dd6660
[Midd4VCServer] Assigning job 38c4b0a4-4360-4a46-9aee-453508dd6660 to vehicle veh10
[Midd4VCServer] job 38c4b0a4-4360-4a46-9aee-453508dd6660 completed by vehicle veh10
[Midd4VCServer] Vehicle veh14 already registered.
[Midd4VCServer] Vehicle veh29 already registered.
[Midd4VCServer] job received: af55aca9-6575-42f4-8d95-075746f456cd
[Midd4VC] Job 247dec55-2d15-44b4-998e-4bb93156955b timed out. Re-enqueueing.
[Midd4VC] Job 6a34b535-a66a-440b-ab8b-93eb6a65d336 timed out. Re-enqueueing.
[Midd4VCServer] Assigning job 6a34b535-a66a-440b-ab8b-93eb6a65d336 to vehicle veh10
[Midd4VCServer] Assigning job 247dec55-2d15-44b4-998e-4bb93156955b to vehicle veh26
[Midd4VCServer] Assigning job af55aca9-6575-42f4-8d95-075746f456cd to vehicle veh6
[Midd4VCServer] job 6a34b535-a66a-440b-ab8b-93eb6a65d336 completed by vehicle veh10
[Midd4VCServer] job received: dff76cc1-ead3-43fe-81fc-4c481cc5931e
[Midd4VCServer] Assigning job dff76cc1-ead3-43fe-81fc-4c481cc5931e to vehicle veh10
[Midd4VCServer] job dff76cc1-ead3-43fe-81fc-4c481cc5931e completed by vehicle veh10
[Midd4VCServer] Vehicle veh28 already registered.
[Midd4VCServer] Vehicle veh23 already registered.
[Midd4VCServer] Vehicle veh24 already registered.
[Midd4VCServer] job received: cd027238-4ccc-4d2a-9d84-ddca1377f592
[Midd4VC] Job 9b866938-a58f-4161-88c2-d39baeee4c91 timed out. Re-enqueueing.
[Midd4VC] Job 953f1dce-dcd6-4e5a-adcc-b7c2b590fdf2 timed out. Re-enqueueing.
[Midd4VCServer] Assigning job 953f1dce-dcd6-4e5a-adcc-b7c2b590fdf2 to vehicle veh40
[Midd4VCServer] Assigning job 9b866938-a58f-4161-88c2-d39baeee4c91 to vehicle veh20
[Midd4VCServer] Assigning job cd027238-4ccc-4d2a-9d84-ddca1377f592 to vehicle veh10
[Midd4VCServer] job cd027238-4ccc-4d2a-9d84-ddca1377f592 completed by vehicle veh10
[Midd4VCServer] job received: 29e2432a-5264-4821-b24d-96f9e526a613
[Midd4VCServer] Assigning job 29e2432a-5264-4821-b24d-96f9e526a613 to vehicle veh10
[Midd4VCServer] job 29e2432a-5264-4821-b24d-96f9e526a613 completed by vehicle veh10
[Midd4VCServer] job received: 728524d8-9da4-4dae-93ed-7c0af3b75e85
[Midd4VCServer] Assigning job 728524d8-9da4-4dae-93ed-7c0af3b75e85 to vehicle veh1
[Midd4VCServer] job 728524d8-9da4-4dae-93ed-7c0af3b75e85 completed by vehicle veh1
[Midd4VCServer] job received: 4301e8b0-e0a4-4893-a619-016079176bd2
[Midd4VCServer] Assigning job 4301e8b0-e0a4-4893-a619-016079176bd2 to vehicle veh22
[Midd4VCServer] job 4301e8b0-e0a4-4893-a619-016079176bd2 completed by vehicle veh22
[Midd4VCServer] job received: d91330b8-eaca-46c3-88b5-0adeff1d53c4
[Midd4VCServer] Assigning job d91330b8-eaca-46c3-88b5-0adeff1d53c4 to vehicle veh17
[Midd4VCServer] job d91330b8-eaca-46c3-88b5-0adeff1d53c4 completed by vehicle veh17
[Midd4VCServer] job received: dc8c53af-222d-4d03-bc60-b0d4ce312a6e
[Midd4VCServer] Assigning job dc8c53af-222d-4d03-bc60-b0d4ce312a6e to vehicle veh16
[Midd4VCServer] Vehicle veh20 already registered.
[Midd4VCServer] Vehicle veh9 already registered.
[Midd4VCServer] job received: e91bee93-4397-4db0-9080-b22521e65852
[Midd4VC] Job 00879693-917a-4292-b6d6-f0d57b8a21bb timed out. Re-enqueueing.
[Midd4VCServer] Assigning job 00879693-917a-4292-b6d6-f0d57b8a21bb to vehicle veh2
[Midd4VCServer] Assigning job e91bee93-4397-4db0-9080-b22521e65852 to vehicle veh13
[Midd4VCServer] Vehicle veh11 already registered.
[Midd4VCServer] Vehicle veh33 already registered.
[Midd4VCServer] job received: d46c7f48-f053-415d-8aef-17ea77c3c520
[Midd4VC] Job 08ed123e-cafb-4dde-aec1-ffc3fc490bda timed out. Re-enqueueing.
[Midd4VC] Job 3b4da5b2-79e1-4e34-a214-388ea9324f29 timed out. Re-enqueueing.
[Midd4VCServer] Assigning job 3b4da5b2-79e1-4e34-a214-388ea9324f29 to vehicle veh38
[Midd4VCServer] Assigning job 08ed123e-cafb-4dde-aec1-ffc3fc490bda to vehicle veh11
[Midd4VCServer] Assigning job d46c7f48-f053-415d-8aef-17ea77c3c520 to vehicle veh4
[Midd4VCServer] job 08ed123e-cafb-4dde-aec1-ffc3fc490bda completed by vehicle veh11
[Midd4VCServer] Vehicle veh13 already registered.
[Midd4VCServer] Vehicle veh8 already registered.
[Midd4VCServer] Vehicle veh12 already registered.
[Midd4VCServer] Disconnected with result code 0
[Midd4VCServer] Server stopped.
[Midd4VCServer] Connected with result code 0
[Midd4VCServer] Server started and subscribed to topics.
[Midd4VCServer] Vehicle veh40 already registered.
[Midd4VCServer] Vehicle veh19 already registered.
[Midd4VCServer] Vehicle veh2 already registered.
[Midd4VCServer] Vehicle veh22 already registered.
[Midd4VCServer] Vehicle veh17 already registered.
[Midd4VCServer] Vehicle veh11 already registered.
[Midd4VCServer] job received: 8b99e85c-ee5f-471d-8aa4-6af920657a16
[Midd4VC] Job 1d8f7633-903b-421a-a9d2-e8ac6a749293 timed out. Re-enqueueing.
[Midd4VC] Job f17eb8ca-40e3-4f5b-814f-23e4cdfc7dc9 timed out. Re-enqueueing.
[Midd4VC] Job 9027ae43-186e-42ea-9c4a-f2a224f64989 timed out. Re-enqueueing.
[Midd4VC] Job baee3bf4-f6dc-41e0-96dd-dddc0efe7059 timed out. Re-enqueueing.
[Midd4VC] Job db07a9d6-4f01-48b0-be4f-700dba64a9df timed out. Re-enqueueing.
[Midd4VC] Job 7fb88639-9941-4854-929d-017265aa90e3 timed out. Re-enqueueing.
[Midd4VCServer] Assigning job 7fb88639-9941-4854-929d-017265aa90e3 to vehicle veh18
[Midd4VCServer] Assigning job db07a9d6-4f01-48b0-be4f-700dba64a9df to vehicle veh8
[Midd4VCServer] Assigning job baee3bf4-f6dc-41e0-96dd-dddc0efe7059 to vehicle veh11
[Midd4VCServer] Assigning job 9027ae43-186e-42ea-9c4a-f2a224f64989 to vehicle veh12
[Midd4VCServer] Assigning job f17eb8ca-40e3-4f5b-814f-23e4cdfc7dc9 to vehicle veh39
[Midd4VCServer] Assigning job 1d8f7633-903b-421a-a9d2-e8ac6a749293 to vehicle veh14
[Midd4VCServer] Assigning job 8b99e85c-ee5f-471d-8aa4-6af920657a16 to vehicle veh19
[Midd4VCServer] job db07a9d6-4f01-48b0-be4f-700dba64a9df completed by vehicle veh8
[Midd4VCServer] job 8b99e85c-ee5f-471d-8aa4-6af920657a16 completed by vehicle veh19
[Midd4VCServer] job baee3bf4-f6dc-41e0-96dd-dddc0efe7059 completed by vehicle veh11
[Midd4VCServer] job 9027ae43-186e-42ea-9c4a-f2a224f64989 completed by vehicle veh12
[Midd4VCServer] Vehicle veh25 already registered.
[Midd4VCServer] job received: 97980dde-c2c0-4aca-bc9d-ea8851057a42
[Midd4VCServer] Assigning job 97980dde-c2c0-4aca-bc9d-ea8851057a42 to vehicle veh8
[Midd4VCServer] job 97980dde-c2c0-4aca-bc9d-ea8851057a42 completed by vehicle veh8
[Midd4VCServer] job received: 6b5a0b51-5cdc-4356-90da-bd00a5f7aa78
[Midd4VCServer] Assigning job 6b5a0b51-5cdc-4356-90da-bd00a5f7aa78 to vehicle veh11
[Midd4VCServer] job 6b5a0b51-5cdc-4356-90da-bd00a5f7aa78 completed by vehicle veh11
[Midd4VCServer] job received: ae743d74-2632-419a-bc21-d255123ef53a
[Midd4VCServer] Assigning job ae743d74-2632-419a-bc21-d255123ef53a to vehicle veh8
[Midd4VCServer] job ae743d74-2632-419a-bc21-d255123ef53a completed by vehicle veh8
[Midd4VCServer] Vehicle veh16 already registered.
[Midd4VCServer] Vehicle veh35 already registered.
[Midd4VCServer] job received: a23eae42-246f-4290-b6dc-e0f75e8ed9f4
[Midd4VC] Job 70a24c3c-88d0-4039-9d47-95eb2449b337 timed out. Re-enqueueing.
[Midd4VC] Job 4c78dfcd-0843-461f-b81f-61b06e6ead46 timed out. Re-enqueueing.
[Midd4VCServer] Assigning job 4c78dfcd-0843-461f-b81f-61b06e6ead46 to vehicle veh21
[Midd4VCServer] Assigning job 70a24c3c-88d0-4039-9d47-95eb2449b337 to vehicle veh29
[Midd4VCServer] Assigning job a23eae42-246f-4290-b6dc-e0f75e8ed9f4 to vehicle veh12
[Midd4VCServer] job a23eae42-246f-4290-b6dc-e0f75e8ed9f4 completed by vehicle veh12
[Midd4VCServer] job received: 5314b337-95cc-4765-a48f-a7ef2dc9c69a
[Midd4VCServer] Assigning job 5314b337-95cc-4765-a48f-a7ef2dc9c69a to vehicle veh11
[Midd4VCServer] job 5314b337-95cc-4765-a48f-a7ef2dc9c69a completed by vehicle veh11
[Midd4VCServer] Vehicle veh26 already registered.
[Midd4VCServer] job received: fd8b8821-daa4-4c29-8dfe-a459f0e45cfc
[Midd4VC] Job baab6ba3-5bdc-4ae0-8a59-c659f226a5fc timed out. Re-enqueueing.
[Midd4VCServer] Assigning job baab6ba3-5bdc-4ae0-8a59-c659f226a5fc to vehicle veh34
[Midd4VCServer] Assigning job fd8b8821-daa4-4c29-8dfe-a459f0e45cfc to vehicle veh8
[Midd4VCServer] job received: 9028b8c7-f50a-4916-8ceb-d2452e232910
[Midd4VCServer] Assigning job 9028b8c7-f50a-4916-8ceb-d2452e232910 to vehicle veh12
[Midd4VCServer] job 9028b8c7-f50a-4916-8ceb-d2452e232910 completed by vehicle veh12
[Midd4VCServer] Vehicle veh9 already registered.
[Midd4VCServer] Vehicle veh5 already registered.
[Midd4VCServer] job received: 0cf282fc-abef-4202-80a9-38315c142d85
[Midd4VCServer] Assigning job 0cf282fc-abef-4202-80a9-38315c142d85 to vehicle veh30
[Midd4VCServer] job received: 2b898e8a-4c98-4b5c-9ccb-d686e6328132
[Midd4VCServer] Assigning job 2b898e8a-4c98-4b5c-9ccb-d686e6328132 to vehicle veh27
[Midd4VCServer] job received: bf5016fe-f2ea-4470-ae7e-1b0f3dfa25fa
[Midd4VCServer] Assigning job bf5016fe-f2ea-4470-ae7e-1b0f3dfa25fa to vehicle veh10
[Midd4VCServer] job received: cf32e4ed-1617-4d9b-836a-c9b48665b557
[Midd4VCServer] Assigning job cf32e4ed-1617-4d9b-836a-c9b48665b557 to vehicle veh37
[Midd4VCServer] job received: 0f5c63dc-aeb6-4676-b2c8-9cbd7e6d5278
[Midd4VCServer] Assigning job 0f5c63dc-aeb6-4676-b2c8-9cbd7e6d5278 to vehicle veh3
[Midd4VCServer] job 0f5c63dc-aeb6-4676-b2c8-9cbd7e6d5278 completed by vehicle veh3
[Midd4VCServer] job received: 0a64b075-e9b9-4c81-9446-59675859a929
[Midd4VC] Job 9d279b58-9d64-4531-b933-28829a7f268c timed out. Re-enqueueing.
[Midd4VCServer] Assigning job 9d279b58-9d64-4531-b933-28829a7f268c to vehicle veh32
[Midd4VCServer] Assigning job 0a64b075-e9b9-4c81-9446-59675859a929 to vehicle veh5
[Midd4VCServer] job 9d279b58-9d64-4531-b933-28829a7f268c completed by vehicle veh32
[Midd4VCServer] job 0a64b075-e9b9-4c81-9446-59675859a929 completed by vehicle veh5
[Midd4VCServer] job received: 7136db4b-9bb6-46c9-874b-88f5190549f6
[Midd4VCServer] Assigning job 7136db4b-9bb6-46c9-874b-88f5190549f6 to vehicle veh32
[Midd4VCServer] job 7136db4b-9bb6-46c9-874b-88f5190549f6 completed by vehicle veh32
[Midd4VCServer] Vehicle veh18 already registered.
[Midd4VCServer] Vehicle veh39 already registered.
[Midd4VCServer] Vehicle veh38 already registered.
[Midd4VCServer] job received: e05b2bbd-b0ef-420d-bf41-d2cdbdc6d9f8
[Midd4VCServer] Assigning job e05b2bbd-b0ef-420d-bf41-d2cdbdc6d9f8 to vehicle veh15
[Midd4VCServer] Vehicle veh34 already registered.
[Midd4VCServer] job received: 90fa8a43-e8df-4254-8f22-1f61e7d03487
[Midd4VCServer] Assigning job 90fa8a43-e8df-4254-8f22-1f61e7d03487 to vehicle veh7
[Midd4VCServer] job received: 12ca0190-da1c-46d4-b089-8e014c2461dc
[Midd4VCServer] Assigning job 12ca0190-da1c-46d4-b089-8e014c2461dc to vehicle veh36
[Midd4VCServer] Vehicle veh10 already registered.
[Midd4VCServer] job received: b03be306-f6fb-48d3-9fb8-af83ab8e3eec
[Midd4VC] Job 5abadfe3-df7b-461c-befd-f06b45106eea timed out. Re-enqueueing.
[Midd4VCServer] Assigning job 5abadfe3-df7b-461c-befd-f06b45106eea to vehicle veh23
[Midd4VCServer] Assigning job b03be306-f6fb-48d3-9fb8-af83ab8e3eec to vehicle veh9
[Midd4VCServer] job b03be306-f6fb-48d3-9fb8-af83ab8e3eec completed by vehicle veh9
[Midd4VCServer] Vehicle veh40 already registered.
[Midd4VCServer] Vehicle veh4 already registered.
[Midd4VCServer] Vehicle veh39 already registered.
[Midd4VCServer] job received: 913effa2-9403-4493-882b-98a53ebb9283
[Midd4VCServer] Assigning job 913effa2-9403-4493-882b-98a53ebb9283 to vehicle veh35
[Midd4VCServer] Vehicle veh36 already registered.
[Midd4VCServer] job received: 154a71c0-81f6-4a96-9800-7bc9c36ad9a6
[Midd4VC] Job 543f05cc-e881-467d-9d7e-087d8f6bcd5b timed out. Re-enqueueing.
[Midd4VCServer] Assigning job 543f05cc-e881-467d-9d7e-087d8f6bcd5b to vehicle veh24
[Midd4VCServer] Assigning job 154a71c0-81f6-4a96-9800-7bc9c36ad9a6 to vehicle veh19
[Midd4VCServer] job received: fb7ee93b-1c76-46e3-a1a0-f023cc214f61
[Midd4VCServer] Assigning job fb7ee93b-1c76-46e3-a1a0-f023cc214f61 to vehicle veh31
[Midd4VCServer] job received: 6ef9dc04-290d-4a28-8d87-693e8cadf83f
[Midd4VCServer] Assigning job 6ef9dc04-290d-4a28-8d87-693e8cadf83f to vehicle veh33
[Midd4VCServer] job received: 86320571-b3a0-4d92-915f-56a43bc77ac0
[Midd4VCServer] Assigning job 86320571-b3a0-4d92-915f-56a43bc77ac0 to vehicle veh1
[Midd4VCServer] Vehicle veh20 already registered.
[Midd4VCServer] Vehicle veh14 already registered.
[Midd4VCServer] Vehicle veh8 already registered.
[Midd4VCServer] Vehicle veh12 already registered.
[Midd4VCServer] job received: 06de1445-78e3-4fbb-89cf-00b9e3e5f046
[Midd4VC] Job 2ca72d87-b449-4912-96f7-b047e1fdcf2a timed out. Re-enqueueing.
[Midd4VC] Job c9278e94-4416-477d-b9cd-fe28cc5cdbe1 timed out. Re-enqueueing.
[Midd4VCServer] Assigning job c9278e94-4416-477d-b9cd-fe28cc5cdbe1 to vehicle veh28
[Midd4VCServer] Assigning job 2ca72d87-b449-4912-96f7-b047e1fdcf2a to vehicle veh25
[Midd4VCServer] Assigning job 06de1445-78e3-4fbb-89cf-00b9e3e5f046 to vehicle veh22
[Midd4VCServer] Vehicle veh38 already registered.
[Midd4VCServer] job received: 6ed147d6-0acc-4d89-8fc6-6f7bc3da9ff7
[Midd4VC] Job 247dec55-2d15-44b4-998e-4bb93156955b timed out. Re-enqueueing.
[Midd4VC] Job af55aca9-6575-42f4-8d95-075746f456cd timed out. Re-enqueueing.
[Midd4VCServer] Assigning job af55aca9-6575-42f4-8d95-075746f456cd to vehicle veh26
[Midd4VCServer] Assigning job 247dec55-2d15-44b4-998e-4bb93156955b to vehicle veh6
[Midd4VCServer] Assigning job 6ed147d6-0acc-4d89-8fc6-6f7bc3da9ff7 to vehicle veh17
[Midd4VCServer] job af55aca9-6575-42f4-8d95-075746f456cd completed by vehicle veh26
[Midd4VCServer] Vehicle veh40 already registered.
[Midd4VCServer] job received: 95e5a94c-6303-45c7-9bbe-7a2ff6991c2c
[Midd4VC] Job 953f1dce-dcd6-4e5a-adcc-b7c2b590fdf2 timed out. Re-enqueueing.
[Midd4VC] Job 9b866938-a58f-4161-88c2-d39baeee4c91 timed out. Re-enqueueing.
[Midd4VCServer] Assigning job 9b866938-a58f-4161-88c2-d39baeee4c91 to vehicle veh40
[Midd4VCServer] Assigning job 953f1dce-dcd6-4e5a-adcc-b7c2b590fdf2 to vehicle veh20
[Midd4VCServer] Assigning job 95e5a94c-6303-45c7-9bbe-7a2ff6991c2c to vehicle veh26
[Midd4VCServer] job 9b866938-a58f-4161-88c2-d39baeee4c91 completed by vehicle veh40
[Midd4VCServer] job 953f1dce-dcd6-4e5a-adcc-b7c2b590fdf2 completed by vehicle veh20
[Midd4VCServer] job 95e5a94c-6303-45c7-9bbe-7a2ff6991c2c completed by vehicle veh26
[Midd4VCServer] job received: 4ff93e47-e63c-4b15-a6a0-49a81e1a6839
[Midd4VCServer] Assigning job 4ff93e47-e63c-4b15-a6a0-49a81e1a6839 to vehicle veh40
[Midd4VCServer] job 4ff93e47-e63c-4b15-a6a0-49a81e1a6839 completed by vehicle veh40
[Midd4VCServer] job received: f99924f0-6d23-4568-94a1-b82624ef749c
[Midd4VCServer] Assigning job f99924f0-6d23-4568-94a1-b82624ef749c to vehicle veh40
[Midd4VCServer] job f99924f0-6d23-4568-94a1-b82624ef749c completed by vehicle veh40
[Midd4VCServer] Vehicle veh23 already registered.
[Midd4VCServer] Vehicle veh25 already registered.
[Midd4VCServer] job received: d8e21781-7ae2-4ce9-a517-6c8cdfd3afda
[Midd4VCServer] Assigning job d8e21781-7ae2-4ce9-a517-6c8cdfd3afda to vehicle veh40
[Midd4VCServer] job d8e21781-7ae2-4ce9-a517-6c8cdfd3afda completed by vehicle veh40
[Midd4VCServer] job received: 63fd907f-e2c2-48ad-9780-3c297efb201d
[Midd4VC] Job dc8c53af-222d-4d03-bc60-b0d4ce312a6e timed out. Re-enqueueing.
[Midd4VCServer] Assigning job dc8c53af-222d-4d03-bc60-b0d4ce312a6e to vehicle veh40
[Midd4VCServer] Assigning job 63fd907f-e2c2-48ad-9780-3c297efb201d to vehicle veh20
[Midd4VCServer] job received: 81442ba1-182a-48f4-82e1-54826b944d32
[Midd4VCServer] Assigning job 81442ba1-182a-48f4-82e1-54826b944d32 to vehicle veh16
[Midd4VCServer] job received: bccd64e7-30fd-499a-b14d-ff9f3f167560
[Midd4VCServer] Assigning job bccd64e7-30fd-499a-b14d-ff9f3f167560 to vehicle veh26
[Midd4VCServer] job bccd64e7-30fd-499a-b14d-ff9f3f167560 completed by vehicle veh26
[Midd4VCServer] Vehicle veh19 already registered.
[Midd4VCServer] Vehicle veh31 already registered.
[Midd4VCServer] Vehicle veh36 already registered.
[Midd4VCServer] Vehicle veh1 already registered.
[Midd4VCServer] Vehicle veh27 already registered.
[Midd4VCServer] Vehicle veh11 already registered.
[Midd4VCServer] job received: 7916bed4-8f18-47a5-9c3c-035c89ec21bf
[Midd4VC] Job 00879693-917a-4292-b6d6-f0d57b8a21bb timed out. Re-enqueueing.
[Midd4VC] Job e91bee93-4397-4db0-9080-b22521e65852 timed out. Re-enqueueing.
[Midd4VCServer] Assigning job e91bee93-4397-4db0-9080-b22521e65852 to vehicle veh2
[Midd4VCServer] Assigning job 00879693-917a-4292-b6d6-f0d57b8a21bb to vehicle veh13
[Midd4VCServer] Assigning job 7916bed4-8f18-47a5-9c3c-035c89ec21bf to vehicle veh11
[Midd4VCServer] job 7916bed4-8f18-47a5-9c3c-035c89ec21bf completed by vehicle veh11
[Midd4VCServer] job received: e8297c86-8648-4e48-afe3-e7caaca450c2
[Midd4VCServer] Assigning job e8297c86-8648-4e48-afe3-e7caaca450c2 to vehicle veh12
[Midd4VCServer] job e8297c86-8648-4e48-afe3-e7caaca450c2 completed by vehicle veh12
[Midd4VCServer] job received: c1f043c7-b57e-43f2-93a2-d1c9d43ad951
[Midd4VC] Job 3b4da5b2-79e1-4e34-a214-388ea9324f29 timed out. Re-enqueueing.
[Midd4VC] Job d46c7f48-f053-415d-8aef-17ea77c3c520 timed out. Re-enqueueing.
[Midd4VCServer] Assigning job d46c7f48-f053-415d-8aef-17ea77c3c520 to vehicle veh38
[Midd4VCServer] Assigning job 3b4da5b2-79e1-4e34-a214-388ea9324f29 to vehicle veh4
[Midd4VCServer] Assigning job c1f043c7-b57e-43f2-93a2-d1c9d43ad951 to vehicle veh32
[Midd4VCServer] job d46c7f48-f053-415d-8aef-17ea77c3c520 completed by vehicle veh38
[Midd4VCServer] job c1f043c7-b57e-43f2-93a2-d1c9d43ad951 completed by vehicle veh32
[Midd4VCServer] Vehicle veh21 already registered.
[Midd4VCServer] job received: 36d626e5-dbf3-44a0-ba1c-527e28a73679
[Midd4VCServer] Assigning job 36d626e5-dbf3-44a0-ba1c-527e28a73679 to vehicle veh38
[Midd4VCServer] job 36d626e5-dbf3-44a0-ba1c-527e28a73679 completed by vehicle veh38
[Midd4VCServer] job received: 1e70ef4e-b0b2-452f-b771-6f5b99abf633
[Midd4VCServer] Assigning job 1e70ef4e-b0b2-452f-b771-6f5b99abf633 to vehicle veh38
[Midd4VCServer] job 1e70ef4e-b0b2-452f-b771-6f5b99abf633 completed by vehicle veh38
[Midd4VCServer] Vehicle veh19 already registered.
[Midd4VCServer] job received: f72d6cfc-ceed-4ed3-9adf-d2fe97a0137b
[Midd4VCServer] Assigning job f72d6cfc-ceed-4ed3-9adf-d2fe97a0137b to vehicle veh38
[Midd4VCServer] job f72d6cfc-ceed-4ed3-9adf-d2fe97a0137b completed by vehicle veh38
[Midd4VCServer] Vehicle veh25 already registered.
[Midd4VCServer] Vehicle veh17 already registered.
[Midd4VCServer] job received: 819a7d81-044a-4ff3-99b3-ad031481521f
[Midd4VC] Job 7fb88639-9941-4854-929d-017265aa90e3 timed out. Re-enqueueing.
[Midd4VC] Job f17eb8ca-40e3-4f5b-814f-23e4cdfc7dc9 timed out. Re-enqueueing.
[Midd4VC] Job 1d8f7633-903b-421a-a9d2-e8ac6a749293 timed out. Re-enqueueing.
[Midd4VCServer] Assigning job 1d8f7633-903b-421a-a9d2-e8ac6a749293 to vehicle veh18
[Midd4VCServer] Assigning job f17eb8ca-40e3-4f5b-814f-23e4cdfc7dc9 to vehicle veh39
[Midd4VCServer] Assigning job 7fb88639-9941-4854-929d-017265aa90e3 to vehicle veh38
[Midd4VCServer] Assigning job 819a7d81-044a-4ff3-99b3-ad031481521f to vehicle veh14
[Midd4VCServer] job 7fb88639-9941-4854-929d-017265aa90e3 completed by vehicle veh38
[Midd4VCServer] job received: 7fd37e25-0aff-4114-93eb-5fd49bdac1ee
[Midd4VCServer] Assigning job 7fd37e25-0aff-4114-93eb-5fd49bdac1ee to vehicle veh38
[Midd4VCServer] job 7fd37e25-0aff-4114-93eb-5fd49bdac1ee completed by vehicle veh38
[Midd4VCServer] job received: 292935b1-d0d9-4f30-8ab3-b7ee2f0c54dd
[Midd4VCServer] Assigning job 292935b1-d0d9-4f30-8ab3-b7ee2f0c54dd to vehicle veh38
[Midd4VCServer] job 292935b1-d0d9-4f30-8ab3-b7ee2f0c54dd completed by vehicle veh38
[Midd4VCServer] job received: 92b21bdf-5f16-42a6-92e7-88cd34e04e58
[Midd4VCServer] Assigning job 92b21bdf-5f16-42a6-92e7-88cd34e04e58 to vehicle veh3
[Midd4VCServer] job 92b21bdf-5f16-42a6-92e7-88cd34e04e58 completed by vehicle veh3
[Midd4VCServer] Vehicle veh37 already registered.
[Midd4VCServer] job received: 3ec9b309-a5d1-4d41-8f31-9a6db83bcddb
[Midd4VCServer] Assigning job 3ec9b309-a5d1-4d41-8f31-9a6db83bcddb to vehicle veh5
[Midd4VCServer] job received: 53c00d3c-fcad-4228-95a8-688e72218aa6
[Midd4VCServer] Assigning job 53c00d3c-fcad-4228-95a8-688e72218aa6 to vehicle veh9
[Midd4VCServer] Vehicle veh38 already registered.
[Midd4VCServer] Vehicle veh23 already registered.
[Midd4VCServer] job received: 0dc3a7cc-d95d-44d9-9bf1-e1948c5998d7
[Midd4VC] Job 4c78dfcd-0843-461f-b81f-61b06e6ead46 timed out. Re-enqueueing.
[Midd4VC] Job 70a24c3c-88d0-4039-9d47-95eb2449b337 timed out. Re-enqueueing.
[Midd4VCServer] Assigning job 70a24c3c-88d0-4039-9d47-95eb2449b337 to vehicle veh21
[Midd4VCServer] Assigning job 4c78dfcd-0843-461f-b81f-61b06e6ead46 to vehicle veh29
[Midd4VCServer] Assigning job 0dc3a7cc-d95d-44d9-9bf1-e1948c5998d7 to vehicle veh38
[Midd4VCServer] job 70a24c3c-88d0-4039-9d47-95eb2449b337 completed by vehicle veh21
[Midd4VCServer] job 0dc3a7cc-d95d-44d9-9bf1-e1948c5998d7 completed by vehicle veh38
[Midd4VCServer] job received: 77c1e908-b320-4f82-a68b-597871ab04a1
[Midd4VCServer] Assigning job 77c1e908-b320-4f82-a68b-597871ab04a1 to vehicle veh21
[Midd4VCServer] job 77c1e908-b320-4f82-a68b-597871ab04a1 completed by vehicle veh21
[Midd4VCServer] job received: d68a1460-cd2f-456b-94c9-d9539f2f1220
[Midd4VCServer] Assigning job d68a1460-cd2f-456b-94c9-d9539f2f1220 to vehicle veh21
[Midd4VCServer] job d68a1460-cd2f-456b-94c9-d9539f2f1220 completed by vehicle veh21
[Midd4VCServer] Vehicle veh28 already registered.
[Midd4VCServer] Vehicle veh6 already registered.
[Midd4VCServer] Vehicle veh18 already registered.
[Midd4VCServer] Vehicle veh26 already registered.
[Midd4VCServer] Vehicle veh25 already registered.
[Midd4VCServer] Vehicle veh20 already registered.
[Midd4VCServer] job received: e049d513-56e1-4d92-b3e4-9ea63e7c47de
[Midd4VC] Job baab6ba3-5bdc-4ae0-8a59-c659f226a5fc timed out. Re-enqueueing.
[Midd4VC] Job fd8b8821-daa4-4c29-8dfe-a459f0e45cfc timed out. Re-enqueueing.
[Midd4VC] Job 0cf282fc-abef-4202-80a9-38315c142d85 timed out. Re-enqueueing.
[Midd4VCServer] Assigning job 0cf282fc-abef-4202-80a9-38315c142d85 to vehicle veh34
[Midd4VCServer] Assigning job fd8b8821-daa4-4c29-8dfe-a459f0e45cfc to vehicle veh21
[Midd4VCServer] Assigning job baab6ba3-5bdc-4ae0-8a59-c659f226a5fc to vehicle veh8
[Midd4VCServer] Assigning job e049d513-56e1-4d92-b3e4-9ea63e7c47de to vehicle veh30
[Midd4VCServer] job received: eeb0f146-3b89-4b04-89d1-63511879ad4e
[Midd4VC] Job 2b898e8a-4c98-4b5c-9ccb-d686e6328132 timed out. Re-enqueueing.
[Midd4VCServer] Assigning job 2b898e8a-4c98-4b5c-9ccb-d686e6328132 to vehicle veh27
[Midd4VCServer] Assigning job eeb0f146-3b89-4b04-89d1-63511879ad4e to vehicle veh26
[Midd4VCServer] job eeb0f146-3b89-4b04-89d1-63511879ad4e completed by vehicle veh26
[Midd4VCServer] job received: 8d8908d7-873e-4fc8-af19-bfa0b61c11b8
[Midd4VCServer] Assigning job 8d8908d7-873e-4fc8-af19-bfa0b61c11b8 to vehicle veh11
[Midd4VCServer] job 8d8908d7-873e-4fc8-af19-bfa0b61c11b8 completed by vehicle veh11
[Midd4VCServer] Vehicle veh11 already registered.
[Midd4VCServer] job received: a1e92d69-97da-4686-89df-6e3d9cf3e83c
[Midd4VC] Job bf5016fe-f2ea-4470-ae7e-1b0f3dfa25fa timed out. Re-enqueueing.
[Midd4VC] Job cf32e4ed-1617-4d9b-836a-c9b48665b557 timed out. Re-enqueueing.
[Midd4VCServer] Assigning job cf32e4ed-1617-4d9b-836a-c9b48665b557 to vehicle veh10
[Midd4VCServer] Assigning job bf5016fe-f2ea-4470-ae7e-1b0f3dfa25fa to vehicle veh37
[Midd4VCServer] Assigning job a1e92d69-97da-4686-89df-6e3d9cf3e83c to vehicle veh12
[Midd4VCServer] job bf5016fe-f2ea-4470-ae7e-1b0f3dfa25fa completed by vehicle veh37
[Midd4VCServer] job cf32e4ed-1617-4d9b-836a-c9b48665b557 completed by vehicle veh10
[Midd4VCServer] job received: 91b10509-8906-4157-a568-fb8592eb57d4
[Midd4VCServer] Assigning job 91b10509-8906-4157-a568-fb8592eb57d4 to vehicle veh10
[Midd4VCServer] job 91b10509-8906-4157-a568-fb8592eb57d4 completed by vehicle veh10
[Midd4VCServer] Vehicle veh8 already registered.
[Midd4VCServer] job received: fbb7a00b-0086-4a3c-9936-28c46072f69f
[Midd4VCServer] Assigning job fbb7a00b-0086-4a3c-9936-28c46072f69f to vehicle veh37
[Midd4VCServer] job fbb7a00b-0086-4a3c-9936-28c46072f69f completed by vehicle veh37
[Midd4VCServer] Vehicle veh39 already registered.
[Midd4VCServer] Vehicle veh27 already registered.
[Midd4VCServer] Vehicle veh20 already registered.
[Midd4VCServer] job received: 3267b13c-af44-4922-b3a8-a452827d74d4
[Midd4VCServer] Assigning job 3267b13c-af44-4922-b3a8-a452827d74d4 to vehicle veh10
[Midd4VCServer] job 3267b13c-af44-4922-b3a8-a452827d74d4 completed by vehicle veh10
[Midd4VCServer] Vehicle veh33 already registered.
[Midd4VCServer] job received: d232a90a-cfbc-4b55-a35c-fa1423e7bedb
[Midd4VC] Job e05b2bbd-b0ef-420d-bf41-d2cdbdc6d9f8 timed out. Re-enqueueing.
[Midd4VC] Job 90fa8a43-e8df-4254-8f22-1f61e7d03487 timed out. Re-enqueueing.
[Midd4VCServer] Assigning job 90fa8a43-e8df-4254-8f22-1f61e7d03487 to vehicle veh15
[Midd4VCServer] Assigning job e05b2bbd-b0ef-420d-bf41-d2cdbdc6d9f8 to vehicle veh7
[Midd4VCServer] Assigning job d232a90a-cfbc-4b55-a35c-fa1423e7bedb to vehicle veh37
[Midd4VCServer] job d232a90a-cfbc-4b55-a35c-fa1423e7bedb completed by vehicle veh37
[Midd4VCServer] Vehicle veh30 already registered.
[Midd4VCServer] job received: 6c2c623a-d9c5-4191-8400-7e4f7e05d78b
[Midd4VC] Job 12ca0190-da1c-46d4-b089-8e014c2461dc timed out. Re-enqueueing.
[Midd4VCServer] Assigning job 12ca0190-da1c-46d4-b089-8e014c2461dc to vehicle veh36
[Midd4VCServer] Assigning job 6c2c623a-d9c5-4191-8400-7e4f7e05d78b to vehicle veh32
[Midd4VCServer] Vehicle veh3 already registered.
[Midd4VCServer] Vehicle veh22 already registered.
[Midd4VCServer] job received: 4af150a0-ca10-4dd0-a00c-3d6d1cb32887
[Midd4VCServer] Assigning job 4af150a0-ca10-4dd0-a00c-3d6d1cb32887 to vehicle veh3
[Midd4VCServer] job 4af150a0-ca10-4dd0-a00c-3d6d1cb32887 completed by vehicle veh3
[Midd4VCServer] Vehicle veh28 already registered.
[Midd4VCServer] job received: d86dfe59-7ec4-47dc-b2a1-d4a53c90e142
[Midd4VC] Job 5abadfe3-df7b-461c-befd-f06b45106eea timed out. Re-enqueueing.
[Midd4VCServer] Assigning job 5abadfe3-df7b-461c-befd-f06b45106eea to vehicle veh23
[Midd4VCServer] Assigning job d86dfe59-7ec4-47dc-b2a1-d4a53c90e142 to vehicle veh38
[Midd4VCServer] job d86dfe59-7ec4-47dc-b2a1-d4a53c90e142 completed by vehicle veh38
[Midd4VCServer] job 5abadfe3-df7b-461c-befd-f06b45106eea completed by vehicle veh23
[Midd4VCServer] Vehicle veh23 already registered.
[Midd4VCServer] Vehicle veh13 already registered.
[Midd4VCServer] job received: dc1663a4-eb2d-4966-9e77-f92cd6749538
[Midd4VCServer] Assigning job dc1663a4-eb2d-4966-9e77-f92cd6749538 to vehicle veh23
[Midd4VCServer] job dc1663a4-eb2d-4966-9e77-f92cd6749538 completed by vehicle veh23
[Midd4VCServer] job received: e2f2c66b-635a-4d88-b23b-fa4d33c16507
[Midd4VCServer] Assigning job e2f2c66b-635a-4d88-b23b-fa4d33c16507 to vehicle veh23
[Midd4VCServer] job e2f2c66b-635a-4d88-b23b-fa4d33c16507 completed by vehicle veh23
[Midd4VCServer] job received: 3f8f5964-167b-4424-9e40-ae0273aa8a17
[Midd4VC] Job 913effa2-9403-4493-882b-98a53ebb9283 timed out. Re-enqueueing.
[Midd4VCServer] Assigning job 913effa2-9403-4493-882b-98a53ebb9283 to vehicle veh35
[Midd4VCServer] Assigning job 3f8f5964-167b-4424-9e40-ae0273aa8a17 to vehicle veh23
[Midd4VCServer] job 3f8f5964-167b-4424-9e40-ae0273aa8a17 completed by vehicle veh23
[Midd4VCServer] job received: 384d85e0-90e9-4eaf-b3c1-34c9ad74ef1b
[Midd4VCServer] Assigning job 384d85e0-90e9-4eaf-b3c1-34c9ad74ef1b to vehicle veh23
[Midd4VCServer] job 384d85e0-90e9-4eaf-b3c1-34c9ad74ef1b completed by vehicle veh23
[Midd4VCServer] Vehicle veh34 already registered.
[Midd4VCServer] job received: 5235be35-887c-48d1-8019-3ba0f1079fbd
[Midd4VC] Job 543f05cc-e881-467d-9d7e-087d8f6bcd5b timed out. Re-enqueueing.
[Midd4VC] Job 154a71c0-81f6-4a96-9800-7bc9c36ad9a6 timed out. Re-enqueueing.
[Midd4VC] Job fb7ee93b-1c76-46e3-a1a0-f023cc214f61 timed out. Re-enqueueing.
[Midd4VC] Job 6ef9dc04-290d-4a28-8d87-693e8cadf83f timed out. Re-enqueueing.
[Midd4VC] Job 86320571-b3a0-4d92-915f-56a43bc77ac0 timed out. Re-enqueueing.
[Midd4VCServer] Assigning job 86320571-b3a0-4d92-915f-56a43bc77ac0 to vehicle veh24
[Midd4VCServer] Assigning job 6ef9dc04-290d-4a28-8d87-693e8cadf83f to vehicle veh19
[Midd4VCServer] Assigning job fb7ee93b-1c76-46e3-a1a0-f023cc214f61 to vehicle veh31
[Midd4VCServer] Assigning job 154a71c0-81f6-4a96-9800-7bc9c36ad9a6 to vehicle veh33
[Midd4VCServer] Assigning job 543f05cc-e881-467d-9d7e-087d8f6bcd5b to vehicle veh1
[Midd4VCServer] Assigning job 5235be35-887c-48d1-8019-3ba0f1079fbd to vehicle veh26
[Midd4VCServer] job 5235be35-887c-48d1-8019-3ba0f1079fbd completed by vehicle veh26
[Midd4VCServer] job 6ef9dc04-290d-4a28-8d87-693e8cadf83f completed by vehicle veh19
[Midd4VCServer] job received: d3c82082-00cf-4d03-9abe-d800f40bc05a
[Midd4VCServer] Assigning job d3c82082-00cf-4d03-9abe-d800f40bc05a to vehicle veh19
[Midd4VCServer] job d3c82082-00cf-4d03-9abe-d800f40bc05a completed by vehicle veh19
[Midd4VCServer] Vehicle veh14 already registered.
[Midd4VCServer] Vehicle veh15 already registered.
[Midd4VCServer] Vehicle veh23 already registered.
[Midd4VCServer] Vehicle veh31 already registered.
[Midd4VCServer] Vehicle veh36 already registered.
[Midd4VCServer] job received: ee7a84a1-c8d3-4275-900b-b6b1feb09b20
[Midd4VC] Job c9278e94-4416-477d-b9cd-fe28cc5cdbe1 timed out. Re-enqueueing.
[Midd4VC] Job 2ca72d87-b449-4912-96f7-b047e1fdcf2a timed out. Re-enqueueing.
[Midd4VC] Job 06de1445-78e3-4fbb-89cf-00b9e3e5f046 timed out. Re-enqueueing.
[Midd4VC] Job 247dec55-2d15-44b4-998e-4bb93156955b timed out. Re-enqueueing.
[Midd4VC] Job 6ed147d6-0acc-4d89-8fc6-6f7bc3da9ff7 timed out. Re-enqueueing.
[Midd4VCServer] Assigning job 6ed147d6-0acc-4d89-8fc6-6f7bc3da9ff7 to vehicle veh28
[Midd4VCServer] Assigning job 247dec55-2d15-44b4-998e-4bb93156955b to vehicle veh6
[Midd4VCServer] Assigning job 06de1445-78e3-4fbb-89cf-00b9e3e5f046 to vehicle veh25
[Midd4VCServer] Assigning job 2ca72d87-b449-4912-96f7-b047e1fdcf2a to vehicle veh22
[Midd4VCServer] Assigning job c9278e94-4416-477d-b9cd-fe28cc5cdbe1 to vehicle veh17
[Midd4VCServer] Assigning job ee7a84a1-c8d3-4275-900b-b6b1feb09b20 to vehicle veh19
[Midd4VCServer] job 247dec55-2d15-44b4-998e-4bb93156955b completed by vehicle veh6
[Midd4VCServer] job 2ca72d87-b449-4912-96f7-b047e1fdcf2a completed by vehicle veh22
[Midd4VCServer] job ee7a84a1-c8d3-4275-900b-b6b1feb09b20 completed by vehicle veh19
[Midd4VCServer] job received: 522004f4-0735-468b-a772-59903f56bae8
[Midd4VCServer] Assigning job 522004f4-0735-468b-a772-59903f56bae8 to vehicle veh6
[Midd4VCServer] job 522004f4-0735-468b-a772-59903f56bae8 completed by vehicle veh6
[Midd4VCServer] Vehicle veh33 already registered.
[Midd4VCServer] job received: 2878d1c4-7c68-42d8-a23a-6185e96d6f23
[Midd4VCServer] Assigning job 2878d1c4-7c68-42d8-a23a-6185e96d6f23 to vehicle veh6
[Midd4VCServer] job 2878d1c4-7c68-42d8-a23a-6185e96d6f23 completed by vehicle veh6
[Midd4VCServer] job received: d04a7b62-309d-4035-a0b8-6e393c9e773f
[Midd4VCServer] Assigning job d04a7b62-309d-4035-a0b8-6e393c9e773f to vehicle veh22
[Midd4VCServer] job d04a7b62-309d-4035-a0b8-6e393c9e773f completed by vehicle veh22
[Midd4VCServer] job received: 418479d6-6cda-4dd5-9565-5080b3ebe2f9
[Midd4VCServer] Assigning job 418479d6-6cda-4dd5-9565-5080b3ebe2f9 to vehicle veh6
[Midd4VCServer] job 418479d6-6cda-4dd5-9565-5080b3ebe2f9 completed by vehicle veh6
[Midd4VCServer] job received: 60e7c933-ccaf-4930-858b-e130dae508dd
[Midd4VCServer] Assigning job 60e7c933-ccaf-4930-858b-e130dae508dd to vehicle veh22
[Midd4VCServer] job 60e7c933-ccaf-4930-858b-e130dae508dd completed by vehicle veh22
[Midd4VCServer] job received: 0c745b5b-ed3c-49b3-a707-a8920a65e263
[Midd4VCServer] Assigning job 0c745b5b-ed3c-49b3-a707-a8920a65e263 to vehicle veh6
[Midd4VCServer] job 0c745b5b-ed3c-49b3-a707-a8920a65e263 completed by vehicle veh6
[Midd4VCServer] Vehicle veh12 already registered.
[Midd4VCServer] Vehicle veh5 already registered.
[Midd4VCServer] job received: c2ba4878-46e9-4ba2-bfa4-27435f9b943a
[Midd4VC] Job dc8c53af-222d-4d03-bc60-b0d4ce312a6e timed out. Re-enqueueing.
[Midd4VC] Job 63fd907f-e2c2-48ad-9780-3c297efb201d timed out. Re-enqueueing.
[Midd4VCServer] Assigning job 63fd907f-e2c2-48ad-9780-3c297efb201d to vehicle veh40
[Midd4VCServer] Assigning job dc8c53af-222d-4d03-bc60-b0d4ce312a6e to vehicle veh20
[Midd4VCServer] Assigning job c2ba4878-46e9-4ba2-bfa4-27435f9b943a to vehicle veh11
[Midd4VCServer] Vehicle veh35 already registered.
[Midd4VCServer] Vehicle veh30 already registered.
[Midd4VCServer] job received: 95df797f-cdfe-44a0-9712-d37ddc5216c4
[Midd4VC] Job 81442ba1-182a-48f4-82e1-54826b944d32 timed out. Re-enqueueing.
[Midd4VCServer] Assigning job 81442ba1-182a-48f4-82e1-54826b944d32 to vehicle veh16
[Midd4VCServer] Assigning job 95df797f-cdfe-44a0-9712-d37ddc5216c4 to vehicle veh10
[Midd4VCServer] job 95df797f-cdfe-44a0-9712-d37ddc5216c4 completed by vehicle veh10
[Midd4VCServer] Vehicle veh39 already registered.
[Midd4VCServer] Vehicle veh2 already registered.
[Midd4VCServer] Vehicle veh11 already registered.
[Midd4VCServer] Vehicle veh27 already registered.
[Midd4VCServer] job received: 551c8bba-7043-46ba-bbb2-28d596983e2b
[Midd4VC] Job e91bee93-4397-4db0-9080-b22521e65852 timed out. Re-enqueueing.
[Midd4VC] Job 00879693-917a-4292-b6d6-f0d57b8a21bb timed out. Re-enqueueing.
[Midd4VC] Job 3b4da5b2-79e1-4e34-a214-388ea9324f29 timed out. Re-enqueueing.
[Midd4VCServer] Assigning job 3b4da5b2-79e1-4e34-a214-388ea9324f29 to vehicle veh2
[Midd4VCServer] Assigning job 00879693-917a-4292-b6d6-f0d57b8a21bb to vehicle veh13
[Midd4VCServer] Assigning job e91bee93-4397-4db0-9080-b22521e65852 to vehicle veh4
[Midd4VCServer] Assigning job 551c8bba-7043-46ba-bbb2-28d596983e2b to vehicle veh37
[Midd4VCServer] job 3b4da5b2-79e1-4e34-a214-388ea9324f29 completed by vehicle veh2
[Midd4VCServer] job received: 36882274-eb14-4b85-bf07-531ec8fe386d
[Midd4VCServer] Assigning job 36882274-eb14-4b85-bf07-531ec8fe386d to vehicle veh2
[Midd4VCServer] job 36882274-eb14-4b85-bf07-531ec8fe386d completed by vehicle veh2
[Midd4VCServer] Vehicle veh18 already registered.
[Midd4VCServer] job received: 858cb0cb-50c1-4a05-9b84-628730e1b0f4
[Midd4VCServer] Assigning job 858cb0cb-50c1-4a05-9b84-628730e1b0f4 to vehicle veh2
[Midd4VCServer] job 858cb0cb-50c1-4a05-9b84-628730e1b0f4 completed by vehicle veh2
[Midd4VCServer] job received: 724f8e76-403d-47a9-81f0-6e847025df82
[Midd4VCServer] Assigning job 724f8e76-403d-47a9-81f0-6e847025df82 to vehicle veh2
[Midd4VCServer] job 724f8e76-403d-47a9-81f0-6e847025df82 completed by vehicle veh2
[Midd4VCServer] Vehicle veh21 already registered.
[Midd4VCServer] Vehicle veh38 already registered.
[Midd4VCServer] Vehicle veh20 already registered.
[Midd4VCServer] Vehicle veh1 already registered.
[Midd4VCServer] Vehicle veh37 already registered.
[Midd4VCServer] Vehicle veh19 already registered.
[Midd4VCServer] job received: 98522077-6e6a-4a71-960d-f64b7101493b
[Midd4VCServer] Assigning job 98522077-6e6a-4a71-960d-f64b7101493b to vehicle veh2
[Midd4VCServer] job 98522077-6e6a-4a71-960d-f64b7101493b completed by vehicle veh2
[Midd4VCServer] Vehicle veh4 already registered.
[Midd4VCServer] Vehicle veh15 already registered.
[Midd4VCServer] job received: 002102ef-2a38-4637-bfd3-09de6fb59919
[Midd4VC] Job 1d8f7633-903b-421a-a9d2-e8ac6a749293 timed out. Re-enqueueing.
[Midd4VC] Job f17eb8ca-40e3-4f5b-814f-23e4cdfc7dc9 timed out. Re-enqueueing.
[Midd4VC] Job 819a7d81-044a-4ff3-99b3-ad031481521f timed out. Re-enqueueing.
[Midd4VCServer] Assigning job 819a7d81-044a-4ff3-99b3-ad031481521f to vehicle veh18
[Midd4VCServer] Assigning job f17eb8ca-40e3-4f5b-814f-23e4cdfc7dc9 to vehicle veh39
[Midd4VCServer] Assigning job 1d8f7633-903b-421a-a9d2-e8ac6a749293 to vehicle veh14
[Midd4VCServer] Assigning job 002102ef-2a38-4637-bfd3-09de6fb59919 to vehicle veh3
[Midd4VCServer] job f17eb8ca-40e3-4f5b-814f-23e4cdfc7dc9 completed by vehicle veh39
[Midd4VCServer] job 1d8f7633-903b-421a-a9d2-e8ac6a749293 completed by vehicle veh14
[Midd4VCServer] job 002102ef-2a38-4637-bfd3-09de6fb59919 completed by vehicle veh3
[Midd4VCServer] Vehicle veh17 already registered.
[Midd4VCServer] job received: 2ca2fb1c-4dc6-46ab-a671-280fd41442bb
[Midd4VCServer] Assigning job 2ca2fb1c-4dc6-46ab-a671-280fd41442bb to vehicle veh39
[Midd4VCServer] job 2ca2fb1c-4dc6-46ab-a671-280fd41442bb completed by vehicle veh39
[Midd4VCServer] Vehicle veh9 already registered.
[Midd4VCServer] job received: 1e528797-b524-49fa-9724-a56d6ebca75a
[Midd4VCServer] Assigning job 1e528797-b524-49fa-9724-a56d6ebca75a to vehicle veh39
[Midd4VCServer] job received: f020a00e-10a9-492b-b0f6-0f3505d690c3
[Midd4VCServer] Assigning job f020a00e-10a9-492b-b0f6-0f3505d690c3 to vehicle veh14
[Midd4VCServer] job f020a00e-10a9-492b-b0f6-0f3505d690c3 completed by vehicle veh14
[Midd4VCServer] Vehicle veh32 already registered.
[Midd4VCServer] job received: c1d28f55-6506-431d-8538-d5518d3e6978
[Midd4VCServer] Assigning job c1d28f55-6506-431d-8538-d5518d3e6978 to vehicle veh14
[Midd4VCServer] job c1d28f55-6506-431d-8538-d5518d3e6978 completed by vehicle veh14
[Midd4VCServer] job received: 18a228fe-17dc-4b97-b189-2949c4d13501
[Midd4VCServer] Assigning job 18a228fe-17dc-4b97-b189-2949c4d13501 to vehicle veh14
[Midd4VCServer] job 18a228fe-17dc-4b97-b189-2949c4d13501 completed by vehicle veh14
[Midd4VCServer] Vehicle veh12 already registered.
[Midd4VCServer] Vehicle veh19 already registered.
[Midd4VCServer] job received: 69cd4521-4241-49be-8056-8e15b6796a59
[Midd4VC] Job 3ec9b309-a5d1-4d41-8f31-9a6db83bcddb timed out. Re-enqueueing.
[Midd4VC] Job 53c00d3c-fcad-4228-95a8-688e72218aa6 timed out. Re-enqueueing.
[Midd4VC] Job 4c78dfcd-0843-461f-b81f-61b06e6ead46 timed out. Re-enqueueing.
[Midd4VCServer] Assigning job 4c78dfcd-0843-461f-b81f-61b06e6ead46 to vehicle veh29
[Midd4VCServer] Assigning job 53c00d3c-fcad-4228-95a8-688e72218aa6 to vehicle veh5
[Midd4VCServer] Assigning job 3ec9b309-a5d1-4d41-8f31-9a6db83bcddb to vehicle veh9
[Midd4VCServer] Assigning job 69cd4521-4241-49be-8056-8e15b6796a59 to vehicle veh38
[Midd4VCServer] job 4c78dfcd-0843-461f-b81f-61b06e6ead46 completed by vehicle veh29
[Midd4VCServer] job 69cd4521-4241-49be-8056-8e15b6796a59 completed by vehicle veh38
[Midd4VCServer] job 3ec9b309-a5d1-4d41-8f31-9a6db83bcddb completed by vehicle veh9
[Midd4VCServer] job received: 5a56c438-1184-45d8-bf1d-3913a975f6b5
[Midd4VCServer] Assigning job 5a56c438-1184-45d8-bf1d-3913a975f6b5 to vehicle veh29
[Midd4VCServer] job 5a56c438-1184-45d8-bf1d-3913a975f6b5 completed by vehicle veh29
[Midd4VCServer] Vehicle veh29 already registered.
[Midd4VCServer] job received: 0d324cf9-8b99-4ae4-8940-72c0abfd5cee
[Midd4VCServer] Assigning job 0d324cf9-8b99-4ae4-8940-72c0abfd5cee to vehicle veh29
[Midd4VCServer] job 0d324cf9-8b99-4ae4-8940-72c0abfd5cee completed by vehicle veh29
[Midd4VCServer] job received: 8d0203c4-a8dc-4f96-8174-602e5ecbedbd
[Midd4VCServer] Assigning job 8d0203c4-a8dc-4f96-8174-602e5ecbedbd to vehicle veh29
[Midd4VCServer] job 8d0203c4-a8dc-4f96-8174-602e5ecbedbd completed by vehicle veh29
[Midd4VCServer] job received: 6c6a1540-cffc-419e-bc63-5f0cc21902f6
[Midd4VCServer] Assigning job 6c6a1540-cffc-419e-bc63-5f0cc21902f6 to vehicle veh29
[Midd4VCServer] job 6c6a1540-cffc-419e-bc63-5f0cc21902f6 completed by vehicle veh29
[Midd4VCServer] Vehicle veh39 already registered.
[Midd4VCServer] Vehicle veh17 already registered.
[Midd4VCServer] job received: ec4df254-5161-4d53-952b-8de411e5b305
[Midd4VC] Job 0cf282fc-abef-4202-80a9-38315c142d85 timed out. Re-enqueueing.
[Midd4VC] Job fd8b8821-daa4-4c29-8dfe-a459f0e45cfc timed out. Re-enqueueing.
[Midd4VC] Job baab6ba3-5bdc-4ae0-8a59-c659f226a5fc timed out. Re-enqueueing.
[Midd4VC] Job e049d513-56e1-4d92-b3e4-9ea63e7c47de timed out. Re-enqueueing.
[Midd4VC] Job 2b898e8a-4c98-4b5c-9ccb-d686e6328132 timed out. Re-enqueueing.
[Midd4VC] Job a1e92d69-97da-4686-89df-6e3d9cf3e83c timed out. Re-enqueueing.
[Midd4VCServer] Assigning job a1e92d69-97da-4686-89df-6e3d9cf3e83c to vehicle veh34
[Midd4VCServer] Assigning job 2b898e8a-4c98-4b5c-9ccb-d686e6328132 to vehicle veh21
[Midd4VCServer] Assigning job e049d513-56e1-4d92-b3e4-9ea63e7c47de to vehicle veh8
[Midd4VCServer] Assigning job baab6ba3-5bdc-4ae0-8a59-c659f226a5fc to vehicle veh30
[Midd4VCServer] Assigning job fd8b8821-daa4-4c29-8dfe-a459f0e45cfc to vehicle veh27
[Midd4VCServer] Assigning job 0cf282fc-abef-4202-80a9-38315c142d85 to vehicle veh12
[Midd4VCServer] Assigning job ec4df254-5161-4d53-952b-8de411e5b305 to vehicle veh9
[Midd4VCServer] job 0cf282fc-abef-4202-80a9-38315c142d85 completed by vehicle veh12
[Midd4VCServer] Vehicle veh20 already registered.
[Midd4VCServer] job received: 2267555a-5cb4-4834-ab38-96586ef6288b
[Midd4VCServer] Assigning job 2267555a-5cb4-4834-ab38-96586ef6288b to vehicle veh12
[Midd4VCServer] job 2267555a-5cb4-4834-ab38-96586ef6288b completed by vehicle veh12
[Midd4VCServer] job received: 6a0fed2e-320c-41ff-8693-3d48bca47b55
[Midd4VCServer] Assigning job 6a0fed2e-320c-41ff-8693-3d48bca47b55 to vehicle veh29
[Midd4VCServer] job 6a0fed2e-320c-41ff-8693-3d48bca47b55 completed by vehicle veh29
[Midd4VCServer] job received: 4d9fa422-95c9-4cd9-b336-5bcdfa7e68f8
[Midd4VCServer] Assigning job 4d9fa422-95c9-4cd9-b336-5bcdfa7e68f8 to vehicle veh14
[Midd4VCServer] job received: 5a00b2cd-ac9e-4136-ba64-c5ba44b960a2
[Midd4VCServer] Assigning job 5a00b2cd-ac9e-4136-ba64-c5ba44b960a2 to vehicle veh19
[Midd4VCServer] Vehicle veh29 already registered.
[Midd4VCServer] Vehicle veh7 already registered.
[Midd4VCServer] Vehicle veh2 already registered.
[Midd4VCServer] Vehicle veh24 already registered.
[Midd4VCServer] Vehicle veh30 already registered.
[Midd4VCServer] Disconnected with result code 0
[Midd4VCServer] Server stopped.
[Midd4VCServer] Connected with result code 0
[Midd4VCServer] Server started and subscribed to topics.
[Midd4VCServer] Vehicle veh30 already registered.
[Midd4VCServer] Vehicle veh23 already registered.
[Midd4VCServer] Vehicle veh31 already registered.
[Midd4VCServer] Vehicle veh18 already registered.
[Midd4VCServer] Vehicle veh34 already registered.
[Midd4VCServer] job received: 622b7412-4f56-4b04-bc23-ec8f176aea4b
[Midd4VC] Job 90fa8a43-e8df-4254-8f22-1f61e7d03487 timed out. Re-enqueueing.
[Midd4VC] Job e05b2bbd-b0ef-420d-bf41-d2cdbdc6d9f8 timed out. Re-enqueueing.
[Midd4VC] Job 12ca0190-da1c-46d4-b089-8e014c2461dc timed out. Re-enqueueing.
[Midd4VC] Job 6c2c623a-d9c5-4191-8400-7e4f7e05d78b timed out. Re-enqueueing.
[Midd4VC] Job 913effa2-9403-4493-882b-98a53ebb9283 timed out. Re-enqueueing.
[Midd4VC] Job 86320571-b3a0-4d92-915f-56a43bc77ac0 timed out. Re-enqueueing.
[Midd4VC] Job fb7ee93b-1c76-46e3-a1a0-f023cc214f61 timed out. Re-enqueueing.
[Midd4VC] Job 154a71c0-81f6-4a96-9800-7bc9c36ad9a6 timed out. Re-enqueueing.
[Midd4VC] Job 543f05cc-e881-467d-9d7e-087d8f6bcd5b timed out. Re-enqueueing.
[Midd4VC] Job 6ed147d6-0acc-4d89-8fc6-6f7bc3da9ff7 timed out. Re-enqueueing.
[Midd4VC] Job 06de1445-78e3-4fbb-89cf-00b9e3e5f046 timed out. Re-enqueueing.
[Midd4VC] Job c9278e94-4416-477d-b9cd-fe28cc5cdbe1 timed out. Re-enqueueing.
[Midd4VC] Job 63fd907f-e2c2-48ad-9780-3c297efb201d timed out. Re-enqueueing.
[Midd4VC] Job dc8c53af-222d-4d03-bc60-b0d4ce312a6e timed out. Re-enqueueing.
[Midd4VC] Job c2ba4878-46e9-4ba2-bfa4-27435f9b943a timed out. Re-enqueueing.
[Midd4VCServer] Assigning job c2ba4878-46e9-4ba2-bfa4-27435f9b943a to vehicle veh40
[Midd4VCServer] Assigning job dc8c53af-222d-4d03-bc60-b0d4ce312a6e to vehicle veh24
[Midd4VCServer] Assigning job 63fd907f-e2c2-48ad-9780-3c297efb201d to vehicle veh20
[Midd4VCServer] Assigning job c9278e94-4416-477d-b9cd-fe28cc5cdbe1 to vehicle veh28
[Midd4VCServer] Assigning job 06de1445-78e3-4fbb-89cf-00b9e3e5f046 to vehicle veh25
[Midd4VCServer] Assigning job 6ed147d6-0acc-4d89-8fc6-6f7bc3da9ff7 to vehicle veh15
[Midd4VCServer] Assigning job 543f05cc-e881-467d-9d7e-087d8f6bcd5b to vehicle veh7
[Midd4VCServer] Assigning job 154a71c0-81f6-4a96-9800-7bc9c36ad9a6 to vehicle veh36
[Midd4VCServer] Assigning job fb7ee93b-1c76-46e3-a1a0-f023cc214f61 to vehicle veh35
[Midd4VCServer] Assigning job 86320571-b3a0-4d92-915f-56a43bc77ac0 to vehicle veh31
[Midd4VCServer] Assigning job 913effa2-9403-4493-882b-98a53ebb9283 to vehicle veh33
[Midd4VCServer] Assigning job 6c2c623a-d9c5-4191-8400-7e4f7e05d78b to vehicle veh1
[Midd4VCServer] Assigning job 12ca0190-da1c-46d4-b089-8e014c2461dc to vehicle veh17
[Midd4VCServer] Assigning job e05b2bbd-b0ef-420d-bf41-d2cdbdc6d9f8 to vehicle veh32
[Midd4VCServer] Assigning job 90fa8a43-e8df-4254-8f22-1f61e7d03487 to vehicle veh11
[Midd4VCServer] Assigning job 622b7412-4f56-4b04-bc23-ec8f176aea4b to vehicle veh23
[Midd4VCServer] job 06de1445-78e3-4fbb-89cf-00b9e3e5f046 completed by vehicle veh25
[Midd4VCServer] job 6ed147d6-0acc-4d89-8fc6-6f7bc3da9ff7 completed by vehicle veh15
[Midd4VCServer] job 154a71c0-81f6-4a96-9800-7bc9c36ad9a6 completed by vehicle veh36
[Midd4VCServer] job 622b7412-4f56-4b04-bc23-ec8f176aea4b completed by vehicle veh23
[Midd4VCServer] job 86320571-b3a0-4d92-915f-56a43bc77ac0 completed by vehicle veh31
[Midd4VCServer] Vehicle veh12 already registered.
[Midd4VCServer] job received: 75669a7e-4fa0-4e6f-ab14-ba8839b6b8d0
[Midd4VCServer] Assigning job 75669a7e-4fa0-4e6f-ab14-ba8839b6b8d0 to vehicle veh25
[Midd4VCServer] job 75669a7e-4fa0-4e6f-ab14-ba8839b6b8d0 completed by vehicle veh25
[Midd4VCServer] job received: 62ef07fa-554f-43a3-bfe6-dd810a9c634b
[Midd4VCServer] Assigning job 62ef07fa-554f-43a3-bfe6-dd810a9c634b to vehicle veh15
[Midd4VCServer] job 62ef07fa-554f-43a3-bfe6-dd810a9c634b completed by vehicle veh15
[Midd4VCServer] Vehicle veh24 already registered.
[Midd4VCServer] Vehicle veh39 already registered.
[Midd4VCServer] Vehicle veh2 already registered.
[Midd4VCServer] job received: 8d77c45f-f229-44be-a061-4e8bddcf8872
[Midd4VC] Job 81442ba1-182a-48f4-82e1-54826b944d32 timed out. Re-enqueueing.
[Midd4VC] Job 00879693-917a-4292-b6d6-f0d57b8a21bb timed out. Re-enqueueing.
[Midd4VC] Job e91bee93-4397-4db0-9080-b22521e65852 timed out. Re-enqueueing.
[Midd4VC] Job 551c8bba-7043-46ba-bbb2-28d596983e2b timed out. Re-enqueueing.
[Midd4VCServer] Assigning job 551c8bba-7043-46ba-bbb2-28d596983e2b to vehicle veh16
[Midd4VCServer] Assigning job e91bee93-4397-4db0-9080-b22521e65852 to vehicle veh13
[Midd4VCServer] Assigning job 00879693-917a-4292-b6d6-f0d57b8a21bb to vehicle veh4
[Midd4VCServer] Assigning job 81442ba1-182a-48f4-82e1-54826b944d32 to vehicle veh36
[Midd4VCServer] Assigning job 8d77c45f-f229-44be-a061-4e8bddcf8872 to vehicle veh31
[Midd4VCServer] job e91bee93-4397-4db0-9080-b22521e65852 completed by vehicle veh13
[Midd4VCServer] job 8d77c45f-f229-44be-a061-4e8bddcf8872 completed by vehicle veh31
[Midd4VCServer] Vehicle veh8 already registered.
[Midd4VCServer] job received: 3a7dee60-380d-43cb-8679-2d0d53d33544
[Midd4VCServer] Assigning job 3a7dee60-380d-43cb-8679-2d0d53d33544 to vehicle veh13
[Midd4VCServer] job 3a7dee60-380d-43cb-8679-2d0d53d33544 completed by vehicle veh13
[Midd4VCServer] Vehicle veh13 already registered.
[Midd4VCServer] job received: 86cc8af8-c086-40d5-8794-fc8aa8aeca0b
[Midd4VCServer] Assigning job 86cc8af8-c086-40d5-8794-fc8aa8aeca0b to vehicle veh25
[Midd4VCServer] job received: 74c07b31-d1f7-497c-8e76-1dc12a4f71d7
[Midd4VCServer] Assigning job 74c07b31-d1f7-497c-8e76-1dc12a4f71d7 to vehicle veh13
[Midd4VCServer] job 74c07b31-d1f7-497c-8e76-1dc12a4f71d7 completed by vehicle veh13
[Midd4VCServer] job received: 49ea73d0-75e5-44de-86fc-e9c5aca2c501
[Midd4VCServer] Assigning job 49ea73d0-75e5-44de-86fc-e9c5aca2c501 to vehicle veh15
[Midd4VCServer] job received: 43c642c2-c53e-4c49-bd6f-a36005d06713
[Midd4VCServer] Assigning job 43c642c2-c53e-4c49-bd6f-a36005d06713 to vehicle veh31
[Midd4VCServer] job 43c642c2-c53e-4c49-bd6f-a36005d06713 completed by vehicle veh31
[Midd4VCServer] job received: 7f3f9e33-21eb-47c6-904b-43b2d35ceadc
[Midd4VCServer] Assigning job 7f3f9e33-21eb-47c6-904b-43b2d35ceadc to vehicle veh13
[Midd4VCServer] job 7f3f9e33-21eb-47c6-904b-43b2d35ceadc completed by vehicle veh13
[Midd4VCServer] Vehicle veh40 already registered.
[Midd4VCServer] Vehicle veh15 already registered.
[Midd4VCServer] Vehicle veh9 already registered.
[Midd4VCServer] job received: 30f900bd-43ac-4c8d-b779-8e50b84f8c5c
[Midd4VCServer] Assigning job 30f900bd-43ac-4c8d-b779-8e50b84f8c5c to vehicle veh37
[Midd4VCServer] job 30f900bd-43ac-4c8d-b779-8e50b84f8c5c completed by vehicle veh37
[Midd4VCServer] Vehicle veh19 already registered.
[Midd4VCServer] Vehicle veh16 already registered.
[Midd4VCServer] Vehicle veh4 already registered.
[Midd4VCServer] job received: 0b281edf-c7a5-48ea-888a-44c59cc472d9
[Midd4VCServer] Assigning job 0b281edf-c7a5-48ea-888a-44c59cc472d9 to vehicle veh31
[Midd4VCServer] job 0b281edf-c7a5-48ea-888a-44c59cc472d9 completed by vehicle veh31
[Midd4VCServer] Vehicle veh37 already registered.
[Midd4VCServer] Vehicle veh5 already registered.
[Midd4VCServer] Vehicle veh28 already registered.
[Midd4VCServer] job received: b7222bec-09f8-4c3a-91b7-779c6345d9f8
[Midd4VC] Job 819a7d81-044a-4ff3-99b3-ad031481521f timed out. Re-enqueueing.
[Midd4VC] Job 1e528797-b524-49fa-9724-a56d6ebca75a timed out. Re-enqueueing.
[Midd4VCServer] Assigning job 1e528797-b524-49fa-9724-a56d6ebca75a to vehicle veh18
[Midd4VCServer] Assigning job 819a7d81-044a-4ff3-99b3-ad031481521f to vehicle veh39
[Midd4VCServer] Assigning job b7222bec-09f8-4c3a-91b7-779c6345d9f8 to vehicle veh22
[Midd4VCServer] Vehicle veh4 already registered.
[Midd4VCServer] job received: c1ccb955-8cc2-412f-a263-dac55d586c40
[Midd4VCServer] Assigning job c1ccb955-8cc2-412f-a263-dac55d586c40 to vehicle veh26
[Midd4VCServer] Vehicle veh11 already registered.
[Midd4VCServer] Vehicle veh12 already registered.
[Midd4VCServer] job received: 6bc93827-7839-4948-8174-ac538d1af107
[Midd4VC] Job 53c00d3c-fcad-4228-95a8-688e72218aa6 timed out. Re-enqueueing.
[Midd4VCServer] Assigning job 53c00d3c-fcad-4228-95a8-688e72218aa6 to vehicle veh5
[Midd4VCServer] Assigning job 6bc93827-7839-4948-8174-ac538d1af107 to vehicle veh6
[Midd4VCServer] job 53c00d3c-fcad-4228-95a8-688e72218aa6 completed by vehicle veh5
[Midd4VCServer] job received: 379cd50b-1a61-47ca-94aa-d55dc599fb88
[Midd4VCServer] Assigning job 379cd50b-1a61-47ca-94aa-d55dc599fb88 to vehicle veh5
[Midd4VCServer] job 379cd50b-1a61-47ca-94aa-d55dc599fb88 completed by vehicle veh5
[Midd4VCServer] job received: 0ea144a5-7136-4bf7-bbea-f43b93500cc8
[Midd4VCServer] Assigning job 0ea144a5-7136-4bf7-bbea-f43b93500cc8 to vehicle veh5
[Midd4VCServer] job 0ea144a5-7136-4bf7-bbea-f43b93500cc8 completed by vehicle veh5
[Midd4VCServer] job received: a6fa5ec2-8bf3-4867-9818-18f20b012e6b
[Midd4VCServer] Assigning job a6fa5ec2-8bf3-4867-9818-18f20b012e6b to vehicle veh13
[Midd4VCServer] job a6fa5ec2-8bf3-4867-9818-18f20b012e6b completed by vehicle veh13
[Midd4VCServer] Vehicle veh32 already registered.
[Midd4VCServer] job received: 9c842591-fe2b-4087-87b3-98dee3a3afb1
[Midd4VCServer] Assigning job 9c842591-fe2b-4087-87b3-98dee3a3afb1 to vehicle veh12
[Midd4VCServer] job 9c842591-fe2b-4087-87b3-98dee3a3afb1 completed by vehicle veh12
[Midd4VCServer] job received: 6a68c60e-d44a-4205-82c6-2b8cdc8f31bc
[Midd4VCServer] Assigning job 6a68c60e-d44a-4205-82c6-2b8cdc8f31bc to vehicle veh29
[Midd4VCServer] job 6a68c60e-d44a-4205-82c6-2b8cdc8f31bc completed by vehicle veh29
[Midd4VCServer] job received: 1d92aed2-c56b-438c-895d-6f44c35a2ce0
[Midd4VCServer] Assigning job 1d92aed2-c56b-438c-895d-6f44c35a2ce0 to vehicle veh10
[Midd4VCServer] job received: 33d18caf-31bd-4b80-ae6b-dd0d76bf235d
[Midd4VCServer] Assigning job 33d18caf-31bd-4b80-ae6b-dd0d76bf235d to vehicle veh2
[Midd4VCServer] Vehicle veh40 already registered.
[Midd4VCServer] Vehicle veh29 already registered.
[Midd4VCServer] Vehicle veh20 already registered.
[Midd4VCServer] Vehicle veh33 already registered.
[Midd4VCServer] Vehicle veh27 already registered.
[Midd4VCServer] job received: f862bc89-6d94-486a-b5f7-9fd6b87c03d5
[Midd4VC] Job a1e92d69-97da-4686-89df-6e3d9cf3e83c timed out. Re-enqueueing.
[Midd4VC] Job 2b898e8a-4c98-4b5c-9ccb-d686e6328132 timed out. Re-enqueueing.
[Midd4VC] Job e049d513-56e1-4d92-b3e4-9ea63e7c47de timed out. Re-enqueueing.
[Midd4VC] Job baab6ba3-5bdc-4ae0-8a59-c659f226a5fc timed out. Re-enqueueing.
[Midd4VC] Job fd8b8821-daa4-4c29-8dfe-a459f0e45cfc timed out. Re-enqueueing.
[Midd4VC] Job ec4df254-5161-4d53-952b-8de411e5b305 timed out. Re-enqueueing.
[Midd4VC] Job 4d9fa422-95c9-4cd9-b336-5bcdfa7e68f8 timed out. Re-enqueueing.
[Midd4VC] Job 5a00b2cd-ac9e-4136-ba64-c5ba44b960a2 timed out. Re-enqueueing.
[Midd4VCServer] Assigning job 5a00b2cd-ac9e-4136-ba64-c5ba44b960a2 to vehicle veh34
[Midd4VCServer] Assigning job 4d9fa422-95c9-4cd9-b336-5bcdfa7e68f8 to vehicle veh21
[Midd4VCServer] Assigning job ec4df254-5161-4d53-952b-8de411e5b305 to vehicle veh8
[Midd4VCServer] Assigning job fd8b8821-daa4-4c29-8dfe-a459f0e45cfc to vehicle veh30
[Midd4VCServer] Assigning job baab6ba3-5bdc-4ae0-8a59-c659f226a5fc to vehicle veh27
[Midd4VCServer] Assigning job e049d513-56e1-4d92-b3e4-9ea63e7c47de to vehicle veh9
[Midd4VCServer] Assigning job 2b898e8a-4c98-4b5c-9ccb-d686e6328132 to vehicle veh14
[Midd4VCServer] Assigning job a1e92d69-97da-4686-89df-6e3d9cf3e83c to vehicle veh19
[Midd4VCServer] Assigning job f862bc89-6d94-486a-b5f7-9fd6b87c03d5 to vehicle veh37
[Midd4VCServer] job ec4df254-5161-4d53-952b-8de411e5b305 completed by vehicle veh8
[Midd4VCServer] job baab6ba3-5bdc-4ae0-8a59-c659f226a5fc completed by vehicle veh27
[Midd4VCServer] job a1e92d69-97da-4686-89df-6e3d9cf3e83c completed by vehicle veh19
[Midd4VCServer] Vehicle veh19 already registered.
[Midd4VCServer] Vehicle veh1 already registered.
[Midd4VCServer] job received: d6681245-80ff-449f-be14-a2d15d5bfa79
[Midd4VCServer] Assigning job d6681245-80ff-449f-be14-a2d15d5bfa79 to vehicle veh8
[Midd4VCServer] job d6681245-80ff-449f-be14-a2d15d5bfa79 completed by vehicle veh8
[Midd4VCServer] job received: 6ce416b5-4fdb-4694-87c3-1b922f896b82
[Midd4VCServer] Assigning job 6ce416b5-4fdb-4694-87c3-1b922f896b82 to vehicle veh27
[Midd4VCServer] job 6ce416b5-4fdb-4694-87c3-1b922f896b82 completed by vehicle veh27
[Midd4VCServer] Vehicle veh16 already registered.
[Midd4VCServer] job received: 0b98a1d8-9d2a-45de-95a7-7fca9021b4bf
[Midd4VCServer] Assigning job 0b98a1d8-9d2a-45de-95a7-7fca9021b4bf to vehicle veh8
[Midd4VCServer] job 0b98a1d8-9d2a-45de-95a7-7fca9021b4bf completed by vehicle veh8
[Midd4VCServer] job received: 58b6643b-e7a8-4493-84ce-b9f5c6d09bf5
[Midd4VCServer] Assigning job 58b6643b-e7a8-4493-84ce-b9f5c6d09bf5 to vehicle veh27
[Midd4VCServer] job 58b6643b-e7a8-4493-84ce-b9f5c6d09bf5 completed by vehicle veh27
[Midd4VCServer] job received: b507cfe6-d10d-44b5-b5b8-18ce483fe07c
[Midd4VCServer] Assigning job b507cfe6-d10d-44b5-b5b8-18ce483fe07c to vehicle veh8
[Midd4VCServer] job b507cfe6-d10d-44b5-b5b8-18ce483fe07c completed by vehicle veh8
[Midd4VCServer] Vehicle veh8 already registered.
[Midd4VCServer] job received: 85e0b940-ef52-4a32-a544-b6acd374e97f
[Midd4VCServer] Assigning job 85e0b940-ef52-4a32-a544-b6acd374e97f to vehicle veh27
[Midd4VCServer] job 85e0b940-ef52-4a32-a544-b6acd374e97f completed by vehicle veh27
[Midd4VCServer] Vehicle veh36 already registered.
[Midd4VCServer] Vehicle veh30 already registered.
[Midd4VCServer] job received: feff7360-5a9e-4f59-8b14-0666fd85bdd2
[Midd4VCServer] Assigning job feff7360-5a9e-4f59-8b14-0666fd85bdd2 to vehicle veh8
[Midd4VCServer] job feff7360-5a9e-4f59-8b14-0666fd85bdd2 completed by vehicle veh8
[Midd4VCServer] job received: 3441489a-1b16-438d-b58e-1803c0b8bd7f
[Midd4VCServer] Assigning job 3441489a-1b16-438d-b58e-1803c0b8bd7f to vehicle veh27
[Midd4VCServer] job 3441489a-1b16-438d-b58e-1803c0b8bd7f completed by vehicle veh27
[Midd4VCServer] Vehicle veh26 already registered.
[Midd4VCServer] job received: e5cc0e60-413a-4f9e-902f-bdf70f803b47
[Midd4VCServer] Assigning job e5cc0e60-413a-4f9e-902f-bdf70f803b47 to vehicle veh3
[Midd4VCServer] job received: aef78c0c-cb75-4abe-b729-5ed4445eec0f
[Midd4VCServer] Assigning job aef78c0c-cb75-4abe-b729-5ed4445eec0f to vehicle veh5
[Midd4VCServer] job aef78c0c-cb75-4abe-b729-5ed4445eec0f completed by vehicle veh5
[Midd4VCServer] Vehicle veh9 already registered.
[Midd4VCServer] job received: fb4d8a3b-fb55-4337-ab41-64d70beb555e
[Midd4VCServer] Assigning job fb4d8a3b-fb55-4337-ab41-64d70beb555e to vehicle veh38
[Midd4VCServer] Vehicle veh34 already registered.
[Midd4VCServer] Vehicle veh20 already registered.
[Midd4VCServer] Vehicle veh17 already registered.
[Midd4VCServer] job received: be1c8529-1361-448c-baf8-faa21602e943
[Midd4VCServer] Assigning job be1c8529-1361-448c-baf8-faa21602e943 to vehicle veh19
[Midd4VCServer] job received: 35689bd0-48c2-4027-8ddc-3b6fea10f724
[Midd4VCServer] Assigning job 35689bd0-48c2-4027-8ddc-3b6fea10f724 to vehicle veh31
[Midd4VCServer] job received: abb7ec92-320a-4f24-93cb-e896711bc718
[Midd4VCServer] Assigning job abb7ec92-320a-4f24-93cb-e896711bc718 to vehicle veh23
[Midd4VCServer] job received: 78621c15-a96d-4ed2-99f4-ec2228dbd064
[Midd4VCServer] Assigning job 78621c15-a96d-4ed2-99f4-ec2228dbd064 to vehicle veh8
[Midd4VCServer] job 78621c15-a96d-4ed2-99f4-ec2228dbd064 completed by vehicle veh8
[Midd4VCServer] Vehicle veh37 already registered.
[Midd4VCServer] job received: 64bb847d-1d43-463c-a145-124a519bcf83
[Midd4VCServer] Assigning job 64bb847d-1d43-463c-a145-124a519bcf83 to vehicle veh13
[Midd4VCServer] Vehicle veh28 already registered.
[Midd4VCServer] job received: 85420fd7-4669-4a67-b006-cc914a736a78
[Midd4VCServer] Assigning job 85420fd7-4669-4a67-b006-cc914a736a78 to vehicle veh12
[Midd4VCServer] Vehicle veh20 already registered.
[Midd4VCServer] Vehicle veh33 already registered.
[Midd4VCServer] Vehicle veh13 already registered.
[Midd4VCServer] Vehicle veh11 already registered.
[Midd4VCServer] Vehicle veh6 already registered.
[Midd4VCServer] job received: 1c266475-0f3a-48f9-8eb5-928af7828fe5
[Midd4VCServer] Assigning job 1c266475-0f3a-48f9-8eb5-928af7828fe5 to vehicle veh27
[Midd4VCServer] Vehicle veh31 already registered.
[Midd4VCServer] job received: d82d99c6-df30-44dd-9289-203e687d67ac
[Midd4VC] Job c2ba4878-46e9-4ba2-bfa4-27435f9b943a timed out. Re-enqueueing.
[Midd4VC] Job dc8c53af-222d-4d03-bc60-b0d4ce312a6e timed out. Re-enqueueing.
[Midd4VC] Job 63fd907f-e2c2-48ad-9780-3c297efb201d timed out. Re-enqueueing.
[Midd4VC] Job c9278e94-4416-477d-b9cd-fe28cc5cdbe1 timed out. Re-enqueueing.
[Midd4VC] Job 543f05cc-e881-467d-9d7e-087d8f6bcd5b timed out. Re-enqueueing.
[Midd4VC] Job fb7ee93b-1c76-46e3-a1a0-f023cc214f61 timed out. Re-enqueueing.
[Midd4VC] Job 913effa2-9403-4493-882b-98a53ebb9283 timed out. Re-enqueueing.
[Midd4VC] Job 6c2c623a-d9c5-4191-8400-7e4f7e05d78b timed out. Re-enqueueing.
[Midd4VC] Job 12ca0190-da1c-46d4-b089-8e014c2461dc timed out. Re-enqueueing.
[Midd4VC] Job e05b2bbd-b0ef-420d-bf41-d2cdbdc6d9f8 timed out. Re-enqueueing.
[Midd4VC] Job 90fa8a43-e8df-4254-8f22-1f61e7d03487 timed out. Re-enqueueing.
[Midd4VCServer] Assigning job 90fa8a43-e8df-4254-8f22-1f61e7d03487 to vehicle veh40
[Midd4VCServer] Assigning job e05b2bbd-b0ef-420d-bf41-d2cdbdc6d9f8 to vehicle veh24
[Midd4VCServer] Assigning job 12ca0190-da1c-46d4-b089-8e014c2461dc to vehicle veh20
[Midd4VCServer] Assigning job 6c2c623a-d9c5-4191-8400-7e4f7e05d78b to vehicle veh28
[Midd4VCServer] Assigning job 913effa2-9403-4493-882b-98a53ebb9283 to vehicle veh7
[Midd4VCServer] Assigning job fb7ee93b-1c76-46e3-a1a0-f023cc214f61 to vehicle veh35
[Midd4VCServer] Assigning job 543f05cc-e881-467d-9d7e-087d8f6bcd5b to vehicle veh33
[Midd4VCServer] Assigning job c9278e94-4416-477d-b9cd-fe28cc5cdbe1 to vehicle veh1
[Midd4VCServer] Assigning job 63fd907f-e2c2-48ad-9780-3c297efb201d to vehicle veh17
[Midd4VCServer] Assigning job dc8c53af-222d-4d03-bc60-b0d4ce312a6e to vehicle veh32
[Midd4VCServer] Assigning job c2ba4878-46e9-4ba2-bfa4-27435f9b943a to vehicle veh11
[Midd4VCServer] Assigning job d82d99c6-df30-44dd-9289-203e687d67ac to vehicle veh29
[Midd4VCServer] job 63fd907f-e2c2-48ad-9780-3c297efb201d completed by vehicle veh17
[Midd4VCServer] job 90fa8a43-e8df-4254-8f22-1f61e7d03487 completed by vehicle veh40
[Midd4VCServer] job c2ba4878-46e9-4ba2-bfa4-27435f9b943a completed by vehicle veh11
[Midd4VCServer] job 6c2c623a-d9c5-4191-8400-7e4f7e05d78b completed by vehicle veh28
[Midd4VCServer] job 12ca0190-da1c-46d4-b089-8e014c2461dc completed by vehicle veh20
[Midd4VCServer] job received: d6908e75-049d-4e52-8017-b578eedcffa8
[Midd4VCServer] Assigning job d6908e75-049d-4e52-8017-b578eedcffa8 to vehicle veh40
[Midd4VCServer] job d6908e75-049d-4e52-8017-b578eedcffa8 completed by vehicle veh40
[Midd4VCServer] job received: d940e3b5-0a98-4c2f-ae9c-83156b80413b
[Midd4VCServer] Assigning job d940e3b5-0a98-4c2f-ae9c-83156b80413b to vehicle veh40
[Midd4VCServer] job d940e3b5-0a98-4c2f-ae9c-83156b80413b completed by vehicle veh40
[Midd4VCServer] Vehicle veh9 already registered.
[Midd4VCServer] Vehicle veh19 already registered.
[Midd4VCServer] job received: c79048e8-52aa-462c-90cd-b32d45cd6c31
[Midd4VCServer] Assigning job c79048e8-52aa-462c-90cd-b32d45cd6c31 to vehicle veh40
[Midd4VCServer] job c79048e8-52aa-462c-90cd-b32d45cd6c31 completed by vehicle veh40
[Midd4VCServer] job received: edb189ab-04d4-430b-a646-61fb8ae4de30
[Midd4VCServer] Assigning job edb189ab-04d4-430b-a646-61fb8ae4de30 to vehicle veh20
[Midd4VCServer] job edb189ab-04d4-430b-a646-61fb8ae4de30 completed by vehicle veh20
[Midd4VCServer] job received: 2f61d704-4a7c-47e2-b6e6-0726afdcf08a
[Midd4VCServer] Assigning job 2f61d704-4a7c-47e2-b6e6-0726afdcf08a to vehicle veh40
[Midd4VCServer] job 2f61d704-4a7c-47e2-b6e6-0726afdcf08a completed by vehicle veh40
[Midd4VCServer] Vehicle veh35 already registered.
[Midd4VCServer] Vehicle veh37 already registered.
[Midd4VCServer] Vehicle veh23 already registered.
[Midd4VCServer] Vehicle veh1 already registered.
[Midd4VCServer] job received: db393493-d989-4e32-8ee6-fb1565ec80d3
[Midd4VC] Job 551c8bba-7043-46ba-bbb2-28d596983e2b timed out. Re-enqueueing.
[Midd4VC] Job 00879693-917a-4292-b6d6-f0d57b8a21bb timed out. Re-enqueueing.
[Midd4VC] Job 81442ba1-182a-48f4-82e1-54826b944d32 timed out. Re-enqueueing.
[Midd4VC] Job 86cc8af8-c086-40d5-8794-fc8aa8aeca0b timed out. Re-enqueueing.
[Midd4VC] Job 49ea73d0-75e5-44de-86fc-e9c5aca2c501 timed out. Re-enqueueing.
[Midd4VCServer] Assigning job 49ea73d0-75e5-44de-86fc-e9c5aca2c501 to vehicle veh28
[Midd4VCServer] Assigning job 86cc8af8-c086-40d5-8794-fc8aa8aeca0b to vehicle veh16
[Midd4VCServer] Assigning job 81442ba1-182a-48f4-82e1-54826b944d32 to vehicle veh4
[Midd4VCServer] Assigning job 00879693-917a-4292-b6d6-f0d57b8a21bb to vehicle veh20
[Midd4VCServer] Assigning job 551c8bba-7043-46ba-bbb2-28d596983e2b to vehicle veh40
[Midd4VCServer] Assigning job db393493-d989-4e32-8ee6-fb1565ec80d3 to vehicle veh36
[Midd4VCServer] job 49ea73d0-75e5-44de-86fc-e9c5aca2c501 completed by vehicle veh28
[Midd4VCServer] job 551c8bba-7043-46ba-bbb2-28d596983e2b completed by vehicle veh40
[Midd4VCServer] job db393493-d989-4e32-8ee6-fb1565ec80d3 completed by vehicle veh36
[Midd4VCServer] job received: 8dc315af-54ef-42db-89f0-ac67a3e92eef
[Midd4VCServer] Assigning job 8dc315af-54ef-42db-89f0-ac67a3e92eef to vehicle veh28
[Midd4VCServer] job 8dc315af-54ef-42db-89f0-ac67a3e92eef completed by vehicle veh28
[Midd4VCServer] Vehicle veh12 already registered.
[Midd4VCServer] job received: 896e0367-a98c-4d34-a86a-b204e3967f8c
[Midd4VCServer] Assigning job 896e0367-a98c-4d34-a86a-b204e3967f8c to vehicle veh25
[Midd4VCServer] job received: fa2ed80a-7b4a-458d-88f8-bf8372cfe745
[Midd4VCServer] Assigning job fa2ed80a-7b4a-458d-88f8-bf8372cfe745 to vehicle veh40
[Midd4VCServer] job fa2ed80a-7b4a-458d-88f8-bf8372cfe745 completed by vehicle veh40
[Midd4VCServer] job received: 143568f2-ece0-47f8-b120-9da60330b26d
[Midd4VC] Job 1e528797-b524-49fa-9724-a56d6ebca75a timed out. Re-enqueueing.
[Midd4VC] Job 819a7d81-044a-4ff3-99b3-ad031481521f timed out. Re-enqueueing.
[Midd4VC] Job b7222bec-09f8-4c3a-91b7-779c6345d9f8 timed out. Re-enqueueing.
[Midd4VCServer] Assigning job b7222bec-09f8-4c3a-91b7-779c6345d9f8 to vehicle veh18
[Midd4VCServer] Assigning job 819a7d81-044a-4ff3-99b3-ad031481521f to vehicle veh39
[Midd4VCServer] Assigning job 1e528797-b524-49fa-9724-a56d6ebca75a to vehicle veh28
[Midd4VCServer] Assigning job 143568f2-ece0-47f8-b120-9da60330b26d to vehicle veh17
[Midd4VCServer] job 1e528797-b524-49fa-9724-a56d6ebca75a completed by vehicle veh28
[Midd4VCServer] job received: a7ac01bc-f902-462c-abaf-1277e939131b
[Midd4VCServer] Assigning job a7ac01bc-f902-462c-abaf-1277e939131b to vehicle veh15
[Midd4VCServer] job received: 706c2b62-4233-4bf3-b4d3-85a9a251fb3d
[Midd4VCServer] Assigning job 706c2b62-4233-4bf3-b4d3-85a9a251fb3d to vehicle veh36
[Midd4VCServer] job 706c2b62-4233-4bf3-b4d3-85a9a251fb3d completed by vehicle veh36
[Midd4VCServer] Vehicle veh38 already registered.
[Midd4VCServer] Vehicle veh32 already registered.
[Midd4VCServer] Vehicle veh12 already registered.
[Midd4VCServer] job received: 828bef83-ea48-4a48-aa5d-5e3488db9c03
[Midd4VC] Job c1ccb955-8cc2-412f-a263-dac55d586c40 timed out. Re-enqueueing.
[Midd4VCServer] Assigning job c1ccb955-8cc2-412f-a263-dac55d586c40 to vehicle veh40
[Midd4VCServer] Assigning job 828bef83-ea48-4a48-aa5d-5e3488db9c03 to vehicle veh28
[Midd4VCServer] job 828bef83-ea48-4a48-aa5d-5e3488db9c03 completed by vehicle veh28
[Midd4VCServer] job received: a1e99f82-0c2d-4944-9885-999b7fca5f67
[Midd4VCServer] Assigning job a1e99f82-0c2d-4944-9885-999b7fca5f67 to vehicle veh36
[Midd4VCServer] job a1e99f82-0c2d-4944-9885-999b7fca5f67 completed by vehicle veh36
[Midd4VCServer] Vehicle veh3 already registered.
[Midd4VCServer] Vehicle veh23 already registered.
[Midd4VCServer] job received: 14bcd0fa-c83f-494d-b83a-ed7f9333f7b5
[Midd4VCServer] Assigning job 14bcd0fa-c83f-494d-b83a-ed7f9333f7b5 to vehicle veh22
[Midd4VCServer] job received: 2362fe5e-1161-4648-a9ab-66d514dd4951
[Midd4VCServer] Assigning job 2362fe5e-1161-4648-a9ab-66d514dd4951 to vehicle veh28
[Midd4VCServer] job 2362fe5e-1161-4648-a9ab-66d514dd4951 completed by vehicle veh28
[Midd4VCServer] job received: 30414b69-4f6d-4080-9bb7-e676238c0e31
[Midd4VC] Job 6bc93827-7839-4948-8174-ac538d1af107 timed out. Re-enqueueing.
[Midd4VCServer] Assigning job 6bc93827-7839-4948-8174-ac538d1af107 to vehicle veh26
[Midd4VCServer] Assigning job 30414b69-4f6d-4080-9bb7-e676238c0e31 to vehicle veh6
[Midd4VCServer] Vehicle veh26 already registered.
[Midd4VCServer] job 6bc93827-7839-4948-8174-ac538d1af107 completed by vehicle veh26
[Midd4VCServer] Vehicle veh37 already registered.
[Midd4VCServer] Vehicle veh11 already registered.
[Midd4VCServer] Vehicle veh14 already registered.
[Midd4VCServer] Vehicle veh3 already registered.
[Midd4VCServer] Vehicle veh7 already registered.
[Midd4VCServer] job received: d19355ba-8afe-4c4a-93f1-c53d50f6b611
[Midd4VC] Job 1d92aed2-c56b-438c-895d-6f44c35a2ce0 timed out. Re-enqueueing.
[Midd4VC] Job 33d18caf-31bd-4b80-ae6b-dd0d76bf235d timed out. Re-enqueueing.
[Midd4VCServer] Assigning job 33d18caf-31bd-4b80-ae6b-dd0d76bf235d to vehicle veh11
[Midd4VCServer] Assigning job 1d92aed2-c56b-438c-895d-6f44c35a2ce0 to vehicle veh10
[Midd4VCServer] Assigning job d19355ba-8afe-4c4a-93f1-c53d50f6b611 to vehicle veh2
[Midd4VCServer] job 33d18caf-31bd-4b80-ae6b-dd0d76bf235d completed by vehicle veh11
[Midd4VCServer] Vehicle veh24 already registered.
[Midd4VCServer] job received: 58a370e7-8ec6-4451-97f9-6ceb5f535d7b
[Midd4VCServer] Assigning job 58a370e7-8ec6-4451-97f9-6ceb5f535d7b to vehicle veh36
[Midd4VCServer] job 58a370e7-8ec6-4451-97f9-6ceb5f535d7b completed by vehicle veh36
[Midd4VCServer] Vehicle veh34 already registered.
[Midd4VCServer] Vehicle veh20 already registered.
[Midd4VCServer] job received: 5ac17770-6f2b-43f7-b9ba-dec36a5b6d85
[Midd4VC] Job 5a00b2cd-ac9e-4136-ba64-c5ba44b960a2 timed out. Re-enqueueing.
[Midd4VC] Job 4d9fa422-95c9-4cd9-b336-5bcdfa7e68f8 timed out. Re-enqueueing.
[Midd4VC] Job fd8b8821-daa4-4c29-8dfe-a459f0e45cfc timed out. Re-enqueueing.
[Midd4VC] Job e049d513-56e1-4d92-b3e4-9ea63e7c47de timed out. Re-enqueueing.
[Midd4VC] Job 2b898e8a-4c98-4b5c-9ccb-d686e6328132 timed out. Re-enqueueing.
[Midd4VC] Job f862bc89-6d94-486a-b5f7-9fd6b87c03d5 timed out. Re-enqueueing.
[Midd4VCServer] Assigning job f862bc89-6d94-486a-b5f7-9fd6b87c03d5 to vehicle veh34
[Midd4VCServer] Assigning job 2b898e8a-4c98-4b5c-9ccb-d686e6328132 to vehicle veh21
[Midd4VCServer] Assigning job e049d513-56e1-4d92-b3e4-9ea63e7c47de to vehicle veh30
[Midd4VCServer] Assigning job fd8b8821-daa4-4c29-8dfe-a459f0e45cfc to vehicle veh9
[Midd4VCServer] Assigning job 4d9fa422-95c9-4cd9-b336-5bcdfa7e68f8 to vehicle veh14
[Midd4VCServer] Assigning job 5a00b2cd-ac9e-4136-ba64-c5ba44b960a2 to vehicle veh37
[Midd4VCServer] Assigning job 5ac17770-6f2b-43f7-b9ba-dec36a5b6d85 to vehicle veh28
[Midd4VCServer] job f862bc89-6d94-486a-b5f7-9fd6b87c03d5 completed by vehicle veh34
[Midd4VCServer] job 5a00b2cd-ac9e-4136-ba64-c5ba44b960a2 completed by vehicle veh37
[Midd4VCServer] job 5ac17770-6f2b-43f7-b9ba-dec36a5b6d85 completed by vehicle veh28
[Midd4VCServer] job received: f38a1206-f84b-4fc3-9f8b-e765bbfe34b6
[Midd4VCServer] Assigning job f38a1206-f84b-4fc3-9f8b-e765bbfe34b6 to vehicle veh34
[Midd4VCServer] job f38a1206-f84b-4fc3-9f8b-e765bbfe34b6 completed by vehicle veh34
[Midd4VCServer] job received: 9b92e991-6873-4510-b605-e900fa8ad87b
[Midd4VCServer] Assigning job 9b92e991-6873-4510-b605-e900fa8ad87b to vehicle veh34
[Midd4VCServer] job 9b92e991-6873-4510-b605-e900fa8ad87b completed by vehicle veh34
[Midd4VCServer] job received: af8da402-c0a8-4fe0-bbf5-666dbc855bab
[Midd4VCServer] Assigning job af8da402-c0a8-4fe0-bbf5-666dbc855bab to vehicle veh34
[Midd4VCServer] job af8da402-c0a8-4fe0-bbf5-666dbc855bab completed by vehicle veh34
[Midd4VCServer] job received: 94751d8d-d72e-473a-a3e0-2090452be61a
[Midd4VCServer] Assigning job 94751d8d-d72e-473a-a3e0-2090452be61a to vehicle veh34
[Midd4VCServer] job 94751d8d-d72e-473a-a3e0-2090452be61a completed by vehicle veh34
[Midd4VCServer] job received: 25919e4f-86b0-414b-98d5-11850ba1c550
[Midd4VCServer] Assigning job 25919e4f-86b0-414b-98d5-11850ba1c550 to vehicle veh34
[Midd4VCServer] job 25919e4f-86b0-414b-98d5-11850ba1c550 completed by vehicle veh34
[Midd4VCServer] Vehicle veh16 already registered.
[Midd4VCServer] job received: e2ae25c4-cc17-4beb-8561-7781188cdac5
[Midd4VCServer] Assigning job e2ae25c4-cc17-4beb-8561-7781188cdac5 to vehicle veh34
[Midd4VCServer] job received: af8fd215-cb31-47de-ace9-fe36ace99671
[Midd4VCServer] Assigning job af8fd215-cb31-47de-ace9-fe36ace99671 to vehicle veh26
[Midd4VCServer] Vehicle veh39 already registered.
[Midd4VCServer] Vehicle veh21 already registered.
[Midd4VCServer] job received: 6a394be5-fb0b-4979-a4e3-976296f529bf
[Midd4VCServer] Assigning job 6a394be5-fb0b-4979-a4e3-976296f529bf to vehicle veh11
[Midd4VCServer] job received: c076f8b3-8ecf-4179-9133-85504323adfd
[Midd4VC] Job e5cc0e60-413a-4f9e-902f-bdf70f803b47 timed out. Re-enqueueing.
[Midd4VCServer] Assigning job e5cc0e60-413a-4f9e-902f-bdf70f803b47 to vehicle veh3
[Midd4VCServer] Assigning job c076f8b3-8ecf-4179-9133-85504323adfd to vehicle veh37
[Midd4VCServer] job e5cc0e60-413a-4f9e-902f-bdf70f803b47 completed by vehicle veh3
[Midd4VCServer] job c076f8b3-8ecf-4179-9133-85504323adfd completed by vehicle veh37
[Midd4VCServer] Vehicle veh40 already registered.
[Midd4VCServer] job received: 7560db35-a15f-44e9-8fcc-7183778c6201
[Midd4VC] Job fb4d8a3b-fb55-4337-ab41-64d70beb555e timed out. Re-enqueueing.
[Midd4VCServer] Assigning job fb4d8a3b-fb55-4337-ab41-64d70beb555e to vehicle veh38
[Midd4VCServer] Assigning job 7560db35-a15f-44e9-8fcc-7183778c6201 to vehicle veh3
[Midd4VCServer] job 7560db35-a15f-44e9-8fcc-7183778c6201 completed by vehicle veh3
[Midd4VCServer] Vehicle veh16 already registered.
[Midd4VCServer] job received: e0fccf8d-943e-4f77-85d3-64b7ca039ecb
[Midd4VCServer] Assigning job e0fccf8d-943e-4f77-85d3-64b7ca039ecb to vehicle veh5
[Midd4VCServer] Vehicle veh8 already registered.
[Midd4VCServer] Vehicle veh25 already registered.
[Midd4VCServer] job received: 458e55e5-693c-4f46-b5d5-c746bd40cec0
[Midd4VCServer] Assigning job 458e55e5-693c-4f46-b5d5-c746bd40cec0 to vehicle veh36
[Midd4VCServer] job received: 28cf4078-85d1-48fd-a688-878556a506ab
[Midd4VCServer] Assigning job 28cf4078-85d1-48fd-a688-878556a506ab to vehicle veh28
[Midd4VCServer] Vehicle veh35 already registered.
[Midd4VCServer] Vehicle veh22 already registered.
[Midd4VCServer] Vehicle veh6 already registered.
[Midd4VCServer] job received: df8b694c-a439-4039-befb-93459b717eaf
[Midd4VC] Job be1c8529-1361-448c-baf8-faa21602e943 timed out. Re-enqueueing.
[Midd4VC] Job 35689bd0-48c2-4027-8ddc-3b6fea10f724 timed out. Re-enqueueing.
[Midd4VC] Job abb7ec92-320a-4f24-93cb-e896711bc718 timed out. Re-enqueueing.
[Midd4VCServer] Assigning job abb7ec92-320a-4f24-93cb-e896711bc718 to vehicle veh19
[Midd4VCServer] Assigning job 35689bd0-48c2-4027-8ddc-3b6fea10f724 to vehicle veh31
[Midd4VCServer] Assigning job be1c8529-1361-448c-baf8-faa21602e943 to vehicle veh23
[Midd4VCServer] Assigning job df8b694c-a439-4039-befb-93459b717eaf to vehicle veh8
[Midd4VCServer] job 35689bd0-48c2-4027-8ddc-3b6fea10f724 completed by vehicle veh31
[Midd4VCServer] job df8b694c-a439-4039-befb-93459b717eaf completed by vehicle veh8
[Midd4VCServer] job received: 6f8c469f-cd09-47e0-a616-f9aa5f1947b8
[Midd4VCServer] Assigning job 6f8c469f-cd09-47e0-a616-f9aa5f1947b8 to vehicle veh31
[Midd4VCServer] job 6f8c469f-cd09-47e0-a616-f9aa5f1947b8 completed by vehicle veh31
[Midd4VCServer] job received: 2b0a5774-e9cd-4060-8b9e-39c8ee08874b
[Midd4VCServer] Assigning job 2b0a5774-e9cd-4060-8b9e-39c8ee08874b to vehicle veh37
[Midd4VCServer] job received: 7cdf0ee6-1132-4aa9-b9cc-fa943d90c75e
[Midd4VCServer] Assigning job 7cdf0ee6-1132-4aa9-b9cc-fa943d90c75e to vehicle veh3
[Midd4VCServer] job 7cdf0ee6-1132-4aa9-b9cc-fa943d90c75e completed by vehicle veh3
[Midd4VCServer] Vehicle veh36 already registered.
[Midd4VCServer] Vehicle veh9 already registered.
[Midd4VCServer] Vehicle veh2 already registered.
[Midd4VCServer] job received: 99bb824d-7d9f-4bc5-8e8f-46b4e758ed08
[Midd4VC] Job 64bb847d-1d43-463c-a145-124a519bcf83 timed out. Re-enqueueing.
[Midd4VC] Job 85420fd7-4669-4a67-b006-cc914a736a78 timed out. Re-enqueueing.
[Midd4VCServer] Assigning job 85420fd7-4669-4a67-b006-cc914a736a78 to vehicle veh13
[Midd4VCServer] Assigning job 64bb847d-1d43-463c-a145-124a519bcf83 to vehicle veh12
[Midd4VCServer] Assigning job 99bb824d-7d9f-4bc5-8e8f-46b4e758ed08 to vehicle veh31
[Midd4VCServer] job 99bb824d-7d9f-4bc5-8e8f-46b4e758ed08 completed by vehicle veh31
[Midd4VCServer] job received: 098cab55-2768-43f2-99da-83b05735fdf3
[Midd4VC] Job 1c266475-0f3a-48f9-8eb5-928af7828fe5 timed out. Re-enqueueing.
[Midd4VCServer] Assigning job 1c266475-0f3a-48f9-8eb5-928af7828fe5 to vehicle veh27
[Midd4VCServer] Assigning job 098cab55-2768-43f2-99da-83b05735fdf3 to vehicle veh8
[Midd4VCServer] job received: 03e65beb-a9d1-451d-880f-de9acecc097b
[Midd4VCServer] Assigning job 03e65beb-a9d1-451d-880f-de9acecc097b to vehicle veh3
[Midd4VCServer] Vehicle veh10 already registered.
[Midd4VCServer] job received: 1af387af-8773-41db-ae66-477ac05e7120
[Midd4VC] Job e05b2bbd-b0ef-420d-bf41-d2cdbdc6d9f8 timed out. Re-enqueueing.
[Midd4VC] Job 913effa2-9403-4493-882b-98a53ebb9283 timed out. Re-enqueueing.
[Midd4VC] Job fb7ee93b-1c76-46e3-a1a0-f023cc214f61 timed out. Re-enqueueing.
[Midd4VC] Job 543f05cc-e881-467d-9d7e-087d8f6bcd5b timed out. Re-enqueueing.
[Midd4VC] Job c9278e94-4416-477d-b9cd-fe28cc5cdbe1 timed out. Re-enqueueing.
[Midd4VC] Job dc8c53af-222d-4d03-bc60-b0d4ce312a6e timed out. Re-enqueueing.
[Midd4VC] Job d82d99c6-df30-44dd-9289-203e687d67ac timed out. Re-enqueueing.
[Midd4VCServer] Assigning job d82d99c6-df30-44dd-9289-203e687d67ac to vehicle veh24
[Midd4VCServer] Assigning job dc8c53af-222d-4d03-bc60-b0d4ce312a6e to vehicle veh7
[Midd4VCServer] Assigning job c9278e94-4416-477d-b9cd-fe28cc5cdbe1 to vehicle veh35
[Midd4VCServer] Assigning job 543f05cc-e881-467d-9d7e-087d8f6bcd5b to vehicle veh33
[Midd4VCServer] Assigning job fb7ee93b-1c76-46e3-a1a0-f023cc214f61 to vehicle veh1
[Midd4VCServer] Assigning job 913effa2-9403-4493-882b-98a53ebb9283 to vehicle veh32
[Midd4VCServer] Assigning job e05b2bbd-b0ef-420d-bf41-d2cdbdc6d9f8 to vehicle veh29
[Midd4VCServer] Assigning job 1af387af-8773-41db-ae66-477ac05e7120 to vehicle veh31
[Midd4VCServer] job d82d99c6-df30-44dd-9289-203e687d67ac completed by vehicle veh24
[Midd4VCServer] job c9278e94-4416-477d-b9cd-fe28cc5cdbe1 completed by vehicle veh35
[Midd4VCServer] Vehicle veh19 already registered.
[Midd4VCServer] job received: 17f819b7-5cc3-48a3-860e-3df2b75a5bfd
[Midd4VCServer] Assigning job 17f819b7-5cc3-48a3-860e-3df2b75a5bfd to vehicle veh24
[Midd4VCServer] job 17f819b7-5cc3-48a3-860e-3df2b75a5bfd completed by vehicle veh24
[Midd4VCServer] job received: 45e77b9f-0119-4049-8444-919403a971b2
[Midd4VCServer] Assigning job 45e77b9f-0119-4049-8444-919403a971b2 to vehicle veh24
[Midd4VCServer] job 45e77b9f-0119-4049-8444-919403a971b2 completed by vehicle veh24
[Midd4VCServer] Vehicle veh35 already registered.
[Midd4VCServer] Vehicle veh15 already registered.
[Midd4VCServer] Vehicle veh11 already registered.
[Midd4VCServer] Vehicle veh20 already registered.
[Midd4VCServer] Vehicle veh1 already registered.
[Midd4VCServer] Vehicle veh37 already registered.
[Midd4VCServer] Vehicle veh40 already registered.
[Midd4VCServer] job received: 7f503f02-3c7c-43b6-955d-537f85421e26
[Midd4VCServer] Assigning job 7f503f02-3c7c-43b6-955d-537f85421e26 to vehicle veh24
[Midd4VCServer] job 7f503f02-3c7c-43b6-955d-537f85421e26 completed by vehicle veh24
[Midd4VCServer] job received: a7f2c137-2e70-4eaa-843f-e60451c99a2d
[Midd4VCServer] Assigning job a7f2c137-2e70-4eaa-843f-e60451c99a2d to vehicle veh24
[Midd4VCServer] job a7f2c137-2e70-4eaa-843f-e60451c99a2d completed by vehicle veh24
[Midd4VCServer] job received: ae396c9c-9009-4d10-8ab2-395bbd9d4609
[Midd4VCServer] Assigning job ae396c9c-9009-4d10-8ab2-395bbd9d4609 to vehicle veh35
[Midd4VCServer] job ae396c9c-9009-4d10-8ab2-395bbd9d4609 completed by vehicle veh35
[Midd4VCServer] Vehicle veh31 already registered.
[Midd4VCServer] Vehicle veh7 already registered.
[Midd4VCServer] Vehicle veh27 already registered.
[Midd4VCServer] Vehicle veh33 already registered.
[Midd4VCServer] Vehicle veh32 already registered.
[Midd4VCServer] job received: 6b7c0f3d-3be8-4f9d-a114-6fbd2b94e9ea
[Midd4VC] Job 86cc8af8-c086-40d5-8794-fc8aa8aeca0b timed out. Re-enqueueing.
[Midd4VC] Job 81442ba1-182a-48f4-82e1-54826b944d32 timed out. Re-enqueueing.
[Midd4VC] Job 00879693-917a-4292-b6d6-f0d57b8a21bb timed out. Re-enqueueing.
[Midd4VCServer] Assigning job 00879693-917a-4292-b6d6-f0d57b8a21bb to vehicle veh16
[Midd4VCServer] Assigning job 81442ba1-182a-48f4-82e1-54826b944d32 to vehicle veh4
[Midd4VCServer] Assigning job 86cc8af8-c086-40d5-8794-fc8aa8aeca0b to vehicle veh20
[Midd4VCServer] Assigning job 6b7c0f3d-3be8-4f9d-a114-6fbd2b94e9ea to vehicle veh24
[Midd4VCServer] job 86cc8af8-c086-40d5-8794-fc8aa8aeca0b completed by vehicle veh20
[Midd4VCServer] job 6b7c0f3d-3be8-4f9d-a114-6fbd2b94e9ea completed by vehicle veh24
[Midd4VCServer] job received: 1f8b976e-e783-4750-9d89-e7c84dcc7331
[Midd4VCServer] Assigning job 1f8b976e-e783-4750-9d89-e7c84dcc7331 to vehicle veh20
[Midd4VCServer] job 1f8b976e-e783-4750-9d89-e7c84dcc7331 completed by vehicle veh20
[Midd4VCServer] job received: dac9d615-400c-457d-b12c-efbacf9d5e37
[Midd4VC] Job 896e0367-a98c-4d34-a86a-b204e3967f8c timed out. Re-enqueueing.
[Midd4VCServer] Assigning job 896e0367-a98c-4d34-a86a-b204e3967f8c to vehicle veh25
[Midd4VCServer] Assigning job dac9d615-400c-457d-b12c-efbacf9d5e37 to vehicle veh35
[Midd4VCServer] job dac9d615-400c-457d-b12c-efbacf9d5e37 completed by vehicle veh35
[Midd4VCServer] Vehicle veh23 already registered.
[Midd4VCServer] Vehicle veh12 already registered.
[Midd4VCServer] job received: 3f1cab8e-cf5f-43f8-b04a-42c8bd2aaee5
[Midd4VCServer] Assigning job 3f1cab8e-cf5f-43f8-b04a-42c8bd2aaee5 to vehicle veh20
[Midd4VCServer] job 3f1cab8e-cf5f-43f8-b04a-42c8bd2aaee5 completed by vehicle veh20
[Midd4VCServer] Vehicle veh15 already registered.
[Midd4VCServer] job received: b4ba03bb-d3f3-4aeb-9bf8-359f4d76d547
[Midd4VCServer] Assigning job b4ba03bb-d3f3-4aeb-9bf8-359f4d76d547 to vehicle veh24
[Midd4VCServer] job b4ba03bb-d3f3-4aeb-9bf8-359f4d76d547 completed by vehicle veh24
[Midd4VCServer] job received: fc3b512b-b29c-485b-ba33-b369d0b07fec
[Midd4VCServer] Assigning job fc3b512b-b29c-485b-ba33-b369d0b07fec to vehicle veh35
[Midd4VCServer] job fc3b512b-b29c-485b-ba33-b369d0b07fec completed by vehicle veh35
[Midd4VCServer] Vehicle veh19 already registered.
[Midd4VCServer] Vehicle veh28 already registered.
[Midd4VCServer] job received: 103c8f67-2e17-40be-811f-6b43452e9923
[Midd4VC] Job b7222bec-09f8-4c3a-91b7-779c6345d9f8 timed out. Re-enqueueing.
[Midd4VC] Job 819a7d81-044a-4ff3-99b3-ad031481521f timed out. Re-enqueueing.
[Midd4VC] Job 143568f2-ece0-47f8-b120-9da60330b26d timed out. Re-enqueueing.
[Midd4VCServer] Assigning job 143568f2-ece0-47f8-b120-9da60330b26d to vehicle veh18
[Midd4VCServer] Assigning job 819a7d81-044a-4ff3-99b3-ad031481521f to vehicle veh39
[Midd4VCServer] Assigning job b7222bec-09f8-4c3a-91b7-779c6345d9f8 to vehicle veh17
[Midd4VCServer] Assigning job 103c8f67-2e17-40be-811f-6b43452e9923 to vehicle veh20
[Midd4VCServer] job 819a7d81-044a-4ff3-99b3-ad031481521f completed by vehicle veh39
[Midd4VCServer] job 103c8f67-2e17-40be-811f-6b43452e9923 completed by vehicle veh20
[Midd4VCServer] job received: fb1c9e0d-d587-4728-aed6-07536af02cc7
[Midd4VC] Job a7ac01bc-f902-462c-abaf-1277e939131b timed out. Re-enqueueing.
[Midd4VCServer] Assigning job a7ac01bc-f902-462c-abaf-1277e939131b to vehicle veh39
[Midd4VCServer] Assigning job fb1c9e0d-d587-4728-aed6-07536af02cc7 to vehicle veh15
[Midd4VCServer] job a7ac01bc-f902-462c-abaf-1277e939131b completed by vehicle veh39
[Midd4VCServer] job fb1c9e0d-d587-4728-aed6-07536af02cc7 completed by vehicle veh15
[Midd4VCServer] job received: e31e7812-99f2-4a46-b3e1-0b92f87cb204
[Midd4VCServer] Assigning job e31e7812-99f2-4a46-b3e1-0b92f87cb204 to vehicle veh39
[Midd4VCServer] Vehicle veh30 already registered.
[Midd4VCServer] Vehicle veh18 already registered.
[Midd4VCServer] Vehicle veh34 already registered.
[Midd4VCServer] job received: 2deffc17-51bd-41cf-80e8-9f04b6abcb82
[Midd4VC] Job c1ccb955-8cc2-412f-a263-dac55d586c40 timed out. Re-enqueueing.
[Midd4VC] Job 14bcd0fa-c83f-494d-b83a-ed7f9333f7b5 timed out. Re-enqueueing.
[Midd4VC] Job 30414b69-4f6d-4080-9bb7-e676238c0e31 timed out. Re-enqueueing.
[Midd4VCServer] Assigning job 30414b69-4f6d-4080-9bb7-e676238c0e31 to vehicle veh40
[Midd4VCServer] Assigning job 14bcd0fa-c83f-494d-b83a-ed7f9333f7b5 to vehicle veh15
[Midd4VCServer] Assigning job c1ccb955-8cc2-412f-a263-dac55d586c40 to vehicle veh24
[Midd4VCServer] Assigning job 2deffc17-51bd-41cf-80e8-9f04b6abcb82 to vehicle veh22
[Midd4VCServer] job c1ccb955-8cc2-412f-a263-dac55d586c40 completed by vehicle veh24
[Midd4VCServer] job 14bcd0fa-c83f-494d-b83a-ed7f9333f7b5 completed by vehicle veh15
[Midd4VCServer] Vehicle veh14 already registered.
[Midd4VCServer] Vehicle veh35 already registered.
[Midd4VCServer] job received: dcd96a47-93c0-4d22-af3c-9d5c0f77fbec
[Midd4VC] Job 1d92aed2-c56b-438c-895d-6f44c35a2ce0 timed out. Re-enqueueing.
[Midd4VC] Job d19355ba-8afe-4c4a-93f1-c53d50f6b611 timed out. Re-enqueueing.
[Midd4VCServer] Assigning job d19355ba-8afe-4c4a-93f1-c53d50f6b611 to vehicle veh6
[Midd4VCServer] Assigning job 1d92aed2-c56b-438c-895d-6f44c35a2ce0 to vehicle veh10
[Midd4VCServer] Assigning job dcd96a47-93c0-4d22-af3c-9d5c0f77fbec to vehicle veh2
[Midd4VCServer] job dcd96a47-93c0-4d22-af3c-9d5c0f77fbec completed by vehicle veh2
[Midd4VCServer] job received: 585180ad-a2da-4dd7-b3dd-d8a7f9a78792
[Midd4VCServer] Assigning job 585180ad-a2da-4dd7-b3dd-d8a7f9a78792 to vehicle veh15
[Midd4VCServer] job 585180ad-a2da-4dd7-b3dd-d8a7f9a78792 completed by vehicle veh15
[Midd4VCServer] Vehicle veh7 already registered.
[Midd4VCServer] Vehicle veh2 already registered.
[Midd4VCServer] job received: 9e99da6c-d573-45f5-a9c9-b46bab77678c
[Midd4VCServer] Assigning job 9e99da6c-d573-45f5-a9c9-b46bab77678c to vehicle veh35
[Midd4VCServer] job 9e99da6c-d573-45f5-a9c9-b46bab77678c completed by vehicle veh35
[Midd4VCServer] job received: 085de1dd-9946-46a2-9e43-566d9037f46b
[Midd4VCServer] Assigning job 085de1dd-9946-46a2-9e43-566d9037f46b to vehicle veh20
[Midd4VCServer] job 085de1dd-9946-46a2-9e43-566d9037f46b completed by vehicle veh20
[Midd4VCServer] Vehicle veh25 already registered.
[Midd4VCServer] Vehicle veh20 already registered.
[Midd4VCServer] Vehicle veh17 already registered.
[Midd4VCServer] job received: d38ce5ae-458f-4546-9d97-a8dc5ce1cab5
[Midd4VC] Job 2b898e8a-4c98-4b5c-9ccb-d686e6328132 timed out. Re-enqueueing.
[Midd4VC] Job e049d513-56e1-4d92-b3e4-9ea63e7c47de timed out. Re-enqueueing.
[Midd4VC] Job fd8b8821-daa4-4c29-8dfe-a459f0e45cfc timed out. Re-enqueueing.
[Midd4VC] Job 4d9fa422-95c9-4cd9-b336-5bcdfa7e68f8 timed out. Re-enqueueing.
[Midd4VCServer] Assigning job 4d9fa422-95c9-4cd9-b336-5bcdfa7e68f8 to vehicle veh21
[Midd4VCServer] Assigning job fd8b8821-daa4-4c29-8dfe-a459f0e45cfc to vehicle veh30
[Midd4VCServer] Assigning job e049d513-56e1-4d92-b3e4-9ea63e7c47de to vehicle veh9
[Midd4VCServer] Assigning job 2b898e8a-4c98-4b5c-9ccb-d686e6328132 to vehicle veh14
[Midd4VCServer] Assigning job d38ce5ae-458f-4546-9d97-a8dc5ce1cab5 to vehicle veh24
[Midd4VCServer] job e049d513-56e1-4d92-b3e4-9ea63e7c47de completed by vehicle veh9
[Midd4VCServer] job d38ce5ae-458f-4546-9d97-a8dc5ce1cab5 completed by vehicle veh24
[Midd4VCServer] job received: 8891efeb-56d8-401a-81a8-3ed1f399096e
[Midd4VCServer] Assigning job 8891efeb-56d8-401a-81a8-3ed1f399096e to vehicle veh9
[Midd4VCServer] job 8891efeb-56d8-401a-81a8-3ed1f399096e completed by vehicle veh9
[Midd4VCServer] Vehicle veh1 already registered.
[Midd4VCServer] job received: 9e4ea8e8-b5bf-4490-949b-2a218c010788
[Midd4VCServer] Assigning job 9e4ea8e8-b5bf-4490-949b-2a218c010788 to vehicle veh9
[Midd4VCServer] job 9e4ea8e8-b5bf-4490-949b-2a218c010788 completed by vehicle veh9
[Midd4VCServer] job received: e6eb0422-308c-4774-ad06-897a06b0f088
[Midd4VCServer] Assigning job e6eb0422-308c-4774-ad06-897a06b0f088 to vehicle veh2
[Midd4VCServer] job e6eb0422-308c-4774-ad06-897a06b0f088 completed by vehicle veh2
[Midd4VCServer] Vehicle veh39 already registered.
[Midd4VCServer] job received: 653801b7-972f-414f-853d-f699eec78196
[Midd4VCServer] Assigning job 653801b7-972f-414f-853d-f699eec78196 to vehicle veh15
[Midd4VCServer] job 653801b7-972f-414f-853d-f699eec78196 completed by vehicle veh15
[Midd4VCServer] Vehicle veh11 already registered.
[Midd4VCServer] Vehicle veh12 already registered.
[Midd4VCServer] Vehicle veh29 already registered.
[Midd4VCServer] Vehicle veh36 already registered.
[Midd4VCServer] Vehicle veh23 already registered.
[Midd4VCServer] Vehicle veh25 already registered.
[Midd4VCServer] Vehicle veh22 already registered.
[Midd4VCServer] job received: a49dd75b-d9a4-4269-aae6-109d492f7ee1
[Midd4VC] Job e2ae25c4-cc17-4beb-8561-7781188cdac5 timed out. Re-enqueueing.
[Midd4VC] Job af8fd215-cb31-47de-ace9-fe36ace99671 timed out. Re-enqueueing.
[Midd4VCServer] Assigning job af8fd215-cb31-47de-ace9-fe36ace99671 to vehicle veh34
[Midd4VCServer] Assigning job e2ae25c4-cc17-4beb-8561-7781188cdac5 to vehicle veh26
[Midd4VCServer] Assigning job a49dd75b-d9a4-4269-aae6-109d492f7ee1 to vehicle veh9
[Midd4VCServer] job a49dd75b-d9a4-4269-aae6-109d492f7ee1 completed by vehicle veh9
[Midd4VCServer] Vehicle veh4 already registered.
[Midd4VCServer] job received: ef282982-4b23-4985-83ce-3ddaff3425ba
[Midd4VC] Job 6a394be5-fb0b-4979-a4e3-976296f529bf timed out. Re-enqueueing.
[Midd4VCServer] Assigning job 6a394be5-fb0b-4979-a4e3-976296f529bf to vehicle veh11
[Midd4VCServer] Assigning job ef282982-4b23-4985-83ce-3ddaff3425ba to vehicle veh35
[Midd4VCServer] job ef282982-4b23-4985-83ce-3ddaff3425ba completed by vehicle veh35
[Midd4VCServer] job received: ca1cc4de-3cc0-4bd7-9013-1690e80806a6
[Midd4VCServer] Assigning job ca1cc4de-3cc0-4bd7-9013-1690e80806a6 to vehicle veh20
[Midd4VCServer] Vehicle veh3 already registered.
[Midd4VCServer] job received: 46e06bbc-500e-4edf-80ad-3c13f3356b4b
[Midd4VCServer] Assigning job 46e06bbc-500e-4edf-80ad-3c13f3356b4b to vehicle veh24
[Midd4VCServer] job 46e06bbc-500e-4edf-80ad-3c13f3356b4b completed by vehicle veh24
[Midd4VCServer] Vehicle veh28 already registered.
[Midd4VCServer] Vehicle veh21 already registered.
[Midd4VCServer] Vehicle veh6 already registered.
[Midd4VCServer] job received: 72aecffe-7f4d-4c27-812e-015e3fd28230
[Midd4VC] Job fb4d8a3b-fb55-4337-ab41-64d70beb555e timed out. Re-enqueueing.
[Midd4VC] Job e0fccf8d-943e-4f77-85d3-64b7ca039ecb timed out. Re-enqueueing.
[Midd4VCServer] Assigning job e0fccf8d-943e-4f77-85d3-64b7ca039ecb to vehicle veh38
[Midd4VCServer] Assigning job fb4d8a3b-fb55-4337-ab41-64d70beb555e to vehicle veh5
[Midd4VCServer] Assigning job 72aecffe-7f4d-4c27-812e-015e3fd28230 to vehicle veh2
[Midd4VCServer] job received: b4878fe4-3550-4ce4-ae80-acc858b435f7
[Midd4VCServer] Assigning job b4878fe4-3550-4ce4-ae80-acc858b435f7 to vehicle veh15
[Midd4VCServer] job b4878fe4-3550-4ce4-ae80-acc858b435f7 completed by vehicle veh15
[Midd4VCServer] job received: 79744dc1-7ecc-4e6e-b566-69f6e31ce7ee
[Midd4VCServer] Assigning job 79744dc1-7ecc-4e6e-b566-69f6e31ce7ee to vehicle veh9
[Midd4VCServer] job received: 148b1d4e-fd78-49d2-86ce-aee546aa0b87
[Midd4VCServer] Assigning job 148b1d4e-fd78-49d2-86ce-aee546aa0b87 to vehicle veh35
[Midd4VCServer] job 148b1d4e-fd78-49d2-86ce-aee546aa0b87 completed by vehicle veh35
[Midd4VCServer] job received: b60efde2-fa53-43f5-baf5-ddb9214d383d
[Midd4VCServer] Assigning job b60efde2-fa53-43f5-baf5-ddb9214d383d to vehicle veh24
[Midd4VCServer] job b60efde2-fa53-43f5-baf5-ddb9214d383d completed by vehicle veh24
[Midd4VCServer] Vehicle veh20 already registered.
[Midd4VCServer] Vehicle veh40 already registered.
[Midd4VCServer] job received: 693fdc11-b980-4dfe-96ee-1312e3a4ad2c
[Midd4VC] Job 458e55e5-693c-4f46-b5d5-c746bd40cec0 timed out. Re-enqueueing.
[Midd4VC] Job 28cf4078-85d1-48fd-a688-878556a506ab timed out. Re-enqueueing.
[Midd4VC] Job abb7ec92-320a-4f24-93cb-e896711bc718 timed out. Re-enqueueing.
[Midd4VC] Job be1c8529-1361-448c-baf8-faa21602e943 timed out. Re-enqueueing.
[Midd4VCServer] Assigning job be1c8529-1361-448c-baf8-faa21602e943 to vehicle veh19
[Midd4VCServer] Assigning job abb7ec92-320a-4f24-93cb-e896711bc718 to vehicle veh23
[Midd4VCServer] Assigning job 28cf4078-85d1-48fd-a688-878556a506ab to vehicle veh36
[Midd4VCServer] Assigning job 458e55e5-693c-4f46-b5d5-c746bd40cec0 to vehicle veh28
[Midd4VCServer] Assigning job 693fdc11-b980-4dfe-96ee-1312e3a4ad2c to vehicle veh15
[Midd4VCServer] job abb7ec92-320a-4f24-93cb-e896711bc718 completed by vehicle veh23
[Midd4VCServer] job 693fdc11-b980-4dfe-96ee-1312e3a4ad2c completed by vehicle veh15
[Midd4VCServer] job 458e55e5-693c-4f46-b5d5-c746bd40cec0 completed by vehicle veh28
[Midd4VCServer] Vehicle veh15 already registered.
[Midd4VCServer] Vehicle veh32 already registered.
[Midd4VCServer] Vehicle veh22 already registered.
[Midd4VCServer] Vehicle veh36 already registered.
[Midd4VCServer] job received: 25ec5d20-24cc-4911-907e-3d225bda0ec5
[Midd4VC] Job 2b0a5774-e9cd-4060-8b9e-39c8ee08874b timed out. Re-enqueueing.
[Midd4VCServer] Assigning job 2b0a5774-e9cd-4060-8b9e-39c8ee08874b to vehicle veh23
[Midd4VCServer] Assigning job 25ec5d20-24cc-4911-907e-3d225bda0ec5 to vehicle veh37
[Midd4VCServer] Vehicle veh19 already registered.
[Midd4VCServer] Vehicle veh12 already registered.
[Midd4VCServer] Vehicle veh38 already registered.
[Midd4VCServer] Vehicle veh16 already registered.
[Midd4VCServer] Vehicle veh39 already registered.
[Midd4VCServer] job received: 10d89feb-e08d-4d43-92bc-70ff6eab38e3
[Midd4VC] Job 85420fd7-4669-4a67-b006-cc914a736a78 timed out. Re-enqueueing.
[Midd4VC] Job 64bb847d-1d43-463c-a145-124a519bcf83 timed out. Re-enqueueing.
[Midd4VCServer] Assigning job 64bb847d-1d43-463c-a145-124a519bcf83 to vehicle veh13
[Midd4VCServer] Assigning job 85420fd7-4669-4a67-b006-cc914a736a78 to vehicle veh12
[Midd4VCServer] Assigning job 10d89feb-e08d-4d43-92bc-70ff6eab38e3 to vehicle veh28
[Midd4VCServer] job 85420fd7-4669-4a67-b006-cc914a736a78 completed by vehicle veh12
[Midd4VCServer] job received: 765b005b-5e11-424d-9b12-417cdde14f8e
[Midd4VC] Job 1c266475-0f3a-48f9-8eb5-928af7828fe5 timed out. Re-enqueueing.
[Midd4VC] Job 098cab55-2768-43f2-99da-83b05735fdf3 timed out. Re-enqueueing.
[Midd4VC] Job 03e65beb-a9d1-451d-880f-de9acecc097b timed out. Re-enqueueing.
[Midd4VCServer] Assigning job 03e65beb-a9d1-451d-880f-de9acecc097b to vehicle veh27
[Midd4VCServer] Assigning job 098cab55-2768-43f2-99da-83b05735fdf3 to vehicle veh12
[Midd4VCServer] Assigning job 1c266475-0f3a-48f9-8eb5-928af7828fe5 to vehicle veh8
[Midd4VCServer] Assigning job 765b005b-5e11-424d-9b12-417cdde14f8e to vehicle veh3
[Midd4VCServer] job 098cab55-2768-43f2-99da-83b05735fdf3 completed by vehicle veh12
[Midd4VCServer] job 765b005b-5e11-424d-9b12-417cdde14f8e completed by vehicle veh3
[Midd4VCServer] job received: 3a33b191-9728-483d-9943-79b0d385b7bf
[Midd4VCServer] Assigning job 3a33b191-9728-483d-9943-79b0d385b7bf to vehicle veh12
[Midd4VCServer] job 3a33b191-9728-483d-9943-79b0d385b7bf completed by vehicle veh12
[Midd4VCServer] job received: 2772089c-57a8-4923-b3fe-a1925b8cfabb
[Midd4VC] Job dc8c53af-222d-4d03-bc60-b0d4ce312a6e timed out. Re-enqueueing.
[Midd4VC] Job 543f05cc-e881-467d-9d7e-087d8f6bcd5b timed out. Re-enqueueing.
[Midd4VC] Job fb7ee93b-1c76-46e3-a1a0-f023cc214f61 timed out. Re-enqueueing.
[Midd4VC] Job 913effa2-9403-4493-882b-98a53ebb9283 timed out. Re-enqueueing.
[Midd4VC] Job e05b2bbd-b0ef-420d-bf41-d2cdbdc6d9f8 timed out. Re-enqueueing.
[Midd4VC] Job 1af387af-8773-41db-ae66-477ac05e7120 timed out. Re-enqueueing.
[Midd4VCServer] Assigning job 1af387af-8773-41db-ae66-477ac05e7120 to vehicle veh7
[Midd4VCServer] Assigning job e05b2bbd-b0ef-420d-bf41-d2cdbdc6d9f8 to vehicle veh33
[Midd4VCServer] Assigning job 913effa2-9403-4493-882b-98a53ebb9283 to vehicle veh1
[Midd4VCServer] Assigning job fb7ee93b-1c76-46e3-a1a0-f023cc214f61 to vehicle veh32
[Midd4VCServer] Assigning job 543f05cc-e881-467d-9d7e-087d8f6bcd5b to vehicle veh29
[Midd4VCServer] Assigning job dc8c53af-222d-4d03-bc60-b0d4ce312a6e to vehicle veh35
[Midd4VCServer] Assigning job 2772089c-57a8-4923-b3fe-a1925b8cfabb to vehicle veh31
[Midd4VCServer] job 1af387af-8773-41db-ae66-477ac05e7120 completed by vehicle veh7
[Midd4VCServer] job fb7ee93b-1c76-46e3-a1a0-f023cc214f61 completed by vehicle veh32
[Midd4VCServer] job 913effa2-9403-4493-882b-98a53ebb9283 completed by vehicle veh1
[Midd4VCServer] job dc8c53af-222d-4d03-bc60-b0d4ce312a6e completed by vehicle veh35
[Midd4VCServer] Vehicle veh28 already registered.
[Midd4VCServer] Vehicle veh1 already registered.
[Midd4VCServer] Vehicle veh14 already registered.
[Midd4VCServer] job received: bccdd3e3-aa76-401d-b736-40631a25cb0f
[Midd4VCServer] Assigning job bccdd3e3-aa76-401d-b736-40631a25cb0f to vehicle veh7
[Midd4VCServer] job bccdd3e3-aa76-401d-b736-40631a25cb0f completed by vehicle veh7
[Midd4VCServer] job received: 953a1fcb-f5c8-4e31-acfe-55ae75fc6ecc
[Midd4VCServer] Assigning job 953a1fcb-f5c8-4e31-acfe-55ae75fc6ecc to vehicle veh1
[Midd4VCServer] job 953a1fcb-f5c8-4e31-acfe-55ae75fc6ecc completed by vehicle veh1
[Midd4VCServer] Vehicle veh34 already registered.
[Midd4VCServer] job received: f9fb455a-a46d-48b2-af04-c27fa1da56cd
[Midd4VCServer] Assigning job f9fb455a-a46d-48b2-af04-c27fa1da56cd to vehicle veh7
[Midd4VCServer] job f9fb455a-a46d-48b2-af04-c27fa1da56cd completed by vehicle veh7
[Midd4VCServer] Vehicle veh9 already registered.
[Midd4VCServer] Vehicle veh6 already registered.
[Midd4VCServer] job received: 82f39f12-c0bb-4a60-bbd9-bdc1bfa5ba01
[Midd4VCServer] Assigning job 82f39f12-c0bb-4a60-bbd9-bdc1bfa5ba01 to vehicle veh1
[Midd4VCServer] job 82f39f12-c0bb-4a60-bbd9-bdc1bfa5ba01 completed by vehicle veh1
[Midd4VCServer] job received: c94b2862-5be1-4697-9e5a-c6c2ef8632e6
[Midd4VCServer] Assigning job c94b2862-5be1-4697-9e5a-c6c2ef8632e6 to vehicle veh32
[Midd4VCServer] Vehicle veh31 already registered.
[Midd4VCServer] Vehicle veh10 already registered.
[Midd4VCServer] job received: b80c70bb-f55c-4794-9e07-89b084c91db7
[Midd4VCServer] Assigning job b80c70bb-f55c-4794-9e07-89b084c91db7 to vehicle veh7
[Midd4VCServer] job b80c70bb-f55c-4794-9e07-89b084c91db7 completed by vehicle veh7
[Midd4VCServer] Vehicle veh24 already registered.
[Midd4VCServer] Vehicle veh39 already registered.
[Midd4VCServer] Vehicle veh36 already registered.
[Midd4VCServer] job received: 950cadfa-e65b-4f52-9616-49bd22bacdc4
[Midd4VC] Job 00879693-917a-4292-b6d6-f0d57b8a21bb timed out. Re-enqueueing.
[Midd4VC] Job 81442ba1-182a-48f4-82e1-54826b944d32 timed out. Re-enqueueing.
[Midd4VC] Job 896e0367-a98c-4d34-a86a-b204e3967f8c timed out. Re-enqueueing.
[Midd4VCServer] Assigning job 896e0367-a98c-4d34-a86a-b204e3967f8c to vehicle veh16
[Midd4VCServer] Assigning job 81442ba1-182a-48f4-82e1-54826b944d32 to vehicle veh4
[Midd4VCServer] Assigning job 00879693-917a-4292-b6d6-f0d57b8a21bb to vehicle veh25
[Midd4VCServer] Assigning job 950cadfa-e65b-4f52-9616-49bd22bacdc4 to vehicle veh1
[Midd4VCServer] job 950cadfa-e65b-4f52-9616-49bd22bacdc4 completed by vehicle veh1
[Midd4VCServer] job received: aa0156c6-6df5-48a6-b375-eac4db359bb0
[Midd4VCServer] Assigning job aa0156c6-6df5-48a6-b375-eac4db359bb0 to vehicle veh7
[Midd4VCServer] job aa0156c6-6df5-48a6-b375-eac4db359bb0 completed by vehicle veh7
[Midd4VCServer] job received: 3cf6808a-4d20-4adb-b169-9640b2ddae72
[Midd4VCServer] Assigning job 3cf6808a-4d20-4adb-b169-9640b2ddae72 to vehicle veh1
[Midd4VCServer] job 3cf6808a-4d20-4adb-b169-9640b2ddae72 completed by vehicle veh1
[Midd4VCServer] job received: fb76a5bc-4443-488a-a1de-5c04ea563d79
[Midd4VCServer] Assigning job fb76a5bc-4443-488a-a1de-5c04ea563d79 to vehicle veh7
[Midd4VCServer] job fb76a5bc-4443-488a-a1de-5c04ea563d79 completed by vehicle veh7
[Midd4VCServer] job received: 69615db3-d2b5-4cf8-ac68-50cf77e06841
[Midd4VC] Job 143568f2-ece0-47f8-b120-9da60330b26d timed out. Re-enqueueing.
[Midd4VC] Job b7222bec-09f8-4c3a-91b7-779c6345d9f8 timed out. Re-enqueueing.
[Midd4VCServer] Assigning job b7222bec-09f8-4c3a-91b7-779c6345d9f8 to vehicle veh18
[Midd4VCServer] Assigning job 143568f2-ece0-47f8-b120-9da60330b26d to vehicle veh17
[Midd4VCServer] Assigning job 69615db3-d2b5-4cf8-ac68-50cf77e06841 to vehicle veh1
[Midd4VCServer] job b7222bec-09f8-4c3a-91b7-779c6345d9f8 completed by vehicle veh18
[Midd4VCServer] job 69615db3-d2b5-4cf8-ac68-50cf77e06841 completed by vehicle veh1
[Midd4VCServer] Vehicle veh13 already registered.
[Midd4VCServer] Vehicle veh8 already registered.
[Midd4VCServer] Vehicle veh35 already registered.
[Midd4VCServer] job received: 30c9906b-86d8-474f-810a-981faae8de0b
[Midd4VCServer] Assigning job 30c9906b-86d8-474f-810a-981faae8de0b to vehicle veh18
[Midd4VCServer] Vehicle veh23 already registered.
[Midd4VCServer] job received: 3e224fa2-ba35-4a61-b44f-fe6d2f27483a
[Midd4VCServer] Assigning job 3e224fa2-ba35-4a61-b44f-fe6d2f27483a to vehicle veh7
[Midd4VCServer] job 3e224fa2-ba35-4a61-b44f-fe6d2f27483a completed by vehicle veh7
[Midd4VCServer] Vehicle veh32 already registered.
[Midd4VCServer] Vehicle veh29 already registered.
[Midd4VCServer] job received: 45f1c088-ec2e-4969-b246-0d6c4a0984e3
[Midd4VC] Job e31e7812-99f2-4a46-b3e1-0b92f87cb204 timed out. Re-enqueueing.
[Midd4VCServer] Assigning job e31e7812-99f2-4a46-b3e1-0b92f87cb204 to vehicle veh39
[Midd4VCServer] Assigning job 45f1c088-ec2e-4969-b246-0d6c4a0984e3 to vehicle veh1
[Midd4VCServer] job e31e7812-99f2-4a46-b3e1-0b92f87cb204 completed by vehicle veh39
[Midd4VCServer] job 45f1c088-ec2e-4969-b246-0d6c4a0984e3 completed by vehicle veh1
[Midd4VCServer] Vehicle veh4 already registered.
[Midd4VCServer] job received: c62e28e4-e04b-478e-85f3-182c70496a5a
[Midd4VCServer] Assigning job c62e28e4-e04b-478e-85f3-182c70496a5a to vehicle veh39
[Midd4VCServer] job c62e28e4-e04b-478e-85f3-182c70496a5a completed by vehicle veh39
[Midd4VCServer] Vehicle veh8 already registered.
[Midd4VCServer] Vehicle veh15 already registered.
[Midd4VCServer] job received: 6bcdcc55-cbac-46ff-9457-333a75bcf89a
[Midd4VCServer] Assigning job 6bcdcc55-cbac-46ff-9457-333a75bcf89a to vehicle veh39
[Midd4VCServer] job 6bcdcc55-cbac-46ff-9457-333a75bcf89a completed by vehicle veh39
[Midd4VCServer] Vehicle veh5 already registered.
[Midd4VCServer] job received: 25b79f42-d857-427e-af30-702e298612ed
[Midd4VC] Job 30414b69-4f6d-4080-9bb7-e676238c0e31 timed out. Re-enqueueing.
[Midd4VC] Job 2deffc17-51bd-41cf-80e8-9f04b6abcb82 timed out. Re-enqueueing.
[Midd4VCServer] Assigning job 2deffc17-51bd-41cf-80e8-9f04b6abcb82 to vehicle veh40
[Midd4VCServer] Assigning job 30414b69-4f6d-4080-9bb7-e676238c0e31 to vehicle veh22
[Midd4VCServer] Assigning job 25b79f42-d857-427e-af30-702e298612ed to vehicle veh39
[Midd4VCServer] job 25b79f42-d857-427e-af30-702e298612ed completed by vehicle veh39
[Midd4VCServer] job received: 4b64f197-e302-4e9d-b9a3-947d6ac33c94
[Midd4VCServer] Assigning job 4b64f197-e302-4e9d-b9a3-947d6ac33c94 to vehicle veh39
[Midd4VCServer] job 4b64f197-e302-4e9d-b9a3-947d6ac33c94 completed by vehicle veh39
[Midd4VCServer] job received: 82c926f8-be1e-4d01-9019-2e378f7be272
[Midd4VC] Job d19355ba-8afe-4c4a-93f1-c53d50f6b611 timed out. Re-enqueueing.
[Midd4VC] Job 1d92aed2-c56b-438c-895d-6f44c35a2ce0 timed out. Re-enqueueing.
[Midd4VCServer] Assigning job 1d92aed2-c56b-438c-895d-6f44c35a2ce0 to vehicle veh6
[Midd4VCServer] Assigning job d19355ba-8afe-4c4a-93f1-c53d50f6b611 to vehicle veh10
[Midd4VCServer] Assigning job 82c926f8-be1e-4d01-9019-2e378f7be272 to vehicle veh39
[Midd4VCServer] job 82c926f8-be1e-4d01-9019-2e378f7be272 completed by vehicle veh39
[Midd4VCServer] job 1d92aed2-c56b-438c-895d-6f44c35a2ce0 completed by vehicle veh6
[Midd4VCServer] Vehicle veh27 already registered.
[Midd4VCServer] Vehicle veh3 already registered.
[Midd4VCServer] Vehicle veh23 already registered.
[Midd4VCServer] job received: 06a945fe-2de4-40a8-8f44-3a0e8c491897
[Midd4VC] Job 4d9fa422-95c9-4cd9-b336-5bcdfa7e68f8 timed out. Re-enqueueing.
[Midd4VC] Job fd8b8821-daa4-4c29-8dfe-a459f0e45cfc timed out. Re-enqueueing.
[Midd4VC] Job 2b898e8a-4c98-4b5c-9ccb-d686e6328132 timed out. Re-enqueueing.
[Midd4VCServer] Assigning job 2b898e8a-4c98-4b5c-9ccb-d686e6328132 to vehicle veh21
[Midd4VCServer] Assigning job fd8b8821-daa4-4c29-8dfe-a459f0e45cfc to vehicle veh30
[Midd4VCServer] Assigning job 4d9fa422-95c9-4cd9-b336-5bcdfa7e68f8 to vehicle veh14
[Midd4VCServer] Assigning job 06a945fe-2de4-40a8-8f44-3a0e8c491897 to vehicle veh6
[Midd4VCServer] job 06a945fe-2de4-40a8-8f44-3a0e8c491897 completed by vehicle veh6
[Midd4VCServer] Vehicle veh11 already registered.
[Midd4VCServer] job received: 634bd607-f9a4-4c24-b1ea-03f6d5f5dfef
[Midd4VCServer] Assigning job 634bd607-f9a4-4c24-b1ea-03f6d5f5dfef to vehicle veh6
[Midd4VCServer] job 634bd607-f9a4-4c24-b1ea-03f6d5f5dfef completed by vehicle veh6
[Midd4VCServer] job received: ef1dc412-42e6-4291-a16f-602cf83c69b6
[Midd4VCServer] Assigning job ef1dc412-42e6-4291-a16f-602cf83c69b6 to vehicle veh6
[Midd4VCServer] job ef1dc412-42e6-4291-a16f-602cf83c69b6 completed by vehicle veh6
[Midd4VCServer] Vehicle veh24 already registered.
[Midd4VCServer] job received: ee2bf143-42e1-4f76-970e-464db6b74768
[Midd4VCServer] Assigning job ee2bf143-42e1-4f76-970e-464db6b74768 to vehicle veh7
[Midd4VCServer] job ee2bf143-42e1-4f76-970e-464db6b74768 completed by vehicle veh7
[Midd4VCServer] Vehicle veh16 already registered.
[Midd4VCServer] Vehicle veh33 already registered.
[Midd4VCServer] job received: 8e0bf44c-c367-4736-b7e8-d25e080735cd
[Midd4VCServer] Assigning job 8e0bf44c-c367-4736-b7e8-d25e080735cd to vehicle veh24
[Midd4VCServer] job 8e0bf44c-c367-4736-b7e8-d25e080735cd completed by vehicle veh24
[Midd4VCServer] job received: 9a67d776-a8b5-4ff5-85cd-1fca4c043d2b
[Midd4VCServer] Assigning job 9a67d776-a8b5-4ff5-85cd-1fca4c043d2b to vehicle veh1
[Midd4VCServer] Vehicle veh28 already registered.
[Midd4VCServer] Vehicle veh18 already registered.
[Midd4VCServer] Vehicle veh25 already registered.
[Midd4VCServer] Vehicle veh2 already registered.
[Midd4VCServer] job received: d7e5d421-c56a-44cb-9bc9-8638a897a423
[Midd4VCServer] Assigning job d7e5d421-c56a-44cb-9bc9-8638a897a423 to vehicle veh6
[Midd4VCServer] job d7e5d421-c56a-44cb-9bc9-8638a897a423 completed by vehicle veh6
[Midd4VCServer] Vehicle veh8 already registered.
[Midd4VCServer] Vehicle veh12 already registered.
[Midd4VCServer] job received: 04d8deff-6b46-4917-bb70-fe36998015e0
[Midd4VCServer] Assigning job 04d8deff-6b46-4917-bb70-fe36998015e0 to vehicle veh12
[Midd4VCServer] job 04d8deff-6b46-4917-bb70-fe36998015e0 completed by vehicle veh12
[Midd4VCServer] Vehicle veh22 already registered.
[Midd4VCServer] job received: c58ac20d-0006-4873-8042-10e0b2893374
[Midd4VC] Job af8fd215-cb31-47de-ace9-fe36ace99671 timed out. Re-enqueueing.
[Midd4VC] Job e2ae25c4-cc17-4beb-8561-7781188cdac5 timed out. Re-enqueueing.
[Midd4VCServer] Assigning job e2ae25c4-cc17-4beb-8561-7781188cdac5 to vehicle veh34
[Midd4VCServer] Assigning job af8fd215-cb31-47de-ace9-fe36ace99671 to vehicle veh26
[Midd4VCServer] Assigning job c58ac20d-0006-4873-8042-10e0b2893374 to vehicle veh39
[Midd4VCServer] job c58ac20d-0006-4873-8042-10e0b2893374 completed by vehicle veh39
[Midd4VCServer] Vehicle veh9 already registered.
[Midd4VCServer] job received: 7a37faf8-156d-4514-b6ed-afb10e02c0be
[Midd4VC] Job 6a394be5-fb0b-4979-a4e3-976296f529bf timed out. Re-enqueueing.
[Midd4VC] Job ca1cc4de-3cc0-4bd7-9013-1690e80806a6 timed out. Re-enqueueing.
[Midd4VCServer] Assigning job ca1cc4de-3cc0-4bd7-9013-1690e80806a6 to vehicle veh11
[Midd4VCServer] Assigning job 6a394be5-fb0b-4979-a4e3-976296f529bf to vehicle veh20
[Midd4VCServer] Assigning job 7a37faf8-156d-4514-b6ed-afb10e02c0be to vehicle veh3
[Midd4VCServer] job ca1cc4de-3cc0-4bd7-9013-1690e80806a6 completed by vehicle veh11
[Midd4VCServer] job 7a37faf8-156d-4514-b6ed-afb10e02c0be completed by vehicle veh3
[Midd4VCServer] Vehicle veh27 already registered.
[Midd4VCServer] job received: be47dc1d-6745-4090-ba70-64c0649aee11
[Midd4VC] Job e0fccf8d-943e-4f77-85d3-64b7ca039ecb timed out. Re-enqueueing.
[Midd4VC] Job fb4d8a3b-fb55-4337-ab41-64d70beb555e timed out. Re-enqueueing.
[Midd4VC] Job 72aecffe-7f4d-4c27-812e-015e3fd28230 timed out. Re-enqueueing.
[Midd4VCServer] Assigning job 72aecffe-7f4d-4c27-812e-015e3fd28230 to vehicle veh38
[Midd4VCServer] Assigning job fb4d8a3b-fb55-4337-ab41-64d70beb555e to vehicle veh5
[Midd4VCServer] Assigning job e0fccf8d-943e-4f77-85d3-64b7ca039ecb to vehicle veh11
[Midd4VCServer] Assigning job be47dc1d-6745-4090-ba70-64c0649aee11 to vehicle veh2
[Midd4VCServer] job e0fccf8d-943e-4f77-85d3-64b7ca039ecb completed by vehicle veh11
[Midd4VCServer] job be47dc1d-6745-4090-ba70-64c0649aee11 completed by vehicle veh2
[Midd4VCServer] job received: 142c2970-a242-41f0-8e64-7b17ee43aa60
[Midd4VC] Job 79744dc1-7ecc-4e6e-b566-69f6e31ce7ee timed out. Re-enqueueing.
[Midd4VCServer] Assigning job 79744dc1-7ecc-4e6e-b566-69f6e31ce7ee to vehicle veh9
[Midd4VCServer] Assigning job 142c2970-a242-41f0-8e64-7b17ee43aa60 to vehicle veh11
[Midd4VCServer] job 142c2970-a242-41f0-8e64-7b17ee43aa60 completed by vehicle veh11
[Midd4VCServer] job 79744dc1-7ecc-4e6e-b566-69f6e31ce7ee completed by vehicle veh9
[Midd4VCServer] job received: 31912072-d404-417f-8f40-27d70621ea25
[Midd4VCServer] Assigning job 31912072-d404-417f-8f40-27d70621ea25 to vehicle veh2
[Midd4VCServer] job 31912072-d404-417f-8f40-27d70621ea25 completed by vehicle veh2
[Midd4VCServer] job received: fd69372d-37a4-438d-b69c-6e504952e1de
[Midd4VCServer] Assigning job fd69372d-37a4-438d-b69c-6e504952e1de to vehicle veh9
[Midd4VCServer] job fd69372d-37a4-438d-b69c-6e504952e1de completed by vehicle veh9
[Midd4VCServer] job received: 6809143c-58e5-4cb3-840c-f6e093cc80c5
[Midd4VCServer] Assigning job 6809143c-58e5-4cb3-840c-f6e093cc80c5 to vehicle veh11
[Midd4VCServer] job 6809143c-58e5-4cb3-840c-f6e093cc80c5 completed by vehicle veh11
[Midd4VCServer] Vehicle veh14 already registered.
[Midd4VCServer] job received: cfc9fa3e-3a9b-444e-a168-07e3eb054c51
[Midd4VC] Job be1c8529-1361-448c-baf8-faa21602e943 timed out. Re-enqueueing.
[Midd4VC] Job 28cf4078-85d1-48fd-a688-878556a506ab timed out. Re-enqueueing.
[Midd4VCServer] Assigning job 28cf4078-85d1-48fd-a688-878556a506ab to vehicle veh19
[Midd4VCServer] Assigning job be1c8529-1361-448c-baf8-faa21602e943 to vehicle veh36
[Midd4VCServer] Assigning job cfc9fa3e-3a9b-444e-a168-07e3eb054c51 to vehicle veh2
[Midd4VCServer] job cfc9fa3e-3a9b-444e-a168-07e3eb054c51 completed by vehicle veh2
[Midd4VCServer] job received: ee0e497a-61cc-440f-9963-a4687f23b720
[Midd4VCServer] Assigning job ee0e497a-61cc-440f-9963-a4687f23b720 to vehicle veh15
[Midd4VCServer] job received: b5e01b14-7972-4f75-8294-76aad413cb39
[Midd4VC] Job 2b0a5774-e9cd-4060-8b9e-39c8ee08874b timed out. Re-enqueueing.
[Midd4VC] Job 25ec5d20-24cc-4911-907e-3d225bda0ec5 timed out. Re-enqueueing.
[Midd4VCServer] Assigning job 25ec5d20-24cc-4911-907e-3d225bda0ec5 to vehicle veh23
[Midd4VCServer] Assigning job 2b0a5774-e9cd-4060-8b9e-39c8ee08874b to vehicle veh37
[Midd4VCServer] Assigning job b5e01b14-7972-4f75-8294-76aad413cb39 to vehicle veh7
[Midd4VCServer] Vehicle veh13 already registered.
[Midd4VCServer] Vehicle veh34 already registered.
[Midd4VCServer] job received: 7400c880-2301-4d5b-9da7-72fe1e8f3211
[Midd4VCServer] Assigning job 7400c880-2301-4d5b-9da7-72fe1e8f3211 to vehicle veh9
[Midd4VCServer] job 7400c880-2301-4d5b-9da7-72fe1e8f3211 completed by vehicle veh9
[Midd4VCServer] job received: 69d1e7a4-c477-41e2-9d19-48afc047de36
[Midd4VCServer] Assigning job 69d1e7a4-c477-41e2-9d19-48afc047de36 to vehicle veh35
[Midd4VCServer] Vehicle veh24 already registered.
[Midd4VCServer] job received: 590465cb-0893-4845-82a5-96ce28929822
[Midd4VCServer] Assigning job 590465cb-0893-4845-82a5-96ce28929822 to vehicle veh24
[Midd4VCServer] job 590465cb-0893-4845-82a5-96ce28929822 completed by vehicle veh24
[Midd4VCServer] job received: c0d0913f-96c9-4ef1-897a-241cc7a814ac
[Midd4VCServer] Assigning job c0d0913f-96c9-4ef1-897a-241cc7a814ac to vehicle veh6
[Midd4VCServer] job received: f2844408-7656-4d18-95c9-9037231b3b51
[Midd4VC] Job 64bb847d-1d43-463c-a145-124a519bcf83 timed out. Re-enqueueing.
[Midd4VC] Job 10d89feb-e08d-4d43-92bc-70ff6eab38e3 timed out. Re-enqueueing.
[Midd4VC] Job 03e65beb-a9d1-451d-880f-de9acecc097b timed out. Re-enqueueing.
[Midd4VC] Job 1c266475-0f3a-48f9-8eb5-928af7828fe5 timed out. Re-enqueueing.
[Midd4VCServer] Assigning job 1c266475-0f3a-48f9-8eb5-928af7828fe5 to vehicle veh13
[Midd4VCServer] Assigning job 03e65beb-a9d1-451d-880f-de9acecc097b to vehicle veh27
[Midd4VCServer] Assigning job 10d89feb-e08d-4d43-92bc-70ff6eab38e3 to vehicle veh28
[Midd4VCServer] Assigning job 64bb847d-1d43-463c-a145-124a519bcf83 to vehicle veh8
[Midd4VCServer] Assigning job f2844408-7656-4d18-95c9-9037231b3b51 to vehicle veh11
[Midd4VCServer] job 03e65beb-a9d1-451d-880f-de9acecc097b completed by vehicle veh27
[Midd4VCServer] job f2844408-7656-4d18-95c9-9037231b3b51 completed by vehicle veh11
[Midd4VCServer] job 1c266475-0f3a-48f9-8eb5-928af7828fe5 completed by vehicle veh13
[Midd4VCServer] job received: 287099bc-79e3-40bb-acfc-e4bae08ce86f
[Midd4VCServer] Assigning job 287099bc-79e3-40bb-acfc-e4bae08ce86f to vehicle veh13
[Midd4VCServer] job 287099bc-79e3-40bb-acfc-e4bae08ce86f completed by vehicle veh13
[Midd4VCServer] Vehicle veh19 already registered.
[Midd4VCServer] Vehicle veh1 already registered.
[Midd4VCServer] Vehicle veh5 already registered.
[Midd4VCServer] Vehicle veh21 already registered.
[Midd4VCServer] Vehicle veh29 already registered.
[Midd4VCServer] Vehicle veh40 already registered.
[Midd4VCServer] Vehicle veh36 already registered.
[Midd4VCServer] job received: a39bb2c8-e5cf-4c36-8676-cad04657645f
[Midd4VC] Job e05b2bbd-b0ef-420d-bf41-d2cdbdc6d9f8 timed out. Re-enqueueing.
[Midd4VC] Job 543f05cc-e881-467d-9d7e-087d8f6bcd5b timed out. Re-enqueueing.
[Midd4VC] Job 2772089c-57a8-4923-b3fe-a1925b8cfabb timed out. Re-enqueueing.
[Midd4VCServer] Assigning job 2772089c-57a8-4923-b3fe-a1925b8cfabb to vehicle veh33
[Midd4VCServer] Assigning job 543f05cc-e881-467d-9d7e-087d8f6bcd5b to vehicle veh29
[Midd4VCServer] Assigning job e05b2bbd-b0ef-420d-bf41-d2cdbdc6d9f8 to vehicle veh27
[Midd4VCServer] Assigning job a39bb2c8-e5cf-4c36-8676-cad04657645f to vehicle veh13
[Midd4VCServer] job e05b2bbd-b0ef-420d-bf41-d2cdbdc6d9f8 completed by vehicle veh27
[Midd4VCServer] job 543f05cc-e881-467d-9d7e-087d8f6bcd5b completed by vehicle veh29
[Midd4VCServer] job a39bb2c8-e5cf-4c36-8676-cad04657645f completed by vehicle veh13
[Midd4VCServer] Vehicle veh22 already registered.
[Midd4VCServer] job received: 723dc07b-3b17-4a72-9a7c-cf8598d3b676
[Midd4VC] Job c94b2862-5be1-4697-9e5a-c6c2ef8632e6 timed out. Re-enqueueing.
[Midd4VCServer] Assigning job c94b2862-5be1-4697-9e5a-c6c2ef8632e6 to vehicle veh32
[Midd4VCServer] Assigning job 723dc07b-3b17-4a72-9a7c-cf8598d3b676 to vehicle veh29
[Midd4VCServer] job c94b2862-5be1-4697-9e5a-c6c2ef8632e6 completed by vehicle veh32
[Midd4VCServer] job 723dc07b-3b17-4a72-9a7c-cf8598d3b676 completed by vehicle veh29
[Midd4VCServer] Vehicle veh32 already registered.
[Midd4VCServer] Vehicle veh6 already registered.
[Midd4VCServer] Vehicle veh18 already registered.
[Midd4VCServer] Vehicle veh30 already registered.
[Midd4VCServer] job received: 1b0ab897-b639-4b84-8e82-e4fb3069152f
[Midd4VCServer] Assigning job 1b0ab897-b639-4b84-8e82-e4fb3069152f to vehicle veh32
[Midd4VCServer] job 1b0ab897-b639-4b84-8e82-e4fb3069152f completed by vehicle veh32
[Midd4VCServer] job received: d6436b70-2674-432b-94f6-f6cfbae63fe2
[Midd4VCServer] Assigning job d6436b70-2674-432b-94f6-f6cfbae63fe2 to vehicle veh32
[Midd4VCServer] job d6436b70-2674-432b-94f6-f6cfbae63fe2 completed by vehicle veh32
[Midd4VCServer] job received: 49cda253-4285-4fe5-8da9-0e54a68cc7ff
[Midd4VCServer] Assigning job 49cda253-4285-4fe5-8da9-0e54a68cc7ff to vehicle veh32
[Midd4VCServer] job 49cda253-4285-4fe5-8da9-0e54a68cc7ff completed by vehicle veh32
[Midd4VCServer] Vehicle veh16 already registered.
[Midd4VCServer] job received: 50f79703-42de-4bd0-a5fe-6a964e4650db
[Midd4VCServer] Assigning job 50f79703-42de-4bd0-a5fe-6a964e4650db to vehicle veh27
[Midd4VCServer] job received: 4288332a-79c5-4b6c-930e-b16b219f1189
[Midd4VCServer] Assigning job 4288332a-79c5-4b6c-930e-b16b219f1189 to vehicle veh29
[Midd4VCServer] job 4288332a-79c5-4b6c-930e-b16b219f1189 completed by vehicle veh29
[Midd4VCServer] Vehicle veh22 already registered.
[Midd4VCServer] Vehicle veh24 already registered.
[Midd4VCServer] Vehicle veh38 already registered.
[Midd4VCServer] job received: 66462317-d4fe-46f6-9d50-dbffa91cdc7f
[Midd4VC] Job 896e0367-a98c-4d34-a86a-b204e3967f8c timed out. Re-enqueueing.
[Midd4VC] Job 81442ba1-182a-48f4-82e1-54826b944d32 timed out. Re-enqueueing.
[Midd4VC] Job 00879693-917a-4292-b6d6-f0d57b8a21bb timed out. Re-enqueueing.
[Midd4VCServer] Assigning job 00879693-917a-4292-b6d6-f0d57b8a21bb to vehicle veh16
[Midd4VCServer] Assigning job 81442ba1-182a-48f4-82e1-54826b944d32 to vehicle veh4
[Midd4VCServer] Assigning job 896e0367-a98c-4d34-a86a-b204e3967f8c to vehicle veh25
[Midd4VCServer] Assigning job 66462317-d4fe-46f6-9d50-dbffa91cdc7f to vehicle veh32
[Midd4VCServer] job 00879693-917a-4292-b6d6-f0d57b8a21bb completed by vehicle veh16
[Midd4VCServer] job received: bf868108-cc13-4162-815f-c5861e134718
[Midd4VCServer] Assigning job bf868108-cc13-4162-815f-c5861e134718 to vehicle veh16
[Midd4VCServer] job bf868108-cc13-4162-815f-c5861e134718 completed by vehicle veh16
[Midd4VCServer] job received: 33d7b651-ef00-4fcd-b159-f19155b2f086
[Midd4VC] Job 143568f2-ece0-47f8-b120-9da60330b26d timed out. Re-enqueueing.
[Midd4VCServer] Assigning job 143568f2-ece0-47f8-b120-9da60330b26d to vehicle veh17
[Midd4VCServer] Assigning job 33d7b651-ef00-4fcd-b159-f19155b2f086 to vehicle veh16
[Midd4VCServer] job 33d7b651-ef00-4fcd-b159-f19155b2f086 completed by vehicle veh16
[Midd4VCServer] Vehicle veh23 already registered.
[Midd4VCServer] job received: 1eda20d8-3511-4fa2-83f0-14358b37ada0
[Midd4VC] Job 30c9906b-86d8-474f-810a-981faae8de0b timed out. Re-enqueueing.
[Midd4VCServer] Assigning job 30c9906b-86d8-474f-810a-981faae8de0b to vehicle veh18
[Midd4VCServer] Assigning job 1eda20d8-3511-4fa2-83f0-14358b37ada0 to vehicle veh16
[Midd4VCServer] job 30c9906b-86d8-474f-810a-981faae8de0b completed by vehicle veh18
[Midd4VCServer] job 1eda20d8-3511-4fa2-83f0-14358b37ada0 completed by vehicle veh16
[Midd4VCServer] Vehicle veh7 already registered.
[Midd4VCServer] Vehicle veh2 already registered.
[Midd4VCServer] Vehicle veh12 already registered.
[Midd4VCServer] Vehicle veh29 already registered.
[Midd4VCServer] Vehicle veh33 already registered.
[Midd4VCServer] job received: 61817f8c-29d8-48f1-9b30-e13ec0e51e6a
[Midd4VCServer] Assigning job 61817f8c-29d8-48f1-9b30-e13ec0e51e6a to vehicle veh18
[Midd4VCServer] job 61817f8c-29d8-48f1-9b30-e13ec0e51e6a completed by vehicle veh18
[Midd4VCServer] job received: d0d71a38-de96-43ed-9e03-02a1349e7e18
[Midd4VCServer] Assigning job d0d71a38-de96-43ed-9e03-02a1349e7e18 to vehicle veh18
[Midd4VCServer] job d0d71a38-de96-43ed-9e03-02a1349e7e18 completed by vehicle veh18
[Midd4VCServer] job received: 3afa06bc-08e7-47cb-8160-df8a42f348c0
[Midd4VCServer] Assigning job 3afa06bc-08e7-47cb-8160-df8a42f348c0 to vehicle veh18
[Midd4VCServer] job 3afa06bc-08e7-47cb-8160-df8a42f348c0 completed by vehicle veh18
[Midd4VCServer] Vehicle veh3 already registered.
[Midd4VCServer] Vehicle veh26 already registered.
[Midd4VCServer] job received: 3d4f9222-0887-485f-93ee-23fc2d177c09
[Midd4VCServer] Assigning job 3d4f9222-0887-485f-93ee-23fc2d177c09 to vehicle veh18
[Midd4VCServer] job 3d4f9222-0887-485f-93ee-23fc2d177c09 completed by vehicle veh18
[Midd4VCServer] Vehicle veh28 already registered.
[Midd4VCServer] job received: a910b3ae-f9e1-49d8-b334-86cec04f3624
[Midd4VCServer] Assigning job a910b3ae-f9e1-49d8-b334-86cec04f3624 to vehicle veh18
[Midd4VCServer] job a910b3ae-f9e1-49d8-b334-86cec04f3624 completed by vehicle veh18
[Midd4VCServer] Vehicle veh37 already registered.
[Midd4VCServer] Vehicle veh17 already registered.
[Midd4VCServer] Vehicle veh8 already registered.
[Midd4VCServer] job received: b91fadff-e024-4997-b678-83993fae7569
[Midd4VCServer] Assigning job b91fadff-e024-4997-b678-83993fae7569 to vehicle veh18
[Midd4VCServer] job b91fadff-e024-4997-b678-83993fae7569 completed by vehicle veh18
[Midd4VCServer] Vehicle veh16 already registered.
[Midd4VCServer] job received: eaabbcb9-2ebe-46ae-8c65-f7b58cf32e1b
[Midd4VC] Job 2deffc17-51bd-41cf-80e8-9f04b6abcb82 timed out. Re-enqueueing.
[Midd4VC] Job 30414b69-4f6d-4080-9bb7-e676238c0e31 timed out. Re-enqueueing.
[Midd4VCServer] Assigning job 30414b69-4f6d-4080-9bb7-e676238c0e31 to vehicle veh40
[Midd4VCServer] Assigning job 2deffc17-51bd-41cf-80e8-9f04b6abcb82 to vehicle veh22
[Midd4VCServer] Assigning job eaabbcb9-2ebe-46ae-8c65-f7b58cf32e1b to vehicle veh16
[Midd4VCServer] job 2deffc17-51bd-41cf-80e8-9f04b6abcb82 completed by vehicle veh22
[Midd4VCServer] job eaabbcb9-2ebe-46ae-8c65-f7b58cf32e1b completed by vehicle veh16
[Midd4VCServer] job received: b2f9bfb4-aac8-4e22-90a7-ce649e98306b
[Midd4VC] Job d19355ba-8afe-4c4a-93f1-c53d50f6b611 timed out. Re-enqueueing.
[Midd4VCServer] Assigning job d19355ba-8afe-4c4a-93f1-c53d50f6b611 to vehicle veh10
[Midd4VCServer] Assigning job b2f9bfb4-aac8-4e22-90a7-ce649e98306b to vehicle veh22
[Midd4VCServer] job b2f9bfb4-aac8-4e22-90a7-ce649e98306b completed by vehicle veh22
[Midd4VCServer] Vehicle veh9 already registered.
[Midd4VCServer] job received: cb1d7734-898d-4c37-9b6a-ff32f4100ee4
[Midd4VCServer] Assigning job cb1d7734-898d-4c37-9b6a-ff32f4100ee4 to vehicle veh18
[Midd4VCServer] Vehicle veh6 already registered.
[Midd4VCServer] Vehicle veh33 already registered.
[Midd4VCServer] Vehicle veh25 already registered.
[Midd4VCServer] Vehicle veh22 already registered.
[Midd4VCServer] job received: f8fcb962-0e82-4466-9bd4-9e1a88a5a16e
[Midd4VC] Job 2b898e8a-4c98-4b5c-9ccb-d686e6328132 timed out. Re-enqueueing.
[Midd4VC] Job fd8b8821-daa4-4c29-8dfe-a459f0e45cfc timed out. Re-enqueueing.
[Midd4VC] Job 4d9fa422-95c9-4cd9-b336-5bcdfa7e68f8 timed out. Re-enqueueing.
[Midd4VCServer] Assigning job 4d9fa422-95c9-4cd9-b336-5bcdfa7e68f8 to vehicle veh21
[Midd4VCServer] Assigning job fd8b8821-daa4-4c29-8dfe-a459f0e45cfc to vehicle veh30
[Midd4VCServer] Assigning job 2b898e8a-4c98-4b5c-9ccb-d686e6328132 to vehicle veh14
[Midd4VCServer] Assigning job f8fcb962-0e82-4466-9bd4-9e1a88a5a16e to vehicle veh16
[Midd4VCServer] job f8fcb962-0e82-4466-9bd4-9e1a88a5a16e completed by vehicle veh16
[Midd4VCServer] job received: 330c61e0-0911-4147-9b5c-e9816f1671bb
[Midd4VCServer] Assigning job 330c61e0-0911-4147-9b5c-e9816f1671bb to vehicle veh22
[Midd4VCServer] job 330c61e0-0911-4147-9b5c-e9816f1671bb completed by vehicle veh22
[Midd4VCServer] job received: f2e9a60d-a1de-4bd7-af6f-367fda8f3e7a
[Midd4VC] Job 9a67d776-a8b5-4ff5-85cd-1fca4c043d2b timed out. Re-enqueueing.
[Midd4VCServer] Assigning job 9a67d776-a8b5-4ff5-85cd-1fca4c043d2b to vehicle veh16
[Midd4VCServer] Assigning job f2e9a60d-a1de-4bd7-af6f-367fda8f3e7a to vehicle veh22
[Midd4VCServer] job f2e9a60d-a1de-4bd7-af6f-367fda8f3e7a completed by vehicle veh22
[Midd4VCServer] job 9a67d776-a8b5-4ff5-85cd-1fca4c043d2b completed by vehicle veh16
[Midd4VCServer] job received: 0c7fd346-953e-4735-8072-bbc9dd0f0749
[Midd4VCServer] Assigning job 0c7fd346-953e-4735-8072-bbc9dd0f0749 to vehicle veh16
[Midd4VCServer] job 0c7fd346-953e-4735-8072-bbc9dd0f0749 completed by vehicle veh16
[Midd4VCServer] Vehicle veh27 already registered.
[Midd4VCServer] Vehicle veh34 already registered.
[Midd4VCServer] Vehicle veh1 already registered.
[Midd4VCServer] job received: c5b54179-539a-46fd-996d-5160587f0d66
[Midd4VCServer] Assigning job c5b54179-539a-46fd-996d-5160587f0d66 to vehicle veh31
[Midd4VCServer] Vehicle veh32 already registered.
[Midd4VCServer] job received: 9142412b-0947-44f3-a302-32b9571fc69a
[Midd4VCServer] Assigning job 9142412b-0947-44f3-a302-32b9571fc69a to vehicle veh1
[Midd4VCServer] job 9142412b-0947-44f3-a302-32b9571fc69a completed by vehicle veh1
[Midd4VCServer] Vehicle veh19 already registered.
[Midd4VCServer] job received: 130688a5-deb9-4895-bf01-980fe7f83ec3
[Midd4VCServer] Assigning job 130688a5-deb9-4895-bf01-980fe7f83ec3 to vehicle veh22
[Midd4VCServer] job 130688a5-deb9-4895-bf01-980fe7f83ec3 completed by vehicle veh22
[Midd4VCServer] Vehicle veh31 already registered.
[Midd4VCServer] Vehicle veh3 already registered.
[Midd4VCServer] Vehicle veh5 already registered.
[Midd4VCServer] job received: 4d30020f-364c-44e6-ab5b-fe177f5d324f
[Midd4VC] Job e2ae25c4-cc17-4beb-8561-7781188cdac5 timed out. Re-enqueueing.
[Midd4VC] Job af8fd215-cb31-47de-ace9-fe36ace99671 timed out. Re-enqueueing.
[Midd4VCServer] Assigning job af8fd215-cb31-47de-ace9-fe36ace99671 to vehicle veh34
[Midd4VCServer] Assigning job e2ae25c4-cc17-4beb-8561-7781188cdac5 to vehicle veh26
[Midd4VCServer] Assigning job 4d30020f-364c-44e6-ab5b-fe177f5d324f to vehicle veh16
[Midd4VCServer] job af8fd215-cb31-47de-ace9-fe36ace99671 completed by vehicle veh34
[Midd4VCServer] job 4d30020f-364c-44e6-ab5b-fe177f5d324f completed by vehicle veh16
[Midd4VCServer] Vehicle veh9 already registered.
[Midd4VCServer] Vehicle veh13 already registered.
[Midd4VCServer] job received: 14ac013c-d1e1-473a-bd13-923ff2f2e031
[Midd4VC] Job 6a394be5-fb0b-4979-a4e3-976296f529bf timed out. Re-enqueueing.
[Midd4VC] Job 72aecffe-7f4d-4c27-812e-015e3fd28230 timed out. Re-enqueueing.
[Midd4VC] Job fb4d8a3b-fb55-4337-ab41-64d70beb555e timed out. Re-enqueueing.
[Midd4VCServer] Assigning job fb4d8a3b-fb55-4337-ab41-64d70beb555e to vehicle veh38
[Midd4VCServer] Assigning job 72aecffe-7f4d-4c27-812e-015e3fd28230 to vehicle veh34
[Midd4VCServer] Assigning job 6a394be5-fb0b-4979-a4e3-976296f529bf to vehicle veh5
[Midd4VCServer] Assigning job 14ac013c-d1e1-473a-bd13-923ff2f2e031 to vehicle veh20
[Midd4VCServer] job fb4d8a3b-fb55-4337-ab41-64d70beb555e completed by vehicle veh38
[Midd4VCServer] job 72aecffe-7f4d-4c27-812e-015e3fd28230 completed by vehicle veh34
[Midd4VCServer] job received: 0c5091a9-a908-48da-9b7c-d3a8f7fb5b69
[Midd4VCServer] Assigning job 0c5091a9-a908-48da-9b7c-d3a8f7fb5b69 to vehicle veh38
[Midd4VCServer] job 0c5091a9-a908-48da-9b7c-d3a8f7fb5b69 completed by vehicle veh38
[Midd4VCServer] Vehicle veh36 already registered.
[Midd4VCServer] Vehicle veh38 already registered.
[Midd4VCServer] job received: db2723bc-b982-484f-bb95-cc44c7a168da
[Midd4VCServer] Assigning job db2723bc-b982-484f-bb95-cc44c7a168da to vehicle veh34
[Midd4VCServer] job db2723bc-b982-484f-bb95-cc44c7a168da completed by vehicle veh34
[Midd4VCServer] job received: 5403fe54-8447-4c2e-b107-56e44cd51d11
[Midd4VCServer] Assigning job 5403fe54-8447-4c2e-b107-56e44cd51d11 to vehicle veh38
[Midd4VCServer] job 5403fe54-8447-4c2e-b107-56e44cd51d11 completed by vehicle veh38
[Midd4VCServer] job received: 699f4716-1def-4b8e-8eae-ed221568a4be
[Midd4VCServer] Assigning job 699f4716-1def-4b8e-8eae-ed221568a4be to vehicle veh34
[Midd4VCServer] job 699f4716-1def-4b8e-8eae-ed221568a4be completed by vehicle veh34
[Midd4VCServer] job received: 78cd40f7-2a14-431f-bda9-b694c7650cfd
[Midd4VC] Job 28cf4078-85d1-48fd-a688-878556a506ab timed out. Re-enqueueing.
[Midd4VC] Job be1c8529-1361-448c-baf8-faa21602e943 timed out. Re-enqueueing.
[Midd4VCServer] Assigning job be1c8529-1361-448c-baf8-faa21602e943 to vehicle veh19
[Midd4VCServer] Assigning job 28cf4078-85d1-48fd-a688-878556a506ab to vehicle veh36
[Midd4VCServer] Assigning job 78cd40f7-2a14-431f-bda9-b694c7650cfd to vehicle veh38
[Midd4VCServer] job 28cf4078-85d1-48fd-a688-878556a506ab completed by vehicle veh36
[Midd4VCServer] job 78cd40f7-2a14-431f-bda9-b694c7650cfd completed by vehicle veh38
[Midd4VCServer] job received: 94f934cc-f11a-45bc-aec1-5945fb56139b
[Midd4VCServer] Assigning job 94f934cc-f11a-45bc-aec1-5945fb56139b to vehicle veh36
[Midd4VCServer] job 94f934cc-f11a-45bc-aec1-5945fb56139b completed by vehicle veh36
[Midd4VCServer] Vehicle veh27 already registered.
[Midd4VCServer] Vehicle veh21 already registered.
[Midd4VCServer] Vehicle veh24 already registered.
[Midd4VCServer] job received: 68a927b4-eaef-448e-bbfb-db97a3ca567d
[Midd4VC] Job ee0e497a-61cc-440f-9963-a4687f23b720 timed out. Re-enqueueing.
[Midd4VCServer] Assigning job ee0e497a-61cc-440f-9963-a4687f23b720 to vehicle veh36
[Midd4VCServer] Assigning job 68a927b4-eaef-448e-bbfb-db97a3ca567d to vehicle veh13
[Midd4VCServer] job ee0e497a-61cc-440f-9963-a4687f23b720 completed by vehicle veh36
[Midd4VCServer] job 68a927b4-eaef-448e-bbfb-db97a3ca567d completed by vehicle veh13
[Midd4VCServer] Vehicle veh30 already registered.
[Midd4VCServer] job received: 21084a28-ab4b-4b38-acb0-b1053f1fa268
[Midd4VCServer] Assigning job 21084a28-ab4b-4b38-acb0-b1053f1fa268 to vehicle veh29
[Midd4VCServer] job 21084a28-ab4b-4b38-acb0-b1053f1fa268 completed by vehicle veh29
[Midd4VCServer] Vehicle veh10 already registered.
[Midd4VCServer] job received: 875e649a-efa8-468e-b3cd-aef4f942b77f
[Midd4VC] Job 25ec5d20-24cc-4911-907e-3d225bda0ec5 timed out. Re-enqueueing.
[Midd4VC] Job 2b0a5774-e9cd-4060-8b9e-39c8ee08874b timed out. Re-enqueueing.
[Midd4VC] Job b5e01b14-7972-4f75-8294-76aad413cb39 timed out. Re-enqueueing.
[Midd4VCServer] Assigning job b5e01b14-7972-4f75-8294-76aad413cb39 to vehicle veh23
[Midd4VCServer] Assigning job 2b0a5774-e9cd-4060-8b9e-39c8ee08874b to vehicle veh37
[Midd4VCServer] Assigning job 25ec5d20-24cc-4911-907e-3d225bda0ec5 to vehicle veh34
[Midd4VCServer] Assigning job 875e649a-efa8-468e-b3cd-aef4f942b77f to vehicle veh15
[Midd4VCServer] job 25ec5d20-24cc-4911-907e-3d225bda0ec5 completed by vehicle veh34
[Midd4VCServer] Vehicle veh31 already registered.
[Midd4VCServer] Vehicle veh28 already registered.
[Midd4VCServer] Vehicle veh25 already registered.
[Midd4VCServer] Vehicle veh11 already registered.
[Midd4VCServer] job received: f962c1b2-76d5-49e7-bad0-dd698f58c3fe
[Midd4VC] Job 69d1e7a4-c477-41e2-9d19-48afc047de36 timed out. Re-enqueueing.
[Midd4VC] Job c0d0913f-96c9-4ef1-897a-241cc7a814ac timed out. Re-enqueueing.
[Midd4VC] Job 10d89feb-e08d-4d43-92bc-70ff6eab38e3 timed out. Re-enqueueing.
[Midd4VC] Job 64bb847d-1d43-463c-a145-124a519bcf83 timed out. Re-enqueueing.
[Midd4VCServer] Assigning job 64bb847d-1d43-463c-a145-124a519bcf83 to vehicle veh28
[Midd4VCServer] Assigning job 10d89feb-e08d-4d43-92bc-70ff6eab38e3 to vehicle veh8
[Midd4VCServer] Assigning job c0d0913f-96c9-4ef1-897a-241cc7a814ac to vehicle veh7
[Midd4VCServer] Assigning job 69d1e7a4-c477-41e2-9d19-48afc047de36 to vehicle veh36
[Midd4VCServer] Assigning job f962c1b2-76d5-49e7-bad0-dd698f58c3fe to vehicle veh35
[Midd4VCServer] job 64bb847d-1d43-463c-a145-124a519bcf83 completed by vehicle veh28
[Midd4VCServer] job 10d89feb-e08d-4d43-92bc-70ff6eab38e3 completed by vehicle veh8
[Midd4VCServer] job 69d1e7a4-c477-41e2-9d19-48afc047de36 completed by vehicle veh36
[Midd4VCServer] job received: 25e5496f-7ff4-41bc-a40f-a53938cd87b4
[Midd4VCServer] Assigning job 25e5496f-7ff4-41bc-a40f-a53938cd87b4 to vehicle veh28
[Midd4VCServer] job 25e5496f-7ff4-41bc-a40f-a53938cd87b4 completed by vehicle veh28
[Midd4VCServer] job received: 8c09dfe9-9ed5-4886-8ade-759177a5cdd2
[Midd4VCServer] Assigning job 8c09dfe9-9ed5-4886-8ade-759177a5cdd2 to vehicle veh8
[Midd4VCServer] job 8c09dfe9-9ed5-4886-8ade-759177a5cdd2 completed by vehicle veh8
[Midd4VCServer] Vehicle veh37 already registered.
[Midd4VCServer] Vehicle veh19 already registered.
[Midd4VCServer] job received: d64d8fbc-884e-4c1a-8272-54012ce0cf22
[Midd4VCServer] Assigning job d64d8fbc-884e-4c1a-8272-54012ce0cf22 to vehicle veh38
[Midd4VCServer] job d64d8fbc-884e-4c1a-8272-54012ce0cf22 completed by vehicle veh38
[Midd4VCServer] Vehicle veh6 already registered.
[Midd4VCServer] job received: 6727231c-d865-4e8d-9df0-35fa31e88725
[Midd4VCServer] Assigning job 6727231c-d865-4e8d-9df0-35fa31e88725 to vehicle veh1
[Midd4VCServer] job 6727231c-d865-4e8d-9df0-35fa31e88725 completed by vehicle veh1
[Midd4VCServer] job received: 64a1cce2-1147-443b-9971-0b36f94be725
[Midd4VC] Job 2772089c-57a8-4923-b3fe-a1925b8cfabb timed out. Re-enqueueing.
[Midd4VCServer] Assigning job 2772089c-57a8-4923-b3fe-a1925b8cfabb to vehicle veh33
[Midd4VCServer] Assigning job 64a1cce2-1147-443b-9971-0b36f94be725 to vehicle veh22
[Midd4VCServer] job received: 399d43d1-5c3e-4e09-a604-830de816d9a4
[Midd4VCServer] Assigning job 399d43d1-5c3e-4e09-a604-830de816d9a4 to vehicle veh28
[Midd4VCServer] job 399d43d1-5c3e-4e09-a604-830de816d9a4 completed by vehicle veh28
[Midd4VCServer] Vehicle veh39 already registered.
[Midd4VCServer] job received: ad042190-b371-4824-9d02-1aa11d7d16d9
[Midd4VCServer] Assigning job ad042190-b371-4824-9d02-1aa11d7d16d9 to vehicle veh6
[Midd4VCServer] job ad042190-b371-4824-9d02-1aa11d7d16d9 completed by vehicle veh6
[Midd4VCServer] job received: 710bf001-8f41-4748-ae23-21bd1769c75a
[Midd4VCServer] Assigning job 710bf001-8f41-4748-ae23-21bd1769c75a to vehicle veh16
[Midd4VCServer] Vehicle veh30 already registered.
[Midd4VCServer] Vehicle veh4 already registered.
[Midd4VCServer] Vehicle veh12 already registered.
[Midd4VCServer] job received: 452baeb7-cd21-4915-b5ad-557a9039e7a0
[Midd4VC] Job 50f79703-42de-4bd0-a5fe-6a964e4650db timed out. Re-enqueueing.
[Midd4VCServer] Assigning job 50f79703-42de-4bd0-a5fe-6a964e4650db to vehicle veh27
[Midd4VCServer] Assigning job 452baeb7-cd21-4915-b5ad-557a9039e7a0 to vehicle veh8
[Midd4VCServer] Vehicle veh2 already registered.
[Midd4VCServer] Vehicle veh27 already registered.
[Midd4VCServer] job received: 731d249e-46ba-44e4-8134-53607ee33b0b
[Midd4VC] Job 81442ba1-182a-48f4-82e1-54826b944d32 timed out. Re-enqueueing.
[Midd4VC] Job 896e0367-a98c-4d34-a86a-b204e3967f8c timed out. Re-enqueueing.
[Midd4VC] Job 66462317-d4fe-46f6-9d50-dbffa91cdc7f timed out. Re-enqueueing.
[Midd4VCServer] Assigning job 66462317-d4fe-46f6-9d50-dbffa91cdc7f to vehicle veh4
[Midd4VCServer] Assigning job 896e0367-a98c-4d34-a86a-b204e3967f8c to vehicle veh25
[Midd4VCServer] Assigning job 81442ba1-182a-48f4-82e1-54826b944d32 to vehicle veh32
[Midd4VCServer] Assigning job 731d249e-46ba-44e4-8134-53607ee33b0b to vehicle veh13
[Midd4VCServer] job 66462317-d4fe-46f6-9d50-dbffa91cdc7f completed by vehicle veh4
[Midd4VCServer] job 896e0367-a98c-4d34-a86a-b204e3967f8c completed by vehicle veh25
[Midd4VCServer] job 81442ba1-182a-48f4-82e1-54826b944d32 completed by vehicle veh32
[Midd4VCServer] Vehicle veh35 already registered.
[Midd4VCServer] Vehicle veh5 already registered.
[Midd4VCServer] job received: 011abc3b-d9dc-4104-a033-986513999de6
[Midd4VC] Job 143568f2-ece0-47f8-b120-9da60330b26d timed out. Re-enqueueing.
[Midd4VCServer] Assigning job 143568f2-ece0-47f8-b120-9da60330b26d to vehicle veh4
[Midd4VCServer] Assigning job 011abc3b-d9dc-4104-a033-986513999de6 to vehicle veh17
[Midd4VCServer] job 143568f2-ece0-47f8-b120-9da60330b26d completed by vehicle veh4
[Midd4VCServer] Vehicle veh11 already registered.
[Midd4VCServer] job received: 20021210-71d5-40fa-902c-57a73284fd81
[Midd4VCServer] Assigning job 20021210-71d5-40fa-902c-57a73284fd81 to vehicle veh4
[Midd4VCServer] job 20021210-71d5-40fa-902c-57a73284fd81 completed by vehicle veh4
[Midd4VCServer] Vehicle veh9 already registered.
[Midd4VCServer] job received: d51aa405-6578-4e34-b7a5-20a95ecd4d41
[Midd4VCServer] Assigning job d51aa405-6578-4e34-b7a5-20a95ecd4d41 to vehicle veh25
[Midd4VCServer] job d51aa405-6578-4e34-b7a5-20a95ecd4d41 completed by vehicle veh25
[Midd4VCServer] job received: ab932e0b-6073-425c-8f45-766514d8b781
[Midd4VCServer] Assigning job ab932e0b-6073-425c-8f45-766514d8b781 to vehicle veh4
[Midd4VCServer] job ab932e0b-6073-425c-8f45-766514d8b781 completed by vehicle veh4
[Midd4VCServer] job received: a5660dbc-eb8e-4fef-82eb-fc7d3f0dcaee
[Midd4VCServer] Assigning job a5660dbc-eb8e-4fef-82eb-fc7d3f0dcaee to vehicle veh25
[Midd4VCServer] job a5660dbc-eb8e-4fef-82eb-fc7d3f0dcaee completed by vehicle veh25
[Midd4VCServer] job received: e9843140-a168-4a99-81c2-331a94d4dc06
[Midd4VCServer] Assigning job e9843140-a168-4a99-81c2-331a94d4dc06 to vehicle veh4
[Midd4VCServer] job e9843140-a168-4a99-81c2-331a94d4dc06 completed by vehicle veh4
[Midd4VCServer] Vehicle veh2 already registered.
[Midd4VCServer] Vehicle veh33 already registered.
[Midd4VCServer] Vehicle veh31 already registered.
[Midd4VCServer] job received: 0f65a026-44d1-4773-b44c-c861bd650fa1
[Midd4VCServer] Assigning job 0f65a026-44d1-4773-b44c-c861bd650fa1 to vehicle veh25
[Midd4VCServer] job 0f65a026-44d1-4773-b44c-c861bd650fa1 completed by vehicle veh25
[Midd4VCServer] job received: ba65cda5-e823-4d8a-884e-c8c683ded8c1
[Midd4VCServer] Assigning job ba65cda5-e823-4d8a-884e-c8c683ded8c1 to vehicle veh4
[Midd4VCServer] job ba65cda5-e823-4d8a-884e-c8c683ded8c1 completed by vehicle veh4
[Midd4VCServer] Vehicle veh20 already registered.
[Midd4VCServer] job received: dd8bedff-86ab-4a2a-bb6d-f438a88dc114
[Midd4VC] Job 30414b69-4f6d-4080-9bb7-e676238c0e31 timed out. Re-enqueueing.
[Midd4VC] Job d19355ba-8afe-4c4a-93f1-c53d50f6b611 timed out. Re-enqueueing.
[Midd4VCServer] Assigning job d19355ba-8afe-4c4a-93f1-c53d50f6b611 to vehicle veh40
[Midd4VCServer] Assigning job 30414b69-4f6d-4080-9bb7-e676238c0e31 to vehicle veh10
[Midd4VCServer] Assigning job dd8bedff-86ab-4a2a-bb6d-f438a88dc114 to vehicle veh25
[Midd4VCServer] job dd8bedff-86ab-4a2a-bb6d-f438a88dc114 completed by vehicle veh25
[Midd4VCServer] job received: 5020cd60-e391-43a4-93f1-69179bfe9e8e
[Midd4VCServer] Assigning job 5020cd60-e391-43a4-93f1-69179bfe9e8e to vehicle veh4
[Midd4VCServer] job 5020cd60-e391-43a4-93f1-69179bfe9e8e completed by vehicle veh4
[Midd4VCServer] Vehicle veh27 already registered.
[Midd4VCServer] job received: 860c39d0-209d-4c3e-9892-137f7c32e3fb
[Midd4VC] Job cb1d7734-898d-4c37-9b6a-ff32f4100ee4 timed out. Re-enqueueing.
[Midd4VCServer] Assigning job cb1d7734-898d-4c37-9b6a-ff32f4100ee4 to vehicle veh18
[Midd4VCServer] Assigning job 860c39d0-209d-4c3e-9892-137f7c32e3fb to vehicle veh25
[Midd4VCServer] job 860c39d0-209d-4c3e-9892-137f7c32e3fb completed by vehicle veh25
[Midd4VCServer] job received: 400119fa-5e2a-4b76-8b34-2dd91d4c6af2
[Midd4VCServer] Assigning job 400119fa-5e2a-4b76-8b34-2dd91d4c6af2 to vehicle veh4
[Midd4VCServer] job 400119fa-5e2a-4b76-8b34-2dd91d4c6af2 completed by vehicle veh4
[Midd4VCServer] Vehicle veh36 already registered.
[Midd4VCServer] Vehicle veh9 already registered.
[Midd4VCServer] Vehicle veh21 already registered.
[Midd4VCServer] Vehicle veh29 already registered.
[Midd4VCServer] Vehicle veh10 already registered.
[Midd4VCServer] job received: fa50fece-9ba0-482a-9e4b-46e426322560
[Midd4VCServer] Assigning job fa50fece-9ba0-482a-9e4b-46e426322560 to vehicle veh25
[Midd4VCServer] job fa50fece-9ba0-482a-9e4b-46e426322560 completed by vehicle veh25
[Midd4VCServer] job received: bcd0d8e6-23ea-4923-b29f-191e3ff81339
[Midd4VC] Job 4d9fa422-95c9-4cd9-b336-5bcdfa7e68f8 timed out. Re-enqueueing.
[Midd4VC] Job fd8b8821-daa4-4c29-8dfe-a459f0e45cfc timed out. Re-enqueueing.
[Midd4VC] Job 2b898e8a-4c98-4b5c-9ccb-d686e6328132 timed out. Re-enqueueing.
[Midd4VCServer] Assigning job 2b898e8a-4c98-4b5c-9ccb-d686e6328132 to vehicle veh21
[Midd4VCServer] Assigning job fd8b8821-daa4-4c29-8dfe-a459f0e45cfc to vehicle veh30
[Midd4VCServer] Assigning job 4d9fa422-95c9-4cd9-b336-5bcdfa7e68f8 to vehicle veh14
[Midd4VCServer] Assigning job bcd0d8e6-23ea-4923-b29f-191e3ff81339 to vehicle veh4
[Midd4VCServer] job bcd0d8e6-23ea-4923-b29f-191e3ff81339 completed by vehicle veh4
[Midd4VCServer] job 2b898e8a-4c98-4b5c-9ccb-d686e6328132 completed by vehicle veh21
[Midd4VCServer] Vehicle veh39 already registered.
[Midd4VCServer] job received: 1a64f986-81c2-4edf-b9c0-0c273d40f198
[Midd4VCServer] Assigning job 1a64f986-81c2-4edf-b9c0-0c273d40f198 to vehicle veh21
[Midd4VCServer] job 1a64f986-81c2-4edf-b9c0-0c273d40f198 completed by vehicle veh21
[Midd4VCServer] Vehicle veh6 already registered.
[Midd4VCServer] job received: e9b3dece-2075-43ad-9885-87f206909d53
[Midd4VCServer] Assigning job e9b3dece-2075-43ad-9885-87f206909d53 to vehicle veh21
[Midd4VCServer] job e9b3dece-2075-43ad-9885-87f206909d53 completed by vehicle veh21
[Midd4VCServer] Vehicle veh17 already registered.
[Midd4VCServer] Vehicle veh18 already registered.
[Midd4VCServer] job received: 65b9fe20-1e4a-47e4-9e15-b6dae3e7ccfa
[Midd4VCServer] Assigning job 65b9fe20-1e4a-47e4-9e15-b6dae3e7ccfa to vehicle veh21
[Midd4VCServer] job 65b9fe20-1e4a-47e4-9e15-b6dae3e7ccfa completed by vehicle veh21
[Midd4VCServer] Vehicle veh37 already registered.
[Midd4VCServer] job received: 62dc9e1d-ff8d-46d0-8651-dd2070179d3a
[Midd4VC] Job c5b54179-539a-46fd-996d-5160587f0d66 timed out. Re-enqueueing.
[Midd4VCServer] Assigning job c5b54179-539a-46fd-996d-5160587f0d66 to vehicle veh21
[Midd4VCServer] Assigning job 62dc9e1d-ff8d-46d0-8651-dd2070179d3a to vehicle veh31
[Midd4VCServer] job c5b54179-539a-46fd-996d-5160587f0d66 completed by vehicle veh21
[Midd4VCServer] job received: fad802a5-7689-4667-850c-983c31044c07
[Midd4VCServer] Assigning job fad802a5-7689-4667-850c-983c31044c07 to vehicle veh21
[Midd4VCServer] Vehicle veh30 already registered.
[Midd4VCServer] job received: 57a9ffb7-c4fb-49b5-b422-217c03e19916
[Midd4VC] Job e2ae25c4-cc17-4beb-8561-7781188cdac5 timed out. Re-enqueueing.
[Midd4VCServer] Assigning job e2ae25c4-cc17-4beb-8561-7781188cdac5 to vehicle veh26
[Midd4VCServer] Assigning job 57a9ffb7-c4fb-49b5-b422-217c03e19916 to vehicle veh32
[Midd4VCServer] job 57a9ffb7-c4fb-49b5-b422-217c03e19916 completed by vehicle veh32
[Midd4VCServer] Vehicle veh38 already registered.
[Midd4VCServer] Vehicle veh1 already registered.
[Midd4VCServer] Vehicle veh10 already registered.
[Midd4VCServer] job received: 38e9a920-b911-4650-94a7-272f3fd0d3a6
[Midd4VC] Job 6a394be5-fb0b-4979-a4e3-976296f529bf timed out. Re-enqueueing.
[Midd4VC] Job 14ac013c-d1e1-473a-bd13-923ff2f2e031 timed out. Re-enqueueing.
[Midd4VCServer] Assigning job 14ac013c-d1e1-473a-bd13-923ff2f2e031 to vehicle veh5
[Midd4VCServer] Assigning job 6a394be5-fb0b-4979-a4e3-976296f529bf to vehicle veh20
[Midd4VCServer] Assigning job 38e9a920-b911-4650-94a7-272f3fd0d3a6 to vehicle veh25
[Midd4VCServer] job 38e9a920-b911-4650-94a7-272f3fd0d3a6 completed by vehicle veh25
[Midd4VCServer] job 14ac013c-d1e1-473a-bd13-923ff2f2e031 completed by vehicle veh5
[Midd4VCServer] Vehicle veh19 already registered.
[Midd4VCServer] Vehicle veh8 already registered.
[Midd4VCServer] job received: a7ef9b0a-8719-4749-a902-097f63edac02
[Midd4VCServer] Assigning job a7ef9b0a-8719-4749-a902-097f63edac02 to vehicle veh5
[Midd4VCServer] job a7ef9b0a-8719-4749-a902-097f63edac02 completed by vehicle veh5
[Midd4VCServer] job received: b1051440-65ef-4bf4-8599-dc8a56375d26
[Midd4VCServer] Assigning job b1051440-65ef-4bf4-8599-dc8a56375d26 to vehicle veh5
[Midd4VCServer] job b1051440-65ef-4bf4-8599-dc8a56375d26 completed by vehicle veh5
[Midd4VCServer] Vehicle veh31 already registered.
[Midd4VCServer] job received: c3cbaa21-5ea8-4d83-92f9-606c7855598c
[Midd4VCServer] Assigning job c3cbaa21-5ea8-4d83-92f9-606c7855598c to vehicle veh5
[Midd4VCServer] job c3cbaa21-5ea8-4d83-92f9-606c7855598c completed by vehicle veh5
[Midd4VCServer] job received: e7fea7a9-3e58-4616-91a0-8294f1d8bb2d
[Midd4VC] Job be1c8529-1361-448c-baf8-faa21602e943 timed out. Re-enqueueing.
[Midd4VCServer] Assigning job be1c8529-1361-448c-baf8-faa21602e943 to vehicle veh19
[Midd4VCServer] Assigning job e7fea7a9-3e58-4616-91a0-8294f1d8bb2d to vehicle veh12
[Midd4VCServer] job be1c8529-1361-448c-baf8-faa21602e943 completed by vehicle veh19
[Midd4VCServer] job received: 375b8ebe-ec01-48c1-8d5c-adaa5fb59d1c
[Midd4VCServer] Assigning job 375b8ebe-ec01-48c1-8d5c-adaa5fb59d1c to vehicle veh19
[Midd4VCServer] job 375b8ebe-ec01-48c1-8d5c-adaa5fb59d1c completed by vehicle veh19
[Midd4VCServer] job received: 689583c7-6d48-4814-8aab-8c044a1c1148
[Midd4VCServer] Assigning job 689583c7-6d48-4814-8aab-8c044a1c1148 to vehicle veh19
[Midd4VCServer] job 689583c7-6d48-4814-8aab-8c044a1c1148 completed by vehicle veh19
[Midd4VCServer] Vehicle veh3 already registered.
[Midd4VCServer] job received: 53291244-729b-43e5-8ddd-ee6370979ea4
[Midd4VCServer] Assigning job 53291244-729b-43e5-8ddd-ee6370979ea4 to vehicle veh19
[Midd4VCServer] job 53291244-729b-43e5-8ddd-ee6370979ea4 completed by vehicle veh19
[Midd4VCServer] job received: 1f292e6c-6884-4967-9780-39049370eef1
[Midd4VC] Job b5e01b14-7972-4f75-8294-76aad413cb39 timed out. Re-enqueueing.
[Midd4VC] Job 2b0a5774-e9cd-4060-8b9e-39c8ee08874b timed out. Re-enqueueing.
[Midd4VC] Job 875e649a-efa8-468e-b3cd-aef4f942b77f timed out. Re-enqueueing.
[Midd4VCServer] Assigning job 875e649a-efa8-468e-b3cd-aef4f942b77f to vehicle veh23
[Midd4VCServer] Assigning job 2b0a5774-e9cd-4060-8b9e-39c8ee08874b to vehicle veh37
[Midd4VCServer] Assigning job b5e01b14-7972-4f75-8294-76aad413cb39 to vehicle veh15
[Midd4VCServer] Assigning job 1f292e6c-6884-4967-9780-39049370eef1 to vehicle veh19
[Midd4VCServer] job 2b0a5774-e9cd-4060-8b9e-39c8ee08874b completed by vehicle veh37
[Midd4VCServer] job 1f292e6c-6884-4967-9780-39049370eef1 completed by vehicle veh19
[Midd4VCServer] Vehicle veh4 already registered.
[Midd4VCServer] job received: 998a0192-4a00-4d57-bd6c-97d6f328b637
[Midd4VCServer] Assigning job 998a0192-4a00-4d57-bd6c-97d6f328b637 to vehicle veh37
[Midd4VCServer] job 998a0192-4a00-4d57-bd6c-97d6f328b637 completed by vehicle veh37
[Midd4VCServer] job received: 15cf138e-10e9-4d42-af7b-9666e47face0
[Midd4VCServer] Assigning job 15cf138e-10e9-4d42-af7b-9666e47face0 to vehicle veh37
[Midd4VCServer] job 15cf138e-10e9-4d42-af7b-9666e47face0 completed by vehicle veh37
[Midd4VCServer] Vehicle veh26 already registered.
[Midd4VCServer] Vehicle veh34 already registered.
[Midd4VCServer] Vehicle veh28 already registered.
[Midd4VCServer] Vehicle veh36 already registered.
[Midd4VCServer] Vehicle veh3 already registered.
[Midd4VCServer] job received: 99ea8719-2769-4db8-84fb-8e3ec40b24c2
[Midd4VC] Job c0d0913f-96c9-4ef1-897a-241cc7a814ac timed out. Re-enqueueing.
[Midd4VC] Job f962c1b2-76d5-49e7-bad0-dd698f58c3fe timed out. Re-enqueueing.
[Midd4VCServer] Assigning job f962c1b2-76d5-49e7-bad0-dd698f58c3fe to vehicle veh7
[Midd4VCServer] Assigning job c0d0913f-96c9-4ef1-897a-241cc7a814ac to vehicle veh35
[Midd4VCServer] Assigning job 99ea8719-2769-4db8-84fb-8e3ec40b24c2 to vehicle veh4
[Midd4VCServer] job 99ea8719-2769-4db8-84fb-8e3ec40b24c2 completed by vehicle veh4
[Midd4VCServer] job received: 56be4e06-085e-46f8-8254-7c1a22bf0a01
[Midd4VCServer] Assigning job 56be4e06-085e-46f8-8254-7c1a22bf0a01 to vehicle veh39
[Midd4VCServer] job 56be4e06-085e-46f8-8254-7c1a22bf0a01 completed by vehicle veh39
[Midd4VCServer] job received: 210f9758-7ed7-464f-98bb-f085db25ff79
[Midd4VCServer] Assigning job 210f9758-7ed7-464f-98bb-f085db25ff79 to vehicle veh29
[Midd4VCServer] job 210f9758-7ed7-464f-98bb-f085db25ff79 completed by vehicle veh29
[Midd4VCServer] Vehicle veh22 already registered.
[Midd4VCServer] job received: a514500f-0eda-4b2f-9feb-7591bfc2daf8
[Midd4VCServer] Assigning job a514500f-0eda-4b2f-9feb-7591bfc2daf8 to vehicle veh2
[Midd4VCServer] Vehicle veh11 already registered.
[Midd4VCServer] Vehicle veh32 already registered.
[Midd4VCServer] job received: 01b05eed-f8c0-4ea2-9daa-d49890c48b35
[Midd4VC] Job 2772089c-57a8-4923-b3fe-a1925b8cfabb timed out. Re-enqueueing.
[Midd4VC] Job 64a1cce2-1147-443b-9971-0b36f94be725 timed out. Re-enqueueing.
[Midd4VCServer] Assigning job 64a1cce2-1147-443b-9971-0b36f94be725 to vehicle veh33
[Midd4VCServer] Assigning job 2772089c-57a8-4923-b3fe-a1925b8cfabb to vehicle veh22
[Midd4VCServer] Assigning job 01b05eed-f8c0-4ea2-9daa-d49890c48b35 to vehicle veh34
[Midd4VCServer] job 01b05eed-f8c0-4ea2-9daa-d49890c48b35 completed by vehicle veh34
[Midd4VCServer] job 2772089c-57a8-4923-b3fe-a1925b8cfabb completed by vehicle veh22
[Midd4VCServer] job received: 2209fbc0-5e88-4269-9048-b432169bb268
[Midd4VCServer] Assigning job 2209fbc0-5e88-4269-9048-b432169bb268 to vehicle veh37
[Midd4VCServer] Vehicle veh12 already registered.
[Midd4VCServer] Vehicle veh14 already registered.
[Midd4VCServer] job received: d469e265-3b1c-4743-b102-9a2b85f69790
[Midd4VCServer] Assigning job d469e265-3b1c-4743-b102-9a2b85f69790 to vehicle veh32
[Midd4VCServer] job d469e265-3b1c-4743-b102-9a2b85f69790 completed by vehicle veh32
[Midd4VCServer] job received: 7185f676-a41f-4af3-b1f1-34c1f3068e53
[Midd4VCServer] Assigning job 7185f676-a41f-4af3-b1f1-34c1f3068e53 to vehicle veh3
[Midd4VCServer] job 7185f676-a41f-4af3-b1f1-34c1f3068e53 completed by vehicle veh3
[Midd4VCServer] job received: 554fad79-e99c-440f-bba3-c2d49595c22c
[Midd4VCServer] Assigning job 554fad79-e99c-440f-bba3-c2d49595c22c to vehicle veh5
[Midd4VCServer] job received: f4a9d7ed-4aeb-46f3-b75d-eda4de63f4b6
[Midd4VC] Job 710bf001-8f41-4748-ae23-21bd1769c75a timed out. Re-enqueueing.
[Midd4VCServer] Assigning job 710bf001-8f41-4748-ae23-21bd1769c75a to vehicle veh16
[Midd4VCServer] Assigning job f4a9d7ed-4aeb-46f3-b75d-eda4de63f4b6 to vehicle veh36
[Midd4VCServer] job f4a9d7ed-4aeb-46f3-b75d-eda4de63f4b6 completed by vehicle veh36
[Midd4VCServer] Vehicle veh27 already registered.
[Midd4VCServer] job received: 1d8647c7-b129-480e-8385-fea90f763b36
[Midd4VC] Job 50f79703-42de-4bd0-a5fe-6a964e4650db timed out. Re-enqueueing.
[Midd4VC] Job 452baeb7-cd21-4915-b5ad-557a9039e7a0 timed out. Re-enqueueing.
[Midd4VC] Job 731d249e-46ba-44e4-8134-53607ee33b0b timed out. Re-enqueueing.
[Midd4VCServer] Assigning job 731d249e-46ba-44e4-8134-53607ee33b0b to vehicle veh27
[Midd4VCServer] Assigning job 452baeb7-cd21-4915-b5ad-557a9039e7a0 to vehicle veh8
[Midd4VCServer] Assigning job 50f79703-42de-4bd0-a5fe-6a964e4650db to vehicle veh13
[Midd4VCServer] Assigning job 1d8647c7-b129-480e-8385-fea90f763b36 to vehicle veh9
[Midd4VCServer] job 731d249e-46ba-44e4-8134-53607ee33b0b completed by vehicle veh27
[Midd4VCServer] Vehicle veh39 already registered.
[Midd4VCServer] Vehicle veh38 already registered.
[Midd4VCServer] Vehicle veh17 already registered.
[Midd4VCServer] Vehicle veh21 already registered.
[Midd4VCServer] Vehicle veh5 already registered.
[Midd4VCServer] job received: 0b30cb61-d192-4396-854f-4b7639dd1d8d
[Midd4VC] Job 011abc3b-d9dc-4104-a033-986513999de6 timed out. Re-enqueueing.
[Midd4VCServer] Assigning job 011abc3b-d9dc-4104-a033-986513999de6 to vehicle veh17
[Midd4VCServer] Assigning job 0b30cb61-d192-4396-854f-4b7639dd1d8d to vehicle veh27
[Midd4VCServer] job 011abc3b-d9dc-4104-a033-986513999de6 completed by vehicle veh17
[Midd4VCServer] job 0b30cb61-d192-4396-854f-4b7639dd1d8d completed by vehicle veh27
[Midd4VCServer] job received: 7144456b-b078-4fae-b979-849fe9d9c865
[Midd4VCServer] Assigning job 7144456b-b078-4fae-b979-849fe9d9c865 to vehicle veh17
[Midd4VCServer] job 7144456b-b078-4fae-b979-849fe9d9c865 completed by vehicle veh17
[Midd4VCServer] Vehicle veh30 already registered.
[Midd4VCServer] Vehicle veh37 already registered.
[Midd4VCServer] Vehicle veh34 already registered.
[Midd4VCServer] job received: f87ca86f-dc4e-435f-b6d7-02dad6b9a00b
[Midd4VCServer] Assigning job f87ca86f-dc4e-435f-b6d7-02dad6b9a00b to vehicle veh17
[Midd4VCServer] job f87ca86f-dc4e-435f-b6d7-02dad6b9a00b completed by vehicle veh17
[Midd4VCServer] job received: 10380e76-560a-46c3-80ee-535836494431
[Midd4VCServer] Assigning job 10380e76-560a-46c3-80ee-535836494431 to vehicle veh17
[Midd4VCServer] job 10380e76-560a-46c3-80ee-535836494431 completed by vehicle veh17
[Midd4VCServer] Vehicle veh8 already registered.
[Midd4VCServer] job received: d32e184e-c1a1-45ba-9cb7-de56342c3f76
[Midd4VCServer] Assigning job d32e184e-c1a1-45ba-9cb7-de56342c3f76 to vehicle veh17
[Midd4VCServer] job d32e184e-c1a1-45ba-9cb7-de56342c3f76 completed by vehicle veh17
[Midd4VCServer] Vehicle veh35 already registered.
[Midd4VCServer] job received: c38d920b-ed5a-4da7-bdf4-e4e4e0352c65
[Midd4VCServer] Assigning job c38d920b-ed5a-4da7-bdf4-e4e4e0352c65 to vehicle veh17
[Midd4VCServer] job c38d920b-ed5a-4da7-bdf4-e4e4e0352c65 completed by vehicle veh17
[Midd4VCServer] Vehicle veh22 already registered.
[Midd4VCServer] job received: 505cfd36-2279-42fb-bf7a-69c9f96858af
[Midd4VCServer] Assigning job 505cfd36-2279-42fb-bf7a-69c9f96858af to vehicle veh17
[Midd4VCServer] job 505cfd36-2279-42fb-bf7a-69c9f96858af completed by vehicle veh17
[Midd4VCServer] job received: a31008f4-3b2b-47bd-8e2c-28ea1f4beb30
[Midd4VCServer] Assigning job a31008f4-3b2b-47bd-8e2c-28ea1f4beb30 to vehicle veh17
[Midd4VCServer] job a31008f4-3b2b-47bd-8e2c-28ea1f4beb30 completed by vehicle veh17
[Midd4VCServer] Vehicle veh26 already registered.
[Midd4VCServer] job received: c23cfee2-4438-421d-baf6-6e08d50a5e99
[Midd4VCServer] Assigning job c23cfee2-4438-421d-baf6-6e08d50a5e99 to vehicle veh27
[Midd4VCServer] job c23cfee2-4438-421d-baf6-6e08d50a5e99 completed by vehicle veh27
[Midd4VCServer] Vehicle veh24 already registered.
[Midd4VCServer] Vehicle veh31 already registered.
[Midd4VCServer] job received: db3ec907-1454-487c-a4b8-d947f9c41a7c
[Midd4VC] Job d19355ba-8afe-4c4a-93f1-c53d50f6b611 timed out. Re-enqueueing.
[Midd4VC] Job 30414b69-4f6d-4080-9bb7-e676238c0e31 timed out. Re-enqueueing.
[Midd4VC] Job cb1d7734-898d-4c37-9b6a-ff32f4100ee4 timed out. Re-enqueueing.
[Midd4VCServer] Assigning job cb1d7734-898d-4c37-9b6a-ff32f4100ee4 to vehicle veh40
[Midd4VCServer] Assigning job 30414b69-4f6d-4080-9bb7-e676238c0e31 to vehicle veh10
[Midd4VCServer] Assigning job d19355ba-8afe-4c4a-93f1-c53d50f6b611 to vehicle veh18
[Midd4VCServer] Assigning job db3ec907-1454-487c-a4b8-d947f9c41a7c to vehicle veh38
[Midd4VCServer] job 30414b69-4f6d-4080-9bb7-e676238c0e31 completed by vehicle veh10
[Midd4VCServer] Vehicle veh3 already registered.
[Midd4VCServer] Vehicle veh6 already registered.
[Midd4VCServer] job received: cc33fdb5-777b-4647-bcbb-df57201885f2
[Midd4VCServer] Assigning job cc33fdb5-777b-4647-bcbb-df57201885f2 to vehicle veh10
[Midd4VCServer] job cc33fdb5-777b-4647-bcbb-df57201885f2 completed by vehicle veh10
[Midd4VCServer] job received: 309e7d04-6977-40f0-ae6c-d6ccaa52f2c9
[Midd4VC] Job fd8b8821-daa4-4c29-8dfe-a459f0e45cfc timed out. Re-enqueueing.
[Midd4VC] Job 4d9fa422-95c9-4cd9-b336-5bcdfa7e68f8 timed out. Re-enqueueing.
[Midd4VCServer] Assigning job 4d9fa422-95c9-4cd9-b336-5bcdfa7e68f8 to vehicle veh30
[Midd4VCServer] Assigning job fd8b8821-daa4-4c29-8dfe-a459f0e45cfc to vehicle veh14
[Midd4VCServer] Assigning job 309e7d04-6977-40f0-ae6c-d6ccaa52f2c9 to vehicle veh10
[Midd4VCServer] job 309e7d04-6977-40f0-ae6c-d6ccaa52f2c9 completed by vehicle veh10
[Midd4VCServer] job fd8b8821-daa4-4c29-8dfe-a459f0e45cfc completed by vehicle veh14
[Midd4VCServer] job received: 6d2158ea-0726-458f-a252-c068f312ed8b
[Midd4VCServer] Assigning job 6d2158ea-0726-458f-a252-c068f312ed8b to vehicle veh14
[Midd4VCServer] job 6d2158ea-0726-458f-a252-c068f312ed8b completed by vehicle veh14
[Midd4VCServer] job received: e0e06a1b-692e-43cf-821f-9d5a6b623bce
[Midd4VCServer] Assigning job e0e06a1b-692e-43cf-821f-9d5a6b623bce to vehicle veh14
[Midd4VCServer] job e0e06a1b-692e-43cf-821f-9d5a6b623bce completed by vehicle veh14
[Midd4VCServer] Vehicle veh2 already registered.
[Midd4VCServer] job received: 6244bb19-5cdc-4768-a551-eeeb37aa63cf
[Midd4VCServer] Assigning job 6244bb19-5cdc-4768-a551-eeeb37aa63cf to vehicle veh14
[Midd4VCServer] job 6244bb19-5cdc-4768-a551-eeeb37aa63cf completed by vehicle veh14
[Midd4VCServer] Vehicle veh20 already registered.
[Midd4VCServer] job received: f42a18b8-c57f-4bbf-ad64-4b5b24b77adc
[Midd4VCServer] Assigning job f42a18b8-c57f-4bbf-ad64-4b5b24b77adc to vehicle veh10
[Midd4VCServer] job received: 3a80ba6e-e114-476e-8413-ebd4441ec22b
[Midd4VCServer] Assigning job 3a80ba6e-e114-476e-8413-ebd4441ec22b to vehicle veh14
[Midd4VCServer] job 3a80ba6e-e114-476e-8413-ebd4441ec22b completed by vehicle veh14
[Midd4VCServer] Vehicle veh32 already registered.
[Midd4VCServer] Vehicle veh33 already registered.
[Midd4VCServer] Vehicle veh26 already registered.
[Midd4VCServer] job received: 8d74461d-135d-481a-a68d-a4d8eb41dae9
[Midd4VCServer] Assigning job 8d74461d-135d-481a-a68d-a4d8eb41dae9 to vehicle veh14
[Midd4VCServer] job 8d74461d-135d-481a-a68d-a4d8eb41dae9 completed by vehicle veh14
[Midd4VCServer] Vehicle veh8 already registered.
[Midd4VCServer] job received: ef5d6383-e48b-4f57-b604-c857b6fc6123
[Midd4VC] Job 62dc9e1d-ff8d-46d0-8651-dd2070179d3a timed out. Re-enqueueing.
[Midd4VC] Job fad802a5-7689-4667-850c-983c31044c07 timed out. Re-enqueueing.
[Midd4VC] Job e2ae25c4-cc17-4beb-8561-7781188cdac5 timed out. Re-enqueueing.
[Midd4VCServer] Assigning job e2ae25c4-cc17-4beb-8561-7781188cdac5 to vehicle veh21
[Midd4VCServer] Assigning job fad802a5-7689-4667-850c-983c31044c07 to vehicle veh26
[Midd4VCServer] Assigning job 62dc9e1d-ff8d-46d0-8651-dd2070179d3a to vehicle veh31
[Midd4VCServer] Assigning job ef5d6383-e48b-4f57-b604-c857b6fc6123 to vehicle veh14
[Midd4VCServer] job e2ae25c4-cc17-4beb-8561-7781188cdac5 completed by vehicle veh21
[Midd4VCServer] job ef5d6383-e48b-4f57-b604-c857b6fc6123 completed by vehicle veh14
[Midd4VCServer] job fad802a5-7689-4667-850c-983c31044c07 completed by vehicle veh26
[Midd4VCServer] job received: 9e2d45cf-837d-4c15-a0c2-1a3fa65384c6
[Midd4VCServer] Assigning job 9e2d45cf-837d-4c15-a0c2-1a3fa65384c6 to vehicle veh21
[Midd4VCServer] job 9e2d45cf-837d-4c15-a0c2-1a3fa65384c6 completed by vehicle veh21
[Midd4VCServer] Vehicle veh30 already registered.
[Midd4VCServer] Vehicle veh23 already registered.
[Midd4VCServer] Vehicle veh9 already registered.
[Midd4VCServer] Vehicle veh33 already registered.
[Midd4VCServer] Vehicle veh22 already registered.
[Midd4VCServer] job received: eea0917a-2186-4893-acf3-a5b190bccaba
[Midd4VC] Job 6a394be5-fb0b-4979-a4e3-976296f529bf timed out. Re-enqueueing.
[Midd4VCServer] Assigning job 6a394be5-fb0b-4979-a4e3-976296f529bf to vehicle veh21
[Midd4VCServer] Assigning job eea0917a-2186-4893-acf3-a5b190bccaba to vehicle veh20
[Midd4VCServer] job eea0917a-2186-4893-acf3-a5b190bccaba completed by vehicle veh20
[Midd4VCServer] job 6a394be5-fb0b-4979-a4e3-976296f529bf completed by vehicle veh21
[Midd4VCServer] Vehicle veh2 already registered.
[Midd4VCServer] job received: c0e9f36f-78a5-4241-ad52-d0dc45881e77
[Midd4VCServer] Assigning job c0e9f36f-78a5-4241-ad52-d0dc45881e77 to vehicle veh26
[Midd4VCServer] Vehicle veh17 already registered.
[Midd4VCServer] job received: 4e989183-8b6c-4c3f-978c-a0bab51db612
[Midd4VC] Job e7fea7a9-3e58-4616-91a0-8294f1d8bb2d timed out. Re-enqueueing.
[Midd4VCServer] Assigning job e7fea7a9-3e58-4616-91a0-8294f1d8bb2d to vehicle veh21
[Midd4VCServer] Assigning job 4e989183-8b6c-4c3f-978c-a0bab51db612 to vehicle veh20
[Midd4VCServer] job received: 881424a1-2af8-4dab-be24-c706b4a4b639
[Midd4VCServer] Assigning job 881424a1-2af8-4dab-be24-c706b4a4b639 to vehicle veh12
[Midd4VCServer] Vehicle veh4 already registered.
[Midd4VCServer] Vehicle veh23 already registered.
[Midd4VCServer] job received: bec91857-2cac-45da-9912-08425385d0db
[Midd4VCServer] Assigning job bec91857-2cac-45da-9912-08425385d0db to vehicle veh19
[Midd4VCServer] Vehicle veh9 already registered.
[Midd4VCServer] Vehicle veh38 already registered.
[Midd4VCServer] job received: bfe59594-9bfc-4812-a99c-d8651ec7fcc6
[Midd4VCServer] Assigning job bfe59594-9bfc-4812-a99c-d8651ec7fcc6 to vehicle veh24
[Midd4VCServer] job received: 98cbb2a5-d928-4436-8428-eb05f37ef492
[Midd4VCServer] Assigning job 98cbb2a5-d928-4436-8428-eb05f37ef492 to vehicle veh25
[Midd4VCServer] job 98cbb2a5-d928-4436-8428-eb05f37ef492 completed by vehicle veh25
[Midd4VCServer] Vehicle veh36 already registered.
[Midd4VCServer] Vehicle veh5 already registered.
[Midd4VCServer] Vehicle veh25 already registered.
[Midd4VCServer] Vehicle veh22 already registered.
[Midd4VCServer] Vehicle veh28 already registered.
[Midd4VCServer] Vehicle veh10 already registered.
[Midd4VCServer] job received: fe942991-5d6b-416e-93e4-0001ab78f724
[Midd4VC] Job 875e649a-efa8-468e-b3cd-aef4f942b77f timed out. Re-enqueueing.
[Midd4VC] Job b5e01b14-7972-4f75-8294-76aad413cb39 timed out. Re-enqueueing.
[Midd4VCServer] Assigning job b5e01b14-7972-4f75-8294-76aad413cb39 to vehicle veh23
[Midd4VCServer] Assigning job 875e649a-efa8-468e-b3cd-aef4f942b77f to vehicle veh15
[Midd4VCServer] Assigning job fe942991-5d6b-416e-93e4-0001ab78f724 to vehicle veh1
[Midd4VCServer] job received: b456dc20-a1e7-4fb0-aa93-1c246f6f411f
[Midd4VCServer] Assigning job b456dc20-a1e7-4fb0-aa93-1c246f6f411f to vehicle veh22
[Midd4VCServer] job b456dc20-a1e7-4fb0-aa93-1c246f6f411f completed by vehicle veh22
[Midd4VCServer] Vehicle veh23 already registered.
[Midd4VCServer] job received: 3911a44c-38ce-4573-a03a-8612d56a77a5
[Midd4VC] Job f962c1b2-76d5-49e7-bad0-dd698f58c3fe timed out. Re-enqueueing.
[Midd4VC] Job c0d0913f-96c9-4ef1-897a-241cc7a814ac timed out. Re-enqueueing.
[Midd4VCServer] Assigning job c0d0913f-96c9-4ef1-897a-241cc7a814ac to vehicle veh7
[Midd4VCServer] Assigning job f962c1b2-76d5-49e7-bad0-dd698f58c3fe to vehicle veh35
[Midd4VCServer] Assigning job 3911a44c-38ce-4573-a03a-8612d56a77a5 to vehicle veh28
[Midd4VCServer] job 3911a44c-38ce-4573-a03a-8612d56a77a5 completed by vehicle veh28
[Midd4VCServer] Vehicle veh24 already registered.
[Midd4VCServer] job received: 7df01d3e-4e33-4dd8-9f22-b747c0770c72
[Midd4VCServer] Assigning job 7df01d3e-4e33-4dd8-9f22-b747c0770c72 to vehicle veh17
[Midd4VCServer] job 7df01d3e-4e33-4dd8-9f22-b747c0770c72 completed by vehicle veh17
[Midd4VCServer] job received: 8b82387c-a2a1-4822-a6d6-7c2034870c25
[Midd4VCServer] Assigning job 8b82387c-a2a1-4822-a6d6-7c2034870c25 to vehicle veh6
[Midd4VCServer] job 8b82387c-a2a1-4822-a6d6-7c2034870c25 completed by vehicle veh6
[Midd4VCServer] Vehicle veh2 already registered.
[Midd4VCServer] Vehicle veh39 already registered.
[Midd4VCServer] Vehicle veh38 already registered.
[Midd4VCServer] Vehicle veh40 already registered.
[Midd4VCServer] job received: 107e75a0-d165-4240-92d6-65ca074db18c
[Midd4VC] Job a514500f-0eda-4b2f-9feb-7591bfc2daf8 timed out. Re-enqueueing.
[Midd4VCServer] Assigning job a514500f-0eda-4b2f-9feb-7591bfc2daf8 to vehicle veh2
[Midd4VCServer] Assigning job 107e75a0-d165-4240-92d6-65ca074db18c to vehicle veh11
[Midd4VCServer] job a514500f-0eda-4b2f-9feb-7591bfc2daf8 completed by vehicle veh2
[Midd4VCServer] job received: a2bc905e-ffaf-4539-9a9f-d30fc418378c
[Midd4VCServer] Assigning job a2bc905e-ffaf-4539-9a9f-d30fc418378c to vehicle veh4
[Midd4VCServer] job a2bc905e-ffaf-4539-9a9f-d30fc418378c completed by vehicle veh4
[Midd4VCServer] Vehicle veh32 already registered.
[Midd4VCServer] job received: b6c9f9ca-5dbd-4a66-87b3-3974710952e7
[Midd4VCServer] Assigning job b6c9f9ca-5dbd-4a66-87b3-3974710952e7 to vehicle veh39
[Midd4VCServer] job b6c9f9ca-5dbd-4a66-87b3-3974710952e7 completed by vehicle veh39
[Midd4VCServer] Vehicle veh27 already registered.
[Midd4VCServer] Vehicle veh31 already registered.
[Midd4VCServer] Vehicle veh19 already registered.
[Midd4VCServer] Vehicle veh26 already registered.
[Midd4VCServer] job received: 44d51fee-582b-480e-b382-6c1ddca24e08
[Midd4VC] Job 64a1cce2-1147-443b-9971-0b36f94be725 timed out. Re-enqueueing.
[Midd4VC] Job 2209fbc0-5e88-4269-9048-b432169bb268 timed out. Re-enqueueing.
[Midd4VC] Job 554fad79-e99c-440f-bba3-c2d49595c22c timed out. Re-enqueueing.
[Midd4VC] Job 710bf001-8f41-4748-ae23-21bd1769c75a timed out. Re-enqueueing.
[Midd4VCServer] Assigning job 710bf001-8f41-4748-ae23-21bd1769c75a to vehicle veh33
[Midd4VCServer] Assigning job 554fad79-e99c-440f-bba3-c2d49595c22c to vehicle veh16
[Midd4VCServer] Assigning job 2209fbc0-5e88-4269-9048-b432169bb268 to vehicle veh37
[Midd4VCServer] Assigning job 64a1cce2-1147-443b-9971-0b36f94be725 to vehicle veh5
[Midd4VCServer] Assigning job 44d51fee-582b-480e-b382-6c1ddca24e08 to vehicle veh27
[Midd4VCServer] job 64a1cce2-1147-443b-9971-0b36f94be725 completed by vehicle veh5
[Midd4VCServer] job 44d51fee-582b-480e-b382-6c1ddca24e08 completed by vehicle veh27
[Midd4VCServer] job received: da9a5371-c98a-436c-b3a1-8f762243d336
[Midd4VCServer] Assigning job da9a5371-c98a-436c-b3a1-8f762243d336 to vehicle veh29
[Midd4VCServer] Vehicle veh36 already registered.
[Midd4VCServer] Vehicle veh3 already registered.
[Midd4VCServer] Vehicle veh12 already registered.
[Midd4VCServer] Vehicle veh15 already registered.
[Midd4VCServer] job received: 86ad9ba4-966c-4dbd-86c1-fa2ce1c9ff0e
[Midd4VCServer] Assigning job 86ad9ba4-966c-4dbd-86c1-fa2ce1c9ff0e to vehicle veh2
[Midd4VCServer] job 86ad9ba4-966c-4dbd-86c1-fa2ce1c9ff0e completed by vehicle veh2
[Midd4VCServer] job received: 036fa611-62ae-43ef-b7cf-e0ab59e53550
[Midd4VCServer] Assigning job 036fa611-62ae-43ef-b7cf-e0ab59e53550 to vehicle veh34
[Midd4VCServer] job 036fa611-62ae-43ef-b7cf-e0ab59e53550 completed by vehicle veh34
[Midd4VCServer] Vehicle veh28 already registered.
[Midd4VCServer] Vehicle veh14 already registered.
[Midd4VCServer] job received: eac03571-b493-4a9b-b0a0-18ecf609463c
[Midd4VC] Job 452baeb7-cd21-4915-b5ad-557a9039e7a0 timed out. Re-enqueueing.
[Midd4VC] Job 50f79703-42de-4bd0-a5fe-6a964e4650db timed out. Re-enqueueing.
[Midd4VC] Job 1d8647c7-b129-480e-8385-fea90f763b36 timed out. Re-enqueueing.
[Midd4VCServer] Assigning job 1d8647c7-b129-480e-8385-fea90f763b36 to vehicle veh8
[Midd4VCServer] Assigning job 50f79703-42de-4bd0-a5fe-6a964e4650db to vehicle veh13
[Midd4VCServer] Assigning job 452baeb7-cd21-4915-b5ad-557a9039e7a0 to vehicle veh9
[Midd4VCServer] Assigning job eac03571-b493-4a9b-b0a0-18ecf609463c to vehicle veh32
[Midd4VCServer] job eac03571-b493-4a9b-b0a0-18ecf609463c completed by vehicle veh32
[Midd4VCServer] job received: 96d7e0b1-fc61-451c-9f15-efd645e75afc
[Midd4VCServer] Assigning job 96d7e0b1-fc61-451c-9f15-efd645e75afc to vehicle veh3
[Midd4VCServer] job 96d7e0b1-fc61-451c-9f15-efd645e75afc completed by vehicle veh3
[Midd4VCServer] Vehicle veh24 already registered.
[Midd4VCServer] job received: 96b15da1-3af7-4ebf-8faa-c08482f836b9
[Midd4VCServer] Assigning job 96b15da1-3af7-4ebf-8faa-c08482f836b9 to vehicle veh5
[Midd4VCServer] job 96b15da1-3af7-4ebf-8faa-c08482f836b9 completed by vehicle veh5
[Midd4VCServer] job received: c5a9a84b-6521-4a15-8c64-9881b5a77186
[Midd4VCServer] Assigning job c5a9a84b-6521-4a15-8c64-9881b5a77186 to vehicle veh36
[Midd4VCServer] job c5a9a84b-6521-4a15-8c64-9881b5a77186 completed by vehicle veh36
[Midd4VCServer] Vehicle veh9 already registered.
[Midd4VCServer] job received: 4466dfe2-995f-481f-8a7d-0149a6ab171e
[Midd4VCServer] Assigning job 4466dfe2-995f-481f-8a7d-0149a6ab171e to vehicle veh14
[Midd4VCServer] Vehicle veh21 already registered.
[Midd4VCServer] Vehicle veh15 already registered.
[Midd4VCServer] job received: fe958f8f-1ea3-4eea-a382-4452c264a7d5
[Midd4VCServer] Assigning job fe958f8f-1ea3-4eea-a382-4452c264a7d5 to vehicle veh25
[Midd4VCServer] Vehicle veh23 already registered.
[Midd4VCServer] Vehicle veh8 already registered.
[Midd4VCServer] job received: b0e3b61d-2271-4f0d-8c24-1a1f94e63923
[Midd4VCServer] Assigning job b0e3b61d-2271-4f0d-8c24-1a1f94e63923 to vehicle veh22
[Midd4VCServer] Vehicle veh9 already registered.
[Midd4VCServer] job received: 1e4743fb-fee3-4f05-9dd6-154b3363d8c0
[Midd4VCServer] Assigning job 1e4743fb-fee3-4f05-9dd6-154b3363d8c0 to vehicle veh28
[Midd4VCServer] Vehicle veh4 already registered.
[Midd4VCServer] Vehicle veh3 already registered.
[Midd4VCServer] job received: 95ce7a93-eb14-44b1-bf69-ca39a6a382b2
[Midd4VC] Job cb1d7734-898d-4c37-9b6a-ff32f4100ee4 timed out. Re-enqueueing.
[Midd4VC] Job d19355ba-8afe-4c4a-93f1-c53d50f6b611 timed out. Re-enqueueing.
[Midd4VC] Job db3ec907-1454-487c-a4b8-d947f9c41a7c timed out. Re-enqueueing.
[Midd4VCServer] Assigning job db3ec907-1454-487c-a4b8-d947f9c41a7c to vehicle veh40
[Midd4VCServer] Assigning job d19355ba-8afe-4c4a-93f1-c53d50f6b611 to vehicle veh18
[Midd4VCServer] Assigning job cb1d7734-898d-4c37-9b6a-ff32f4100ee4 to vehicle veh38
[Midd4VCServer] Assigning job 95ce7a93-eb14-44b1-bf69-ca39a6a382b2 to vehicle veh17
[Midd4VCServer] job received: 8d7a7a6e-a944-4e44-9131-4f9746d84c2c
[Midd4VCServer] Assigning job 8d7a7a6e-a944-4e44-9131-4f9746d84c2c to vehicle veh6
[Midd4VCServer] job received: a633c1f1-e74e-40ce-9f46-eb2b668d318b
[Midd4VCServer] Assigning job a633c1f1-e74e-40ce-9f46-eb2b668d318b to vehicle veh4
[Midd4VCServer] job a633c1f1-e74e-40ce-9f46-eb2b668d318b completed by vehicle veh4
[Midd4VCServer] Vehicle veh18 already registered.
[Midd4VCServer] Vehicle veh11 already registered.
[Midd4VCServer] Vehicle veh6 already registered.
[Midd4VCServer] job received: dbb46f27-e9f5-4a9b-a3b8-c675b05fad55
[Midd4VC] Job 4d9fa422-95c9-4cd9-b336-5bcdfa7e68f8 timed out. Re-enqueueing.
[Midd4VCServer] Assigning job 4d9fa422-95c9-4cd9-b336-5bcdfa7e68f8 to vehicle veh30
[Midd4VCServer] Assigning job dbb46f27-e9f5-4a9b-a3b8-c675b05fad55 to vehicle veh39
[Midd4VCServer] job dbb46f27-e9f5-4a9b-a3b8-c675b05fad55 completed by vehicle veh39
[Midd4VCServer] Vehicle veh12 already registered.
[Midd4VCServer] job received: 00c3cd61-7ec1-4be2-9cbc-e76ab6fa5d51
[Midd4VC] Job f42a18b8-c57f-4bbf-ad64-4b5b24b77adc timed out. Re-enqueueing.
[Midd4VCServer] Assigning job f42a18b8-c57f-4bbf-ad64-4b5b24b77adc to vehicle veh10
[Midd4VCServer] Assigning job 00c3cd61-7ec1-4be2-9cbc-e76ab6fa5d51 to vehicle veh27
[Midd4VCServer] job received: 22574e4f-a046-4124-964d-5f43b9da2808
[Midd4VCServer] Assigning job 22574e4f-a046-4124-964d-5f43b9da2808 to vehicle veh2
[Midd4VCServer] job received: 37fca9e3-be95-461b-828f-d4078ef0815e
[Midd4VCServer] Assigning job 37fca9e3-be95-461b-828f-d4078ef0815e to vehicle veh34
[Midd4VCServer] job 37fca9e3-be95-461b-828f-d4078ef0815e completed by vehicle veh34
[Midd4VCServer] Vehicle veh16 already registered.
[Midd4VCServer] job received: b2412619-3e25-4c60-89da-cc7ee90cea78
[Midd4VCServer] Assigning job b2412619-3e25-4c60-89da-cc7ee90cea78 to vehicle veh32
[Midd4VCServer] Vehicle veh26 already registered.
[Midd4VCServer] job received: ac2fbe8c-137b-407b-be50-4b8feb025dc8
[Midd4VCServer] Assigning job ac2fbe8c-137b-407b-be50-4b8feb025dc8 to vehicle veh3
[Midd4VCServer] Vehicle veh15 already registered.
[Midd4VCServer] job received: 506b00ba-a869-4fa6-88bc-0716cbc67ad0
[Midd4VCServer] Assigning job 506b00ba-a869-4fa6-88bc-0716cbc67ad0 to vehicle veh5
[Midd4VCServer] Vehicle veh9 already registered.
[Midd4VCServer] Vehicle veh40 already registered.
[Midd4VCServer] job received: 29b0fc38-2f27-4df7-9407-b121e62b94b3
[Midd4VC] Job 62dc9e1d-ff8d-46d0-8651-dd2070179d3a timed out. Re-enqueueing.
[Midd4VCServer] Assigning job 62dc9e1d-ff8d-46d0-8651-dd2070179d3a to vehicle veh31
[Midd4VCServer] Assigning job 29b0fc38-2f27-4df7-9407-b121e62b94b3 to vehicle veh36
[Midd4VCServer] Vehicle veh14 already registered.
[Midd4VCServer] job received: 2ea5afb1-0249-49c3-995e-4c728e4bbef9
[Midd4VCServer] Assigning job 2ea5afb1-0249-49c3-995e-4c728e4bbef9 to vehicle veh4
[Midd4VCServer] job 2ea5afb1-0249-49c3-995e-4c728e4bbef9 completed by vehicle veh4
[Midd4VCServer] job received: fa4b228c-de29-404f-ac70-8441edf6862c
[Midd4VCServer] Assigning job fa4b228c-de29-404f-ac70-8441edf6862c to vehicle veh39
[Midd4VCServer] job fa4b228c-de29-404f-ac70-8441edf6862c completed by vehicle veh39
[Midd4VCServer] Vehicle veh25 already registered.
[Midd4VCServer] job received: 32fc76d8-2b6d-44f7-b333-01342b67ad21
[Midd4VC] Job c0e9f36f-78a5-4241-ad52-d0dc45881e77 timed out. Re-enqueueing.
[Midd4VCServer] Assigning job c0e9f36f-78a5-4241-ad52-d0dc45881e77 to vehicle veh26
[Midd4VCServer] Assigning job 32fc76d8-2b6d-44f7-b333-01342b67ad21 to vehicle veh34
[Midd4VCServer] job c0e9f36f-78a5-4241-ad52-d0dc45881e77 completed by vehicle veh26
[Midd4VCServer] Vehicle veh17 already registered.
[Midd4VCServer] job received: 0be9bd2c-f596-49f2-afa7-8030c1aff54a
[Midd4VCServer] Assigning job 0be9bd2c-f596-49f2-afa7-8030c1aff54a to vehicle veh26
[Midd4VCServer] job 0be9bd2c-f596-49f2-afa7-8030c1aff54a completed by vehicle veh26
[Midd4VCServer] Vehicle veh13 already registered.
[Midd4VCServer] Vehicle veh19 already registered.
[Midd4VCServer] job received: e954060d-90c8-4253-a7de-18be6ef32abb
[Midd4VC] Job e7fea7a9-3e58-4616-91a0-8294f1d8bb2d timed out. Re-enqueueing.
[Midd4VC] Job 4e989183-8b6c-4c3f-978c-a0bab51db612 timed out. Re-enqueueing.
[Midd4VC] Job 881424a1-2af8-4dab-be24-c706b4a4b639 timed out. Re-enqueueing.
[Midd4VC] Job bec91857-2cac-45da-9912-08425385d0db timed out. Re-enqueueing.
[Midd4VCServer] Assigning job bec91857-2cac-45da-9912-08425385d0db to vehicle veh21
[Midd4VCServer] Assigning job 881424a1-2af8-4dab-be24-c706b4a4b639 to vehicle veh20
[Midd4VCServer] Assigning job 4e989183-8b6c-4c3f-978c-a0bab51db612 to vehicle veh26
[Midd4VCServer] Assigning job e7fea7a9-3e58-4616-91a0-8294f1d8bb2d to vehicle veh12
[Midd4VCServer] Assigning job e954060d-90c8-4253-a7de-18be6ef32abb to vehicle veh19
[Midd4VCServer] Vehicle veh1 already registered.
[Midd4VCServer] job e7fea7a9-3e58-4616-91a0-8294f1d8bb2d completed by vehicle veh12
[Midd4VCServer] job 4e989183-8b6c-4c3f-978c-a0bab51db612 completed by vehicle veh26
[Midd4VCServer] job e954060d-90c8-4253-a7de-18be6ef32abb completed by vehicle veh19
[Midd4VCServer] Vehicle veh37 already registered.
[Midd4VCServer] job received: 6d45447b-c484-452a-9547-ee13bdb7bfd5
[Midd4VC] Job bfe59594-9bfc-4812-a99c-d8651ec7fcc6 timed out. Re-enqueueing.
[Midd4VCServer] Assigning job bfe59594-9bfc-4812-a99c-d8651ec7fcc6 to vehicle veh26
[Midd4VCServer] Assigning job 6d45447b-c484-452a-9547-ee13bdb7bfd5 to vehicle veh24
[Midd4VCServer] job bfe59594-9bfc-4812-a99c-d8651ec7fcc6 completed by vehicle veh26
[Midd4VCServer] job 6d45447b-c484-452a-9547-ee13bdb7bfd5 completed by vehicle veh24
[Midd4VCServer] Vehicle veh5 already registered.
[Midd4VCServer] Vehicle veh8 already registered.
[Midd4VCServer] job received: c1c12fd6-4802-437f-be43-f870aed7906a
[Midd4VCServer] Assigning job c1c12fd6-4802-437f-be43-f870aed7906a to vehicle veh26
[Midd4VCServer] job c1c12fd6-4802-437f-be43-f870aed7906a completed by vehicle veh26
[Midd4VCServer] job received: b8d67a56-8979-4017-8501-a5fa1fe07f6d
[Midd4VCServer] Assigning job b8d67a56-8979-4017-8501-a5fa1fe07f6d to vehicle veh12
[Midd4VCServer] job b8d67a56-8979-4017-8501-a5fa1fe07f6d completed by vehicle veh12
[Midd4VCServer] Vehicle veh27 already registered.
[Midd4VCServer] job received: 9fa5c059-284c-47b9-a293-b37c7f93ed1c
[Midd4VCServer] Assigning job 9fa5c059-284c-47b9-a293-b37c7f93ed1c to vehicle veh19
[Midd4VCServer] job 9fa5c059-284c-47b9-a293-b37c7f93ed1c completed by vehicle veh19
[Midd4VCServer] Vehicle veh16 already registered.
[Midd4VCServer] job received: fd1de30b-13f9-4d0e-a58f-682747eb11c8
[Midd4VC] Job b5e01b14-7972-4f75-8294-76aad413cb39 timed out. Re-enqueueing.
[Midd4VC] Job 875e649a-efa8-468e-b3cd-aef4f942b77f timed out. Re-enqueueing.
[Midd4VC] Job fe942991-5d6b-416e-93e4-0001ab78f724 timed out. Re-enqueueing.
[Midd4VCServer] Assigning job fe942991-5d6b-416e-93e4-0001ab78f724 to vehicle veh23
[Midd4VCServer] Assigning job 875e649a-efa8-468e-b3cd-aef4f942b77f to vehicle veh15
[Midd4VCServer] Assigning job b5e01b14-7972-4f75-8294-76aad413cb39 to vehicle veh1
[Midd4VCServer] Assigning job fd1de30b-13f9-4d0e-a58f-682747eb11c8 to vehicle veh24
[Midd4VCServer] job fd1de30b-13f9-4d0e-a58f-682747eb11c8 completed by vehicle veh24
[Midd4VCServer] job fe942991-5d6b-416e-93e4-0001ab78f724 completed by vehicle veh23
[Midd4VCServer] job b5e01b14-7972-4f75-8294-76aad413cb39 completed by vehicle veh1
[Midd4VCServer] job received: dafcb6e2-61ee-4f38-96f1-26f96edb86ba
[Midd4VCServer] Assigning job dafcb6e2-61ee-4f38-96f1-26f96edb86ba to vehicle veh23
[Midd4VCServer] job dafcb6e2-61ee-4f38-96f1-26f96edb86ba completed by vehicle veh23
[Midd4VCServer] Vehicle veh13 already registered.
[Midd4VCServer] job received: c88efe3a-4725-4105-8f3b-abf0019e6ccf
[Midd4VC] Job c0d0913f-96c9-4ef1-897a-241cc7a814ac timed out. Re-enqueueing.
[Midd4VC] Job f962c1b2-76d5-49e7-bad0-dd698f58c3fe timed out. Re-enqueueing.
[Midd4VCServer] Assigning job f962c1b2-76d5-49e7-bad0-dd698f58c3fe to vehicle veh23
[Midd4VCServer] Assigning job c0d0913f-96c9-4ef1-897a-241cc7a814ac to vehicle veh7
[Midd4VCServer] Assigning job c88efe3a-4725-4105-8f3b-abf0019e6ccf to vehicle veh35
[Midd4VCServer] job f962c1b2-76d5-49e7-bad0-dd698f58c3fe completed by vehicle veh23
[Midd4VCServer] job received: e18624df-1d09-4ae4-ab79-84f77c56a0f1
[Midd4VCServer] Assigning job e18624df-1d09-4ae4-ab79-84f77c56a0f1 to vehicle veh23
[Midd4VCServer] job e18624df-1d09-4ae4-ab79-84f77c56a0f1 completed by vehicle veh23
[Midd4VCServer] job received: b8b4832a-005d-48f7-ac7e-d816658adadd
[Midd4VCServer] Assigning job b8b4832a-005d-48f7-ac7e-d816658adadd to vehicle veh23
[Midd4VCServer] job b8b4832a-005d-48f7-ac7e-d816658adadd completed by vehicle veh23
[Midd4VCServer] Vehicle veh36 already registered.
[Midd4VCServer] Vehicle veh21 already registered.
[Midd4VCServer] job received: 7bbc4279-ae85-44f3-99dd-33f5ae8f7230
[Midd4VC] Job 107e75a0-d165-4240-92d6-65ca074db18c timed out. Re-enqueueing.
[Midd4VCServer] Assigning job 107e75a0-d165-4240-92d6-65ca074db18c to vehicle veh11
[Midd4VCServer] Assigning job 7bbc4279-ae85-44f3-99dd-33f5ae8f7230 to vehicle veh23
[Midd4VCServer] job 107e75a0-d165-4240-92d6-65ca074db18c completed by vehicle veh11
[Midd4VCServer] job 7bbc4279-ae85-44f3-99dd-33f5ae8f7230 completed by vehicle veh23
[Midd4VCServer] Vehicle veh24 already registered.
[Midd4VCServer] job received: 73d6a5ce-263c-43aa-b3d7-12132958e553
[Midd4VCServer] Assigning job 73d6a5ce-263c-43aa-b3d7-12132958e553 to vehicle veh1
[Midd4VCServer] job 73d6a5ce-263c-43aa-b3d7-12132958e553 completed by vehicle veh1
[Midd4VCServer] job received: f962e5b2-826b-4aa4-9396-e4ef77fcc7b8
[Midd4VCServer] Assigning job f962e5b2-826b-4aa4-9396-e4ef77fcc7b8 to vehicle veh26
[Midd4VCServer] job f962e5b2-826b-4aa4-9396-e4ef77fcc7b8 completed by vehicle veh26
[Midd4VCServer] job received: a0af305b-9255-41bf-b5e4-745e6e4091a7
[Midd4VCServer] Assigning job a0af305b-9255-41bf-b5e4-745e6e4091a7 to vehicle veh11
[Midd4VCServer] job a0af305b-9255-41bf-b5e4-745e6e4091a7 completed by vehicle veh11
[Midd4VCServer] Vehicle veh10 already registered.
[Midd4VCServer] Vehicle veh7 already registered.
[Midd4VCServer] job received: 0f56c990-ff56-45a0-9b33-cea463d5cea6
[Midd4VC] Job 710bf001-8f41-4748-ae23-21bd1769c75a timed out. Re-enqueueing.
[Midd4VC] Job 554fad79-e99c-440f-bba3-c2d49595c22c timed out. Re-enqueueing.
[Midd4VC] Job 2209fbc0-5e88-4269-9048-b432169bb268 timed out. Re-enqueueing.
[Midd4VC] Job da9a5371-c98a-436c-b3a1-8f762243d336 timed out. Re-enqueueing.
[Midd4VCServer] Assigning job da9a5371-c98a-436c-b3a1-8f762243d336 to vehicle veh33
[Midd4VCServer] Assigning job 2209fbc0-5e88-4269-9048-b432169bb268 to vehicle veh16
[Midd4VCServer] Assigning job 554fad79-e99c-440f-bba3-c2d49595c22c to vehicle veh37
[Midd4VCServer] Assigning job 710bf001-8f41-4748-ae23-21bd1769c75a to vehicle veh29
[Midd4VCServer] Assigning job 0f56c990-ff56-45a0-9b33-cea463d5cea6 to vehicle veh12
[Midd4VCServer] job 2209fbc0-5e88-4269-9048-b432169bb268 completed by vehicle veh16
[Midd4VCServer] job 0f56c990-ff56-45a0-9b33-cea463d5cea6 completed by vehicle veh12
[Midd4VCServer] Vehicle veh35 already registered.
[Midd4VCServer] job received: be726fc9-083f-49b0-b2c7-287d8f9ac4fa
[Midd4VCServer] Assigning job be726fc9-083f-49b0-b2c7-287d8f9ac4fa to vehicle veh16
[Midd4VCServer] job be726fc9-083f-49b0-b2c7-287d8f9ac4fa completed by vehicle veh16
[Midd4VCServer] Vehicle veh3 already registered.
[Midd4VCServer] Vehicle veh37 already registered.
[Midd4VCServer] job received: b55c229d-571f-44cc-a5ab-a72b40737bda
[Midd4VCServer] Assigning job b55c229d-571f-44cc-a5ab-a72b40737bda to vehicle veh16
[Midd4VCServer] job b55c229d-571f-44cc-a5ab-a72b40737bda completed by vehicle veh16
[Midd4VCServer] Vehicle veh6 already registered.
[Midd4VCServer] Vehicle veh32 already registered.
[Midd4VCServer] job received: 04ffa66f-ca3c-428b-bfdb-22f12c7a00ec
[Midd4VC] Job 1d8647c7-b129-480e-8385-fea90f763b36 timed out. Re-enqueueing.
[Midd4VC] Job 50f79703-42de-4bd0-a5fe-6a964e4650db timed out. Re-enqueueing.
[Midd4VC] Job 452baeb7-cd21-4915-b5ad-557a9039e7a0 timed out. Re-enqueueing.
[Midd4VCServer] Assigning job 452baeb7-cd21-4915-b5ad-557a9039e7a0 to vehicle veh8
[Midd4VCServer] Assigning job 50f79703-42de-4bd0-a5fe-6a964e4650db to vehicle veh13
[Midd4VCServer] Assigning job 1d8647c7-b129-480e-8385-fea90f763b36 to vehicle veh9
[Midd4VCServer] Assigning job 04ffa66f-ca3c-428b-bfdb-22f12c7a00ec to vehicle veh19
[Midd4VCServer] job 452baeb7-cd21-4915-b5ad-557a9039e7a0 completed by vehicle veh8
[Midd4VCServer] job 1d8647c7-b129-480e-8385-fea90f763b36 completed by vehicle veh9
[Midd4VCServer] job received: bf6379b5-80e6-4d40-b289-7a291bffb58c
[Midd4VCServer] Assigning job bf6379b5-80e6-4d40-b289-7a291bffb58c to vehicle veh8
[Midd4VCServer] job bf6379b5-80e6-4d40-b289-7a291bffb58c completed by vehicle veh8
[Midd4VCServer] Vehicle veh4 already registered.
[Midd4VCServer] job received: 8a0056d1-041f-44e5-a90c-d443909a3f36
[Midd4VC] Job 4466dfe2-995f-481f-8a7d-0149a6ab171e timed out. Re-enqueueing.
[Midd4VCServer] Assigning job 4466dfe2-995f-481f-8a7d-0149a6ab171e to vehicle veh9
[Midd4VCServer] Assigning job 8a0056d1-041f-44e5-a90c-d443909a3f36 to vehicle veh14
[Midd4VCServer] job 4466dfe2-995f-481f-8a7d-0149a6ab171e completed by vehicle veh9
[Midd4VCServer] job received: ad3422f5-21c6-4037-b6a6-47dbafa1f7cc
[Midd4VCServer] Assigning job ad3422f5-21c6-4037-b6a6-47dbafa1f7cc to vehicle veh8
[Midd4VCServer] job ad3422f5-21c6-4037-b6a6-47dbafa1f7cc completed by vehicle veh8
[Midd4VCServer] job received: 51f0b5e3-0cce-41b9-bc58-d6db250acff0
[Midd4VC] Job fe958f8f-1ea3-4eea-a382-4452c264a7d5 timed out. Re-enqueueing.
[Midd4VCServer] Assigning job fe958f8f-1ea3-4eea-a382-4452c264a7d5 to vehicle veh25
[Midd4VCServer] Assigning job 51f0b5e3-0cce-41b9-bc58-d6db250acff0 to vehicle veh9
[Midd4VCServer] job 51f0b5e3-0cce-41b9-bc58-d6db250acff0 completed by vehicle veh9
[Midd4VCServer] job received: 4d0fca32-9872-4c92-9964-0dfe10e72428
[Midd4VCServer] Assigning job 4d0fca32-9872-4c92-9964-0dfe10e72428 to vehicle veh23
[Midd4VCServer] Vehicle veh31 already registered.
[Midd4VCServer] Vehicle veh24 already registered.
[Midd4VCServer] job received: 69c22ac3-f503-47c5-b26d-e9bcf4eb95ca
[Midd4VCServer] Assigning job 69c22ac3-f503-47c5-b26d-e9bcf4eb95ca to vehicle veh24
[Midd4VCServer] job 69c22ac3-f503-47c5-b26d-e9bcf4eb95ca completed by vehicle veh24
[Midd4VCServer] Vehicle veh19 already registered.
[Midd4VCServer] Vehicle veh20 already registered.
[Midd4VCServer] job received: 0d2a5206-fd90-4f55-869d-b880ab37321b
[Midd4VC] Job b0e3b61d-2271-4f0d-8c24-1a1f94e63923 timed out. Re-enqueueing.
[Midd4VCServer] Assigning job b0e3b61d-2271-4f0d-8c24-1a1f94e63923 to vehicle veh22
[Midd4VCServer] Assigning job 0d2a5206-fd90-4f55-869d-b880ab37321b to vehicle veh1
[Midd4VCServer] job 0d2a5206-fd90-4f55-869d-b880ab37321b completed by vehicle veh1
[Midd4VCServer] Vehicle veh29 already registered.
[Midd4VCServer] job received: 9654ee45-1bdd-4b06-a1d0-12c3c4df8c95
[Midd4VC] Job 1e4743fb-fee3-4f05-9dd6-154b3363d8c0 timed out. Re-enqueueing.
[Midd4VCServer] Assigning job 1e4743fb-fee3-4f05-9dd6-154b3363d8c0 to vehicle veh28
[Midd4VCServer] Assigning job 9654ee45-1bdd-4b06-a1d0-12c3c4df8c95 to vehicle veh26
[Midd4VCServer] job received: eae4fff7-3632-4122-abc7-7f188905bb3b
[Midd4VC] Job db3ec907-1454-487c-a4b8-d947f9c41a7c timed out. Re-enqueueing.
[Midd4VC] Job d19355ba-8afe-4c4a-93f1-c53d50f6b611 timed out. Re-enqueueing.
[Midd4VC] Job cb1d7734-898d-4c37-9b6a-ff32f4100ee4 timed out. Re-enqueueing.
[Midd4VC] Job 95ce7a93-eb14-44b1-bf69-ca39a6a382b2 timed out. Re-enqueueing.
[Midd4VC] Job 8d7a7a6e-a944-4e44-9131-4f9746d84c2c timed out. Re-enqueueing.
[Midd4VCServer] Assigning job 8d7a7a6e-a944-4e44-9131-4f9746d84c2c to vehicle veh40
[Midd4VCServer] Assigning job 95ce7a93-eb14-44b1-bf69-ca39a6a382b2 to vehicle veh18
[Midd4VCServer] Assigning job cb1d7734-898d-4c37-9b6a-ff32f4100ee4 to vehicle veh38
[Midd4VCServer] Assigning job d19355ba-8afe-4c4a-93f1-c53d50f6b611 to vehicle veh17
[Midd4VCServer] Assigning job db3ec907-1454-487c-a4b8-d947f9c41a7c to vehicle veh6
[Midd4VCServer] Assigning job eae4fff7-3632-4122-abc7-7f188905bb3b to vehicle veh11
[Midd4VCServer] job db3ec907-1454-487c-a4b8-d947f9c41a7c completed by vehicle veh6
[Midd4VCServer] Vehicle veh24 already registered.
[Midd4VCServer] Vehicle veh28 already registered.
[Midd4VCServer] Vehicle veh13 already registered.
[Midd4VCServer] Vehicle veh18 already registered.
[Midd4VCServer] Vehicle veh14 already registered.
[Midd4VCServer] job received: cabc7f71-5a19-4e2c-ab8b-9582c3a80e61
[Midd4VC] Job 4d9fa422-95c9-4cd9-b336-5bcdfa7e68f8 timed out. Re-enqueueing.
[Midd4VC] Job f42a18b8-c57f-4bbf-ad64-4b5b24b77adc timed out. Re-enqueueing.
[Midd4VC] Job 00c3cd61-7ec1-4be2-9cbc-e76ab6fa5d51 timed out. Re-enqueueing.
[Midd4VCServer] Assigning job 00c3cd61-7ec1-4be2-9cbc-e76ab6fa5d51 to vehicle veh30
[Midd4VCServer] Assigning job f42a18b8-c57f-4bbf-ad64-4b5b24b77adc to vehicle veh10
[Midd4VCServer] Assigning job 4d9fa422-95c9-4cd9-b336-5bcdfa7e68f8 to vehicle veh27
[Midd4VCServer] Assigning job cabc7f71-5a19-4e2c-ab8b-9582c3a80e61 to vehicle veh6
[Midd4VCServer] job cabc7f71-5a19-4e2c-ab8b-9582c3a80e61 completed by vehicle veh6
[Midd4VCServer] Vehicle veh7 already registered.
[Midd4VCServer] job received: bfc7363b-d23a-4654-9991-93af816fad56
[Midd4VCServer] Assigning job bfc7363b-d23a-4654-9991-93af816fad56 to vehicle veh16
[Midd4VCServer] job bfc7363b-d23a-4654-9991-93af816fad56 completed by vehicle veh16
[Midd4VCServer] job received: fe085c6a-61f1-4dad-a4ac-f2c5deb92935
[Midd4VC] Job 22574e4f-a046-4124-964d-5f43b9da2808 timed out. Re-enqueueing.
[Midd4VCServer] Assigning job 22574e4f-a046-4124-964d-5f43b9da2808 to vehicle veh2
[Midd4VCServer] Assigning job fe085c6a-61f1-4dad-a4ac-f2c5deb92935 to vehicle veh8
[Midd4VCServer] job fe085c6a-61f1-4dad-a4ac-f2c5deb92935 completed by vehicle veh8
[Midd4VCServer] Vehicle veh23 already registered.
[Midd4VCServer] Vehicle veh21 already registered.
[Midd4VCServer] job received: 9b1b3500-57fe-4a31-945b-4473af5015dc
[Midd4VC] Job b2412619-3e25-4c60-89da-cc7ee90cea78 timed out. Re-enqueueing.
[Midd4VCServer] Assigning job b2412619-3e25-4c60-89da-cc7ee90cea78 to vehicle veh32
[Midd4VCServer] Assigning job 9b1b3500-57fe-4a31-945b-4473af5015dc to vehicle veh12
[Midd4VCServer] job received: 20f9821c-8dca-454f-8e58-4aab55f6e728
[Midd4VCServer] Assigning job 20f9821c-8dca-454f-8e58-4aab55f6e728 to vehicle veh9
[Midd4VCServer] job 20f9821c-8dca-454f-8e58-4aab55f6e728 completed by vehicle veh9
[Midd4VCServer] Vehicle veh24 already registered.
[Midd4VCServer] job received: 01a2541a-ca98-455e-9383-76147cbb08b8
[Midd4VCServer] Assigning job 01a2541a-ca98-455e-9383-76147cbb08b8 to vehicle veh24
[Midd4VCServer] job 01a2541a-ca98-455e-9383-76147cbb08b8 completed by vehicle veh24
[Midd4VCServer] job received: 6a4724bd-5c5c-4ad3-98dc-ff10d875f7e3
[Midd4VCServer] Assigning job 6a4724bd-5c5c-4ad3-98dc-ff10d875f7e3 to vehicle veh1
[Midd4VCServer] job 6a4724bd-5c5c-4ad3-98dc-ff10d875f7e3 completed by vehicle veh1
[Midd4VCServer] job received: c37480c0-2c63-4909-a2ab-a53946555cca
[Midd4VC] Job ac2fbe8c-137b-407b-be50-4b8feb025dc8 timed out. Re-enqueueing.
[Midd4VCServer] Assigning job ac2fbe8c-137b-407b-be50-4b8feb025dc8 to vehicle veh3
[Midd4VCServer] Assigning job c37480c0-2c63-4909-a2ab-a53946555cca to vehicle veh6
[Midd4VCServer] job c37480c0-2c63-4909-a2ab-a53946555cca completed by vehicle veh6
[Midd4VCServer] job ac2fbe8c-137b-407b-be50-4b8feb025dc8 completed by vehicle veh3
[Midd4VCServer] job received: d614ebbb-d4f6-46cd-87b0-3396634d5dd7
[Midd4VC] Job 506b00ba-a869-4fa6-88bc-0716cbc67ad0 timed out. Re-enqueueing.
[Midd4VCServer] Assigning job 506b00ba-a869-4fa6-88bc-0716cbc67ad0 to vehicle veh5
[Midd4VCServer] Assigning job d614ebbb-d4f6-46cd-87b0-3396634d5dd7 to vehicle veh3
[Midd4VCServer] job d614ebbb-d4f6-46cd-87b0-3396634d5dd7 completed by vehicle veh3
[Midd4VCServer] Vehicle veh38 already registered.
[Midd4VCServer] Vehicle veh17 already registered.
[Midd4VCServer] job received: 0e4c62d3-6a33-4fa8-9eb5-aaadfa06c64a
[Midd4VC] Job 62dc9e1d-ff8d-46d0-8651-dd2070179d3a timed out. Re-enqueueing.
[Midd4VC] Job 29b0fc38-2f27-4df7-9407-b121e62b94b3 timed out. Re-enqueueing.
[Midd4VCServer] Assigning job 29b0fc38-2f27-4df7-9407-b121e62b94b3 to vehicle veh31
[Midd4VCServer] Assigning job 62dc9e1d-ff8d-46d0-8651-dd2070179d3a to vehicle veh36
[Midd4VCServer] Assigning job 0e4c62d3-6a33-4fa8-9eb5-aaadfa06c64a to vehicle veh16
[Midd4VCServer] job 29b0fc38-2f27-4df7-9407-b121e62b94b3 completed by vehicle veh31
[Midd4VCServer] job 0e4c62d3-6a33-4fa8-9eb5-aaadfa06c64a completed by vehicle veh16
[Midd4VCServer] job received: 05f3b04f-ef02-45f1-97e3-8d86059eb3c2
[Midd4VCServer] Assigning job 05f3b04f-ef02-45f1-97e3-8d86059eb3c2 to vehicle veh31
[Midd4VCServer] job 05f3b04f-ef02-45f1-97e3-8d86059eb3c2 completed by vehicle veh31
[Midd4VCServer] Vehicle veh13 already registered.
[Midd4VCServer] Vehicle veh4 already registered.
[Midd4VCServer] Vehicle veh31 already registered.
[Midd4VCServer] job received: 89f2e3a7-8c4b-4493-8890-23c7f91a3994
[Midd4VC] Job 32fc76d8-2b6d-44f7-b333-01342b67ad21 timed out. Re-enqueueing.
[Midd4VCServer] Assigning job 32fc76d8-2b6d-44f7-b333-01342b67ad21 to vehicle veh31
[Midd4VCServer] Assigning job 89f2e3a7-8c4b-4493-8890-23c7f91a3994 to vehicle veh34
[Midd4VCServer] job 32fc76d8-2b6d-44f7-b333-01342b67ad21 completed by vehicle veh31
[Midd4VCServer] Vehicle veh2 already registered.
[Midd4VCServer] Vehicle veh34 already registered.
[Midd4VCServer] job received: 601e5e9e-37f9-49ff-878e-bcf8570711d1
[Midd4VC] Job bec91857-2cac-45da-9912-08425385d0db timed out. Re-enqueueing.
[Midd4VC] Job 881424a1-2af8-4dab-be24-c706b4a4b639 timed out. Re-enqueueing.
[Midd4VCServer] Assigning job 881424a1-2af8-4dab-be24-c706b4a4b639 to vehicle veh21
[Midd4VCServer] Assigning job bec91857-2cac-45da-9912-08425385d0db to vehicle veh20
[Midd4VCServer] Assigning job 601e5e9e-37f9-49ff-878e-bcf8570711d1 to vehicle veh31
[Midd4VCServer] job bec91857-2cac-45da-9912-08425385d0db completed by vehicle veh20
[Midd4VCServer] Vehicle veh40 already registered.
[Midd4VCServer] Vehicle veh35 already registered.
[Midd4VCServer] job received: 4a46cf5f-8607-4a1d-bc30-c4e0f6dbbd8d
[Midd4VCServer] Assigning job 4a46cf5f-8607-4a1d-bc30-c4e0f6dbbd8d to vehicle veh20
[Midd4VCServer] job 4a46cf5f-8607-4a1d-bc30-c4e0f6dbbd8d completed by vehicle veh20
[Midd4VCServer] Vehicle veh2 already registered.
[Midd4VCServer] Vehicle veh32 already registered.
[Midd4VCServer] job received: 00dfd5c4-418c-451b-831e-8ed20f73127f
[Midd4VCServer] Assigning job 00dfd5c4-418c-451b-831e-8ed20f73127f to vehicle veh20
[Midd4VCServer] job 00dfd5c4-418c-451b-831e-8ed20f73127f completed by vehicle veh20
[Midd4VCServer] job received: c15f423f-b2ed-4780-a7c5-1e303511a18a
[Midd4VCServer] Assigning job c15f423f-b2ed-4780-a7c5-1e303511a18a to vehicle veh20
[Midd4VCServer] job c15f423f-b2ed-4780-a7c5-1e303511a18a completed by vehicle veh20
[Midd4VCServer] Vehicle veh23 already registered.
[Midd4VCServer] job received: 0413f6a1-564b-4917-855c-c488e266f66f
[Midd4VCServer] Assigning job 0413f6a1-564b-4917-855c-c488e266f66f to vehicle veh20
[Midd4VCServer] job 0413f6a1-564b-4917-855c-c488e266f66f completed by vehicle veh20
[Midd4VCServer] Vehicle veh15 already registered.
[Midd4VCServer] Vehicle veh9 already registered.
[Midd4VCServer] job received: b90680d0-024a-409d-b515-f678a1b2641f
[Midd4VC] Job 875e649a-efa8-468e-b3cd-aef4f942b77f timed out. Re-enqueueing.
[Midd4VCServer] Assigning job 875e649a-efa8-468e-b3cd-aef4f942b77f to vehicle veh15
[Midd4VCServer] Assigning job b90680d0-024a-409d-b515-f678a1b2641f to vehicle veh20
[Midd4VCServer] job 875e649a-efa8-468e-b3cd-aef4f942b77f completed by vehicle veh15
[Midd4VCServer] job b90680d0-024a-409d-b515-f678a1b2641f completed by vehicle veh20
[Midd4VCServer] job received: 5dbfb358-2761-4385-93e0-1ed50efb2885
[Midd4VCServer] Assigning job 5dbfb358-2761-4385-93e0-1ed50efb2885 to vehicle veh15
[Midd4VCServer] job 5dbfb358-2761-4385-93e0-1ed50efb2885 completed by vehicle veh15
[Midd4VCServer] Vehicle veh29 already registered.
[Midd4VCServer] Vehicle veh11 already registered.
[Midd4VCServer] job received: dac6324d-fbcc-4001-806c-2807c9fe89e8
[Midd4VCServer] Assigning job dac6324d-fbcc-4001-806c-2807c9fe89e8 to vehicle veh15
[Midd4VCServer] job dac6324d-fbcc-4001-806c-2807c9fe89e8 completed by vehicle veh15
[Midd4VCServer] job received: b4239f36-12b0-4bc3-8b88-a304aff1e39a
[Midd4VCServer] Assigning job b4239f36-12b0-4bc3-8b88-a304aff1e39a to vehicle veh15
[Midd4VCServer] job b4239f36-12b0-4bc3-8b88-a304aff1e39a completed by vehicle veh15
[Midd4VCServer] Vehicle veh10 already registered.
[Midd4VCServer] Vehicle veh5 already registered.
[Midd4VCServer] Vehicle veh32 already registered.
[Midd4VCServer] job received: b0c3bb4c-2439-42b4-8635-004d6a1faaeb
[Midd4VC] Job c0d0913f-96c9-4ef1-897a-241cc7a814ac timed out. Re-enqueueing.
[Midd4VC] Job c88efe3a-4725-4105-8f3b-abf0019e6ccf timed out. Re-enqueueing.
[Midd4VCServer] Assigning job c88efe3a-4725-4105-8f3b-abf0019e6ccf to vehicle veh7
[Midd4VCServer] Assigning job c0d0913f-96c9-4ef1-897a-241cc7a814ac to vehicle veh35
[Midd4VCServer] Assigning job b0c3bb4c-2439-42b4-8635-004d6a1faaeb to vehicle veh15
[Midd4VCServer] job b0c3bb4c-2439-42b4-8635-004d6a1faaeb completed by vehicle veh15
[Midd4VCServer] Vehicle veh6 already registered.
[Midd4VCServer] job received: af2e3142-5c61-4569-94d6-fea862c9ae35
[Midd4VCServer] Assigning job af2e3142-5c61-4569-94d6-fea862c9ae35 to vehicle veh20
[Midd4VCServer] job af2e3142-5c61-4569-94d6-fea862c9ae35 completed by vehicle veh20
[Midd4VCServer] job received: 2c994d01-54e9-4bb0-8c98-bd6b7e7e915f
[Midd4VCServer] Assigning job 2c994d01-54e9-4bb0-8c98-bd6b7e7e915f to vehicle veh8
[Midd4VCServer] job 2c994d01-54e9-4bb0-8c98-bd6b7e7e915f completed by vehicle veh8
[Midd4VCServer] Vehicle veh31 already registered.
[Midd4VCServer] job received: 91dc6c60-a07c-4546-8734-7c39510b7eba
[Midd4VCServer] Assigning job 91dc6c60-a07c-4546-8734-7c39510b7eba to vehicle veh4
[Midd4VCServer] job 91dc6c60-a07c-4546-8734-7c39510b7eba completed by vehicle veh4
[Midd4VCServer] job received: 6257cb7d-634c-4f50-843a-1020f96aad1c
[Midd4VCServer] Assigning job 6257cb7d-634c-4f50-843a-1020f96aad1c to vehicle veh39
[Midd4VCServer] Vehicle veh25 already registered.
[Midd4VCServer] Vehicle veh16 already registered.
[Midd4VCServer] job received: 611f7478-a0f7-47a3-b520-f8015ab6bde4
[Midd4VC] Job da9a5371-c98a-436c-b3a1-8f762243d336 timed out. Re-enqueueing.
[Midd4VC] Job 554fad79-e99c-440f-bba3-c2d49595c22c timed out. Re-enqueueing.
[Midd4VC] Job 710bf001-8f41-4748-ae23-21bd1769c75a timed out. Re-enqueueing.
[Midd4VCServer] Assigning job 710bf001-8f41-4748-ae23-21bd1769c75a to vehicle veh33
[Midd4VCServer] Assigning job 554fad79-e99c-440f-bba3-c2d49595c22c to vehicle veh37
[Midd4VCServer] Assigning job da9a5371-c98a-436c-b3a1-8f762243d336 to vehicle veh29
[Midd4VCServer] Assigning job 611f7478-a0f7-47a3-b520-f8015ab6bde4 to vehicle veh3
[Midd4VCServer] job 554fad79-e99c-440f-bba3-c2d49595c22c completed by vehicle veh37
[Midd4VCServer] Vehicle veh22 already registered.
[Midd4VCServer] job received: 1bbfba63-cd72-4a46-85c0-9d3b3d258c66
[Midd4VCServer] Assigning job 1bbfba63-cd72-4a46-85c0-9d3b3d258c66 to vehicle veh37
[Midd4VCServer] job 1bbfba63-cd72-4a46-85c0-9d3b3d258c66 completed by vehicle veh37
[Midd4VCServer] job received: 4fb06ac9-3a02-487d-b267-5fbee06a0d58
[Midd4VCServer] Assigning job 4fb06ac9-3a02-487d-b267-5fbee06a0d58 to vehicle veh37
[Midd4VCServer] job 4fb06ac9-3a02-487d-b267-5fbee06a0d58 completed by vehicle veh37
[Midd4VCServer] Vehicle veh37 already registered.
[Midd4VCServer] Vehicle veh20 already registered.
[Midd4VCServer] job received: 46fbaef1-076b-4377-95d3-c6a8b33aa9a5
[Midd4VCServer] Assigning job 46fbaef1-076b-4377-95d3-c6a8b33aa9a5 to vehicle veh37
[Midd4VCServer] job 46fbaef1-076b-4377-95d3-c6a8b33aa9a5 completed by vehicle veh37
[Midd4VCServer] Vehicle veh1 already registered.
[Midd4VCServer] Vehicle veh12 already registered.
[Midd4VCServer] Vehicle veh16 already registered.
[Midd4VCServer] job received: cf9e0d23-0c2e-4357-94cd-43ad8f605dff
[Midd4VCServer] Assigning job cf9e0d23-0c2e-4357-94cd-43ad8f605dff to vehicle veh37
[Midd4VCServer] job cf9e0d23-0c2e-4357-94cd-43ad8f605dff completed by vehicle veh37
[Midd4VCServer] Vehicle veh29 already registered.
[Midd4VCServer] job received: 41547f60-79ef-4784-8ad6-749290c8e0b2
[Midd4VCServer] Assigning job 41547f60-79ef-4784-8ad6-749290c8e0b2 to vehicle veh15
[Midd4VCServer] job 41547f60-79ef-4784-8ad6-749290c8e0b2 completed by vehicle veh15
[Midd4VCServer] Vehicle veh30 already registered.
[Midd4VCServer] job received: 08082aa5-db8b-4cb0-a7b2-3891e66139eb
[Midd4VC] Job 50f79703-42de-4bd0-a5fe-6a964e4650db timed out. Re-enqueueing.
[Midd4VC] Job 04ffa66f-ca3c-428b-bfdb-22f12c7a00ec timed out. Re-enqueueing.
[Midd4VCServer] Assigning job 04ffa66f-ca3c-428b-bfdb-22f12c7a00ec to vehicle veh13
[Midd4VCServer] Assigning job 50f79703-42de-4bd0-a5fe-6a964e4650db to vehicle veh19
[Midd4VCServer] Assigning job 08082aa5-db8b-4cb0-a7b2-3891e66139eb to vehicle veh9
[Midd4VCServer] job received: 92763d36-7822-4b4a-84cf-08ce4370174a
[Midd4VC] Job 8a0056d1-041f-44e5-a90c-d443909a3f36 timed out. Re-enqueueing.
[Midd4VCServer] Assigning job 8a0056d1-041f-44e5-a90c-d443909a3f36 to vehicle veh14
[Midd4VCServer] Assigning job 92763d36-7822-4b4a-84cf-08ce4370174a to vehicle veh20
[Midd4VCServer] job 92763d36-7822-4b4a-84cf-08ce4370174a completed by vehicle veh20
[Midd4VCServer] job received: 1c08bf7b-ab2a-4146-9d0b-d942155c90f1
[Midd4VCServer] Assigning job 1c08bf7b-ab2a-4146-9d0b-d942155c90f1 to vehicle veh24
[Midd4VCServer] Vehicle veh34 already registered.
[Midd4VCServer] Vehicle veh30 already registered.
[Midd4VCServer] Vehicle veh11 already registered.
[Midd4VCServer] job received: 17a088b2-1d79-4e25-953b-071a03d79ddd
[Midd4VC] Job fe958f8f-1ea3-4eea-a382-4452c264a7d5 timed out. Re-enqueueing.
[Midd4VC] Job 4d0fca32-9872-4c92-9964-0dfe10e72428 timed out. Re-enqueueing.
[Midd4VCServer] Assigning job 4d0fca32-9872-4c92-9964-0dfe10e72428 to vehicle veh25
[Midd4VCServer] Assigning job fe958f8f-1ea3-4eea-a382-4452c264a7d5 to vehicle veh23
[Midd4VCServer] Assigning job 17a088b2-1d79-4e25-953b-071a03d79ddd to vehicle veh1
[Midd4VCServer] job 4d0fca32-9872-4c92-9964-0dfe10e72428 completed by vehicle veh25
[Midd4VCServer] job fe958f8f-1ea3-4eea-a382-4452c264a7d5 completed by vehicle veh23
[Midd4VCServer] job 17a088b2-1d79-4e25-953b-071a03d79ddd completed by vehicle veh1
[Midd4VCServer] Vehicle veh1 already registered.
[Midd4VCServer] Vehicle veh2 already registered.
[Midd4VCServer] Vehicle veh23 already registered.
[Midd4VCServer] Vehicle veh6 already registered.
[Midd4VCServer] job received: 89ba4e8e-d169-44b2-bd0b-901c7dfd7aec
[Midd4VCServer] Assigning job 89ba4e8e-d169-44b2-bd0b-901c7dfd7aec to vehicle veh25
[Midd4VCServer] job 89ba4e8e-d169-44b2-bd0b-901c7dfd7aec completed by vehicle veh25
[Midd4VCServer] Vehicle veh31 already registered.
[Midd4VCServer] Vehicle veh21 already registered.
[Midd4VCServer] job received: 0b58ae8c-3382-4c6f-92bc-b146ce1c909d
[Midd4VC] Job b0e3b61d-2271-4f0d-8c24-1a1f94e63923 timed out. Re-enqueueing.
[Midd4VCServer] Assigning job b0e3b61d-2271-4f0d-8c24-1a1f94e63923 to vehicle veh22
[Midd4VCServer] Assigning job 0b58ae8c-3382-4c6f-92bc-b146ce1c909d to vehicle veh23
[Midd4VCServer] job 0b58ae8c-3382-4c6f-92bc-b146ce1c909d completed by vehicle veh23
[Midd4VCServer] job received: 63ef0325-1716-4989-a614-874f615eafd1
[Midd4VC] Job 1e4743fb-fee3-4f05-9dd6-154b3363d8c0 timed out. Re-enqueueing.
[Midd4VC] Job 9654ee45-1bdd-4b06-a1d0-12c3c4df8c95 timed out. Re-enqueueing.
[Midd4VC] Job 8d7a7a6e-a944-4e44-9131-4f9746d84c2c timed out. Re-enqueueing.
[Midd4VC] Job 95ce7a93-eb14-44b1-bf69-ca39a6a382b2 timed out. Re-enqueueing.
[Midd4VC] Job cb1d7734-898d-4c37-9b6a-ff32f4100ee4 timed out. Re-enqueueing.
[Midd4VC] Job d19355ba-8afe-4c4a-93f1-c53d50f6b611 timed out. Re-enqueueing.
[Midd4VC] Job eae4fff7-3632-4122-abc7-7f188905bb3b timed out. Re-enqueueing.
[Midd4VCServer] Assigning job eae4fff7-3632-4122-abc7-7f188905bb3b to vehicle veh40
[Midd4VCServer] Assigning job d19355ba-8afe-4c4a-93f1-c53d50f6b611 to vehicle veh18
[Midd4VCServer] Assigning job cb1d7734-898d-4c37-9b6a-ff32f4100ee4 to vehicle veh38
[Midd4VCServer] Assigning job 95ce7a93-eb14-44b1-bf69-ca39a6a382b2 to vehicle veh28
[Midd4VCServer] Assigning job 8d7a7a6e-a944-4e44-9131-4f9746d84c2c to vehicle veh17
[Midd4VCServer] Assigning job 9654ee45-1bdd-4b06-a1d0-12c3c4df8c95 to vehicle veh26
[Midd4VCServer] Assigning job 1e4743fb-fee3-4f05-9dd6-154b3363d8c0 to vehicle veh11
[Midd4VCServer] Assigning job 63ef0325-1716-4989-a614-874f615eafd1 to vehicle veh25
[Midd4VCServer] job 1e4743fb-fee3-4f05-9dd6-154b3363d8c0 completed by vehicle veh11
[Midd4VCServer] job 63ef0325-1716-4989-a614-874f615eafd1 completed by vehicle veh25
[Midd4VCServer] job 95ce7a93-eb14-44b1-bf69-ca39a6a382b2 completed by vehicle veh28
[Midd4VCServer] job received: a07d5e12-e616-4f00-a567-1c137d8f7eeb
[Midd4VCServer] Assigning job a07d5e12-e616-4f00-a567-1c137d8f7eeb to vehicle veh28
[Midd4VCServer] job a07d5e12-e616-4f00-a567-1c137d8f7eeb completed by vehicle veh28
[Midd4VCServer] job received: 4f0b94ed-b96d-406e-ab02-3d1b89b9bf7f
[Midd4VCServer] Assigning job 4f0b94ed-b96d-406e-ab02-3d1b89b9bf7f to vehicle veh28
[Midd4VCServer] job 4f0b94ed-b96d-406e-ab02-3d1b89b9bf7f completed by vehicle veh28
[Midd4VCServer] Vehicle veh10 already registered.
[Midd4VCServer] job received: 898ce9df-1f2d-421a-8a3e-14fe588a355b
[Midd4VCServer] Assigning job 898ce9df-1f2d-421a-8a3e-14fe588a355b to vehicle veh11
[Midd4VCServer] job 898ce9df-1f2d-421a-8a3e-14fe588a355b completed by vehicle veh11
[Midd4VCServer] job received: 7703fa7a-7ef4-4c74-9fc5-c2974be705fa
[Midd4VCServer] Assigning job 7703fa7a-7ef4-4c74-9fc5-c2974be705fa to vehicle veh23
[Midd4VCServer] job 7703fa7a-7ef4-4c74-9fc5-c2974be705fa completed by vehicle veh23
[Midd4VCServer] job received: af4b2d7e-f088-42e4-97ac-5cc285efe15c
[Midd4VC] Job 00c3cd61-7ec1-4be2-9cbc-e76ab6fa5d51 timed out. Re-enqueueing.
[Midd4VC] Job f42a18b8-c57f-4bbf-ad64-4b5b24b77adc timed out. Re-enqueueing.
[Midd4VC] Job 4d9fa422-95c9-4cd9-b336-5bcdfa7e68f8 timed out. Re-enqueueing.
[Midd4VCServer] Assigning job 4d9fa422-95c9-4cd9-b336-5bcdfa7e68f8 to vehicle veh30
[Midd4VCServer] Assigning job f42a18b8-c57f-4bbf-ad64-4b5b24b77adc to vehicle veh10
[Midd4VCServer] Assigning job 00c3cd61-7ec1-4be2-9cbc-e76ab6fa5d51 to vehicle veh27
[Midd4VCServer] Assigning job af4b2d7e-f088-42e4-97ac-5cc285efe15c to vehicle veh25
[Midd4VCServer] job 4d9fa422-95c9-4cd9-b336-5bcdfa7e68f8 completed by vehicle veh30
[Midd4VCServer] job f42a18b8-c57f-4bbf-ad64-4b5b24b77adc completed by vehicle veh10
[Midd4VCServer] job received: 9edaeeb0-cdf2-47bb-a502-a876db006816
[Midd4VCServer] Assigning job 9edaeeb0-cdf2-47bb-a502-a876db006816 to vehicle veh30
[Midd4VCServer] job 9edaeeb0-cdf2-47bb-a502-a876db006816 completed by vehicle veh30
[Midd4VCServer] job received: f873cac9-da38-4423-8036-1310fe974a2e
[Midd4VC] Job 22574e4f-a046-4124-964d-5f43b9da2808 timed out. Re-enqueueing.
[Midd4VCServer] Assigning job 22574e4f-a046-4124-964d-5f43b9da2808 to vehicle veh30
[Midd4VCServer] Assigning job f873cac9-da38-4423-8036-1310fe974a2e to vehicle veh10
[Midd4VCServer] job f873cac9-da38-4423-8036-1310fe974a2e completed by vehicle veh10
[Midd4VCServer] job 22574e4f-a046-4124-964d-5f43b9da2808 completed by vehicle veh30
[Midd4VCServer] Vehicle veh35 already registered.
[Midd4VCServer] Vehicle veh5 already registered.
[Midd4VCServer] Vehicle veh3 already registered.
[Midd4VCServer] job received: 60908921-3c9e-402d-9774-65ab15963448
[Midd4VC] Job b2412619-3e25-4c60-89da-cc7ee90cea78 timed out. Re-enqueueing.
[Midd4VC] Job 9b1b3500-57fe-4a31-945b-4473af5015dc timed out. Re-enqueueing.
[Midd4VCServer] Assigning job 9b1b3500-57fe-4a31-945b-4473af5015dc to vehicle veh30
[Midd4VCServer] Assigning job b2412619-3e25-4c60-89da-cc7ee90cea78 to vehicle veh10
[Midd4VCServer] Assigning job 60908921-3c9e-402d-9774-65ab15963448 to vehicle veh2
[Midd4VCServer] job b2412619-3e25-4c60-89da-cc7ee90cea78 completed by vehicle veh10
[Midd4VCServer] Vehicle veh26 already registered.
[Midd4VCServer] Vehicle veh39 already registered.
[Midd4VCServer] job received: 520c00ab-0cf2-4aa7-a341-d05398ea620d
[Midd4VC] Job 506b00ba-a869-4fa6-88bc-0716cbc67ad0 timed out. Re-enqueueing.
[Midd4VCServer] Assigning job 506b00ba-a869-4fa6-88bc-0716cbc67ad0 to vehicle veh10
[Midd4VCServer] Assigning job 520c00ab-0cf2-4aa7-a341-d05398ea620d to vehicle veh32
[Midd4VCServer] job 506b00ba-a869-4fa6-88bc-0716cbc67ad0 completed by vehicle veh10
[Midd4VCServer] Vehicle veh25 already registered.
[Midd4VCServer] job received: 4800c706-46e8-498f-b98b-dd020e46b1c2
[Midd4VCServer] Assigning job 4800c706-46e8-498f-b98b-dd020e46b1c2 to vehicle veh10
[Midd4VCServer] job 4800c706-46e8-498f-b98b-dd020e46b1c2 completed by vehicle veh10
[Midd4VCServer] job received: acb9bc49-694c-4f6b-b7a4-f8b72368f957
[Midd4VCServer] Assigning job acb9bc49-694c-4f6b-b7a4-f8b72368f957 to vehicle veh5
[Midd4VCServer] job acb9bc49-694c-4f6b-b7a4-f8b72368f957 completed by vehicle veh5
[Midd4VCServer] Vehicle veh9 already registered.
[Midd4VCServer] Vehicle veh37 already registered.
[Midd4VCServer] Vehicle veh1 already registered.
[Midd4VCServer] job received: 9c544ff4-65a0-426a-b1d5-f092a1136f57
[Midd4VC] Job 62dc9e1d-ff8d-46d0-8651-dd2070179d3a timed out. Re-enqueueing.
[Midd4VCServer] Assigning job 62dc9e1d-ff8d-46d0-8651-dd2070179d3a to vehicle veh36
[Midd4VCServer] Assigning job 9c544ff4-65a0-426a-b1d5-f092a1136f57 to vehicle veh12
[Midd4VCServer] Vehicle veh20 already registered.
[Midd4VCServer] Vehicle veh18 already registered.
[Midd4VCServer] Vehicle veh27 already registered.
[Midd4VCServer] job received: 08987fb5-79ce-4314-a300-8f966efda177
[Midd4VC] Job 89f2e3a7-8c4b-4493-8890-23c7f91a3994 timed out. Re-enqueueing.
[Midd4VCServer] Assigning job 89f2e3a7-8c4b-4493-8890-23c7f91a3994 to vehicle veh10
[Midd4VCServer] Assigning job 08987fb5-79ce-4314-a300-8f966efda177 to vehicle veh34
[Midd4VCServer] job received: 603cd2b4-cfdb-4be4-81c8-df202702128b
[Midd4VCServer] Assigning job 603cd2b4-cfdb-4be4-81c8-df202702128b to vehicle veh5
[Midd4VCServer] Vehicle veh14 already registered.
[Midd4VCServer] Vehicle veh32 already registered.
[Midd4VCServer] Vehicle veh36 already registered.
[Midd4VCServer] Vehicle veh22 already registered.
[Midd4VCServer] job received: 779cf4e8-ca59-4af3-a222-f9bb557c1ba7
[Midd4VC] Job 881424a1-2af8-4dab-be24-c706b4a4b639 timed out. Re-enqueueing.
[Midd4VC] Job 601e5e9e-37f9-49ff-878e-bcf8570711d1 timed out. Re-enqueueing.
[Midd4VCServer] Assigning job 601e5e9e-37f9-49ff-878e-bcf8570711d1 to vehicle veh21
[Midd4VCServer] Assigning job 881424a1-2af8-4dab-be24-c706b4a4b639 to vehicle veh31
[Midd4VCServer] Assigning job 779cf4e8-ca59-4af3-a222-f9bb557c1ba7 to vehicle veh28
[Midd4VCServer] Vehicle veh29 already registered.
[Midd4VCServer] Vehicle veh17 already registered.
[Midd4VCServer] job received: 4f2923cd-bd33-4bac-9607-3f96eee0efd0
[Midd4VCServer] Assigning job 4f2923cd-bd33-4bac-9607-3f96eee0efd0 to vehicle veh6
[Midd4VCServer] job received: e7d4c1ae-1b9b-43d0-aac8-60e87f72ab15
[Midd4VCServer] Assigning job e7d4c1ae-1b9b-43d0-aac8-60e87f72ab15 to vehicle veh11
[Midd4VCServer] job received: 877feebf-54e7-46a3-9594-c704825dce5d
[Midd4VCServer] Assigning job 877feebf-54e7-46a3-9594-c704825dce5d to vehicle veh16
[Midd4VCServer] job 877feebf-54e7-46a3-9594-c704825dce5d completed by vehicle veh16
[Midd4VCServer] Vehicle veh23 already registered.
[Midd4VCServer] job received: 64c596f1-aa3a-4e67-bb22-8d166c3635fa
[Midd4VCServer] Assigning job 64c596f1-aa3a-4e67-bb22-8d166c3635fa to vehicle veh8
[Midd4VCServer] Vehicle veh19 already registered.
[Midd4VCServer] Vehicle veh20 already registered.
[Midd4VCServer] Vehicle veh3 already registered.
[Midd4VCServer] Vehicle veh16 already registered.
[Midd4VCServer] Vehicle veh24 already registered.
[Midd4VCServer] Vehicle veh25 already registered.
[Midd4VCServer] job received: 21c27f73-858b-4a36-8ea7-4a0f2b3b8b9d
[Midd4VCServer] Assigning job 21c27f73-858b-4a36-8ea7-4a0f2b3b8b9d to vehicle veh4
[Midd4VCServer] job received: 806a3048-f4e8-4bbb-8772-bb2450acfdcc
[Midd4VCServer] Assigning job 806a3048-f4e8-4bbb-8772-bb2450acfdcc to vehicle veh37
[Midd4VCServer] job 806a3048-f4e8-4bbb-8772-bb2450acfdcc completed by vehicle veh37
[Midd4VCServer] Vehicle veh35 already registered.
[Midd4VCServer] Vehicle veh38 already registered.
[Midd4VCServer] Vehicle veh14 already registered.
[Midd4VCServer] Vehicle veh10 already registered.
[Midd4VCServer] job received: 5af7960a-0d63-461d-9afb-c56b3045b5fd
[Midd4VCServer] Assigning job 5af7960a-0d63-461d-9afb-c56b3045b5fd to vehicle veh15
[Midd4VCServer] Vehicle veh20 already registered.
[Midd4VCServer] Vehicle veh28 already registered.
[Midd4VCServer] job received: 0953a7c5-66b8-4884-b0e7-b5dfccb778d2
[Midd4VCServer] Assigning job 0953a7c5-66b8-4884-b0e7-b5dfccb778d2 to vehicle veh23
[Midd4VCServer] job 0953a7c5-66b8-4884-b0e7-b5dfccb778d2 completed by vehicle veh23
[Midd4VCServer] Vehicle veh26 already registered.
[Midd4VCServer] job received: 63fd9a81-7fc9-4d9c-afb9-3825897aca4b
[Midd4VCServer] Assigning job 63fd9a81-7fc9-4d9c-afb9-3825897aca4b to vehicle veh20
[Midd4VCServer] job 63fd9a81-7fc9-4d9c-afb9-3825897aca4b completed by vehicle veh20
[Midd4VCServer] Vehicle veh33 already registered.
[Midd4VCServer] Vehicle veh27 already registered.
[Midd4VCServer] job received: 1b4f93fd-3895-4a16-8889-3c288057847c
[Midd4VC] Job c88efe3a-4725-4105-8f3b-abf0019e6ccf timed out. Re-enqueueing.
[Midd4VC] Job c0d0913f-96c9-4ef1-897a-241cc7a814ac timed out. Re-enqueueing.
[Midd4VCServer] Assigning job c0d0913f-96c9-4ef1-897a-241cc7a814ac to vehicle veh7
[Midd4VCServer] Assigning job c88efe3a-4725-4105-8f3b-abf0019e6ccf to vehicle veh35
[Midd4VCServer] Assigning job 1b4f93fd-3895-4a16-8889-3c288057847c to vehicle veh1
[Midd4VCServer] job c88efe3a-4725-4105-8f3b-abf0019e6ccf completed by vehicle veh35
[Midd4VCServer] job received: 0af33eee-378b-4470-8717-d7014fccdd8a
[Midd4VCServer] Assigning job 0af33eee-378b-4470-8717-d7014fccdd8a to vehicle veh35
[Midd4VCServer] job 0af33eee-378b-4470-8717-d7014fccdd8a completed by vehicle veh35
[Midd4VCServer] job received: 680e9d5a-9c91-4830-ada8-cbc5d83819e2
[Midd4VCServer] Assigning job 680e9d5a-9c91-4830-ada8-cbc5d83819e2 to vehicle veh35
[Midd4VCServer] job 680e9d5a-9c91-4830-ada8-cbc5d83819e2 completed by vehicle veh35
[Midd4VCServer] Vehicle veh29 already registered.
[Midd4VCServer] Vehicle veh18 already registered.
[Midd4VCServer] job received: 4d9d921b-5c2f-41a0-8a42-3057413f27e0
[Midd4VCServer] Assigning job 4d9d921b-5c2f-41a0-8a42-3057413f27e0 to vehicle veh35
[Midd4VCServer] job 4d9d921b-5c2f-41a0-8a42-3057413f27e0 completed by vehicle veh35
[Midd4VCServer] job received: b15a173a-de22-4994-adcf-92c808d8ca74
[Midd4VC] Job 6257cb7d-634c-4f50-843a-1020f96aad1c timed out. Re-enqueueing.
[Midd4VC] Job 710bf001-8f41-4748-ae23-21bd1769c75a timed out. Re-enqueueing.
[Midd4VC] Job da9a5371-c98a-436c-b3a1-8f762243d336 timed out. Re-enqueueing.
[Midd4VC] Job 611f7478-a0f7-47a3-b520-f8015ab6bde4 timed out. Re-enqueueing.
[Midd4VCServer] Assigning job 611f7478-a0f7-47a3-b520-f8015ab6bde4 to vehicle veh33
[Midd4VCServer] Assigning job da9a5371-c98a-436c-b3a1-8f762243d336 to vehicle veh29
[Midd4VCServer] Assigning job 710bf001-8f41-4748-ae23-21bd1769c75a to vehicle veh35
[Midd4VCServer] Assigning job 6257cb7d-634c-4f50-843a-1020f96aad1c to vehicle veh39
[Midd4VCServer] Assigning job b15a173a-de22-4994-adcf-92c808d8ca74 to vehicle veh3
[Midd4VCServer] job 710bf001-8f41-4748-ae23-21bd1769c75a completed by vehicle veh35
[Midd4VCServer] job 611f7478-a0f7-47a3-b520-f8015ab6bde4 completed by vehicle veh33
[Midd4VCServer] job b15a173a-de22-4994-adcf-92c808d8ca74 completed by vehicle veh3
[Midd4VCServer] job da9a5371-c98a-436c-b3a1-8f762243d336 completed by vehicle veh29
[Midd4VCServer] job received: 4461c5de-2ac1-4f14-9291-e93e555771be
[Midd4VCServer] Assigning job 4461c5de-2ac1-4f14-9291-e93e555771be to vehicle veh33
[Midd4VCServer] job 4461c5de-2ac1-4f14-9291-e93e555771be completed by vehicle veh33
[Midd4VCServer] Vehicle veh40 already registered.
[Midd4VCServer] job received: 2b5a1a74-dddc-416d-83dd-f40169778a72
[Midd4VCServer] Assigning job 2b5a1a74-dddc-416d-83dd-f40169778a72 to vehicle veh33
[Midd4VCServer] job 2b5a1a74-dddc-416d-83dd-f40169778a72 completed by vehicle veh33
[Midd4VCServer] job received: 95b2c358-2f4f-42f9-87bd-58e84f598fe0
[Midd4VCServer] Assigning job 95b2c358-2f4f-42f9-87bd-58e84f598fe0 to vehicle veh33
[Midd4VCServer] job 95b2c358-2f4f-42f9-87bd-58e84f598fe0 completed by vehicle veh33
[Midd4VCServer] job received: ba46a312-08ba-47a9-ae70-2e60e0fd0dc5
[Midd4VCServer] Assigning job ba46a312-08ba-47a9-ae70-2e60e0fd0dc5 to vehicle veh33
[Midd4VCServer] job ba46a312-08ba-47a9-ae70-2e60e0fd0dc5 completed by vehicle veh33
[Midd4VCServer] Vehicle veh32 already registered.
[Midd4VCServer] job received: 8eed1107-4714-41e1-9733-6314bc2f8b7f
[Midd4VCServer] Assigning job 8eed1107-4714-41e1-9733-6314bc2f8b7f to vehicle veh33
[Midd4VCServer] job 8eed1107-4714-41e1-9733-6314bc2f8b7f completed by vehicle veh33
[Midd4VCServer] Vehicle veh36 already registered.
[Midd4VCServer] Vehicle veh28 already registered.
[Midd4VCServer] job received: 46f492f5-8911-4cb7-8f2a-ce7bbed9122c
[Midd4VC] Job 04ffa66f-ca3c-428b-bfdb-22f12c7a00ec timed out. Re-enqueueing.
[Midd4VC] Job 50f79703-42de-4bd0-a5fe-6a964e4650db timed out. Re-enqueueing.
[Midd4VC] Job 08082aa5-db8b-4cb0-a7b2-3891e66139eb timed out. Re-enqueueing.
[Midd4VCServer] Assigning job 08082aa5-db8b-4cb0-a7b2-3891e66139eb to vehicle veh33
[Midd4VCServer] Assigning job 50f79703-42de-4bd0-a5fe-6a964e4650db to vehicle veh13
[Midd4VCServer] Assigning job 04ffa66f-ca3c-428b-bfdb-22f12c7a00ec to vehicle veh29
[Midd4VCServer] Assigning job 46f492f5-8911-4cb7-8f2a-ce7bbed9122c to vehicle veh19
[Midd4VCServer] job 46f492f5-8911-4cb7-8f2a-ce7bbed9122c completed by vehicle veh19
[Midd4VCServer] job 08082aa5-db8b-4cb0-a7b2-3891e66139eb completed by vehicle veh33
[Midd4VCServer] job received: 73c3f7b7-ca0b-456e-9e80-e204eec44867
[Midd4VC] Job 8a0056d1-041f-44e5-a90c-d443909a3f36 timed out. Re-enqueueing.
[Midd4VC] Job 1c08bf7b-ab2a-4146-9d0b-d942155c90f1 timed out. Re-enqueueing.
[Midd4VCServer] Assigning job 1c08bf7b-ab2a-4146-9d0b-d942155c90f1 to vehicle veh33
[Midd4VCServer] Assigning job 8a0056d1-041f-44e5-a90c-d443909a3f36 to vehicle veh14
[Midd4VCServer] Assigning job 73c3f7b7-ca0b-456e-9e80-e204eec44867 to vehicle veh19
[Midd4VCServer] job 1c08bf7b-ab2a-4146-9d0b-d942155c90f1 completed by vehicle veh33
[Midd4VCServer] job 8a0056d1-041f-44e5-a90c-d443909a3f36 completed by vehicle veh14
[Midd4VCServer] job 73c3f7b7-ca0b-456e-9e80-e204eec44867 completed by vehicle veh19
[Midd4VCServer] job received: 86c32f7c-53f5-4d80-80e7-930f0f4ce981
[Midd4VCServer] Assigning job 86c32f7c-53f5-4d80-80e7-930f0f4ce981 to vehicle veh33
[Midd4VCServer] job 86c32f7c-53f5-4d80-80e7-930f0f4ce981 completed by vehicle veh33
[Midd4VCServer] Vehicle veh6 already registered.
[Midd4VCServer] Vehicle veh5 already registered.
[Midd4VCServer] job received: 8192933f-8f45-400c-a46e-fa2c76b38546
[Midd4VCServer] Assigning job 8192933f-8f45-400c-a46e-fa2c76b38546 to vehicle veh33
[Midd4VCServer] job 8192933f-8f45-400c-a46e-fa2c76b38546 completed by vehicle veh33
[Midd4VCServer] job received: b6f08f47-be31-4716-ad99-def13328c7cb
[Midd4VCServer] Assigning job b6f08f47-be31-4716-ad99-def13328c7cb to vehicle veh33
[Midd4VCServer] job received: 633c3f68-ffb4-4f1f-b7d6-5204b636bf51
[Midd4VCServer] Assigning job 633c3f68-ffb4-4f1f-b7d6-5204b636bf51 to vehicle veh14
[Midd4VCServer] job 633c3f68-ffb4-4f1f-b7d6-5204b636bf51 completed by vehicle veh14
[Midd4VCServer] Vehicle veh31 already registered.
[Midd4VCServer] job received: e4fbc5b8-4020-4efa-97fc-decda0cfb74c
[Midd4VCServer] Assigning job e4fbc5b8-4020-4efa-97fc-decda0cfb74c to vehicle veh14
[Midd4VCServer] job e4fbc5b8-4020-4efa-97fc-decda0cfb74c completed by vehicle veh14
[Midd4VCServer] job received: e68df6f2-84df-4ce2-a6c9-6ffe671e13b9
[Midd4VCServer] Assigning job e68df6f2-84df-4ce2-a6c9-6ffe671e13b9 to vehicle veh9
[Midd4VCServer] job received: 187c3766-64cf-47af-baac-a8aac1d2f23f
[Midd4VC] Job b0e3b61d-2271-4f0d-8c24-1a1f94e63923 timed out. Re-enqueueing.
[Midd4VCServer] Assigning job b0e3b61d-2271-4f0d-8c24-1a1f94e63923 to vehicle veh22
[Midd4VCServer] Assigning job 187c3766-64cf-47af-baac-a8aac1d2f23f to vehicle veh35
[Midd4VCServer] job 187c3766-64cf-47af-baac-a8aac1d2f23f completed by vehicle veh35
[Midd4VCServer] Vehicle veh12 already registered.
[Midd4VCServer] Vehicle veh39 already registered.
[Midd4VCServer] Vehicle veh4 already registered.
[Midd4VCServer] Vehicle veh27 already registered.
[Midd4VCServer] Vehicle veh7 already registered.
[Midd4VCServer] Vehicle veh25 already registered.
[Midd4VCServer] job received: 79f5aae9-6382-4228-9d0d-ef0155f453f5
[Midd4VC] Job eae4fff7-3632-4122-abc7-7f188905bb3b timed out. Re-enqueueing.
[Midd4VC] Job d19355ba-8afe-4c4a-93f1-c53d50f6b611 timed out. Re-enqueueing.
[Midd4VC] Job cb1d7734-898d-4c37-9b6a-ff32f4100ee4 timed out. Re-enqueueing.
[Midd4VC] Job 8d7a7a6e-a944-4e44-9131-4f9746d84c2c timed out. Re-enqueueing.
[Midd4VC] Job 9654ee45-1bdd-4b06-a1d0-12c3c4df8c95 timed out. Re-enqueueing.
[Midd4VC] Job 00c3cd61-7ec1-4be2-9cbc-e76ab6fa5d51 timed out. Re-enqueueing.
[Midd4VC] Job af4b2d7e-f088-42e4-97ac-5cc285efe15c timed out. Re-enqueueing.
[Midd4VCServer] Assigning job af4b2d7e-f088-42e4-97ac-5cc285efe15c to vehicle veh40
[Midd4VCServer] Assigning job 00c3cd61-7ec1-4be2-9cbc-e76ab6fa5d51 to vehicle veh18
[Midd4VCServer] Assigning job 9654ee45-1bdd-4b06-a1d0-12c3c4df8c95 to vehicle veh38
[Midd4VCServer] Assigning job 8d7a7a6e-a944-4e44-9131-4f9746d84c2c to vehicle veh17
[Midd4VCServer] Assigning job cb1d7734-898d-4c37-9b6a-ff32f4100ee4 to vehicle veh27
[Midd4VCServer] Assigning job d19355ba-8afe-4c4a-93f1-c53d50f6b611 to vehicle veh26
[Midd4VCServer] Assigning job eae4fff7-3632-4122-abc7-7f188905bb3b to vehicle veh14
[Midd4VCServer] Assigning job 79f5aae9-6382-4228-9d0d-ef0155f453f5 to vehicle veh19
[Midd4VCServer] job cb1d7734-898d-4c37-9b6a-ff32f4100ee4 completed by vehicle veh27
[Midd4VCServer] job eae4fff7-3632-4122-abc7-7f188905bb3b completed by vehicle veh14
[Midd4VCServer] Vehicle veh29 already registered.
[Midd4VCServer] Vehicle veh5 already registered.
[Midd4VCServer] job received: 8d02839e-51a3-4275-b8cd-59aa2bce95a6
[Midd4VCServer] Assigning job 8d02839e-51a3-4275-b8cd-59aa2bce95a6 to vehicle veh27
[Midd4VCServer] job 8d02839e-51a3-4275-b8cd-59aa2bce95a6 completed by vehicle veh27
[Midd4VCServer] job received: 788d2c2b-72ea-4d9e-8713-f3597ecf8c03
[Midd4VCServer] Assigning job 788d2c2b-72ea-4d9e-8713-f3597ecf8c03 to vehicle veh27
[Midd4VCServer] job 788d2c2b-72ea-4d9e-8713-f3597ecf8c03 completed by vehicle veh27
[Midd4VCServer] Vehicle veh28 already registered.
[Midd4VCServer] job received: 60e2fa2f-ee15-450a-9f92-656c2ad1c08f
[Midd4VCServer] Assigning job 60e2fa2f-ee15-450a-9f92-656c2ad1c08f to vehicle veh24
[Midd4VCServer] job 60e2fa2f-ee15-450a-9f92-656c2ad1c08f completed by vehicle veh24
[Midd4VCServer] job received: 2937b8c0-1b19-4d08-b92a-20ea5cb77c37
[Midd4VCServer] Assigning job 2937b8c0-1b19-4d08-b92a-20ea5cb77c37 to vehicle veh25
[Midd4VCServer] job 2937b8c0-1b19-4d08-b92a-20ea5cb77c37 completed by vehicle veh25
[Midd4VCServer] Vehicle veh11 already registered.
[Midd4VCServer] Vehicle veh4 already registered.
[Midd4VCServer] job received: 2a0c76bc-7404-4255-beba-e65f43e202ba
[Midd4VCServer] Assigning job 2a0c76bc-7404-4255-beba-e65f43e202ba to vehicle veh27
[Midd4VCServer] job 2a0c76bc-7404-4255-beba-e65f43e202ba completed by vehicle veh27
[Midd4VCServer] job received: 65a84701-5d07-4f87-9c97-f8c02a3f2a97
[Midd4VC] Job 9b1b3500-57fe-4a31-945b-4473af5015dc timed out. Re-enqueueing.
[Midd4VC] Job 60908921-3c9e-402d-9774-65ab15963448 timed out. Re-enqueueing.
[Midd4VCServer] Assigning job 60908921-3c9e-402d-9774-65ab15963448 to vehicle veh30
[Midd4VCServer] Assigning job 9b1b3500-57fe-4a31-945b-4473af5015dc to vehicle veh2
[Midd4VCServer] Assigning job 65a84701-5d07-4f87-9c97-f8c02a3f2a97 to vehicle veh3
[Midd4VCServer] Vehicle veh9 already registered.
[Midd4VCServer] Vehicle veh18 already registered.
[Midd4VCServer] Vehicle veh7 already registered.
[Midd4VCServer] Vehicle veh33 already registered.
[Midd4VCServer] Vehicle veh2 already registered.
[Midd4VCServer] job received: 5d1805b1-d008-4349-8ce7-c783eb9bb4e7
[Midd4VCServer] Assigning job 5d1805b1-d008-4349-8ce7-c783eb9bb4e7 to vehicle veh35
[Midd4VCServer] job 5d1805b1-d008-4349-8ce7-c783eb9bb4e7 completed by vehicle veh35
[Midd4VCServer] job received: a1547227-b53f-4cda-9629-b7d2f7c330b8
[Midd4VC] Job 520c00ab-0cf2-4aa7-a341-d05398ea620d timed out. Re-enqueueing.
[Midd4VCServer] Assigning job 520c00ab-0cf2-4aa7-a341-d05398ea620d to vehicle veh32
[Midd4VCServer] Assigning job a1547227-b53f-4cda-9629-b7d2f7c330b8 to vehicle veh14
[Midd4VCServer] job a1547227-b53f-4cda-9629-b7d2f7c330b8 completed by vehicle veh14
[Midd4VCServer] Vehicle veh8 already registered.
[Midd4VCServer] Vehicle veh21 already registered.
[Midd4VCServer] Vehicle veh39 already registered.
[Midd4VCServer] job received: 4283db32-5172-4444-bdc8-34c908965528
[Midd4VC] Job 62dc9e1d-ff8d-46d0-8651-dd2070179d3a timed out. Re-enqueueing.
[Midd4VC] Job 9c544ff4-65a0-426a-b1d5-f092a1136f57 timed out. Re-enqueueing.
[Midd4VCServer] Assigning job 9c544ff4-65a0-426a-b1d5-f092a1136f57 to vehicle veh36
[Midd4VCServer] Assigning job 62dc9e1d-ff8d-46d0-8651-dd2070179d3a to vehicle veh12
[Midd4VCServer] Assigning job 4283db32-5172-4444-bdc8-34c908965528 to vehicle veh24
[Midd4VCServer] job 4283db32-5172-4444-bdc8-34c908965528 completed by vehicle veh24
[Midd4VCServer] job received: ba1af9d5-e45b-46dc-9ff0-a29652741895
[Midd4VCServer] Assigning job ba1af9d5-e45b-46dc-9ff0-a29652741895 to vehicle veh25
[Midd4VCServer] Vehicle veh11 already registered.
[Midd4VCServer] job received: 7a20d8c9-8514-4aa2-9543-3e717682a5fd
[Midd4VC] Job 89f2e3a7-8c4b-4493-8890-23c7f91a3994 timed out. Re-enqueueing.
[Midd4VC] Job 08987fb5-79ce-4314-a300-8f966efda177 timed out. Re-enqueueing.
[Midd4VC] Job 603cd2b4-cfdb-4be4-81c8-df202702128b timed out. Re-enqueueing.
[Midd4VCServer] Assigning job 603cd2b4-cfdb-4be4-81c8-df202702128b to vehicle veh10
[Midd4VCServer] Assigning job 08987fb5-79ce-4314-a300-8f966efda177 to vehicle veh34
[Midd4VCServer] Assigning job 89f2e3a7-8c4b-4493-8890-23c7f91a3994 to vehicle veh5
[Midd4VCServer] Assigning job 7a20d8c9-8514-4aa2-9543-3e717682a5fd to vehicle veh16
[Midd4VCServer] job 603cd2b4-cfdb-4be4-81c8-df202702128b completed by vehicle veh10
[Midd4VCServer] job received: 6cbc665f-4c71-4178-8f1a-3349a5d19dbc
[Midd4VCServer] Assigning job 6cbc665f-4c71-4178-8f1a-3349a5d19dbc to vehicle veh10
[Midd4VCServer] job 6cbc665f-4c71-4178-8f1a-3349a5d19dbc completed by vehicle veh10
[Midd4VCServer] Vehicle veh6 already registered.
[Midd4VCServer] job received: f41fb8dc-e34d-4fd7-b2b9-f75d6334e88e
[Midd4VC] Job 601e5e9e-37f9-49ff-878e-bcf8570711d1 timed out. Re-enqueueing.
[Midd4VC] Job 881424a1-2af8-4dab-be24-c706b4a4b639 timed out. Re-enqueueing.
[Midd4VC] Job 779cf4e8-ca59-4af3-a222-f9bb557c1ba7 timed out. Re-enqueueing.
[Midd4VCServer] Assigning job 779cf4e8-ca59-4af3-a222-f9bb557c1ba7 to vehicle veh21
[Midd4VCServer] Assigning job 881424a1-2af8-4dab-be24-c706b4a4b639 to vehicle veh31
[Midd4VCServer] Assigning job 601e5e9e-37f9-49ff-878e-bcf8570711d1 to vehicle veh28
[Midd4VCServer] Assigning job f41fb8dc-e34d-4fd7-b2b9-f75d6334e88e to vehicle veh10
[Midd4VCServer] job f41fb8dc-e34d-4fd7-b2b9-f75d6334e88e completed by vehicle veh10
[Midd4VCServer] Vehicle veh15 already registered.
[Midd4VCServer] job received: e20f37af-6969-4262-a7fc-c490bed6825b
[Midd4VCServer] Assigning job e20f37af-6969-4262-a7fc-c490bed6825b to vehicle veh27
[Midd4VCServer] job e20f37af-6969-4262-a7fc-c490bed6825b completed by vehicle veh27
[Midd4VCServer] job received: 0eed0465-396e-4846-be08-39e38d235151
[Midd4VCServer] Assigning job 0eed0465-396e-4846-be08-39e38d235151 to vehicle veh10
[Midd4VCServer] job 0eed0465-396e-4846-be08-39e38d235151 completed by vehicle veh10
[Midd4VCServer] job received: a6d7dc07-b505-43dd-a0ef-2a25dc2c3cb5
[Midd4VC] Job 4f2923cd-bd33-4bac-9607-3f96eee0efd0 timed out. Re-enqueueing.
[Midd4VC] Job e7d4c1ae-1b9b-43d0-aac8-60e87f72ab15 timed out. Re-enqueueing.
[Midd4VCServer] Assigning job e7d4c1ae-1b9b-43d0-aac8-60e87f72ab15 to vehicle veh6
[Midd4VCServer] Assigning job 4f2923cd-bd33-4bac-9607-3f96eee0efd0 to vehicle veh11
[Midd4VCServer] Assigning job a6d7dc07-b505-43dd-a0ef-2a25dc2c3cb5 to vehicle veh37
[Midd4VCServer] job 4f2923cd-bd33-4bac-9607-3f96eee0efd0 completed by vehicle veh11
[Midd4VCServer] job e7d4c1ae-1b9b-43d0-aac8-60e87f72ab15 completed by vehicle veh6
[Midd4VCServer] Vehicle veh13 already registered.
[Midd4VCServer] job received: 308bc478-ad11-41f7-90a6-8406e2f2fd46
[Midd4VC] Job 64c596f1-aa3a-4e67-bb22-8d166c3635fa timed out. Re-enqueueing.
[Midd4VCServer] Assigning job 64c596f1-aa3a-4e67-bb22-8d166c3635fa to vehicle veh8
[Midd4VCServer] Assigning job 308bc478-ad11-41f7-90a6-8406e2f2fd46 to vehicle veh6
[Midd4VCServer] job 64c596f1-aa3a-4e67-bb22-8d166c3635fa completed by vehicle veh8
[Midd4VCServer] job 308bc478-ad11-41f7-90a6-8406e2f2fd46 completed by vehicle veh6
[Midd4VCServer] Vehicle veh20 already registered.
[Midd4VCServer] Vehicle veh32 already registered.
[Midd4VCServer] job received: 45534cc6-7a25-465f-be8d-50e433545ec7
[Midd4VC] Job 21c27f73-858b-4a36-8ea7-4a0f2b3b8b9d timed out. Re-enqueueing.
[Midd4VCServer] Assigning job 21c27f73-858b-4a36-8ea7-4a0f2b3b8b9d to vehicle veh4
[Midd4VCServer] Assigning job 45534cc6-7a25-465f-be8d-50e433545ec7 to vehicle veh11
[Midd4VCServer] job 21c27f73-858b-4a36-8ea7-4a0f2b3b8b9d completed by vehicle veh4
[Midd4VCServer] job 45534cc6-7a25-465f-be8d-50e433545ec7 completed by vehicle veh11
[Midd4VCServer] job received: 0d5d32c3-b857-4eb2-a0f7-869768a4a200
[Midd4VCServer] Assigning job 0d5d32c3-b857-4eb2-a0f7-869768a4a200 to vehicle veh8
[Midd4VCServer] job 0d5d32c3-b857-4eb2-a0f7-869768a4a200 completed by vehicle veh8
[Midd4VCServer] Vehicle veh4 already registered.
[Midd4VCServer] Vehicle veh3 already registered.
[Midd4VCServer] job received: c8b23390-3d36-45a6-bf2d-cc7aeb1d5370
[Midd4VC] Job 5af7960a-0d63-461d-9afb-c56b3045b5fd timed out. Re-enqueueing.
[Midd4VCServer] Assigning job 5af7960a-0d63-461d-9afb-c56b3045b5fd to vehicle veh15
[Midd4VCServer] Assigning job c8b23390-3d36-45a6-bf2d-cc7aeb1d5370 to vehicle veh4
[Midd4VCServer] job received: 568481f8-f72a-4b0b-be7a-6ab250052b5e
[Midd4VCServer] Assigning job 568481f8-f72a-4b0b-be7a-6ab250052b5e to vehicle veh35
[Midd4VCServer] job 568481f8-f72a-4b0b-be7a-6ab250052b5e completed by vehicle veh35
[Midd4VCServer] Vehicle veh5 already registered.
[Midd4VCServer] job received: f2095c41-4548-484e-ab67-ffd046c8f555
[Midd4VCServer] Assigning job f2095c41-4548-484e-ab67-ffd046c8f555 to vehicle veh14
[Midd4VCServer] job received: 33e8bf00-c8b7-4203-b294-0bc342a72872
[Midd4VCServer] Assigning job 33e8bf00-c8b7-4203-b294-0bc342a72872 to vehicle veh23
[Midd4VCServer] job received: 02c12b18-10b2-49c5-bc53-6f2c57462358
[Midd4VCServer] Assigning job 02c12b18-10b2-49c5-bc53-6f2c57462358 to vehicle veh20
[Midd4VCServer] job 02c12b18-10b2-49c5-bc53-6f2c57462358 completed by vehicle veh20
[Midd4VCServer] job received: 8bf41da7-e7b1-4abb-b5b3-5ad910f720f4
[Midd4VC] Job c0d0913f-96c9-4ef1-897a-241cc7a814ac timed out. Re-enqueueing.
[Midd4VC] Job 1b4f93fd-3895-4a16-8889-3c288057847c timed out. Re-enqueueing.
[Midd4VCServer] Assigning job 1b4f93fd-3895-4a16-8889-3c288057847c to vehicle veh7
[Midd4VCServer] Assigning job c0d0913f-96c9-4ef1-897a-241cc7a814ac to vehicle veh1
[Midd4VCServer] Assigning job 8bf41da7-e7b1-4abb-b5b3-5ad910f720f4 to vehicle veh24
[Midd4VCServer] job received: a90214c4-5277-49dc-bb68-b94f76fdfdff
[Midd4VC] Job 6257cb7d-634c-4f50-843a-1020f96aad1c timed out. Re-enqueueing.
[Midd4VCServer] Assigning job 6257cb7d-634c-4f50-843a-1020f96aad1c to vehicle veh39
[Midd4VCServer] Assigning job a90214c4-5277-49dc-bb68-b94f76fdfdff to vehicle veh6
[Midd4VCServer] job a90214c4-5277-49dc-bb68-b94f76fdfdff completed by vehicle veh6
[Midd4VCServer] Vehicle veh22 already registered.
[Midd4VCServer] job received: d9d5e0f2-38c0-4051-8f87-0ff0f0a06d09
[Midd4VCServer] Assigning job d9d5e0f2-38c0-4051-8f87-0ff0f0a06d09 to vehicle veh11
[Midd4VCServer] job received: 8c68eca7-4baf-4a81-af8b-73b968f3320e
[Midd4VCServer] Assigning job 8c68eca7-4baf-4a81-af8b-73b968f3320e to vehicle veh8
[Midd4VCServer] job 8c68eca7-4baf-4a81-af8b-73b968f3320e completed by vehicle veh8
[Midd4VCServer] Vehicle veh27 already registered.
[Midd4VCServer] job received: c68e1903-a960-4073-b5e3-0d8129922c6a
[Midd4VCServer] Assigning job c68e1903-a960-4073-b5e3-0d8129922c6a to vehicle veh27
[Midd4VCServer] job c68e1903-a960-4073-b5e3-0d8129922c6a completed by vehicle veh27
[Midd4VCServer] Vehicle veh19 already registered.
[Midd4VCServer] job received: 220ec001-955a-41ff-9b4b-6cb70ccaa8ca
[Midd4VCServer] Assigning job 220ec001-955a-41ff-9b4b-6cb70ccaa8ca to vehicle veh10
[Midd4VCServer] job received: 4a81faf0-12cf-4d70-973b-caaf39671220
[Midd4VCServer] Assigning job 4a81faf0-12cf-4d70-973b-caaf39671220 to vehicle veh35
[Midd4VCServer] Vehicle veh26 already registered.
[Midd4VCServer] job received: 6113d013-edaf-40e2-97f6-58b97f171f2d
[Midd4VCServer] Assigning job 6113d013-edaf-40e2-97f6-58b97f171f2d to vehicle veh20
[Midd4VCServer] job 6113d013-edaf-40e2-97f6-58b97f171f2d completed by vehicle veh20
[Midd4VCServer] job received: 51716163-cb92-4625-84cc-b2e109cda2d7
[Midd4VCServer] Assigning job 51716163-cb92-4625-84cc-b2e109cda2d7 to vehicle veh6
[Midd4VCServer] job 51716163-cb92-4625-84cc-b2e109cda2d7 completed by vehicle veh6
[Midd4VCServer] Vehicle veh2 already registered.
[Midd4VCServer] Vehicle veh4 already registered.
[Midd4VCServer] Vehicle veh28 already registered.
[Midd4VCServer] Vehicle veh23 already registered.
[Midd4VCServer] Vehicle veh18 already registered.
[Midd4VCServer] Vehicle veh38 already registered.
[Midd4VCServer] Vehicle veh15 already registered.
[Midd4VCServer] Vehicle veh17 already registered.
[Midd4VCServer] Vehicle veh5 already registered.
[Midd4VCServer] job received: 96b906a9-08df-4fbc-9be2-ac7ad3178897
[Midd4VC] Job 50f79703-42de-4bd0-a5fe-6a964e4650db timed out. Re-enqueueing.
[Midd4VC] Job 04ffa66f-ca3c-428b-bfdb-22f12c7a00ec timed out. Re-enqueueing.
[Midd4VCServer] Assigning job 04ffa66f-ca3c-428b-bfdb-22f12c7a00ec to vehicle veh13
[Midd4VCServer] Assigning job 50f79703-42de-4bd0-a5fe-6a964e4650db to vehicle veh29
[Midd4VCServer] Assigning job 96b906a9-08df-4fbc-9be2-ac7ad3178897 to vehicle veh8
[Midd4VCServer] job 96b906a9-08df-4fbc-9be2-ac7ad3178897 completed by vehicle veh8
[Midd4VCServer] Vehicle veh21 already registered.
[Midd4VCServer] job received: 9c4f00c5-6cee-4ea3-a277-4ccf477e40b3
[Midd4VC] Job b6f08f47-be31-4716-ad99-def13328c7cb timed out. Re-enqueueing.
[Midd4VCServer] Assigning job b6f08f47-be31-4716-ad99-def13328c7cb to vehicle veh33
[Midd4VCServer] Assigning job 9c4f00c5-6cee-4ea3-a277-4ccf477e40b3 to vehicle veh27
[Midd4VCServer] job received: 2fc12379-e66f-4628-a466-08d8b85d60c9
[Midd4VCServer] Assigning job 2fc12379-e66f-4628-a466-08d8b85d60c9 to vehicle veh20
[Midd4VCServer] job 2fc12379-e66f-4628-a466-08d8b85d60c9 completed by vehicle veh20
[Midd4VCServer] Vehicle veh10 already registered.
[Midd4VCServer] job received: 2fbff150-3293-48fe-b5e4-3046918f80fb
[Midd4VCServer] Assigning job 2fbff150-3293-48fe-b5e4-3046918f80fb to vehicle veh6
[Midd4VCServer] job 2fbff150-3293-48fe-b5e4-3046918f80fb completed by vehicle veh6
[Midd4VCServer] Vehicle veh35 already registered.
[Midd4VCServer] Vehicle veh36 already registered.
[Midd4VCServer] job received: 39e017eb-be4b-43f7-b157-9f702fb13c1d
[Midd4VC] Job e68df6f2-84df-4ce2-a6c9-6ffe671e13b9 timed out. Re-enqueueing.
[Midd4VCServer] Assigning job e68df6f2-84df-4ce2-a6c9-6ffe671e13b9 to vehicle veh9
[Midd4VCServer] Assigning job 39e017eb-be4b-43f7-b157-9f702fb13c1d to vehicle veh8
[Midd4VCServer] job 39e017eb-be4b-43f7-b157-9f702fb13c1d completed by vehicle veh8
[Midd4VCServer] Vehicle veh27 already registered.
[Midd4VCServer] job received: 5bbf3b96-29df-4efb-bbf8-029e23dec90f
[Midd4VC] Job b0e3b61d-2271-4f0d-8c24-1a1f94e63923 timed out. Re-enqueueing.
[Midd4VCServer] Assigning job b0e3b61d-2271-4f0d-8c24-1a1f94e63923 to vehicle veh22
[Midd4VCServer] Assigning job 5bbf3b96-29df-4efb-bbf8-029e23dec90f to vehicle veh20
[Midd4VCServer] job b0e3b61d-2271-4f0d-8c24-1a1f94e63923 completed by vehicle veh22
[Midd4VCServer] job received: 72bfa69d-d48a-48d2-bee0-cb161ff9c3de
[Midd4VCServer] Assigning job 72bfa69d-d48a-48d2-bee0-cb161ff9c3de to vehicle veh22
[Midd4VCServer] job 72bfa69d-d48a-48d2-bee0-cb161ff9c3de completed by vehicle veh22
[Midd4VCServer] Vehicle veh37 already registered.
[Midd4VCServer] Vehicle veh32 already registered.
[Midd4VCServer] Vehicle veh25 already registered.
[Midd4VCServer] job received: 2bae0710-a30e-4d64-b38d-c3e3fe7cf511
[Midd4VCServer] Assigning job 2bae0710-a30e-4d64-b38d-c3e3fe7cf511 to vehicle veh22
[Midd4VCServer] job 2bae0710-a30e-4d64-b38d-c3e3fe7cf511 completed by vehicle veh22
[Midd4VCServer] Vehicle veh29 already registered.
[Midd4VCServer] Vehicle veh40 already registered.
[Midd4VCServer] job received: e8ca1e99-8004-487a-8b28-cb22191bf65c
[Midd4VC] Job af4b2d7e-f088-42e4-97ac-5cc285efe15c timed out. Re-enqueueing.
[Midd4VC] Job 00c3cd61-7ec1-4be2-9cbc-e76ab6fa5d51 timed out. Re-enqueueing.
[Midd4VC] Job 9654ee45-1bdd-4b06-a1d0-12c3c4df8c95 timed out. Re-enqueueing.
[Midd4VC] Job 8d7a7a6e-a944-4e44-9131-4f9746d84c2c timed out. Re-enqueueing.
[Midd4VC] Job d19355ba-8afe-4c4a-93f1-c53d50f6b611 timed out. Re-enqueueing.
[Midd4VC] Job 79f5aae9-6382-4228-9d0d-ef0155f453f5 timed out. Re-enqueueing.
[Midd4VCServer] Assigning job 79f5aae9-6382-4228-9d0d-ef0155f453f5 to vehicle veh40
[Midd4VCServer] Assigning job d19355ba-8afe-4c4a-93f1-c53d50f6b611 to vehicle veh18
[Midd4VCServer] Assigning job 8d7a7a6e-a944-4e44-9131-4f9746d84c2c to vehicle veh38
[Midd4VCServer] Assigning job 9654ee45-1bdd-4b06-a1d0-12c3c4df8c95 to vehicle veh17
[Midd4VCServer] Assigning job 00c3cd61-7ec1-4be2-9cbc-e76ab6fa5d51 to vehicle veh26
[Midd4VCServer] Assigning job af4b2d7e-f088-42e4-97ac-5cc285efe15c to vehicle veh19
[Midd4VCServer] Assigning job e8ca1e99-8004-487a-8b28-cb22191bf65c to vehicle veh22
[Midd4VCServer] job 79f5aae9-6382-4228-9d0d-ef0155f453f5 completed by vehicle veh40
[Midd4VCServer] job e8ca1e99-8004-487a-8b28-cb22191bf65c completed by vehicle veh22
[Midd4VCServer] job af4b2d7e-f088-42e4-97ac-5cc285efe15c completed by vehicle veh19
[Midd4VCServer] job 8d7a7a6e-a944-4e44-9131-4f9746d84c2c completed by vehicle veh38
[Midd4VCServer] job d19355ba-8afe-4c4a-93f1-c53d50f6b611 completed by vehicle veh18
[Midd4VCServer] job received: 3fe19ce0-b4e5-42f7-a9a4-044c0cf20acf
[Midd4VCServer] Assigning job 3fe19ce0-b4e5-42f7-a9a4-044c0cf20acf to vehicle veh40
[Midd4VCServer] job 3fe19ce0-b4e5-42f7-a9a4-044c0cf20acf completed by vehicle veh40
[Midd4VCServer] job received: f446ba75-29e4-47af-88b2-d26842301416
[Midd4VCServer] Assigning job f446ba75-29e4-47af-88b2-d26842301416 to vehicle veh40
[Midd4VCServer] job f446ba75-29e4-47af-88b2-d26842301416 completed by vehicle veh40
[Midd4VCServer] job received: ad4c74cd-b6a1-4892-84b0-4f667f2e64db
[Midd4VCServer] Assigning job ad4c74cd-b6a1-4892-84b0-4f667f2e64db to vehicle veh40
[Midd4VCServer] job ad4c74cd-b6a1-4892-84b0-4f667f2e64db completed by vehicle veh40
[Midd4VCServer] job received: d628ff53-fb89-45e7-8553-ae0c00af9bf6
[Midd4VCServer] Assigning job d628ff53-fb89-45e7-8553-ae0c00af9bf6 to vehicle veh18
[Midd4VCServer] job d628ff53-fb89-45e7-8553-ae0c00af9bf6 completed by vehicle veh18
[Midd4VCServer] job received: ab3aa737-25c9-44aa-99fa-125e6ff6be19
[Midd4VCServer] Assigning job ab3aa737-25c9-44aa-99fa-125e6ff6be19 to vehicle veh40
[Midd4VCServer] job ab3aa737-25c9-44aa-99fa-125e6ff6be19 completed by vehicle veh40
[Midd4VCServer] Vehicle veh25 already registered.
[Midd4VCServer] Vehicle veh27 already registered.
[Midd4VCServer] Vehicle veh33 already registered.
[Midd4VCServer] job received: 49a88593-e032-4bf8-82af-25d20aaf0b34
[Midd4VCServer] Assigning job 49a88593-e032-4bf8-82af-25d20aaf0b34 to vehicle veh18
[Midd4VCServer] job 49a88593-e032-4bf8-82af-25d20aaf0b34 completed by vehicle veh18
[Midd4VCServer] Vehicle veh20 already registered.
[Midd4VCServer] Vehicle veh24 already registered.
[Midd4VCServer] Vehicle veh11 already registered.
[Midd4VCServer] Vehicle veh34 already registered.
[Midd4VCServer] job received: 6507d145-a03e-4c54-a28c-7ac6b48c538c
[Midd4VC] Job 60908921-3c9e-402d-9774-65ab15963448 timed out. Re-enqueueing.
[Midd4VC] Job 9b1b3500-57fe-4a31-945b-4473af5015dc timed out. Re-enqueueing.
[Midd4VC] Job 65a84701-5d07-4f87-9c97-f8c02a3f2a97 timed out. Re-enqueueing.
[Midd4VCServer] Assigning job 65a84701-5d07-4f87-9c97-f8c02a3f2a97 to vehicle veh30
[Midd4VCServer] Assigning job 9b1b3500-57fe-4a31-945b-4473af5015dc to vehicle veh40
[Midd4VCServer] Assigning job 60908921-3c9e-402d-9774-65ab15963448 to vehicle veh18
[Midd4VCServer] Assigning job 6507d145-a03e-4c54-a28c-7ac6b48c538c to vehicle veh38
[Midd4VCServer] job 6507d145-a03e-4c54-a28c-7ac6b48c538c completed by vehicle veh38
[Midd4VCServer] job 60908921-3c9e-402d-9774-65ab15963448 completed by vehicle veh18
[Midd4VCServer] Vehicle veh32 already registered.
[Midd4VCServer] Vehicle veh17 already registered.
[Midd4VCServer] Vehicle veh39 already registered.
[Midd4VCServer] job received: 09e6419b-6dfc-4ddc-b91d-aab0166cab2c
[Midd4VC] Job 520c00ab-0cf2-4aa7-a341-d05398ea620d timed out. Re-enqueueing.
[Midd4VCServer] Assigning job 520c00ab-0cf2-4aa7-a341-d05398ea620d to vehicle veh18
[Midd4VCServer] Assigning job 09e6419b-6dfc-4ddc-b91d-aab0166cab2c to vehicle veh2
[Midd4VCServer] job 520c00ab-0cf2-4aa7-a341-d05398ea620d completed by vehicle veh18
[Midd4VCServer] job 09e6419b-6dfc-4ddc-b91d-aab0166cab2c completed by vehicle veh2
[Midd4VCServer] Vehicle veh9 already registered.
[Midd4VCServer] job received: c07e1d85-be5f-42b5-9edf-f7ecd4ffb1eb
[Midd4VCServer] Assigning job c07e1d85-be5f-42b5-9edf-f7ecd4ffb1eb to vehicle veh18
[Midd4VCServer] job c07e1d85-be5f-42b5-9edf-f7ecd4ffb1eb completed by vehicle veh18
[Midd4VCServer] Vehicle veh10 already registered.
[Midd4VCServer] Vehicle veh3 already registered.
[Midd4VCServer] job received: fe3c3582-d4e6-43a7-8505-62285f0bfdbc
[Midd4VC] Job 9c544ff4-65a0-426a-b1d5-f092a1136f57 timed out. Re-enqueueing.
[Midd4VC] Job 62dc9e1d-ff8d-46d0-8651-dd2070179d3a timed out. Re-enqueueing.
[Midd4VC] Job ba1af9d5-e45b-46dc-9ff0-a29652741895 timed out. Re-enqueueing.
[Midd4VCServer] Assigning job ba1af9d5-e45b-46dc-9ff0-a29652741895 to vehicle veh18
[Midd4VCServer] Assigning job 62dc9e1d-ff8d-46d0-8651-dd2070179d3a to vehicle veh32
[Midd4VCServer] Assigning job 9c544ff4-65a0-426a-b1d5-f092a1136f57 to vehicle veh36
[Midd4VCServer] Assigning job fe3c3582-d4e6-43a7-8505-62285f0bfdbc to vehicle veh38
[Midd4VCServer] job ba1af9d5-e45b-46dc-9ff0-a29652741895 completed by vehicle veh18
[Midd4VCServer] job 62dc9e1d-ff8d-46d0-8651-dd2070179d3a completed by vehicle veh32
[Midd4VCServer] job fe3c3582-d4e6-43a7-8505-62285f0bfdbc completed by vehicle veh38
[Midd4VCServer] job received: a2b82ff4-a529-408e-9b63-110d992241a2
[Midd4VCServer] Assigning job a2b82ff4-a529-408e-9b63-110d992241a2 to vehicle veh18
[Midd4VCServer] job a2b82ff4-a529-408e-9b63-110d992241a2 completed by vehicle veh18
[Midd4VCServer] job received: f4ca9759-7f57-4128-9964-27bc3615e2fb
[Midd4VCServer] Assigning job f4ca9759-7f57-4128-9964-27bc3615e2fb to vehicle veh12
[Midd4VCServer] job received: 5b044955-dfbc-40b6-a634-082a0b1dfb0b
[Midd4VCServer] Assigning job 5b044955-dfbc-40b6-a634-082a0b1dfb0b to vehicle veh2
[Midd4VCServer] job 5b044955-dfbc-40b6-a634-082a0b1dfb0b completed by vehicle veh2
[Midd4VCServer] Vehicle veh16 already registered.
[Midd4VCServer] job received: 042aba78-c60d-40bc-8c9c-518dcadbb2ff
[Midd4VCServer] Assigning job 042aba78-c60d-40bc-8c9c-518dcadbb2ff to vehicle veh32
[Midd4VCServer] job 042aba78-c60d-40bc-8c9c-518dcadbb2ff completed by vehicle veh32
[Midd4VCServer] Vehicle veh26 already registered.
[Midd4VCServer] job received: 29282d45-87d5-45f8-8549-8b9151212d62
[Midd4VC] Job 08987fb5-79ce-4314-a300-8f966efda177 timed out. Re-enqueueing.
[Midd4VC] Job 89f2e3a7-8c4b-4493-8890-23c7f91a3994 timed out. Re-enqueueing.
[Midd4VC] Job 7a20d8c9-8514-4aa2-9543-3e717682a5fd timed out. Re-enqueueing.
[Midd4VCServer] Assigning job 7a20d8c9-8514-4aa2-9543-3e717682a5fd to vehicle veh34
[Midd4VCServer] Assigning job 89f2e3a7-8c4b-4493-8890-23c7f91a3994 to vehicle veh5
[Midd4VCServer] Assigning job 08987fb5-79ce-4314-a300-8f966efda177 to vehicle veh38
[Midd4VCServer] Assigning job 29282d45-87d5-45f8-8549-8b9151212d62 to vehicle veh18
[Midd4VCServer] job 7a20d8c9-8514-4aa2-9543-3e717682a5fd completed by vehicle veh34
[Midd4VCServer] job 29282d45-87d5-45f8-8549-8b9151212d62 completed by vehicle veh18
[Midd4VCServer] job 08987fb5-79ce-4314-a300-8f966efda177 completed by vehicle veh38
[Midd4VCServer] Vehicle veh12 already registered.
[Midd4VCServer] job received: c650668d-c139-42bc-a942-85c424095e14
[Midd4VC] Job 779cf4e8-ca59-4af3-a222-f9bb557c1ba7 timed out. Re-enqueueing.
[Midd4VC] Job 881424a1-2af8-4dab-be24-c706b4a4b639 timed out. Re-enqueueing.
[Midd4VC] Job 601e5e9e-37f9-49ff-878e-bcf8570711d1 timed out. Re-enqueueing.
[Midd4VC] Job a6d7dc07-b505-43dd-a0ef-2a25dc2c3cb5 timed out. Re-enqueueing.
[Midd4VCServer] Assigning job a6d7dc07-b505-43dd-a0ef-2a25dc2c3cb5 to vehicle veh21
[Midd4VCServer] Assigning job 601e5e9e-37f9-49ff-878e-bcf8570711d1 to vehicle veh31
[Midd4VCServer] Assigning job 881424a1-2af8-4dab-be24-c706b4a4b639 to vehicle veh2
[Midd4VCServer] Assigning job 779cf4e8-ca59-4af3-a222-f9bb557c1ba7 to vehicle veh34
[Midd4VCServer] Assigning job c650668d-c139-42bc-a942-85c424095e14 to vehicle veh32
[Midd4VCServer] job c650668d-c139-42bc-a942-85c424095e14 completed by vehicle veh32
[Midd4VCServer] job 881424a1-2af8-4dab-be24-c706b4a4b639 completed by vehicle veh2
[Midd4VCServer] job a6d7dc07-b505-43dd-a0ef-2a25dc2c3cb5 completed by vehicle veh21
[Midd4VCServer] job 779cf4e8-ca59-4af3-a222-f9bb557c1ba7 completed by vehicle veh34
[Midd4VCServer] Vehicle veh24 already registered.
[Midd4VCServer] job received: d05973f4-fd27-4848-bbeb-f0d03b9d722e
[Midd4VCServer] Assigning job d05973f4-fd27-4848-bbeb-f0d03b9d722e to vehicle veh21
[Midd4VCServer] job d05973f4-fd27-4848-bbeb-f0d03b9d722e completed by vehicle veh21
[Midd4VCServer] Vehicle veh5 already registered.
[Midd4VCServer] job received: 50831c97-7336-4390-81aa-0421cdaf1a35
[Midd4VCServer] Assigning job 50831c97-7336-4390-81aa-0421cdaf1a35 to vehicle veh21
[Midd4VCServer] job 50831c97-7336-4390-81aa-0421cdaf1a35 completed by vehicle veh21
[Midd4VCServer] Vehicle veh14 already registered.
[Midd4VCServer] job received: a7661326-4b72-4a86-96b9-ce3352d8852a
[Midd4VCServer] Assigning job a7661326-4b72-4a86-96b9-ce3352d8852a to vehicle veh21
[Midd4VCServer] job a7661326-4b72-4a86-96b9-ce3352d8852a completed by vehicle veh21
[Midd4VCServer] job received: 76f3e43e-9fd8-470f-8899-6d8b27f73c60
[Midd4VCServer] Assigning job 76f3e43e-9fd8-470f-8899-6d8b27f73c60 to vehicle veh21
[Midd4VCServer] job 76f3e43e-9fd8-470f-8899-6d8b27f73c60 completed by vehicle veh21
[Midd4VCServer] job received: ecf946c1-cda3-4780-9e32-4748bd82a8bf
[Midd4VCServer] Assigning job ecf946c1-cda3-4780-9e32-4748bd82a8bf to vehicle veh21
[Midd4VCServer] job ecf946c1-cda3-4780-9e32-4748bd82a8bf completed by vehicle veh21
[Midd4VCServer] job received: ad89fcca-a210-48ad-8b5f-cf165d605c64
[Midd4VCServer] Assigning job ad89fcca-a210-48ad-8b5f-cf165d605c64 to vehicle veh21
[Midd4VCServer] job ad89fcca-a210-48ad-8b5f-cf165d605c64 completed by vehicle veh21
[Midd4VCServer] job received: 67a4b612-963f-4919-97d7-8b0b43f0a018
[Midd4VCServer] Assigning job 67a4b612-963f-4919-97d7-8b0b43f0a018 to vehicle veh38
[Midd4VCServer] job 67a4b612-963f-4919-97d7-8b0b43f0a018 completed by vehicle veh38
[Midd4VCServer] Vehicle veh25 already registered.
[Midd4VCServer] Vehicle veh31 already registered.
[Midd4VCServer] job received: 82074995-e859-41a7-a4b9-c8fd7409b70a
[Midd4VC] Job 5af7960a-0d63-461d-9afb-c56b3045b5fd timed out. Re-enqueueing.
[Midd4VC] Job c8b23390-3d36-45a6-bf2d-cc7aeb1d5370 timed out. Re-enqueueing.
[Midd4VC] Job f2095c41-4548-484e-ab67-ffd046c8f555 timed out. Re-enqueueing.
[Midd4VC] Job 33e8bf00-c8b7-4203-b294-0bc342a72872 timed out. Re-enqueueing.
[Midd4VCServer] Assigning job 33e8bf00-c8b7-4203-b294-0bc342a72872 to vehicle veh21
[Midd4VCServer] Assigning job f2095c41-4548-484e-ab67-ffd046c8f555 to vehicle veh18
[Midd4VCServer] Assigning job c8b23390-3d36-45a6-bf2d-cc7aeb1d5370 to vehicle veh28
[Midd4VCServer] Assigning job 5af7960a-0d63-461d-9afb-c56b3045b5fd to vehicle veh2
[Midd4VCServer] Assigning job 82074995-e859-41a7-a4b9-c8fd7409b70a to vehicle veh34
[Midd4VCServer] job f2095c41-4548-484e-ab67-ffd046c8f555 completed by vehicle veh18
[Midd4VCServer] job 33e8bf00-c8b7-4203-b294-0bc342a72872 completed by vehicle veh21
[Midd4VCServer] job 82074995-e859-41a7-a4b9-c8fd7409b70a completed by vehicle veh34
[Midd4VCServer] Vehicle veh36 already registered.
[Midd4VCServer] job received: 4a5e69d7-b186-4c42-ac82-3970398045dc
[Midd4VCServer] Assigning job 4a5e69d7-b186-4c42-ac82-3970398045dc to vehicle veh32
[Midd4VCServer] Vehicle veh14 already registered.
[Midd4VCServer] job received: 2cb9f65a-dd01-4479-b71f-e1e2cc8b3374
[Midd4VCServer] Assigning job 2cb9f65a-dd01-4479-b71f-e1e2cc8b3374 to vehicle veh3
[Midd4VCServer] job 2cb9f65a-dd01-4479-b71f-e1e2cc8b3374 completed by vehicle veh3
[Midd4VCServer] Vehicle veh30 already registered.
[Midd4VCServer] Vehicle veh22 already registered.
[Midd4VCServer] Vehicle veh6 already registered.
[Midd4VCServer] Vehicle veh27 already registered.
[Midd4VCServer] Vehicle veh9 already registered.
[Midd4VCServer] Vehicle veh28 already registered.
[Midd4VCServer] Vehicle veh2 already registered.
[Midd4VCServer] job received: 50c46383-1aa8-4743-8b48-39a5531123ef
[Midd4VC] Job 1b4f93fd-3895-4a16-8889-3c288057847c timed out. Re-enqueueing.
[Midd4VC] Job c0d0913f-96c9-4ef1-897a-241cc7a814ac timed out. Re-enqueueing.
[Midd4VC] Job 8bf41da7-e7b1-4abb-b5b3-5ad910f720f4 timed out. Re-enqueueing.
[Midd4VC] Job 6257cb7d-634c-4f50-843a-1020f96aad1c timed out. Re-enqueueing.
[Midd4VC] Job d9d5e0f2-38c0-4051-8f87-0ff0f0a06d09 timed out. Re-enqueueing.
[Midd4VCServer] Assigning job d9d5e0f2-38c0-4051-8f87-0ff0f0a06d09 to vehicle veh7
[Midd4VCServer] Assigning job 6257cb7d-634c-4f50-843a-1020f96aad1c to vehicle veh39
[Midd4VCServer] Assigning job 8bf41da7-e7b1-4abb-b5b3-5ad910f720f4 to vehicle veh15
[Midd4VCServer] Assigning job c0d0913f-96c9-4ef1-897a-241cc7a814ac to vehicle veh38
[Midd4VCServer] Assigning job 1b4f93fd-3895-4a16-8889-3c288057847c to vehicle veh19
[Midd4VCServer] Assigning job 50c46383-1aa8-4743-8b48-39a5531123ef to vehicle veh21
[Midd4VCServer] Vehicle veh17 already registered.
[Midd4VCServer] Vehicle veh16 already registered.
[Midd4VCServer] Vehicle veh13 already registered.
[Midd4VCServer] job received: c07be4ae-ecbb-47f6-94b6-3730548b25fd
[Midd4VCServer] Assigning job c07be4ae-ecbb-47f6-94b6-3730548b25fd to vehicle veh25
[Midd4VCServer] job received: 98627d1c-1d9a-4f8c-b8a2-c6825188dee2
[Midd4VCServer] Assigning job 98627d1c-1d9a-4f8c-b8a2-c6825188dee2 to vehicle veh1
[Midd4VCServer] Vehicle veh30 already registered.
[Midd4VCServer] job received: 663970de-cbb7-4b42-a1bd-eb7b88ded8cb
[Midd4VCServer] Assigning job 663970de-cbb7-4b42-a1bd-eb7b88ded8cb to vehicle veh22
[Midd4VCServer] job received: 1b4f17d0-f1ec-46f7-8cfc-7675bcae2607
[Midd4VCServer] Assigning job 1b4f17d0-f1ec-46f7-8cfc-7675bcae2607 to vehicle veh18
[Midd4VCServer] job 1b4f17d0-f1ec-46f7-8cfc-7675bcae2607 completed by vehicle veh18
[Midd4VCServer] job received: e6329bf4-6d54-45e6-8893-0a6ae28c3b63
[Midd4VC] Job 220ec001-955a-41ff-9b4b-6cb70ccaa8ca timed out. Re-enqueueing.
[Midd4VC] Job 4a81faf0-12cf-4d70-973b-caaf39671220 timed out. Re-enqueueing.
[Midd4VCServer] Assigning job 4a81faf0-12cf-4d70-973b-caaf39671220 to vehicle veh16
[Midd4VCServer] Assigning job 220ec001-955a-41ff-9b4b-6cb70ccaa8ca to vehicle veh4
[Midd4VCServer] Assigning job e6329bf4-6d54-45e6-8893-0a6ae28c3b63 to vehicle veh34
[Midd4VCServer] job 4a81faf0-12cf-4d70-973b-caaf39671220 completed by vehicle veh16
[Midd4VCServer] job received: e3799d3b-a535-42aa-9e16-884d2b89d53b
[Midd4VCServer] Assigning job e3799d3b-a535-42aa-9e16-884d2b89d53b to vehicle veh37
[Midd4VCServer] job received: d1c503e3-f2ee-45c3-95cb-095bbcfd0b6d
[Midd4VCServer] Assigning job d1c503e3-f2ee-45c3-95cb-095bbcfd0b6d to vehicle veh3
[Midd4VCServer] Vehicle veh40 already registered.
[Midd4VCServer] Vehicle veh39 already registered.
[Midd4VCServer] job received: 6343edc4-6bfb-459b-bda0-b7116c5c4377
[Midd4VCServer] Assigning job 6343edc4-6bfb-459b-bda0-b7116c5c4377 to vehicle veh14
[Midd4VCServer] job 6343edc4-6bfb-459b-bda0-b7116c5c4377 completed by vehicle veh14
[Midd4VCServer] Vehicle veh31 already registered.
[Midd4VCServer] Vehicle veh24 already registered.
[Midd4VCServer] Vehicle veh4 already registered.
[Midd4VCServer] job received: 1d80754b-85af-4e8b-b2f1-44dad99f5e94
[Midd4VC] Job 04ffa66f-ca3c-428b-bfdb-22f12c7a00ec timed out. Re-enqueueing.
[Midd4VC] Job 50f79703-42de-4bd0-a5fe-6a964e4650db timed out. Re-enqueueing.
[Midd4VC] Job b6f08f47-be31-4716-ad99-def13328c7cb timed out. Re-enqueueing.
[Midd4VC] Job 9c4f00c5-6cee-4ea3-a277-4ccf477e40b3 timed out. Re-enqueueing.
[Midd4VCServer] Assigning job 9c4f00c5-6cee-4ea3-a277-4ccf477e40b3 to vehicle veh13
[Midd4VCServer] Assigning job b6f08f47-be31-4716-ad99-def13328c7cb to vehicle veh33
[Midd4VCServer] Assigning job 50f79703-42de-4bd0-a5fe-6a964e4650db to vehicle veh29
[Midd4VCServer] Assigning job 04ffa66f-ca3c-428b-bfdb-22f12c7a00ec to vehicle veh23
[Midd4VCServer] Assigning job 1d80754b-85af-4e8b-b2f1-44dad99f5e94 to vehicle veh24
[Midd4VCServer] job 9c4f00c5-6cee-4ea3-a277-4ccf477e40b3 completed by vehicle veh13
[Midd4VCServer] job 1d80754b-85af-4e8b-b2f1-44dad99f5e94 completed by vehicle veh24
[Midd4VCServer] job 04ffa66f-ca3c-428b-bfdb-22f12c7a00ec completed by vehicle veh23
[Midd4VCServer] job received: 4e6f0585-3c1a-4580-96fe-8a0a1c310c31
[Midd4VC] Job e68df6f2-84df-4ce2-a6c9-6ffe671e13b9 timed out. Re-enqueueing.
[Midd4VCServer] Assigning job e68df6f2-84df-4ce2-a6c9-6ffe671e13b9 to vehicle veh13
[Midd4VCServer] Assigning job 4e6f0585-3c1a-4580-96fe-8a0a1c310c31 to vehicle veh9
[Midd4VCServer] job e68df6f2-84df-4ce2-a6c9-6ffe671e13b9 completed by vehicle veh13
[Midd4VCServer] job 4e6f0585-3c1a-4580-96fe-8a0a1c310c31 completed by vehicle veh9
[Midd4VCServer] Vehicle veh27 already registered.
[Midd4VCServer] job received: 6af85fdd-26b5-4fed-bf3b-e3d4e3939b87
[Midd4VCServer] Assigning job 6af85fdd-26b5-4fed-bf3b-e3d4e3939b87 to vehicle veh13
[Midd4VCServer] job 6af85fdd-26b5-4fed-bf3b-e3d4e3939b87 completed by vehicle veh13
[Midd4VCServer] Vehicle veh1 already registered.
[Midd4VCServer] Vehicle veh32 already registered.
[Midd4VCServer] job received: 3341205f-fc58-47ba-bcb4-5eb2aed43a91
[Midd4VC] Job 5bbf3b96-29df-4efb-bbf8-029e23dec90f timed out. Re-enqueueing.
[Midd4VCServer] Assigning job 5bbf3b96-29df-4efb-bbf8-029e23dec90f to vehicle veh13
[Midd4VCServer] Assigning job 3341205f-fc58-47ba-bcb4-5eb2aed43a91 to vehicle veh9
[Midd4VCServer] job 3341205f-fc58-47ba-bcb4-5eb2aed43a91 completed by vehicle veh9
[Midd4VCServer] job 5bbf3b96-29df-4efb-bbf8-029e23dec90f completed by vehicle veh13
[Midd4VCServer] job received: 482db51f-8059-425d-82e7-37b64e18ace6
[Midd4VCServer] Assigning job 482db51f-8059-425d-82e7-37b64e18ace6 to vehicle veh13
[Midd4VCServer] job 482db51f-8059-425d-82e7-37b64e18ace6 completed by vehicle veh13
[Midd4VCServer] Vehicle veh34 already registered.
[Midd4VCServer] Vehicle veh8 already registered.
[Midd4VCServer] Vehicle veh25 already registered.
[Midd4VCServer] Vehicle veh38 already registered.
[Midd4VCServer] job received: 28c101f9-71ba-4f09-bd4b-95298652fa37
[Midd4VCServer] Assigning job 28c101f9-71ba-4f09-bd4b-95298652fa37 to vehicle veh13
[Midd4VCServer] job 28c101f9-71ba-4f09-bd4b-95298652fa37 completed by vehicle veh13
[Midd4VCServer] job received: 8001b658-4c7e-47fc-9632-2b3460ff476c
[Midd4VCServer] Assigning job 8001b658-4c7e-47fc-9632-2b3460ff476c to vehicle veh13
[Midd4VCServer] job 8001b658-4c7e-47fc-9632-2b3460ff476c completed by vehicle veh13
[Midd4VCServer] job received: 52168f8e-06d2-4cd2-af98-fe11c573aff9
[Midd4VC] Job 9654ee45-1bdd-4b06-a1d0-12c3c4df8c95 timed out. Re-enqueueing.
[Midd4VC] Job 00c3cd61-7ec1-4be2-9cbc-e76ab6fa5d51 timed out. Re-enqueueing.
[Midd4VCServer] Assigning job 00c3cd61-7ec1-4be2-9cbc-e76ab6fa5d51 to vehicle veh17
[Midd4VCServer] Assigning job 9654ee45-1bdd-4b06-a1d0-12c3c4df8c95 to vehicle veh26
[Midd4VCServer] Assigning job 52168f8e-06d2-4cd2-af98-fe11c573aff9 to vehicle veh9
[Midd4VCServer] job 00c3cd61-7ec1-4be2-9cbc-e76ab6fa5d51 completed by vehicle veh17
[Midd4VCServer] job received: 815d2264-8a43-4248-b276-9b4259d7c6ab
[Midd4VCServer] Assigning job 815d2264-8a43-4248-b276-9b4259d7c6ab to vehicle veh17
[Midd4VCServer] job 815d2264-8a43-4248-b276-9b4259d7c6ab completed by vehicle veh17
[Midd4VCServer] job received: d2183c97-a106-46e1-aff9-5826749ce326
[Midd4VCServer] Assigning job d2183c97-a106-46e1-aff9-5826749ce326 to vehicle veh17
[Midd4VCServer] job d2183c97-a106-46e1-aff9-5826749ce326 completed by vehicle veh17
[Midd4VCServer] job received: cc7231a9-4397-4dc8-aa2b-03c853c57232
[Midd4VCServer] Assigning job cc7231a9-4397-4dc8-aa2b-03c853c57232 to vehicle veh17
[Midd4VCServer] job cc7231a9-4397-4dc8-aa2b-03c853c57232 completed by vehicle veh17
[Midd4VCServer] Vehicle veh35 already registered.
[Midd4VCServer] Vehicle veh15 already registered.
[Midd4VCServer] job received: 5f279857-004f-4934-a474-bb84c2ff4766
[Midd4VCServer] Assigning job 5f279857-004f-4934-a474-bb84c2ff4766 to vehicle veh17
[Midd4VCServer] job 5f279857-004f-4934-a474-bb84c2ff4766 completed by vehicle veh17
[Midd4VCServer] Vehicle veh19 already registered.
[Midd4VCServer] job received: 314ef100-1984-4cfd-b2c6-d59c3c73bcca
[Midd4VC] Job 65a84701-5d07-4f87-9c97-f8c02a3f2a97 timed out. Re-enqueueing.
[Midd4VC] Job 9b1b3500-57fe-4a31-945b-4473af5015dc timed out. Re-enqueueing.
[Midd4VCServer] Assigning job 9b1b3500-57fe-4a31-945b-4473af5015dc to vehicle veh30
[Midd4VCServer] Assigning job 65a84701-5d07-4f87-9c97-f8c02a3f2a97 to vehicle veh40
[Midd4VCServer] Assigning job 314ef100-1984-4cfd-b2c6-d59c3c73bcca to vehicle veh18
[Midd4VCServer] Vehicle veh26 already registered.
[Midd4VCServer] job received: a8903cdd-88ff-4814-a927-864cb252510c
[Midd4VCServer] Assigning job a8903cdd-88ff-4814-a927-864cb252510c to vehicle veh17
[Midd4VCServer] job a8903cdd-88ff-4814-a927-864cb252510c completed by vehicle veh17
[Midd4VCServer] Vehicle veh16 already registered.
[Midd4VCServer] Vehicle veh4 already registered.
[Midd4VCServer] Vehicle veh9 already registered.
[Midd4VCServer] job received: 5f3305c8-4c90-437d-90fb-660bb34aaae4
[Midd4VCServer] Assigning job 5f3305c8-4c90-437d-90fb-660bb34aaae4 to vehicle veh11
[Midd4VCServer] Vehicle veh38 already registered.
[Midd4VCServer] job received: 1cd215a1-5495-40fd-a6db-a21c18a94b8e
[Midd4VCServer] Assigning job 1cd215a1-5495-40fd-a6db-a21c18a94b8e to vehicle veh16
[Midd4VCServer] job 1cd215a1-5495-40fd-a6db-a21c18a94b8e completed by vehicle veh16
[Midd4VCServer] Vehicle veh21 already registered.
[Midd4VCServer] job received: 41e553ca-0c3d-4a93-b23d-78f0a09a1b1f
[Midd4VCServer] Assigning job 41e553ca-0c3d-4a93-b23d-78f0a09a1b1f to vehicle veh13
[Midd4VCServer] job 41e553ca-0c3d-4a93-b23d-78f0a09a1b1f completed by vehicle veh13
[Midd4VCServer] Vehicle veh19 already registered.
[Midd4VCServer] Vehicle veh29 already registered.
[Midd4VCServer] job received: 52eca1e0-005e-4648-ac2e-834c22e08c03
[Midd4VCServer] Assigning job 52eca1e0-005e-4648-ac2e-834c22e08c03 to vehicle veh10
[Midd4VCServer] job received: 4d03e672-9bb2-4d50-826a-da80790c829f
[Midd4VC] Job 9c544ff4-65a0-426a-b1d5-f092a1136f57 timed out. Re-enqueueing.
[Midd4VC] Job f4ca9759-7f57-4128-9964-27bc3615e2fb timed out. Re-enqueueing.
[Midd4VCServer] Assigning job f4ca9759-7f57-4128-9964-27bc3615e2fb to vehicle veh36
[Midd4VCServer] Assigning job 9c544ff4-65a0-426a-b1d5-f092a1136f57 to vehicle veh12
[Midd4VCServer] Assigning job 4d03e672-9bb2-4d50-826a-da80790c829f to vehicle veh35
[Midd4VCServer] Vehicle veh30 already registered.
[Midd4VCServer] Vehicle veh22 already registered.
[Midd4VCServer] job received: 15675a62-38ea-4755-ab4d-c2f4bef01c89
[Midd4VCServer] Assigning job 15675a62-38ea-4755-ab4d-c2f4bef01c89 to vehicle veh14
[Midd4VCServer] job 15675a62-38ea-4755-ab4d-c2f4bef01c89 completed by vehicle veh14
[Midd4VCServer] job received: 234903d1-27a5-4291-83c1-36a3c2397420
[Midd4VCServer] Assigning job 234903d1-27a5-4291-83c1-36a3c2397420 to vehicle veh23
[Midd4VCServer] Vehicle veh21 already registered.
[Midd4VCServer] Vehicle veh36 already registered.
[Midd4VCServer] Vehicle veh7 already registered.
[Midd4VCServer] Vehicle veh10 already registered.
[Midd4VCServer] job received: 5500084b-311d-4cfb-ab40-f473bbf28dfd
[Midd4VC] Job 89f2e3a7-8c4b-4493-8890-23c7f91a3994 timed out. Re-enqueueing.
[Midd4VC] Job 601e5e9e-37f9-49ff-878e-bcf8570711d1 timed out. Re-enqueueing.
[Midd4VCServer] Assigning job 601e5e9e-37f9-49ff-878e-bcf8570711d1 to vehicle veh31
[Midd4VCServer] Assigning job 89f2e3a7-8c4b-4493-8890-23c7f91a3994 to vehicle veh5
[Midd4VCServer] Assigning job 5500084b-311d-4cfb-ab40-f473bbf28dfd to vehicle veh24
[Midd4VCServer] job 601e5e9e-37f9-49ff-878e-bcf8570711d1 completed by vehicle veh31
[Midd4VCServer] job 89f2e3a7-8c4b-4493-8890-23c7f91a3994 completed by vehicle veh5
[Midd4VCServer] Vehicle veh38 already registered.
[Midd4VCServer] Vehicle veh20 already registered.
[Midd4VCServer] Vehicle veh26 already registered.
[Midd4VCServer] Vehicle veh29 already registered.
[Midd4VCServer] job received: 0fc5249f-42d6-4e24-a597-5147805e39e4
[Midd4VCServer] Assigning job 0fc5249f-42d6-4e24-a597-5147805e39e4 to vehicle veh31
[Midd4VCServer] job 0fc5249f-42d6-4e24-a597-5147805e39e4 completed by vehicle veh31
[Midd4VCServer] job received: 6cc3ae78-7078-4d54-95de-dfa8e6499c31
[Midd4VCServer] Assigning job 6cc3ae78-7078-4d54-95de-dfa8e6499c31 to vehicle veh31
[Midd4VCServer] job 6cc3ae78-7078-4d54-95de-dfa8e6499c31 completed by vehicle veh31
[Midd4VCServer] job received: b6799ca7-2a55-42f9-879b-6738dc9de8d2
[Midd4VCServer] Assigning job b6799ca7-2a55-42f9-879b-6738dc9de8d2 to vehicle veh5
[Midd4VCServer] job b6799ca7-2a55-42f9-879b-6738dc9de8d2 completed by vehicle veh5
[Midd4VCServer] job received: 21cfbe9f-7f2c-4baa-bd36-742a0e913e5c
[Midd4VCServer] Assigning job 21cfbe9f-7f2c-4baa-bd36-742a0e913e5c to vehicle veh31
[Midd4VCServer] job 21cfbe9f-7f2c-4baa-bd36-742a0e913e5c completed by vehicle veh31
[Midd4VCServer] job received: 17bf4f59-7d62-4ea7-b6f3-e51ee86306a1
[Midd4VC] Job c8b23390-3d36-45a6-bf2d-cc7aeb1d5370 timed out. Re-enqueueing.
[Midd4VC] Job 5af7960a-0d63-461d-9afb-c56b3045b5fd timed out. Re-enqueueing.
[Midd4VCServer] Assigning job 5af7960a-0d63-461d-9afb-c56b3045b5fd to vehicle veh28
[Midd4VCServer] Assigning job c8b23390-3d36-45a6-bf2d-cc7aeb1d5370 to vehicle veh2
[Midd4VCServer] Assigning job 17bf4f59-7d62-4ea7-b6f3-e51ee86306a1 to vehicle veh5
[Midd4VCServer] Vehicle veh18 already registered.
[Midd4VCServer] job c8b23390-3d36-45a6-bf2d-cc7aeb1d5370 completed by vehicle veh2
[Midd4VCServer] job 17bf4f59-7d62-4ea7-b6f3-e51ee86306a1 completed by vehicle veh5
[Midd4VCServer] job received: d9a23118-87e0-4c55-b7ab-4622cab8f588
[Midd4VCServer] Assigning job d9a23118-87e0-4c55-b7ab-4622cab8f588 to vehicle veh31
[Midd4VCServer] job d9a23118-87e0-4c55-b7ab-4622cab8f588 completed by vehicle veh31
[Midd4VCServer] Vehicle veh19 already registered.
[Midd4VCServer] job received: c3cc67fc-ddc4-4680-b125-3cff8b492500
[Midd4VC] Job 4a5e69d7-b186-4c42-ac82-3970398045dc timed out. Re-enqueueing.
[Midd4VCServer] Assigning job 4a5e69d7-b186-4c42-ac82-3970398045dc to vehicle veh32
[Midd4VCServer] Assigning job c3cc67fc-ddc4-4680-b125-3cff8b492500 to vehicle veh2
[Midd4VCServer] job c3cc67fc-ddc4-4680-b125-3cff8b492500 completed by vehicle veh2
[Midd4VCServer] job received: d5dc0897-1532-43a8-9975-619408f54e39
[Midd4VCServer] Assigning job d5dc0897-1532-43a8-9975-619408f54e39 to vehicle veh5
[Midd4VCServer] job d5dc0897-1532-43a8-9975-619408f54e39 completed by vehicle veh5
[Midd4VCServer] job received: 16c782ec-6cff-4141-bc74-4fbd5e3ba30c
[Midd4VCServer] Assigning job 16c782ec-6cff-4141-bc74-4fbd5e3ba30c to vehicle veh31
[Midd4VCServer] Vehicle veh40 already registered.
[Midd4VCServer] job received: 5c15c63c-7d9b-4e65-8fd1-428150ec1e53
[Midd4VCServer] Assigning job 5c15c63c-7d9b-4e65-8fd1-428150ec1e53 to vehicle veh2
[Midd4VCServer] job 5c15c63c-7d9b-4e65-8fd1-428150ec1e53 completed by vehicle veh2
[Midd4VCServer] Vehicle veh36 already registered.
[Midd4VCServer] job received: f056aeca-3a1d-4fb6-9980-c320960402f4
[Midd4VCServer] Assigning job f056aeca-3a1d-4fb6-9980-c320960402f4 to vehicle veh5
[Midd4VCServer] job f056aeca-3a1d-4fb6-9980-c320960402f4 completed by vehicle veh5
[Midd4VCServer] Vehicle veh4 already registered.
[Midd4VCServer] Vehicle veh15 already registered.
[Midd4VCServer] Vehicle veh28 already registered.
[Midd4VCServer] Vehicle veh31 already registered.
[Midd4VCServer] Vehicle veh37 already registered.
[Midd4VCServer] job received: d85db129-a494-4cab-b9c7-4b90123c6933
[Midd4VCServer] Assigning job d85db129-a494-4cab-b9c7-4b90123c6933 to vehicle veh17
[Midd4VCServer] Vehicle veh6 already registered.
[Midd4VCServer] Vehicle veh17 already registered.
[Midd4VCServer] job received: d88f9780-9026-475f-bf66-2a02c42920c1
[Midd4VC] Job d9d5e0f2-38c0-4051-8f87-0ff0f0a06d09 timed out. Re-enqueueing.
[Midd4VC] Job 6257cb7d-634c-4f50-843a-1020f96aad1c timed out. Re-enqueueing.
[Midd4VC] Job 8bf41da7-e7b1-4abb-b5b3-5ad910f720f4 timed out. Re-enqueueing.
[Midd4VC] Job c0d0913f-96c9-4ef1-897a-241cc7a814ac timed out. Re-enqueueing.
[Midd4VC] Job 1b4f93fd-3895-4a16-8889-3c288057847c timed out. Re-enqueueing.
[Midd4VC] Job 50c46383-1aa8-4743-8b48-39a5531123ef timed out. Re-enqueueing.
[Midd4VC] Job c07be4ae-ecbb-47f6-94b6-3730548b25fd timed out. Re-enqueueing.
[Midd4VC] Job 98627d1c-1d9a-4f8c-b8a2-c6825188dee2 timed out. Re-enqueueing.
[Midd4VC] Job 663970de-cbb7-4b42-a1bd-eb7b88ded8cb timed out. Re-enqueueing.
[Midd4VCServer] Assigning job 663970de-cbb7-4b42-a1bd-eb7b88ded8cb to vehicle veh7
[Midd4VCServer] Assigning job 98627d1c-1d9a-4f8c-b8a2-c6825188dee2 to vehicle veh39
[Midd4VCServer] Assigning job c07be4ae-ecbb-47f6-94b6-3730548b25fd to vehicle veh15
[Midd4VCServer] Assigning job 50c46383-1aa8-4743-8b48-39a5531123ef to vehicle veh38
[Midd4VCServer] Assigning job 1b4f93fd-3895-4a16-8889-3c288057847c to vehicle veh19
[Midd4VCServer] Assigning job c0d0913f-96c9-4ef1-897a-241cc7a814ac to vehicle veh21
[Midd4VCServer] Assigning job 8bf41da7-e7b1-4abb-b5b3-5ad910f720f4 to vehicle veh25
[Midd4VCServer] Assigning job 6257cb7d-634c-4f50-843a-1020f96aad1c to vehicle veh1
[Midd4VCServer] Assigning job d9d5e0f2-38c0-4051-8f87-0ff0f0a06d09 to vehicle veh22
[Midd4VCServer] Assigning job d88f9780-9026-475f-bf66-2a02c42920c1 to vehicle veh16
[Midd4VCServer] job 1b4f93fd-3895-4a16-8889-3c288057847c completed by vehicle veh19
[Midd4VCServer] job c07be4ae-ecbb-47f6-94b6-3730548b25fd completed by vehicle veh15
[Midd4VCServer] job d88f9780-9026-475f-bf66-2a02c42920c1 completed by vehicle veh16
[Midd4VCServer] job received: 4ee54e2b-8eb8-4c55-aa0f-8cf67ec692ed
[Midd4VCServer] Assigning job 4ee54e2b-8eb8-4c55-aa0f-8cf67ec692ed to vehicle veh15
[Midd4VCServer] job 4ee54e2b-8eb8-4c55-aa0f-8cf67ec692ed completed by vehicle veh15
[Midd4VCServer] Vehicle veh3 already registered.
[Midd4VCServer] job received: cdc933ac-cd0f-4937-b569-f235c0d5e2a7
[Midd4VC] Job 220ec001-955a-41ff-9b4b-6cb70ccaa8ca timed out. Re-enqueueing.
[Midd4VC] Job e6329bf4-6d54-45e6-8893-0a6ae28c3b63 timed out. Re-enqueueing.
[Midd4VC] Job e3799d3b-a535-42aa-9e16-884d2b89d53b timed out. Re-enqueueing.
[Midd4VCServer] Assigning job e3799d3b-a535-42aa-9e16-884d2b89d53b to vehicle veh4
[Midd4VCServer] Assigning job e6329bf4-6d54-45e6-8893-0a6ae28c3b63 to vehicle veh34
[Midd4VCServer] Assigning job 220ec001-955a-41ff-9b4b-6cb70ccaa8ca to vehicle veh37
[Midd4VCServer] Assigning job cdc933ac-cd0f-4937-b569-f235c0d5e2a7 to vehicle veh19
[Midd4VCServer] job e3799d3b-a535-42aa-9e16-884d2b89d53b completed by vehicle veh4
[Midd4VCServer] job cdc933ac-cd0f-4937-b569-f235c0d5e2a7 completed by vehicle veh19
[Midd4VCServer] job received: c151c554-b497-44ff-94a1-36a16cabdc89
[Midd4VC] Job d1c503e3-f2ee-45c3-95cb-095bbcfd0b6d timed out. Re-enqueueing.
[Midd4VCServer] Assigning job d1c503e3-f2ee-45c3-95cb-095bbcfd0b6d to vehicle veh3
[Midd4VCServer] Assigning job c151c554-b497-44ff-94a1-36a16cabdc89 to vehicle veh4
[Midd4VCServer] job d1c503e3-f2ee-45c3-95cb-095bbcfd0b6d completed by vehicle veh3
[Midd4VCServer] job c151c554-b497-44ff-94a1-36a16cabdc89 completed by vehicle veh4
[Midd4VCServer] job received: 496b4007-e09a-4b48-882f-80800a2ca690
[Midd4VCServer] Assigning job 496b4007-e09a-4b48-882f-80800a2ca690 to vehicle veh3
[Midd4VCServer] job 496b4007-e09a-4b48-882f-80800a2ca690 completed by vehicle veh3
[Midd4VCServer] job received: 9ccb4b25-6df1-47be-a288-22b5d16033c0
[Midd4VCServer] Assigning job 9ccb4b25-6df1-47be-a288-22b5d16033c0 to vehicle veh15
[Midd4VCServer] job 9ccb4b25-6df1-47be-a288-22b5d16033c0 completed by vehicle veh15
[Midd4VCServer] job received: f6d5cfae-ee60-442d-8dc3-f8ff6baedf49
[Midd4VCServer] Assigning job f6d5cfae-ee60-442d-8dc3-f8ff6baedf49 to vehicle veh19
[Midd4VCServer] job f6d5cfae-ee60-442d-8dc3-f8ff6baedf49 completed by vehicle veh19
[Midd4VCServer] Vehicle veh18 already registered.
[Midd4VCServer] Vehicle veh21 already registered.
[Midd4VCServer] Vehicle veh23 already registered.
[Midd4VCServer] Vehicle veh24 already registered.
[Midd4VCServer] Vehicle veh39 already registered.
[Midd4VCServer] Vehicle veh7 already registered.
[Midd4VCServer] Vehicle veh16 already registered.
[Midd4VCServer] job received: 52348b34-772b-42de-812a-c333247a81eb
[Midd4VCServer] Assigning job 52348b34-772b-42de-812a-c333247a81eb to vehicle veh13
[Midd4VCServer] Vehicle veh37 already registered.
[Midd4VCServer] job received: 6f26a2bd-29f5-4cae-847d-a895d918e05d
[Midd4VC] Job b6f08f47-be31-4716-ad99-def13328c7cb timed out. Re-enqueueing.
[Midd4VC] Job 50f79703-42de-4bd0-a5fe-6a964e4650db timed out. Re-enqueueing.
[Midd4VCServer] Assigning job 50f79703-42de-4bd0-a5fe-6a964e4650db to vehicle veh33
[Midd4VCServer] Assigning job b6f08f47-be31-4716-ad99-def13328c7cb to vehicle veh29
[Midd4VCServer] Assigning job 6f26a2bd-29f5-4cae-847d-a895d918e05d to vehicle veh4
[Midd4VCServer] job 6f26a2bd-29f5-4cae-847d-a895d918e05d completed by vehicle veh4
[Midd4VCServer] job received: d10b372c-2263-4f15-b806-04ec07754f63
[Midd4VCServer] Assigning job d10b372c-2263-4f15-b806-04ec07754f63 to vehicle veh27
[Midd4VCServer] job d10b372c-2263-4f15-b806-04ec07754f63 completed by vehicle veh27
[Midd4VCServer] Vehicle veh32 already registered.
[Midd4VCServer] job received: 41ea7ba2-873c-42f1-bd65-0b46bbc404dc
[Midd4VCServer] Assigning job 41ea7ba2-873c-42f1-bd65-0b46bbc404dc to vehicle veh2
[Midd4VCServer] Vehicle veh33 already registered.
[Midd4VCServer] job received: e90ee02b-5216-46dd-9317-a67f7a0aa80f
[Midd4VCServer] Assigning job e90ee02b-5216-46dd-9317-a67f7a0aa80f to vehicle veh3
[Midd4VCServer] Vehicle veh23 already registered.
[Midd4VCServer] Vehicle veh31 already registered.
[Midd4VCServer] job received: ab3f91cd-f189-4a38-88c8-7e9bb6d4cc51
[Midd4VCServer] Assigning job ab3f91cd-f189-4a38-88c8-7e9bb6d4cc51 to vehicle veh5
[Midd4VCServer] job ab3f91cd-f189-4a38-88c8-7e9bb6d4cc51 completed by vehicle veh5
[Midd4VCServer] job received: e06085ab-d158-4ff1-a7d0-c16013cef5ab
[Midd4VCServer] Assigning job e06085ab-d158-4ff1-a7d0-c16013cef5ab to vehicle veh15
[Midd4VCServer] Vehicle veh36 already registered.
[Midd4VCServer] Vehicle veh25 already registered.
[Midd4VCServer] job received: e0526861-41b2-405f-8e38-03f5d3c76a1e
[Midd4VC] Job 9654ee45-1bdd-4b06-a1d0-12c3c4df8c95 timed out. Re-enqueueing.
[Midd4VC] Job 52168f8e-06d2-4cd2-af98-fe11c573aff9 timed out. Re-enqueueing.
[Midd4VCServer] Assigning job 52168f8e-06d2-4cd2-af98-fe11c573aff9 to vehicle veh26
[Midd4VCServer] Assigning job 9654ee45-1bdd-4b06-a1d0-12c3c4df8c95 to vehicle veh9
[Midd4VCServer] Assigning job e0526861-41b2-405f-8e38-03f5d3c76a1e to vehicle veh14
[Midd4VCServer] job received: 490778cd-0e7c-4d2a-9915-949043734c8f
[Midd4VCServer] Assigning job 490778cd-0e7c-4d2a-9915-949043734c8f to vehicle veh19
[Midd4VCServer] job 490778cd-0e7c-4d2a-9915-949043734c8f completed by vehicle veh19
[Midd4VCServer] Vehicle veh29 already registered.
[Midd4VCServer] Vehicle veh22 already registered.
[Midd4VCServer] job received: 65e3d078-bb80-4906-91e9-66f8b571d488
[Midd4VCServer] Assigning job 65e3d078-bb80-4906-91e9-66f8b571d488 to vehicle veh16
[Midd4VCServer] job received: c2ccf2e2-8eb8-4712-a40a-52e3e2e959e3
[Midd4VCServer] Assigning job c2ccf2e2-8eb8-4712-a40a-52e3e2e959e3 to vehicle veh4
[Midd4VCServer] Vehicle veh31 already registered.
[Midd4VCServer] Vehicle veh3 already registered.
[Midd4VCServer] job received: 45195d62-9d43-4b42-8ba1-cfe6643bd15c
[Midd4VC] Job 9b1b3500-57fe-4a31-945b-4473af5015dc timed out. Re-enqueueing.
[Midd4VC] Job 65a84701-5d07-4f87-9c97-f8c02a3f2a97 timed out. Re-enqueueing.
[Midd4VC] Job 314ef100-1984-4cfd-b2c6-d59c3c73bcca timed out. Re-enqueueing.
[Midd4VCServer] Assigning job 314ef100-1984-4cfd-b2c6-d59c3c73bcca to vehicle veh30
[Midd4VCServer] Assigning job 65a84701-5d07-4f87-9c97-f8c02a3f2a97 to vehicle veh40
[Midd4VCServer] Assigning job 9b1b3500-57fe-4a31-945b-4473af5015dc to vehicle veh18
[Midd4VCServer] Assigning job 45195d62-9d43-4b42-8ba1-cfe6643bd15c to vehicle veh27
[Midd4VCServer] job received: 14ca50dc-d81e-4cfa-92a6-1ff2d8718339
[Midd4VCServer] Assigning job 14ca50dc-d81e-4cfa-92a6-1ff2d8718339 to vehicle veh5
[Midd4VCServer] job 14ca50dc-d81e-4cfa-92a6-1ff2d8718339 completed by vehicle veh5
[Midd4VCServer] Vehicle veh36 already registered.
[Midd4VCServer] job received: 4e10dc82-848d-48d6-9ce3-2fcf39255160
[Midd4VC] Job 5f3305c8-4c90-437d-90fb-660bb34aaae4 timed out. Re-enqueueing.
[Midd4VCServer] Assigning job 5f3305c8-4c90-437d-90fb-660bb34aaae4 to vehicle veh11
[Midd4VCServer] Assigning job 4e10dc82-848d-48d6-9ce3-2fcf39255160 to vehicle veh19
[Midd4VCServer] job 4e10dc82-848d-48d6-9ce3-2fcf39255160 completed by vehicle veh19
[Midd4VCServer] job received: 6a706a2a-eaf4-47cc-8258-7f2d4811d1ba
[Midd4VCServer] Assigning job 6a706a2a-eaf4-47cc-8258-7f2d4811d1ba to vehicle veh20
[Midd4VCServer] job received: dd737aa3-99c4-4e5c-8520-55a08bc792c7
[Midd4VC] Job 52eca1e0-005e-4648-ac2e-834c22e08c03 timed out. Re-enqueueing.
[Midd4VCServer] Assigning job 52eca1e0-005e-4648-ac2e-834c22e08c03 to vehicle veh10
[Midd4VCServer] Assigning job dd737aa3-99c4-4e5c-8520-55a08bc792c7 to vehicle veh6
[Midd4VCServer] Vehicle veh37 already registered.
[Midd4VCServer] Vehicle veh9 already registered.
[Midd4VCServer] Vehicle veh30 already registered.
[Midd4VCServer] job received: a6f9995a-8146-48dd-be9f-9f679e22081c
[Midd4VC] Job f4ca9759-7f57-4128-9964-27bc3615e2fb timed out. Re-enqueueing.
[Midd4VC] Job 9c544ff4-65a0-426a-b1d5-f092a1136f57 timed out. Re-enqueueing.
[Midd4VC] Job 4d03e672-9bb2-4d50-826a-da80790c829f timed out. Re-enqueueing.
[Midd4VCServer] Assigning job 4d03e672-9bb2-4d50-826a-da80790c829f to vehicle veh36
[Midd4VCServer] Assigning job 9c544ff4-65a0-426a-b1d5-f092a1136f57 to vehicle veh12
[Midd4VCServer] Assigning job f4ca9759-7f57-4128-9964-27bc3615e2fb to vehicle veh35
[Midd4VCServer] Assigning job a6f9995a-8146-48dd-be9f-9f679e22081c to vehicle veh8
[Midd4VCServer] job 4d03e672-9bb2-4d50-826a-da80790c829f completed by vehicle veh36
[Midd4VCServer] Vehicle veh6 already registered.
[Midd4VCServer] Vehicle veh40 already registered.
[Midd4VCServer] Vehicle veh13 already registered.
[Midd4VCServer] job received: 9ae3dcb3-7012-43ea-ab97-21014d2b96ac
[Midd4VC] Job 234903d1-27a5-4291-83c1-36a3c2397420 timed out. Re-enqueueing.
[Midd4VCServer] Assigning job 234903d1-27a5-4291-83c1-36a3c2397420 to vehicle veh36
[Midd4VCServer] Assigning job 9ae3dcb3-7012-43ea-ab97-21014d2b96ac to vehicle veh23
[Midd4VCServer] job 234903d1-27a5-4291-83c1-36a3c2397420 completed by vehicle veh36
[Midd4VCServer] job received: 54c7a8d9-81d4-470a-984f-dc62632f6999
[Midd4VCServer] Assigning job 54c7a8d9-81d4-470a-984f-dc62632f6999 to vehicle veh36
[Midd4VCServer] job 54c7a8d9-81d4-470a-984f-dc62632f6999 completed by vehicle veh36
[Midd4VCServer] job received: 6edd67c2-f43f-4b59-ba96-eaacea4d499d
[Midd4VCServer] Assigning job 6edd67c2-f43f-4b59-ba96-eaacea4d499d to vehicle veh36
[Midd4VCServer] job 6edd67c2-f43f-4b59-ba96-eaacea4d499d completed by vehicle veh36
[Midd4VCServer] Vehicle veh7 already registered.
[Midd4VCServer] Vehicle veh17 already registered.
[Midd4VCServer] Vehicle veh27 already registered.
[Midd4VCServer] Vehicle veh15 already registered.
[Midd4VCServer] job received: 8682254a-8489-46c4-ad6b-d6d61eef3c6a
[Midd4VCServer] Assigning job 8682254a-8489-46c4-ad6b-d6d61eef3c6a to vehicle veh36
[Midd4VCServer] job 8682254a-8489-46c4-ad6b-d6d61eef3c6a completed by vehicle veh36
[Midd4VCServer] job received: 8df7762d-e66d-4b5b-9460-df4e73502c0b
[Midd4VCServer] Assigning job 8df7762d-e66d-4b5b-9460-df4e73502c0b to vehicle veh36
[Midd4VCServer] job 8df7762d-e66d-4b5b-9460-df4e73502c0b completed by vehicle veh36
[Midd4VCServer] Vehicle veh38 already registered.
[Midd4VCServer] Vehicle veh12 already registered.
[Midd4VCServer] job received: 36cd753d-5bcf-4176-9775-827641f33154
[Midd4VC] Job 5500084b-311d-4cfb-ab40-f473bbf28dfd timed out. Re-enqueueing.
[Midd4VCServer] Assigning job 5500084b-311d-4cfb-ab40-f473bbf28dfd to vehicle veh24
[Midd4VCServer] Assigning job 36cd753d-5bcf-4176-9775-827641f33154 to vehicle veh36
[Midd4VCServer] job 36cd753d-5bcf-4176-9775-827641f33154 completed by vehicle veh36
[Midd4VCServer] job 5500084b-311d-4cfb-ab40-f473bbf28dfd completed by vehicle veh24
[Midd4VCServer] Vehicle veh14 already registered.
[Midd4VCServer] Vehicle veh39 already registered.
[Midd4VCServer] job received: 24907db9-8a00-43a8-acb9-0947288b98ba
[Midd4VCServer] Assigning job 24907db9-8a00-43a8-acb9-0947288b98ba to vehicle veh24
[Midd4VCServer] job 24907db9-8a00-43a8-acb9-0947288b98ba completed by vehicle veh24
[Midd4VCServer] job received: 375b8ea6-4700-4584-ba5a-d4c440621e83
[Midd4VCServer] Assigning job 375b8ea6-4700-4584-ba5a-d4c440621e83 to vehicle veh36
[Midd4VCServer] job 375b8ea6-4700-4584-ba5a-d4c440621e83 completed by vehicle veh36
[Midd4VCServer] Vehicle veh8 already registered.
[Midd4VCServer] job received: 54af7e79-4c73-4b1e-953b-99283d7de2ee
[Midd4VCServer] Assigning job 54af7e79-4c73-4b1e-953b-99283d7de2ee to vehicle veh24
[Midd4VCServer] job 54af7e79-4c73-4b1e-953b-99283d7de2ee completed by vehicle veh24
[Midd4VCServer] job received: e64a9b75-5f7a-466a-8de4-d03e0ab5abdd
[Midd4VC] Job 5af7960a-0d63-461d-9afb-c56b3045b5fd timed out. Re-enqueueing.
[Midd4VCServer] Assigning job 5af7960a-0d63-461d-9afb-c56b3045b5fd to vehicle veh28
[Midd4VCServer] Assigning job e64a9b75-5f7a-466a-8de4-d03e0ab5abdd to vehicle veh5
[Midd4VCServer] Vehicle veh24 already registered.
[Midd4VCServer] Vehicle veh35 already registered.
[Midd4VCServer] Vehicle veh1 already registered.
[Midd4VCServer] job received: 86c35085-cd3d-4eee-9bc2-7f93f8eaceac
[Midd4VC] Job 4a5e69d7-b186-4c42-ac82-3970398045dc timed out. Re-enqueueing.
[Midd4VCServer] Assigning job 4a5e69d7-b186-4c42-ac82-3970398045dc to vehicle veh32
[Midd4VCServer] Assigning job 86c35085-cd3d-4eee-9bc2-7f93f8eaceac to vehicle veh36
[Midd4VCServer] job 4a5e69d7-b186-4c42-ac82-3970398045dc completed by vehicle veh32
[Midd4VCServer] job 86c35085-cd3d-4eee-9bc2-7f93f8eaceac completed by vehicle veh36
[Midd4VCServer] job received: 94c62720-c44c-4331-93a1-e00045d565a8
[Midd4VCServer] Assigning job 94c62720-c44c-4331-93a1-e00045d565a8 to vehicle veh32
[Midd4VCServer] job 94c62720-c44c-4331-93a1-e00045d565a8 completed by vehicle veh32
[Midd4VCServer] Vehicle veh32 already registered.
[Midd4VCServer] Vehicle veh18 already registered.
[Midd4VCServer] Vehicle veh26 already registered.
[Midd4VCServer] Vehicle veh29 already registered.
[Midd4VCServer] job received: 203eefb4-2042-4a6e-a262-3a29a20288c9
[Midd4VC] Job 16c782ec-6cff-4141-bc74-4fbd5e3ba30c timed out. Re-enqueueing.
[Midd4VCServer] Assigning job 16c782ec-6cff-4141-bc74-4fbd5e3ba30c to vehicle veh31
[Midd4VCServer] Assigning job 203eefb4-2042-4a6e-a262-3a29a20288c9 to vehicle veh32
[Midd4VCServer] job 203eefb4-2042-4a6e-a262-3a29a20288c9 completed by vehicle veh32
[Midd4VCServer] job received: e9d134ac-ffff-4827-aaa5-67d884335400
[Midd4VCServer] Assigning job e9d134ac-ffff-4827-aaa5-67d884335400 to vehicle veh32
[Midd4VCServer] job e9d134ac-ffff-4827-aaa5-67d884335400 completed by vehicle veh32
[Midd4VCServer] job received: c1f135a3-9b02-4ba6-975b-c1bca7fd084e
[Midd4VCServer] Assigning job c1f135a3-9b02-4ba6-975b-c1bca7fd084e to vehicle veh32
[Midd4VCServer] job c1f135a3-9b02-4ba6-975b-c1bca7fd084e completed by vehicle veh32
[Midd4VCServer] Vehicle veh27 already registered.
[Midd4VCServer] job received: 0667bdad-a166-43eb-ac24-86d45712aa72
[Midd4VC] Job d85db129-a494-4cab-b9c7-4b90123c6933 timed out. Re-enqueueing.
[Midd4VCServer] Assigning job d85db129-a494-4cab-b9c7-4b90123c6933 to vehicle veh17
[Midd4VCServer] Assigning job 0667bdad-a166-43eb-ac24-86d45712aa72 to vehicle veh32
[Midd4VCServer] job 0667bdad-a166-43eb-ac24-86d45712aa72 completed by vehicle veh32
[Midd4VCServer] job received: d658ab62-cd2e-466a-a333-b4d3257a95af
[Midd4VCServer] Assigning job d658ab62-cd2e-466a-a333-b4d3257a95af to vehicle veh19
[Midd4VCServer] job d658ab62-cd2e-466a-a333-b4d3257a95af completed by vehicle veh19
[Midd4VCServer] job received: 22b1878e-8cb2-46b6-a371-094dc5b68a8e
[Midd4VC] Job 663970de-cbb7-4b42-a1bd-eb7b88ded8cb timed out. Re-enqueueing.
[Midd4VC] Job 98627d1c-1d9a-4f8c-b8a2-c6825188dee2 timed out. Re-enqueueing.
[Midd4VC] Job 50c46383-1aa8-4743-8b48-39a5531123ef timed out. Re-enqueueing.
[Midd4VC] Job c0d0913f-96c9-4ef1-897a-241cc7a814ac timed out. Re-enqueueing.
[Midd4VC] Job 8bf41da7-e7b1-4abb-b5b3-5ad910f720f4 timed out. Re-enqueueing.
[Midd4VC] Job 6257cb7d-634c-4f50-843a-1020f96aad1c timed out. Re-enqueueing.
[Midd4VC] Job d9d5e0f2-38c0-4051-8f87-0ff0f0a06d09 timed out. Re-enqueueing.
[Midd4VCServer] Assigning job d9d5e0f2-38c0-4051-8f87-0ff0f0a06d09 to vehicle veh7
[Midd4VCServer] Assigning job 6257cb7d-634c-4f50-843a-1020f96aad1c to vehicle veh39
[Midd4VCServer] Assigning job 8bf41da7-e7b1-4abb-b5b3-5ad910f720f4 to vehicle veh38
[Midd4VCServer] Assigning job c0d0913f-96c9-4ef1-897a-241cc7a814ac to vehicle veh21
[Midd4VCServer] Assigning job 50c46383-1aa8-4743-8b48-39a5531123ef to vehicle veh25
[Midd4VCServer] Assigning job 98627d1c-1d9a-4f8c-b8a2-c6825188dee2 to vehicle veh1
[Midd4VCServer] Assigning job 663970de-cbb7-4b42-a1bd-eb7b88ded8cb to vehicle veh22
[Midd4VCServer] Assigning job 22b1878e-8cb2-46b6-a371-094dc5b68a8e to vehicle veh24
[Midd4VCServer] job 8bf41da7-e7b1-4abb-b5b3-5ad910f720f4 completed by vehicle veh38
[Midd4VCServer] job 22b1878e-8cb2-46b6-a371-094dc5b68a8e completed by vehicle veh24
[Midd4VCServer] job 98627d1c-1d9a-4f8c-b8a2-c6825188dee2 completed by vehicle veh1
[Midd4VCServer] job received: b3405b4d-40d3-4ec2-9bcc-f4266828c839
[Midd4VCServer] Assigning job b3405b4d-40d3-4ec2-9bcc-f4266828c839 to vehicle veh38
[Midd4VCServer] job b3405b4d-40d3-4ec2-9bcc-f4266828c839 completed by vehicle veh38
[Midd4VCServer] Vehicle veh7 already registered.
[Midd4VCServer] Vehicle veh19 already registered.
[Midd4VCServer] job received: b426652c-9d1f-4fdb-b6a1-01fca18566c5
[Midd4VC] Job e6329bf4-6d54-45e6-8893-0a6ae28c3b63 timed out. Re-enqueueing.
[Midd4VC] Job 220ec001-955a-41ff-9b4b-6cb70ccaa8ca timed out. Re-enqueueing.
[Midd4VCServer] Assigning job 220ec001-955a-41ff-9b4b-6cb70ccaa8ca to vehicle veh34
[Midd4VCServer] Assigning job e6329bf4-6d54-45e6-8893-0a6ae28c3b63 to vehicle veh37
[Midd4VCServer] Assigning job b426652c-9d1f-4fdb-b6a1-01fca18566c5 to vehicle veh1
[Midd4VCServer] job b426652c-9d1f-4fdb-b6a1-01fca18566c5 completed by vehicle veh1
[Midd4VCServer] job received: 5f902eec-0dae-4d9b-a77d-35b8f2e77f28
[Midd4VCServer] Assigning job 5f902eec-0dae-4d9b-a77d-35b8f2e77f28 to vehicle veh38
[Midd4VCServer] job 5f902eec-0dae-4d9b-a77d-35b8f2e77f28 completed by vehicle veh38
[Midd4VCServer] Vehicle veh14 already registered.
[Midd4VCServer] Vehicle veh31 already registered.
[Midd4VCServer] Vehicle veh4 already registered.
[Midd4VCServer] Vehicle veh15 already registered.
[Midd4VCServer] job received: c2395e05-8dcc-4b70-8181-e41394a26489
[Midd4VCServer] Assigning job c2395e05-8dcc-4b70-8181-e41394a26489 to vehicle veh1
[Midd4VCServer] job c2395e05-8dcc-4b70-8181-e41394a26489 completed by vehicle veh1
[Midd4VCServer] Vehicle veh39 already registered.
[Midd4VCServer] job received: c2853907-81d1-42ac-b14c-3d5ad22fd8f9
[Midd4VCServer] Assigning job c2853907-81d1-42ac-b14c-3d5ad22fd8f9 to vehicle veh38
[Midd4VCServer] job c2853907-81d1-42ac-b14c-3d5ad22fd8f9 completed by vehicle veh38
[Midd4VCServer] job received: a90d8ea8-14f7-48c2-86e6-e63fba9584b2
[Midd4VC] Job 52348b34-772b-42de-812a-c333247a81eb timed out. Re-enqueueing.
[Midd4VCServer] Assigning job 52348b34-772b-42de-812a-c333247a81eb to vehicle veh13
[Midd4VCServer] Assigning job a90d8ea8-14f7-48c2-86e6-e63fba9584b2 to vehicle veh1
[Midd4VCServer] job a90d8ea8-14f7-48c2-86e6-e63fba9584b2 completed by vehicle veh1
[Midd4VCServer] Vehicle veh23 already registered.
[Midd4VCServer] Vehicle veh18 already registered.
[Midd4VCServer] job received: b2f59e73-9e60-4a5f-8afc-bf61b9f1c8b9
[Midd4VC] Job 50f79703-42de-4bd0-a5fe-6a964e4650db timed out. Re-enqueueing.
[Midd4VC] Job b6f08f47-be31-4716-ad99-def13328c7cb timed out. Re-enqueueing.
[Midd4VCServer] Assigning job b6f08f47-be31-4716-ad99-def13328c7cb to vehicle veh33
[Midd4VCServer] Assigning job 50f79703-42de-4bd0-a5fe-6a964e4650db to vehicle veh29
[Midd4VCServer] Assigning job b2f59e73-9e60-4a5f-8afc-bf61b9f1c8b9 to vehicle veh38
[Midd4VCServer] job b2f59e73-9e60-4a5f-8afc-bf61b9f1c8b9 completed by vehicle veh38
[Midd4VCServer] job received: fafaaa1e-2d5b-47b6-8f1c-6ea2b20a8498
[Midd4VCServer] Assigning job fafaaa1e-2d5b-47b6-8f1c-6ea2b20a8498 to vehicle veh1
[Midd4VCServer] job fafaaa1e-2d5b-47b6-8f1c-6ea2b20a8498 completed by vehicle veh1
[Midd4VCServer] job received: fc7be5ea-068f-4a7b-bf4d-031b08a3675d
[Midd4VC] Job 41ea7ba2-873c-42f1-bd65-0b46bbc404dc timed out. Re-enqueueing.
[Midd4VCServer] Assigning job 41ea7ba2-873c-42f1-bd65-0b46bbc404dc to vehicle veh2
[Midd4VCServer] Assigning job fc7be5ea-068f-4a7b-bf4d-031b08a3675d to vehicle veh38
[Midd4VCServer] job fc7be5ea-068f-4a7b-bf4d-031b08a3675d completed by vehicle veh38
[Midd4VCServer] Vehicle veh17 already registered.
[Midd4VCServer] Vehicle veh3 already registered.
[Midd4VCServer] job received: 6a177918-92c1-4160-9de7-912df27b53c7
[Midd4VC] Job e90ee02b-5216-46dd-9317-a67f7a0aa80f timed out. Re-enqueueing.
[Midd4VCServer] Assigning job e90ee02b-5216-46dd-9317-a67f7a0aa80f to vehicle veh3
[Midd4VCServer] Assigning job 6a177918-92c1-4160-9de7-912df27b53c7 to vehicle veh1
[Midd4VCServer] job e90ee02b-5216-46dd-9317-a67f7a0aa80f completed by vehicle veh3
[Midd4VCServer] job 6a177918-92c1-4160-9de7-912df27b53c7 completed by vehicle veh1
[Midd4VCServer] Vehicle veh10 already registered.
[Midd4VCServer] Vehicle veh16 already registered.
[Midd4VCServer] job received: 3c0bf08d-9ad1-4706-bc5e-df8974a4c725
[Midd4VCServer] Assigning job 3c0bf08d-9ad1-4706-bc5e-df8974a4c725 to vehicle veh3
[Midd4VCServer] job 3c0bf08d-9ad1-4706-bc5e-df8974a4c725 completed by vehicle veh3
[Midd4VCServer] job received: ee4bb4b9-e9b9-4f60-9761-bf313223f0ad
[Midd4VC] Job e06085ab-d158-4ff1-a7d0-c16013cef5ab timed out. Re-enqueueing.
[Midd4VCServer] Assigning job e06085ab-d158-4ff1-a7d0-c16013cef5ab to vehicle veh15
[Midd4VCServer] Assigning job ee4bb4b9-e9b9-4f60-9761-bf313223f0ad to vehicle veh3
[Midd4VCServer] job e06085ab-d158-4ff1-a7d0-c16013cef5ab completed by vehicle veh15
[Midd4VCServer] job ee4bb4b9-e9b9-4f60-9761-bf313223f0ad completed by vehicle veh3
[Midd4VCServer] Vehicle veh25 already registered.
[Midd4VCServer] Vehicle veh35 already registered.
[Midd4VCServer] job received: 3170cd02-ff2f-4b77-980a-13e5bfac4d41
[Midd4VC] Job 52168f8e-06d2-4cd2-af98-fe11c573aff9 timed out. Re-enqueueing.
[Midd4VC] Job 9654ee45-1bdd-4b06-a1d0-12c3c4df8c95 timed out. Re-enqueueing.
[Midd4VC] Job e0526861-41b2-405f-8e38-03f5d3c76a1e timed out. Re-enqueueing.
[Midd4VCServer] Assigning job e0526861-41b2-405f-8e38-03f5d3c76a1e to vehicle veh26
[Midd4VCServer] Assigning job 9654ee45-1bdd-4b06-a1d0-12c3c4df8c95 to vehicle veh9
[Midd4VCServer] Assigning job 52168f8e-06d2-4cd2-af98-fe11c573aff9 to vehicle veh14
[Midd4VCServer] Assigning job 3170cd02-ff2f-4b77-980a-13e5bfac4d41 to vehicle veh15
[Midd4VCServer] job 3170cd02-ff2f-4b77-980a-13e5bfac4d41 completed by vehicle veh15
[Midd4VCServer] job received: 0395067b-dac7-4dec-9ac9-33d54caf3b59
[Midd4VC] Job 65e3d078-bb80-4906-91e9-66f8b571d488 timed out. Re-enqueueing.
[Midd4VCServer] Assigning job 65e3d078-bb80-4906-91e9-66f8b571d488 to vehicle veh16
[Midd4VCServer] Assigning job 0395067b-dac7-4dec-9ac9-33d54caf3b59 to vehicle veh15
[Midd4VCServer] job 0395067b-dac7-4dec-9ac9-33d54caf3b59 completed by vehicle veh15
[Midd4VCServer] job 65e3d078-bb80-4906-91e9-66f8b571d488 completed by vehicle veh16
[Midd4VCServer] Vehicle veh12 already registered.
[Midd4VCServer] job received: 71e65144-c9f1-4416-9832-dbada9a0fba7
[Midd4VC] Job c2ccf2e2-8eb8-4712-a40a-52e3e2e959e3 timed out. Re-enqueueing.
[Midd4VCServer] Assigning job c2ccf2e2-8eb8-4712-a40a-52e3e2e959e3 to vehicle veh4
[Midd4VCServer] Assigning job 71e65144-c9f1-4416-9832-dbada9a0fba7 to vehicle veh16
[Midd4VCServer] job c2ccf2e2-8eb8-4712-a40a-52e3e2e959e3 completed by vehicle veh4
[Midd4VCServer] job 71e65144-c9f1-4416-9832-dbada9a0fba7 completed by vehicle veh16
[Midd4VCServer] Vehicle veh37 already registered.
[Midd4VCServer] Vehicle veh13 already registered.
[Midd4VCServer] Vehicle veh21 already registered.
[Midd4VCServer] job received: e03a461a-826e-4783-9a3d-f076b31af23b
[Midd4VCServer] Assigning job e03a461a-826e-4783-9a3d-f076b31af23b to vehicle veh4
[Midd4VCServer] job e03a461a-826e-4783-9a3d-f076b31af23b completed by vehicle veh4
[Midd4VCServer] Vehicle veh6 already registered.
[Midd4VCServer] job received: cb3ea048-c947-446c-9e93-5f7d2d169fa6
[Midd4VCServer] Assigning job cb3ea048-c947-446c-9e93-5f7d2d169fa6 to vehicle veh16
[Midd4VCServer] job cb3ea048-c947-446c-9e93-5f7d2d169fa6 completed by vehicle veh16
[Midd4VCServer] Vehicle veh20 already registered.
[Midd4VCServer] job received: 4cbf1cdf-6a26-4cb4-b9ba-73d2d8b75e3a
[Midd4VCServer] Assigning job 4cbf1cdf-6a26-4cb4-b9ba-73d2d8b75e3a to vehicle veh4
[Midd4VCServer] job 4cbf1cdf-6a26-4cb4-b9ba-73d2d8b75e3a completed by vehicle veh4
[Midd4VCServer] Vehicle veh36 already registered.
[Midd4VCServer] job received: 3a1defa9-876b-4414-998f-94ce609ba962
[Midd4VC] Job 314ef100-1984-4cfd-b2c6-d59c3c73bcca timed out. Re-enqueueing.
[Midd4VC] Job 65a84701-5d07-4f87-9c97-f8c02a3f2a97 timed out. Re-enqueueing.
[Midd4VC] Job 9b1b3500-57fe-4a31-945b-4473af5015dc timed out. Re-enqueueing.
[Midd4VC] Job 45195d62-9d43-4b42-8ba1-cfe6643bd15c timed out. Re-enqueueing.
[Midd4VCServer] Assigning job 45195d62-9d43-4b42-8ba1-cfe6643bd15c to vehicle veh30
[Midd4VCServer] Assigning job 9b1b3500-57fe-4a31-945b-4473af5015dc to vehicle veh40
[Midd4VCServer] Assigning job 65a84701-5d07-4f87-9c97-f8c02a3f2a97 to vehicle veh18
[Midd4VCServer] Assigning job 314ef100-1984-4cfd-b2c6-d59c3c73bcca to vehicle veh27
[Midd4VCServer] Assigning job 3a1defa9-876b-4414-998f-94ce609ba962 to vehicle veh32
[Midd4VCServer] job 65a84701-5d07-4f87-9c97-f8c02a3f2a97 completed by vehicle veh18
[Midd4VCServer] job received: 3d54a319-1d69-4346-a17f-5b5cfa08af34
[Midd4VCServer] Assigning job 3d54a319-1d69-4346-a17f-5b5cfa08af34 to vehicle veh18
[Midd4VCServer] job 3d54a319-1d69-4346-a17f-5b5cfa08af34 completed by vehicle veh18
[Midd4VCServer] Vehicle veh33 already registered.
[Midd4VCServer] job received: 089fe403-5001-4126-a28b-e3df5e5a38c5
[Midd4VC] Job 5f3305c8-4c90-437d-90fb-660bb34aaae4 timed out. Re-enqueueing.
[Midd4VC] Job 6a706a2a-eaf4-47cc-8258-7f2d4811d1ba timed out. Re-enqueueing.
[Midd4VCServer] Assigning job 6a706a2a-eaf4-47cc-8258-7f2d4811d1ba to vehicle veh11
[Midd4VCServer] Assigning job 5f3305c8-4c90-437d-90fb-660bb34aaae4 to vehicle veh18
[Midd4VCServer] Assigning job 089fe403-5001-4126-a28b-e3df5e5a38c5 to vehicle veh20
[Midd4VCServer] job 5f3305c8-4c90-437d-90fb-660bb34aaae4 completed by vehicle veh18
[Midd4VCServer] job 089fe403-5001-4126-a28b-e3df5e5a38c5 completed by vehicle veh20
[Midd4VCServer] job received: 8725ef64-4c23-4f65-9f3b-dd112a2d11c0
[Midd4VC] Job 52eca1e0-005e-4648-ac2e-834c22e08c03 timed out. Re-enqueueing.
[Midd4VC] Job dd737aa3-99c4-4e5c-8520-55a08bc792c7 timed out. Re-enqueueing.
[Midd4VC] Job 9c544ff4-65a0-426a-b1d5-f092a1136f57 timed out. Re-enqueueing.
[Midd4VC] Job f4ca9759-7f57-4128-9964-27bc3615e2fb timed out. Re-enqueueing.
[Midd4VC] Job a6f9995a-8146-48dd-be9f-9f679e22081c timed out. Re-enqueueing.
[Midd4VCServer] Assigning job a6f9995a-8146-48dd-be9f-9f679e22081c to vehicle veh12
[Midd4VCServer] Assigning job f4ca9759-7f57-4128-9964-27bc3615e2fb to vehicle veh10
[Midd4VCServer] Assigning job 9c544ff4-65a0-426a-b1d5-f092a1136f57 to vehicle veh35
[Midd4VCServer] Assigning job dd737aa3-99c4-4e5c-8520-55a08bc792c7 to vehicle veh18
[Midd4VCServer] Assigning job 52eca1e0-005e-4648-ac2e-834c22e08c03 to vehicle veh6
[Midd4VCServer] Assigning job 8725ef64-4c23-4f65-9f3b-dd112a2d11c0 to vehicle veh8
[Midd4VCServer] job dd737aa3-99c4-4e5c-8520-55a08bc792c7 completed by vehicle veh18
[Midd4VCServer] job 8725ef64-4c23-4f65-9f3b-dd112a2d11c0 completed by vehicle veh8
[Midd4VCServer] job a6f9995a-8146-48dd-be9f-9f679e22081c completed by vehicle veh12
[Midd4VCServer] job f4ca9759-7f57-4128-9964-27bc3615e2fb completed by vehicle veh10
[Midd4VCServer] job 52eca1e0-005e-4648-ac2e-834c22e08c03 completed by vehicle veh6
[Midd4VCServer] job received: 3eb138f3-b688-427f-90db-fc8984171897
[Midd4VCServer] Assigning job 3eb138f3-b688-427f-90db-fc8984171897 to vehicle veh12
[Midd4VCServer] job 3eb138f3-b688-427f-90db-fc8984171897 completed by vehicle veh12
[Midd4VCServer] Vehicle veh28 already registered.
[Midd4VCServer] Vehicle veh30 already registered.
[Midd4VCServer] Vehicle veh8 already registered.
[Midd4VCServer] Vehicle veh25 already registered.
[Midd4VCServer] Vehicle veh34 already registered.
[Midd4VCServer] job received: 916dffd2-0c08-4776-9fba-3f36664159a1
[Midd4VC] Job 9ae3dcb3-7012-43ea-ab97-21014d2b96ac timed out. Re-enqueueing.
[Midd4VCServer] Assigning job 9ae3dcb3-7012-43ea-ab97-21014d2b96ac to vehicle veh12
[Midd4VCServer] Assigning job 916dffd2-0c08-4776-9fba-3f36664159a1 to vehicle veh23
[Midd4VCServer] job 9ae3dcb3-7012-43ea-ab97-21014d2b96ac completed by vehicle veh12
[Midd4VCServer] job received: 2a30c3f4-5bc1-4e48-9731-60c54f9cf7af
[Midd4VCServer] Assigning job 2a30c3f4-5bc1-4e48-9731-60c54f9cf7af to vehicle veh12
[Midd4VCServer] job 2a30c3f4-5bc1-4e48-9731-60c54f9cf7af completed by vehicle veh12
[Midd4VCServer] job received: 602f33a3-edca-4d08-9a72-a53af886356b
[Midd4VCServer] Assigning job 602f33a3-edca-4d08-9a72-a53af886356b to vehicle veh12
[Midd4VCServer] job 602f33a3-edca-4d08-9a72-a53af886356b completed by vehicle veh12
[Midd4VCServer] job received: 7f10f4db-bbb0-42d2-9bab-0f29bdbb1b06
[Midd4VCServer] Assigning job 7f10f4db-bbb0-42d2-9bab-0f29bdbb1b06 to vehicle veh12
[Midd4VCServer] job 7f10f4db-bbb0-42d2-9bab-0f29bdbb1b06 completed by vehicle veh12
[Midd4VCServer] Vehicle veh14 already registered.
[Midd4VCServer] job received: 0984d453-96f1-45e2-b0d1-314abd393ae0
[Midd4VCServer] Assigning job 0984d453-96f1-45e2-b0d1-314abd393ae0 to vehicle veh10
[Midd4VCServer] job 0984d453-96f1-45e2-b0d1-314abd393ae0 completed by vehicle veh10
[Midd4VCServer] job received: 891ca30a-5559-4666-9b50-8bea6d33f7e0
[Midd4VCServer] Assigning job 891ca30a-5559-4666-9b50-8bea6d33f7e0 to vehicle veh12
[Midd4VCServer] job 891ca30a-5559-4666-9b50-8bea6d33f7e0 completed by vehicle veh12
[Midd4VCServer] job received: 412b3cfb-6b21-40c7-8e0f-75d6c48d04b0
[Midd4VCServer] Assigning job 412b3cfb-6b21-40c7-8e0f-75d6c48d04b0 to vehicle veh10
[Midd4VCServer] job 412b3cfb-6b21-40c7-8e0f-75d6c48d04b0 completed by vehicle veh10
[Midd4VCServer] job received: 54167817-0e73-4609-8fa0-73841240f486
[Midd4VCServer] Assigning job 54167817-0e73-4609-8fa0-73841240f486 to vehicle veh12
[Midd4VCServer] job 54167817-0e73-4609-8fa0-73841240f486 completed by vehicle veh12
[Midd4VCServer] job received: 5ef2f1a4-d5c9-4210-9a7c-0d4240a2ed14
[Midd4VCServer] Assigning job 5ef2f1a4-d5c9-4210-9a7c-0d4240a2ed14 to vehicle veh10
[Midd4VCServer] job 5ef2f1a4-d5c9-4210-9a7c-0d4240a2ed14 completed by vehicle veh10
[Midd4VCServer] Vehicle veh33 already registered.
[Midd4VCServer] Vehicle veh23 already registered.
[Midd4VCServer] job received: 607a27d5-56ef-4ca0-b4d1-884900d4e888
[Midd4VCServer] Assigning job 607a27d5-56ef-4ca0-b4d1-884900d4e888 to vehicle veh20
[Midd4VCServer] job received: 74e812c4-06ff-47e0-aa05-64eae33790fa
[Midd4VCServer] Assigning job 74e812c4-06ff-47e0-aa05-64eae33790fa to vehicle veh18
[Midd4VCServer] job 74e812c4-06ff-47e0-aa05-64eae33790fa completed by vehicle veh18
[Midd4VCServer] job received: bae22b94-e848-449c-8729-5c8de40c65bc
[Midd4VCServer] Assigning job bae22b94-e848-449c-8729-5c8de40c65bc to vehicle veh6
[Midd4VCServer] Vehicle veh30 already registered.
[Midd4VCServer] job received: 51f83e99-e491-447b-af9d-9bbc5e562a07
[Midd4VC] Job 5af7960a-0d63-461d-9afb-c56b3045b5fd timed out. Re-enqueueing.
[Midd4VC] Job e64a9b75-5f7a-466a-8de4-d03e0ab5abdd timed out. Re-enqueueing.
[Midd4VCServer] Assigning job e64a9b75-5f7a-466a-8de4-d03e0ab5abdd to vehicle veh28
[Midd4VCServer] Assigning job 5af7960a-0d63-461d-9afb-c56b3045b5fd to vehicle veh5
[Midd4VCServer] Assigning job 51f83e99-e491-447b-af9d-9bbc5e562a07 to vehicle veh8
[Midd4VCServer] job e64a9b75-5f7a-466a-8de4-d03e0ab5abdd completed by vehicle veh28
[Midd4VCServer] job 51f83e99-e491-447b-af9d-9bbc5e562a07 completed by vehicle veh8
[Midd4VCServer] job received: 7568a4fc-3875-4baf-a59e-678417553220
[Midd4VCServer] Assigning job 7568a4fc-3875-4baf-a59e-678417553220 to vehicle veh28
[Midd4VCServer] job 7568a4fc-3875-4baf-a59e-678417553220 completed by vehicle veh28
[Midd4VCServer] Vehicle veh6 already registered.
[Midd4VCServer] job received: c07d1388-640a-4d3b-9836-82528f5a6238
[Midd4VC] Job 16c782ec-6cff-4141-bc74-4fbd5e3ba30c timed out. Re-enqueueing.
[Midd4VCServer] Assigning job 16c782ec-6cff-4141-bc74-4fbd5e3ba30c to vehicle veh31
[Midd4VCServer] Assigning job c07d1388-640a-4d3b-9836-82528f5a6238 to vehicle veh28
[Midd4VCServer] Vehicle veh38 already registered.
[Midd4VCServer] job received: 17764be6-1048-469f-b665-d6543769d938
[Midd4VCServer] Assigning job 17764be6-1048-469f-b665-d6543769d938 to vehicle veh12
[Midd4VCServer] Vehicle veh16 already registered.
[Midd4VCServer] job received: 355011d9-8500-49bb-98d2-2cfd1416069d
[Midd4VC] Job d85db129-a494-4cab-b9c7-4b90123c6933 timed out. Re-enqueueing.
[Midd4VCServer] Assigning job d85db129-a494-4cab-b9c7-4b90123c6933 to vehicle veh17
[Midd4VCServer] Assigning job 355011d9-8500-49bb-98d2-2cfd1416069d to vehicle veh10
[Midd4VCServer] job 355011d9-8500-49bb-98d2-2cfd1416069d completed by vehicle veh10
[Midd4VCServer] Vehicle veh31 already registered.
[Midd4VCServer] job received: 5ce0be21-62ef-4630-bdb1-ca116bd7f853
[Midd4VC] Job d9d5e0f2-38c0-4051-8f87-0ff0f0a06d09 timed out. Re-enqueueing.
[Midd4VC] Job 6257cb7d-634c-4f50-843a-1020f96aad1c timed out. Re-enqueueing.
[Midd4VC] Job c0d0913f-96c9-4ef1-897a-241cc7a814ac timed out. Re-enqueueing.
[Midd4VC] Job 50c46383-1aa8-4743-8b48-39a5531123ef timed out. Re-enqueueing.
[Midd4VC] Job 663970de-cbb7-4b42-a1bd-eb7b88ded8cb timed out. Re-enqueueing.
[Midd4VCServer] Assigning job 663970de-cbb7-4b42-a1bd-eb7b88ded8cb to vehicle veh7
[Midd4VCServer] Assigning job 50c46383-1aa8-4743-8b48-39a5531123ef to vehicle veh39
[Midd4VCServer] Assigning job c0d0913f-96c9-4ef1-897a-241cc7a814ac to vehicle veh21
[Midd4VCServer] Assigning job 6257cb7d-634c-4f50-843a-1020f96aad1c to vehicle veh25
[Midd4VCServer] Assigning job d9d5e0f2-38c0-4051-8f87-0ff0f0a06d09 to vehicle veh22
[Midd4VCServer] Assigning job 5ce0be21-62ef-4630-bdb1-ca116bd7f853 to vehicle veh3
[Midd4VCServer] job c0d0913f-96c9-4ef1-897a-241cc7a814ac completed by vehicle veh21
[Midd4VCServer] job 5ce0be21-62ef-4630-bdb1-ca116bd7f853 completed by vehicle veh3
[Midd4VCServer] job received: a0e90b03-c071-4694-bf51-bfc760cb02f0
[Midd4VCServer] Assigning job a0e90b03-c071-4694-bf51-bfc760cb02f0 to vehicle veh21
[Midd4VCServer] job a0e90b03-c071-4694-bf51-bfc760cb02f0 completed by vehicle veh21
[Midd4VCServer] job received: dff049e6-e764-4e65-942f-220391724b9f
[Midd4VCServer] Assigning job dff049e6-e764-4e65-942f-220391724b9f to vehicle veh21
[Midd4VCServer] job dff049e6-e764-4e65-942f-220391724b9f completed by vehicle veh21
[Midd4VCServer] Vehicle veh28 already registered.
[Midd4VCServer] job received: 9fdac1ba-4fc0-47cd-8992-a481ed4c3667
[Midd4VCServer] Assigning job 9fdac1ba-4fc0-47cd-8992-a481ed4c3667 to vehicle veh21
[Midd4VCServer] job 9fdac1ba-4fc0-47cd-8992-a481ed4c3667 completed by vehicle veh21
[Midd4VCServer] Vehicle veh21 already registered.
[Midd4VCServer] Vehicle veh3 already registered.
[Midd4VCServer] Vehicle veh9 already registered.
[Midd4VCServer] Vehicle veh7 already registered.
[Midd4VCServer] job received: 66319f71-1dfa-4421-8e9a-e547dbf14562
[Midd4VCServer] Assigning job 66319f71-1dfa-4421-8e9a-e547dbf14562 to vehicle veh21
[Midd4VCServer] job 66319f71-1dfa-4421-8e9a-e547dbf14562 completed by vehicle veh21
[Midd4VCServer] Vehicle veh2 already registered.
[Midd4VCServer] Vehicle veh1 already registered.
[Midd4VCServer] Vehicle veh4 already registered.
[Midd4VCServer] job received: fc61b363-313a-4928-9f48-123df7796879
[Midd4VC] Job 220ec001-955a-41ff-9b4b-6cb70ccaa8ca timed out. Re-enqueueing.
[Midd4VC] Job e6329bf4-6d54-45e6-8893-0a6ae28c3b63 timed out. Re-enqueueing.
[Midd4VCServer] Assigning job e6329bf4-6d54-45e6-8893-0a6ae28c3b63 to vehicle veh34
[Midd4VCServer] Assigning job 220ec001-955a-41ff-9b4b-6cb70ccaa8ca to vehicle veh37
[Midd4VCServer] Assigning job fc61b363-313a-4928-9f48-123df7796879 to vehicle veh21
[Midd4VCServer] job fc61b363-313a-4928-9f48-123df7796879 completed by vehicle veh21
[Midd4VCServer] Vehicle veh25 already registered.
[Midd4VCServer] Vehicle veh5 already registered.
[Midd4VCServer] job received: 6d33ca6d-2e97-4ef8-85d5-a9fceada2764
[Midd4VCServer] Assigning job 6d33ca6d-2e97-4ef8-85d5-a9fceada2764 to vehicle veh15
[Midd4VCServer] job 6d33ca6d-2e97-4ef8-85d5-a9fceada2764 completed by vehicle veh15
[Midd4VCServer] Vehicle veh38 already registered.
[Midd4VCServer] job received: dbceabc2-20d2-47d1-b2ad-9261776c4d38
[Midd4VC] Job 52348b34-772b-42de-812a-c333247a81eb timed out. Re-enqueueing.
[Midd4VCServer] Assigning job 52348b34-772b-42de-812a-c333247a81eb to vehicle veh13
[Midd4VCServer] Assigning job dbceabc2-20d2-47d1-b2ad-9261776c4d38 to vehicle veh36
[Midd4VCServer] job received: 9c382d11-ee7f-44ff-8fb8-937ed9a14892
[Midd4VCServer] Assigning job 9c382d11-ee7f-44ff-8fb8-937ed9a14892 to vehicle veh38
[Midd4VCServer] job 9c382d11-ee7f-44ff-8fb8-937ed9a14892 completed by vehicle veh38
[Midd4VCServer] job received: 0f04b338-ce82-43b7-9009-1e1325be64c4
[Midd4VCServer] Assigning job 0f04b338-ce82-43b7-9009-1e1325be64c4 to vehicle veh19
[Midd4VCServer] job 0f04b338-ce82-43b7-9009-1e1325be64c4 completed by vehicle veh19
[Midd4VCServer] job received: 9b191af7-9dda-49a2-90e6-c0690a07131d
[Midd4VCServer] Assigning job 9b191af7-9dda-49a2-90e6-c0690a07131d to vehicle veh21
[Midd4VCServer] job 9b191af7-9dda-49a2-90e6-c0690a07131d completed by vehicle veh21
[Midd4VCServer] Vehicle veh19 already registered.
[Midd4VCServer] Vehicle veh18 already registered.
[Midd4VCServer] job received: 5f01f4e9-085c-4cb7-ac71-69ecd6457720
[Midd4VC] Job b6f08f47-be31-4716-ad99-def13328c7cb timed out. Re-enqueueing.
[Midd4VC] Job 50f79703-42de-4bd0-a5fe-6a964e4650db timed out. Re-enqueueing.
[Midd4VCServer] Assigning job 50f79703-42de-4bd0-a5fe-6a964e4650db to vehicle veh33
[Midd4VCServer] Assigning job b6f08f47-be31-4716-ad99-def13328c7cb to vehicle veh29
[Midd4VCServer] Assigning job 5f01f4e9-085c-4cb7-ac71-69ecd6457720 to vehicle veh24
[Midd4VCServer] job 50f79703-42de-4bd0-a5fe-6a964e4650db completed by vehicle veh33
[Midd4VCServer] Vehicle veh26 already registered.
[Midd4VCServer] job received: 47cb9782-eef9-4d18-92dd-8d560c95ee07
[Midd4VC] Job 41ea7ba2-873c-42f1-bd65-0b46bbc404dc timed out. Re-enqueueing.
[Midd4VCServer] Assigning job 41ea7ba2-873c-42f1-bd65-0b46bbc404dc to vehicle veh33
[Midd4VCServer] Assigning job 47cb9782-eef9-4d18-92dd-8d560c95ee07 to vehicle veh2
[Midd4VCServer] job 41ea7ba2-873c-42f1-bd65-0b46bbc404dc completed by vehicle veh33
[Midd4VCServer] job 47cb9782-eef9-4d18-92dd-8d560c95ee07 completed by vehicle veh2
[Midd4VCServer] Vehicle veh14 already registered.
[Midd4VCServer] Vehicle veh40 already registered.
[Midd4VCServer] Vehicle veh15 already registered.
[Midd4VCServer] job received: 852d42ec-bb8c-45ae-b587-258871f074e0
[Midd4VCServer] Assigning job 852d42ec-bb8c-45ae-b587-258871f074e0 to vehicle veh33
[Midd4VCServer] job 852d42ec-bb8c-45ae-b587-258871f074e0 completed by vehicle veh33
[Midd4VCServer] job received: a0aa1a75-7b2a-4e6c-98d8-d82e1264aa63
[Midd4VCServer] Assigning job a0aa1a75-7b2a-4e6c-98d8-d82e1264aa63 to vehicle veh33
[Midd4VCServer] job a0aa1a75-7b2a-4e6c-98d8-d82e1264aa63 completed by vehicle veh33
[Midd4VCServer] Vehicle veh25 already registered.
[Midd4VCServer] Vehicle veh28 already registered.
[Midd4VCServer] job received: e9e254c2-aa5c-461d-88e5-5bc249ff8bac
[Midd4VC] Job e0526861-41b2-405f-8e38-03f5d3c76a1e timed out. Re-enqueueing.
[Midd4VC] Job 9654ee45-1bdd-4b06-a1d0-12c3c4df8c95 timed out. Re-enqueueing.
[Midd4VC] Job 52168f8e-06d2-4cd2-af98-fe11c573aff9 timed out. Re-enqueueing.
[Midd4VCServer] Assigning job 52168f8e-06d2-4cd2-af98-fe11c573aff9 to vehicle veh26
[Midd4VCServer] Assigning job 9654ee45-1bdd-4b06-a1d0-12c3c4df8c95 to vehicle veh33
[Midd4VCServer] Assigning job e0526861-41b2-405f-8e38-03f5d3c76a1e to vehicle veh9
[Midd4VCServer] Assigning job e9e254c2-aa5c-461d-88e5-5bc249ff8bac to vehicle veh14
[Midd4VCServer] job 9654ee45-1bdd-4b06-a1d0-12c3c4df8c95 completed by vehicle veh33
[Midd4VCServer] job e0526861-41b2-405f-8e38-03f5d3c76a1e completed by vehicle veh9
[Midd4VCServer] job e9e254c2-aa5c-461d-88e5-5bc249ff8bac completed by vehicle veh14
[Midd4VCServer] Vehicle veh29 already registered.
[Midd4VCServer] job received: c70383bf-5d84-42c8-a8f2-e11491214329
[Midd4VCServer] Assigning job c70383bf-5d84-42c8-a8f2-e11491214329 to vehicle veh33
[Midd4VCServer] job c70383bf-5d84-42c8-a8f2-e11491214329 completed by vehicle veh33
[Midd4VCServer] job received: c4e9f6c7-a17e-4ea3-b3b6-2a477a6b63ea
[Midd4VCServer] Assigning job c4e9f6c7-a17e-4ea3-b3b6-2a477a6b63ea to vehicle veh9
[Midd4VCServer] job c4e9f6c7-a17e-4ea3-b3b6-2a477a6b63ea completed by vehicle veh9
[Midd4VCServer] Vehicle veh36 already registered.
[Midd4VCServer] Vehicle veh10 already registered.
[Midd4VCServer] job received: 99b62c2f-8952-413b-ab44-2b8ef7dcd248
[Midd4VC] Job 45195d62-9d43-4b42-8ba1-cfe6643bd15c timed out. Re-enqueueing.
[Midd4VC] Job 9b1b3500-57fe-4a31-945b-4473af5015dc timed out. Re-enqueueing.
[Midd4VC] Job 314ef100-1984-4cfd-b2c6-d59c3c73bcca timed out. Re-enqueueing.
[Midd4VC] Job 3a1defa9-876b-4414-998f-94ce609ba962 timed out. Re-enqueueing.
[Midd4VCServer] Assigning job 3a1defa9-876b-4414-998f-94ce609ba962 to vehicle veh30
[Midd4VCServer] Assigning job 314ef100-1984-4cfd-b2c6-d59c3c73bcca to vehicle veh40
[Midd4VCServer] Assigning job 9b1b3500-57fe-4a31-945b-4473af5015dc to vehicle veh33
[Midd4VCServer] Assigning job 45195d62-9d43-4b42-8ba1-cfe6643bd15c to vehicle veh9
[Midd4VCServer] Assigning job 99b62c2f-8952-413b-ab44-2b8ef7dcd248 to vehicle veh27
[Midd4VCServer] job 45195d62-9d43-4b42-8ba1-cfe6643bd15c completed by vehicle veh9
[Midd4VCServer] job 9b1b3500-57fe-4a31-945b-4473af5015dc completed by vehicle veh33
[Midd4VCServer] Vehicle veh17 already registered.
[Midd4VCServer] job received: 28f1ebaf-c74c-4e4b-bc5e-5d24756eae36
[Midd4VCServer] Assigning job 28f1ebaf-c74c-4e4b-bc5e-5d24756eae36 to vehicle veh33
[Midd4VCServer] job received: 4faf8350-5717-4bc6-894d-b5965419376a
[Midd4VCServer] Assigning job 4faf8350-5717-4bc6-894d-b5965419376a to vehicle veh2
[Midd4VCServer] job received: d31f0f62-781c-4dd8-90da-913db03d14e3
[Midd4VCServer] Assigning job d31f0f62-781c-4dd8-90da-913db03d14e3 to vehicle veh9
[Midd4VCServer] job d31f0f62-781c-4dd8-90da-913db03d14e3 completed by vehicle veh9
[Midd4VCServer] job received: dc1f6e29-0135-4b1d-a4b4-2f4c965c81f6
[Midd4VC] Job 6a706a2a-eaf4-47cc-8258-7f2d4811d1ba timed out. Re-enqueueing.
[Midd4VCServer] Assigning job 6a706a2a-eaf4-47cc-8258-7f2d4811d1ba to vehicle veh11
[Midd4VCServer] Assigning job dc1f6e29-0135-4b1d-a4b4-2f4c965c81f6 to vehicle veh14
[Midd4VCServer] job dc1f6e29-0135-4b1d-a4b4-2f4c965c81f6 completed by vehicle veh14
[Midd4VCServer] Vehicle veh27 already registered.
[Midd4VCServer] Vehicle veh37 already registered.
[Midd4VCServer] Vehicle veh28 already registered.
[Midd4VCServer] Vehicle veh38 already registered.
[Midd4VCServer] Vehicle veh16 already registered.
[Midd4VCServer] job received: 7f4e232e-84b2-4071-8317-581d15c3c6f4
[Midd4VC] Job 9c544ff4-65a0-426a-b1d5-f092a1136f57 timed out. Re-enqueueing.
[Midd4VCServer] Assigning job 9c544ff4-65a0-426a-b1d5-f092a1136f57 to vehicle veh35
[Midd4VCServer] Assigning job 7f4e232e-84b2-4071-8317-581d15c3c6f4 to vehicle veh9
[Midd4VCServer] job 7f4e232e-84b2-4071-8317-581d15c3c6f4 completed by vehicle veh9
[Midd4VCServer] job received: 0052179f-6a82-466f-a881-6de460f816cb
[Midd4VCServer] Assigning job 0052179f-6a82-466f-a881-6de460f816cb to vehicle veh14
[Midd4VCServer] job 0052179f-6a82-466f-a881-6de460f816cb completed by vehicle veh14
[Midd4VCServer] Vehicle veh32 already registered.
[Midd4VCServer] job received: 47a85103-1186-4e73-80c8-00dd680dba81
[Midd4VCServer] Assigning job 47a85103-1186-4e73-80c8-00dd680dba81 to vehicle veh32
[Midd4VCServer] job 47a85103-1186-4e73-80c8-00dd680dba81 completed by vehicle veh32
[Midd4VCServer] Vehicle veh6 already registered.
[Midd4VCServer] Vehicle veh23 already registered.
[Midd4VCServer] Vehicle veh5 already registered.
[Midd4VCServer] job received: bb221e39-1c42-47ec-babb-cc2948308017
[Midd4VC] Job 916dffd2-0c08-4776-9fba-3f36664159a1 timed out. Re-enqueueing.
[Midd4VCServer] Assigning job 916dffd2-0c08-4776-9fba-3f36664159a1 to vehicle veh23
[Midd4VCServer] Assigning job bb221e39-1c42-47ec-babb-cc2948308017 to vehicle veh9
[Midd4VCServer] job 916dffd2-0c08-4776-9fba-3f36664159a1 completed by vehicle veh23
[Midd4VCServer] Vehicle veh18 already registered.
[Midd4VCServer] job received: caf94f04-0d5a-4d4e-a345-4b65f931046a
[Midd4VCServer] Assigning job caf94f04-0d5a-4d4e-a345-4b65f931046a to vehicle veh23
[Midd4VCServer] job caf94f04-0d5a-4d4e-a345-4b65f931046a completed by vehicle veh23
[Midd4VCServer] Vehicle veh19 already registered.
[Midd4VCServer] job received: 770f80c2-ea8b-47d4-9c84-791358920ad8
[Midd4VCServer] Assigning job 770f80c2-ea8b-47d4-9c84-791358920ad8 to vehicle veh23
[Midd4VCServer] job 770f80c2-ea8b-47d4-9c84-791358920ad8 completed by vehicle veh23
[Midd4VCServer] job received: 42ef862d-eb75-44b5-a908-1d40b24bb790
[Midd4VCServer] Assigning job 42ef862d-eb75-44b5-a908-1d40b24bb790 to vehicle veh23
[Midd4VCServer] job 42ef862d-eb75-44b5-a908-1d40b24bb790 completed by vehicle veh23
[Midd4VCServer] Vehicle veh40 already registered.
[Midd4VCServer] job received: fe3bd8f5-9286-4776-90fa-fec16a10b41a
[Midd4VCServer] Assigning job fe3bd8f5-9286-4776-90fa-fec16a10b41a to vehicle veh14
[Midd4VCServer] job fe3bd8f5-9286-4776-90fa-fec16a10b41a completed by vehicle veh14
[Midd4VCServer] Vehicle veh15 already registered.
[Midd4VCServer] job received: b0df9710-d508-401f-835c-6629539bcac6
[Midd4VCServer] Assigning job b0df9710-d508-401f-835c-6629539bcac6 to vehicle veh23
[Midd4VCServer] job b0df9710-d508-401f-835c-6629539bcac6 completed by vehicle veh23
[Midd4VCServer] Vehicle veh16 already registered.
[Midd4VCServer] Vehicle veh12 already registered.
[Midd4VCServer] Vehicle veh31 already registered.
[Midd4VCServer] Vehicle veh3 already registered.
[Midd4VCServer] job received: 1b5090ad-5670-4523-b983-e2cdac8ce4e2
[Midd4VCServer] Assigning job 1b5090ad-5670-4523-b983-e2cdac8ce4e2 to vehicle veh1
[Midd4VCServer] job 1b5090ad-5670-4523-b983-e2cdac8ce4e2 completed by vehicle veh1
[Midd4VCServer] Vehicle veh17 already registered.
[Midd4VCServer] Vehicle veh34 already registered.
[Midd4VCServer] Vehicle veh39 already registered.
[Midd4VCServer] job received: 6c6140fa-f8a5-4bfc-8dca-e39426f00ee3
[Midd4VC] Job 607a27d5-56ef-4ca0-b4d1-884900d4e888 timed out. Re-enqueueing.
[Midd4VC] Job bae22b94-e848-449c-8729-5c8de40c65bc timed out. Re-enqueueing.
[Midd4VCServer] Assigning job bae22b94-e848-449c-8729-5c8de40c65bc to vehicle veh20
[Midd4VCServer] Assigning job 607a27d5-56ef-4ca0-b4d1-884900d4e888 to vehicle veh6
[Midd4VCServer] Assigning job 6c6140fa-f8a5-4bfc-8dca-e39426f00ee3 to vehicle veh18
[Midd4VCServer] job 607a27d5-56ef-4ca0-b4d1-884900d4e888 completed by vehicle veh6
[Midd4VCServer] job 6c6140fa-f8a5-4bfc-8dca-e39426f00ee3 completed by vehicle veh18
[Midd4VCServer] job received: 55beb40a-6aad-48c1-92db-9dc7a29ed311
[Midd4VCServer] Assigning job 55beb40a-6aad-48c1-92db-9dc7a29ed311 to vehicle veh6
[Midd4VCServer] job 55beb40a-6aad-48c1-92db-9dc7a29ed311 completed by vehicle veh6
[Midd4VCServer] job received: 4466e654-d557-47eb-9b16-cb4d8930094d
[Midd4VCServer] Assigning job 4466e654-d557-47eb-9b16-cb4d8930094d to vehicle veh16
[Midd4VCServer] job 4466e654-d557-47eb-9b16-cb4d8930094d completed by vehicle veh16
[Midd4VCServer] job received: 81553eff-5373-49c7-9b86-eba80701e279
[Midd4VCServer] Assigning job 81553eff-5373-49c7-9b86-eba80701e279 to vehicle veh8
[Midd4VCServer] Vehicle veh35 already registered.
[Midd4VCServer] Vehicle veh29 already registered.
[Midd4VCServer] job received: 9dd37148-510e-4aa2-addd-6f271b3f407b
[Midd4VC] Job 5af7960a-0d63-461d-9afb-c56b3045b5fd timed out. Re-enqueueing.
[Midd4VCServer] Assigning job 5af7960a-0d63-461d-9afb-c56b3045b5fd to vehicle veh5
[Midd4VCServer] Assigning job 9dd37148-510e-4aa2-addd-6f271b3f407b to vehicle veh4
[Midd4VCServer] job 5af7960a-0d63-461d-9afb-c56b3045b5fd completed by vehicle veh5
[Midd4VCServer] Vehicle veh30 already registered.
[Midd4VCServer] Vehicle veh5 already registered.
[Midd4VCServer] Vehicle veh15 already registered.
[Midd4VCServer] Vehicle veh22 already registered.
[Midd4VCServer] Vehicle veh26 already registered.
[Midd4VCServer] job received: d83e0160-841f-4c2e-a903-32bf11d6c415
[Midd4VC] Job 16c782ec-6cff-4141-bc74-4fbd5e3ba30c timed out. Re-enqueueing.
[Midd4VC] Job c07d1388-640a-4d3b-9836-82528f5a6238 timed out. Re-enqueueing.
[Midd4VC] Job 17764be6-1048-469f-b665-d6543769d938 timed out. Re-enqueueing.
[Midd4VCServer] Assigning job 17764be6-1048-469f-b665-d6543769d938 to vehicle veh31
[Midd4VCServer] Assigning job c07d1388-640a-4d3b-9836-82528f5a6238 to vehicle veh28
[Midd4VCServer] Assigning job 16c782ec-6cff-4141-bc74-4fbd5e3ba30c to vehicle veh12
[Midd4VCServer] Assigning job d83e0160-841f-4c2e-a903-32bf11d6c415 to vehicle veh5
[Midd4VCServer] job c07d1388-640a-4d3b-9836-82528f5a6238 completed by vehicle veh28
[Midd4VCServer] job 16c782ec-6cff-4141-bc74-4fbd5e3ba30c completed by vehicle veh12
[Midd4VCServer] job 17764be6-1048-469f-b665-d6543769d938 completed by vehicle veh31
[Midd4VCServer] job received: 7901b773-16e0-49d0-a567-8a1f8fd56a00
[Midd4VCServer] Assigning job 7901b773-16e0-49d0-a567-8a1f8fd56a00 to vehicle veh31
[Midd4VCServer] job 7901b773-16e0-49d0-a567-8a1f8fd56a00 completed by vehicle veh31
[Midd4VCServer] Vehicle veh4 already registered.
[Midd4VCServer] job received: 0fdacc23-044f-4ac9-86e0-7b32a2b0f9f9
[Midd4VC] Job d85db129-a494-4cab-b9c7-4b90123c6933 timed out. Re-enqueueing.
[Midd4VCServer] Assigning job d85db129-a494-4cab-b9c7-4b90123c6933 to vehicle veh28
[Midd4VCServer] Assigning job 0fdacc23-044f-4ac9-86e0-7b32a2b0f9f9 to vehicle veh17
[Midd4VCServer] job d85db129-a494-4cab-b9c7-4b90123c6933 completed by vehicle veh28
[Midd4VCServer] Vehicle veh20 already registered.
[Midd4VCServer] job received: 6afeb62b-e5c1-47f2-a034-eb081b7e9db4
[Midd4VC] Job 663970de-cbb7-4b42-a1bd-eb7b88ded8cb timed out. Re-enqueueing.
[Midd4VC] Job 50c46383-1aa8-4743-8b48-39a5531123ef timed out. Re-enqueueing.
[Midd4VC] Job 6257cb7d-634c-4f50-843a-1020f96aad1c timed out. Re-enqueueing.
[Midd4VC] Job d9d5e0f2-38c0-4051-8f87-0ff0f0a06d09 timed out. Re-enqueueing.
[Midd4VCServer] Assigning job d9d5e0f2-38c0-4051-8f87-0ff0f0a06d09 to vehicle veh7
[Midd4VCServer] Assigning job 6257cb7d-634c-4f50-843a-1020f96aad1c to vehicle veh39
[Midd4VCServer] Assigning job 50c46383-1aa8-4743-8b48-39a5531123ef to vehicle veh25
[Midd4VCServer] Assigning job 663970de-cbb7-4b42-a1bd-eb7b88ded8cb to vehicle veh22
[Midd4VCServer] Assigning job 6afeb62b-e5c1-47f2-a034-eb081b7e9db4 to vehicle veh31
[Midd4VCServer] job 6afeb62b-e5c1-47f2-a034-eb081b7e9db4 completed by vehicle veh31
[Midd4VCServer] job 6257cb7d-634c-4f50-843a-1020f96aad1c completed by vehicle veh39
[Midd4VCServer] job 50c46383-1aa8-4743-8b48-39a5531123ef completed by vehicle veh25
[Midd4VCServer] job 663970de-cbb7-4b42-a1bd-eb7b88ded8cb completed by vehicle veh22
[Midd4VCServer] Vehicle veh32 already registered.
[Midd4VCServer] job received: eae722be-762b-4d53-949d-7d62ab07f9ef
[Midd4VCServer] Assigning job eae722be-762b-4d53-949d-7d62ab07f9ef to vehicle veh39
[Midd4VCServer] job eae722be-762b-4d53-949d-7d62ab07f9ef completed by vehicle veh39
[Midd4VCServer] job received: 70baa3fd-52f5-45de-a2f0-4a4b60525077
[Midd4VCServer] Assigning job 70baa3fd-52f5-45de-a2f0-4a4b60525077 to vehicle veh39
[Midd4VCServer] job received: b082edf6-62ad-4fb4-b3db-3ee511035442
[Midd4VCServer] Assigning job b082edf6-62ad-4fb4-b3db-3ee511035442 to vehicle veh25
[Midd4VCServer] job b082edf6-62ad-4fb4-b3db-3ee511035442 completed by vehicle veh25
[Midd4VCServer] Vehicle veh11 already registered.
[Midd4VCServer] job received: d3429c1e-087d-48ad-9bde-126f8a459fb6
[Midd4VCServer] Assigning job d3429c1e-087d-48ad-9bde-126f8a459fb6 to vehicle veh22
[Midd4VCServer] job d3429c1e-087d-48ad-9bde-126f8a459fb6 completed by vehicle veh22
[Midd4VCServer] job received: 4e181edf-cab3-4ba9-a906-ceb7fc63e1ff
[Midd4VC] Job e6329bf4-6d54-45e6-8893-0a6ae28c3b63 timed out. Re-enqueueing.
[Midd4VC] Job 220ec001-955a-41ff-9b4b-6cb70ccaa8ca timed out. Re-enqueueing.
[Midd4VCServer] Assigning job 220ec001-955a-41ff-9b4b-6cb70ccaa8ca to vehicle veh34
[Midd4VCServer] Assigning job e6329bf4-6d54-45e6-8893-0a6ae28c3b63 to vehicle veh37
[Midd4VCServer] Assigning job 4e181edf-cab3-4ba9-a906-ceb7fc63e1ff to vehicle veh25
[Midd4VCServer] job 220ec001-955a-41ff-9b4b-6cb70ccaa8ca completed by vehicle veh34
[Midd4VCServer] job 4e181edf-cab3-4ba9-a906-ceb7fc63e1ff completed by vehicle veh25
[Midd4VCServer] job received: 62984445-580c-49ad-93ea-cb7a77c25860
[Midd4VCServer] Assigning job 62984445-580c-49ad-93ea-cb7a77c25860 to vehicle veh34
[Midd4VCServer] job 62984445-580c-49ad-93ea-cb7a77c25860 completed by vehicle veh34
[Midd4VCServer] Vehicle veh21 already registered.
[Midd4VCServer] Vehicle veh4 already registered.
[Midd4VCServer] Vehicle veh13 already registered.
[Midd4VCServer] job received: be04891e-03e7-42e6-bf18-bd18ece3a774
[Midd4VCServer] Assigning job be04891e-03e7-42e6-bf18-bd18ece3a774 to vehicle veh22
[Midd4VCServer] job be04891e-03e7-42e6-bf18-bd18ece3a774 completed by vehicle veh22
[Midd4VCServer] Vehicle veh36 already registered.
[Midd4VCServer] Vehicle veh3 already registered.
[Midd4VCServer] Vehicle veh15 already registered.
[Midd4VCServer] job received: 37f6f8b2-e03d-48d6-9940-e08200af760f
[Midd4VC] Job 52348b34-772b-42de-812a-c333247a81eb timed out. Re-enqueueing.
[Midd4VC] Job dbceabc2-20d2-47d1-b2ad-9261776c4d38 timed out. Re-enqueueing.
[Midd4VCServer] Assigning job dbceabc2-20d2-47d1-b2ad-9261776c4d38 to vehicle veh13
[Midd4VCServer] Assigning job 52348b34-772b-42de-812a-c333247a81eb to vehicle veh34
[Midd4VCServer] Assigning job 37f6f8b2-e03d-48d6-9940-e08200af760f to vehicle veh25
[Midd4VCServer] job 52348b34-772b-42de-812a-c333247a81eb completed by vehicle veh34
[Midd4VCServer] job 37f6f8b2-e03d-48d6-9940-e08200af760f completed by vehicle veh25
[Midd4VCServer] job received: 585e7ab1-0c0b-4505-8fb7-7bc233c1cad8
[Midd4VC] Job b6f08f47-be31-4716-ad99-def13328c7cb timed out. Re-enqueueing.
[Midd4VC] Job 5f01f4e9-085c-4cb7-ac71-69ecd6457720 timed out. Re-enqueueing.
[Midd4VCServer] Assigning job 5f01f4e9-085c-4cb7-ac71-69ecd6457720 to vehicle veh29
[Midd4VCServer] Assigning job b6f08f47-be31-4716-ad99-def13328c7cb to vehicle veh22
[Midd4VCServer] Assigning job 585e7ab1-0c0b-4505-8fb7-7bc233c1cad8 to vehicle veh28
[Midd4VCServer] job 585e7ab1-0c0b-4505-8fb7-7bc233c1cad8 completed by vehicle veh28
[Midd4VCServer] job b6f08f47-be31-4716-ad99-def13328c7cb completed by vehicle veh22
[Midd4VCServer] Vehicle veh2 already registered.
[Midd4VCServer] Vehicle veh13 already registered.
[Midd4VCServer] Vehicle veh31 already registered.
[Midd4VCServer] job received: ce779209-73b9-45ce-8f6e-662102cc7bbf
[Midd4VCServer] Assigning job ce779209-73b9-45ce-8f6e-662102cc7bbf to vehicle veh34
[Midd4VCServer] job ce779209-73b9-45ce-8f6e-662102cc7bbf completed by vehicle veh34
[Midd4VCServer] Vehicle veh10 already registered.
[Midd4VCServer] Vehicle veh35 already registered.
[Midd4VCServer] job received: 14b61bc0-b3e1-4d1d-80cd-0d27a68276c1
[Midd4VCServer] Assigning job 14b61bc0-b3e1-4d1d-80cd-0d27a68276c1 to vehicle veh31
[Midd4VCServer] Vehicle veh8 already registered.
[Midd4VCServer] job received: 0cb869e5-ba18-44c2-b5b7-28452ca2bbc0
[Midd4VCServer] Assigning job 0cb869e5-ba18-44c2-b5b7-28452ca2bbc0 to vehicle veh25
[Midd4VCServer] Vehicle veh16 already registered.
[Midd4VCServer] job received: 22373064-d648-41a2-a7bc-186fb16c38b5
[Midd4VCServer] Assigning job 22373064-d648-41a2-a7bc-186fb16c38b5 to vehicle veh22
[Midd4VCServer] Vehicle veh31 already registered.
[Midd4VCServer] job received: 851c4747-f55a-4ff5-b84b-8b0ff4174a4b
[Midd4VC] Job 52168f8e-06d2-4cd2-af98-fe11c573aff9 timed out. Re-enqueueing.
[Midd4VCServer] Assigning job 52168f8e-06d2-4cd2-af98-fe11c573aff9 to vehicle veh26
[Midd4VCServer] Assigning job 851c4747-f55a-4ff5-b84b-8b0ff4174a4b to vehicle veh28
[Midd4VCServer] job 52168f8e-06d2-4cd2-af98-fe11c573aff9 completed by vehicle veh26
[Midd4VCServer] Vehicle veh18 already registered.
[Midd4VCServer] job received: 8cb6e239-f7bd-47c6-811a-77a1841a742a
[Midd4VCServer] Assigning job 8cb6e239-f7bd-47c6-811a-77a1841a742a to vehicle veh26
[Midd4VCServer] job 8cb6e239-f7bd-47c6-811a-77a1841a742a completed by vehicle veh26
[Midd4VCServer] job received: 320a8028-f6c8-499b-9633-80a670f480a5
[Midd4VCServer] Assigning job 320a8028-f6c8-499b-9633-80a670f480a5 to vehicle veh26
[Midd4VCServer] job 320a8028-f6c8-499b-9633-80a670f480a5 completed by vehicle veh26
[Midd4VCServer] Vehicle veh14 already registered.
[Midd4VCServer] job received: 25a16100-9efc-4b82-a958-857924892735
[Midd4VCServer] Assigning job 25a16100-9efc-4b82-a958-857924892735 to vehicle veh26
[Midd4VCServer] job 25a16100-9efc-4b82-a958-857924892735 completed by vehicle veh26
[Midd4VCServer] job received: 40e4b8c6-40fa-4099-b527-cfb24b7d82f0
[Midd4VCServer] Assigning job 40e4b8c6-40fa-4099-b527-cfb24b7d82f0 to vehicle veh26
[Midd4VCServer] job 40e4b8c6-40fa-4099-b527-cfb24b7d82f0 completed by vehicle veh26
[Midd4VCServer] job received: 0519dbe3-978d-45b1-8a04-c9c0cf3ba15a
[Midd4VC] Job 3a1defa9-876b-4414-998f-94ce609ba962 timed out. Re-enqueueing.
[Midd4VC] Job 314ef100-1984-4cfd-b2c6-d59c3c73bcca timed out. Re-enqueueing.
[Midd4VC] Job 99b62c2f-8952-413b-ab44-2b8ef7dcd248 timed out. Re-enqueueing.
[Midd4VC] Job 28f1ebaf-c74c-4e4b-bc5e-5d24756eae36 timed out. Re-enqueueing.
[Midd4VC] Job 4faf8350-5717-4bc6-894d-b5965419376a timed out. Re-enqueueing.
[Midd4VCServer] Assigning job 4faf8350-5717-4bc6-894d-b5965419376a to vehicle veh30
[Midd4VCServer] Assigning job 28f1ebaf-c74c-4e4b-bc5e-5d24756eae36 to vehicle veh40
[Midd4VCServer] Assigning job 99b62c2f-8952-413b-ab44-2b8ef7dcd248 to vehicle veh26
[Midd4VCServer] Assigning job 314ef100-1984-4cfd-b2c6-d59c3c73bcca to vehicle veh33
[Midd4VCServer] Assigning job 3a1defa9-876b-4414-998f-94ce609ba962 to vehicle veh27
[Midd4VCServer] Assigning job 0519dbe3-978d-45b1-8a04-c9c0cf3ba15a to vehicle veh2
[Midd4VCServer] job 99b62c2f-8952-413b-ab44-2b8ef7dcd248 completed by vehicle veh26
[Midd4VCServer] job 314ef100-1984-4cfd-b2c6-d59c3c73bcca completed by vehicle veh33
[Midd4VCServer] Vehicle veh33 already registered.
[Midd4VCServer] Vehicle veh24 already registered.
[Midd4VCServer] job received: 892153ed-6f60-40fb-adf3-6d38c8d57c13
[Midd4VC] Job 6a706a2a-eaf4-47cc-8258-7f2d4811d1ba timed out. Re-enqueueing.
[Midd4VCServer] Assigning job 6a706a2a-eaf4-47cc-8258-7f2d4811d1ba to vehicle veh11
[Midd4VCServer] Assigning job 892153ed-6f60-40fb-adf3-6d38c8d57c13 to vehicle veh26
[Midd4VCServer] job received: e8518a99-10f9-4bae-b4aa-0aa4fe17595b
[Midd4VC] Job 9c544ff4-65a0-426a-b1d5-f092a1136f57 timed out. Re-enqueueing.
[Midd4VCServer] Assigning job 9c544ff4-65a0-426a-b1d5-f092a1136f57 to vehicle veh35
[Midd4VCServer] Assigning job e8518a99-10f9-4bae-b4aa-0aa4fe17595b to vehicle veh33
[Midd4VCServer] job 9c544ff4-65a0-426a-b1d5-f092a1136f57 completed by vehicle veh35
[Midd4VCServer] job e8518a99-10f9-4bae-b4aa-0aa4fe17595b completed by vehicle veh33
[Midd4VCServer] Vehicle veh9 already registered.
[Midd4VCServer] Vehicle veh6 already registered.
[Midd4VCServer] Vehicle veh10 already registered.
[Midd4VCServer] Vehicle veh40 already registered.
[Midd4VCServer] Vehicle veh30 already registered.
[Midd4VCServer] job received: b8ed37c4-6ed5-4c11-b601-040ce16711e6
[Midd4VCServer] Assigning job b8ed37c4-6ed5-4c11-b601-040ce16711e6 to vehicle veh35
[Midd4VCServer] job b8ed37c4-6ed5-4c11-b601-040ce16711e6 completed by vehicle veh35
[Midd4VCServer] job received: f695c432-d9be-422d-bfa3-d20d39658024
[Midd4VCServer] Assigning job f695c432-d9be-422d-bfa3-d20d39658024 to vehicle veh35
[Midd4VCServer] job f695c432-d9be-422d-bfa3-d20d39658024 completed by vehicle veh35
[Midd4VCServer] job received: a19fc5e9-c493-4a34-a5c2-d8155e8de329
[Midd4VCServer] Assigning job a19fc5e9-c493-4a34-a5c2-d8155e8de329 to vehicle veh34
[Midd4VCServer] Vehicle veh1 already registered.
[Midd4VCServer] Vehicle veh21 already registered.
[Midd4VCServer] job received: 1d5bd568-33ff-48dd-95d9-f07a7db3691c
[Midd4VC] Job bb221e39-1c42-47ec-babb-cc2948308017 timed out. Re-enqueueing.
[Midd4VCServer] Assigning job bb221e39-1c42-47ec-babb-cc2948308017 to vehicle veh35
[Midd4VCServer] Assigning job 1d5bd568-33ff-48dd-95d9-f07a7db3691c to vehicle veh33
[Midd4VCServer] job bb221e39-1c42-47ec-babb-cc2948308017 completed by vehicle veh35
[Midd4VCServer] job received: 4162facb-0ee8-4956-a721-cb57c8911491
[Midd4VCServer] Assigning job 4162facb-0ee8-4956-a721-cb57c8911491 to vehicle veh36
[Midd4VCServer] Vehicle veh15 already registered.
[Midd4VCServer] job received: 445b228f-b172-4560-9f8f-41f1c09030f4
[Midd4VCServer] Assigning job 445b228f-b172-4560-9f8f-41f1c09030f4 to vehicle veh9
[Midd4VCServer] job 445b228f-b172-4560-9f8f-41f1c09030f4 completed by vehicle veh9
[Midd4VCServer] Vehicle veh22 already registered.
[Midd4VCServer] Vehicle veh29 already registered.
[Midd4VCServer] job received: fc50d31f-f464-40f7-9052-bfb856a78cb3
[Midd4VCServer] Assigning job fc50d31f-f464-40f7-9052-bfb856a78cb3 to vehicle veh35
[Midd4VCServer] job fc50d31f-f464-40f7-9052-bfb856a78cb3 completed by vehicle veh35
[Midd4VCServer] Vehicle veh7 already registered.
[Midd4VCServer] Vehicle veh38 already registered.
[Midd4VCServer] job received: f29d5356-1c9e-4828-b776-56323cb12db4
[Midd4VCServer] Assigning job f29d5356-1c9e-4828-b776-56323cb12db4 to vehicle veh24
[Midd4VCServer] Vehicle veh27 already registered.
[Midd4VCServer] Vehicle veh36 already registered.
[Midd4VCServer] Vehicle veh5 already registered.
[Midd4VCServer] Vehicle veh6 already registered.
[Midd4VCServer] Vehicle veh25 already registered.
[Midd4VCServer] job received: 62618a5f-4b01-4ab8-9543-a61ab3f155d2
[Midd4VC] Job bae22b94-e848-449c-8729-5c8de40c65bc timed out. Re-enqueueing.
[Midd4VC] Job 81553eff-5373-49c7-9b86-eba80701e279 timed out. Re-enqueueing.
[Midd4VCServer] Assigning job 81553eff-5373-49c7-9b86-eba80701e279 to vehicle veh20
[Midd4VCServer] Assigning job bae22b94-e848-449c-8729-5c8de40c65bc to vehicle veh8
[Midd4VCServer] Assigning job 62618a5f-4b01-4ab8-9543-a61ab3f155d2 to vehicle veh12
[Midd4VCServer] job received: 3f73baf0-7797-45c2-bd28-aac2ba002c55
[Midd4VCServer] Assigning job 3f73baf0-7797-45c2-bd28-aac2ba002c55 to vehicle veh10
[Midd4VCServer] Vehicle veh22 already registered.
[Midd4VCServer] job received: 2e301a42-51d6-4acb-8c4c-a46d30875579
[Midd4VC] Job 9dd37148-510e-4aa2-addd-6f271b3f407b timed out. Re-enqueueing.
[Midd4VCServer] Assigning job 9dd37148-510e-4aa2-addd-6f271b3f407b to vehicle veh4
[Midd4VCServer] Assigning job 2e301a42-51d6-4acb-8c4c-a46d30875579 to vehicle veh32
[Midd4VCServer] job received: e64a8f25-2d0f-4d7f-8d10-fb9af895de04
[Midd4VCServer] Assigning job e64a8f25-2d0f-4d7f-8d10-fb9af895de04 to vehicle veh3
[Midd4VCServer] job received: d102d056-a0ad-40d8-aaae-8fb79db34ef3
[Midd4VCServer] Assigning job d102d056-a0ad-40d8-aaae-8fb79db34ef3 to vehicle veh15
[Midd4VCServer] job d102d056-a0ad-40d8-aaae-8fb79db34ef3 completed by vehicle veh15
[Midd4VCServer] job received: f45811ea-0bbc-4d80-a698-b27e678a7ca2
[Midd4VCServer] Assigning job f45811ea-0bbc-4d80-a698-b27e678a7ca2 to vehicle veh9
[Midd4VCServer] Vehicle veh10 already registered.
[Midd4VCServer] job received: 8fd94291-b81f-4a1d-9904-b6bd6d96536f
[Midd4VCServer] Assigning job 8fd94291-b81f-4a1d-9904-b6bd6d96536f to vehicle veh35
[Midd4VCServer] job received: 1c2659cf-d3c4-46a4-9603-1d296109efb4
[Midd4VC] Job d83e0160-841f-4c2e-a903-32bf11d6c415 timed out. Re-enqueueing.
[Midd4VCServer] Assigning job d83e0160-841f-4c2e-a903-32bf11d6c415 to vehicle veh5
[Midd4VCServer] Assigning job 1c2659cf-d3c4-46a4-9603-1d296109efb4 to vehicle veh38
[Midd4VCServer] job 1c2659cf-d3c4-46a4-9603-1d296109efb4 completed by vehicle veh38
[Midd4VCServer] job received: b4a88fea-acca-42da-8546-08393b19e4eb
[Midd4VCServer] Assigning job b4a88fea-acca-42da-8546-08393b19e4eb to vehicle veh14
[Midd4VCServer] Vehicle veh29 already registered.
[Midd4VCServer] Vehicle veh9 already registered.
[Midd4VCServer] Vehicle veh3 already registered.
[Midd4VCServer] job received: 12b57f09-2c45-4038-895d-9e4c2358246d
[Midd4VC] Job 0fdacc23-044f-4ac9-86e0-7b32a2b0f9f9 timed out. Re-enqueueing.
[Midd4VCServer] Assigning job 0fdacc23-044f-4ac9-86e0-7b32a2b0f9f9 to vehicle veh17
[Midd4VCServer] Assigning job 12b57f09-2c45-4038-895d-9e4c2358246d to vehicle veh19
[Midd4VCServer] Vehicle veh8 already registered.
[Midd4VCServer] Vehicle veh16 already registered.
[Midd4VCServer] Vehicle veh36 already registered.
[Midd4VCServer] job received: 3ac97fc6-a894-402b-8e35-0003eae2c6d6
[Midd4VC] Job d9d5e0f2-38c0-4051-8f87-0ff0f0a06d09 timed out. Re-enqueueing.
[Midd4VC] Job 70baa3fd-52f5-45de-a2f0-4a4b60525077 timed out. Re-enqueueing.
[Midd4VCServer] Assigning job 70baa3fd-52f5-45de-a2f0-4a4b60525077 to vehicle veh7
[Midd4VCServer] Assigning job d9d5e0f2-38c0-4051-8f87-0ff0f0a06d09 to vehicle veh39
[Midd4VCServer] Assigning job 3ac97fc6-a894-402b-8e35-0003eae2c6d6 to vehicle veh23
[Midd4VCServer] job received: c7a2a896-41e6-4209-95ca-99f940a21d98
[Midd4VCServer] Assigning job c7a2a896-41e6-4209-95ca-99f940a21d98 to vehicle veh21
[Midd4VCServer] job received: 9e5df786-f60d-4b94-a811-b0fe1e46e6dd
[Midd4VCServer] Assigning job 9e5df786-f60d-4b94-a811-b0fe1e46e6dd to vehicle veh1
[Midd4VCServer] Vehicle veh31 already registered.
[Midd4VCServer] Vehicle veh32 already registered.
[Midd4VCServer] Vehicle veh19 already registered.
[Midd4VCServer] Vehicle veh24 already registered.
[Midd4VCServer] job received: 2102da73-08cb-4bf9-86ed-12d9bab7582a
[Midd4VCServer] Assigning job 2102da73-08cb-4bf9-86ed-12d9bab7582a to vehicle veh18
[Midd4VCServer] job received: 23f9032d-42bb-411b-a16e-c68c06b1e155
[Midd4VC] Job e6329bf4-6d54-45e6-8893-0a6ae28c3b63 timed out. Re-enqueueing.
[Midd4VCServer] Assigning job e6329bf4-6d54-45e6-8893-0a6ae28c3b63 to vehicle veh37
[Midd4VCServer] Assigning job 23f9032d-42bb-411b-a16e-c68c06b1e155 to vehicle veh6
[Midd4VCServer] job e6329bf4-6d54-45e6-8893-0a6ae28c3b63 completed by vehicle veh37
[Midd4VCServer] job received: e06dc3ec-dfe3-4303-ad25-c820239ac9cd
[Midd4VCServer] Assigning job e06dc3ec-dfe3-4303-ad25-c820239ac9cd to vehicle veh37
[Midd4VCServer] job e06dc3ec-dfe3-4303-ad25-c820239ac9cd completed by vehicle veh37
[Midd4VCServer] Vehicle veh23 already registered.
[Midd4VCServer] Vehicle veh12 already registered.
[Midd4VCServer] job received: 7393ddc4-51c8-4b52-ad71-96e6b36fa126
[Midd4VCServer] Assigning job 7393ddc4-51c8-4b52-ad71-96e6b36fa126 to vehicle veh37
[Midd4VCServer] job 7393ddc4-51c8-4b52-ad71-96e6b36fa126 completed by vehicle veh37
[Midd4VCServer] job received: 8acad992-e2c7-4558-a582-11390cff1daa
[Midd4VCServer] Assigning job 8acad992-e2c7-4558-a582-11390cff1daa to vehicle veh37
[Midd4VCServer] job 8acad992-e2c7-4558-a582-11390cff1daa completed by vehicle veh37
[Midd4VCServer] Vehicle veh39 already registered.
[Midd4VCServer] Vehicle veh20 already registered.
[Midd4VCServer] Vehicle veh37 already registered.
[Midd4VCServer] Vehicle veh14 already registered.
[Midd4VCServer] job received: 16d6b78b-e8f8-4bfa-80fc-716f781ca9f7
[Midd4VCServer] Assigning job 16d6b78b-e8f8-4bfa-80fc-716f781ca9f7 to vehicle veh37
[Midd4VCServer] job 16d6b78b-e8f8-4bfa-80fc-716f781ca9f7 completed by vehicle veh37
[Midd4VCServer] Vehicle veh8 already registered.
[Midd4VCServer] job received: 8d5cc090-2b86-461a-88ed-e9155ca2af48
[Midd4VC] Job dbceabc2-20d2-47d1-b2ad-9261776c4d38 timed out. Re-enqueueing.
[Midd4VCServer] Assigning job dbceabc2-20d2-47d1-b2ad-9261776c4d38 to vehicle veh13
[Midd4VCServer] Assigning job 8d5cc090-2b86-461a-88ed-e9155ca2af48 to vehicle veh37
[Midd4VCServer] job 8d5cc090-2b86-461a-88ed-e9155ca2af48 completed by vehicle veh37
[Midd4VCServer] Vehicle veh25 already registered.
[Midd4VCServer] Vehicle veh2 already registered.
[Midd4VCServer] job received: e152cf37-e3cc-435f-9cb8-a97a8c17c8d5
[Midd4VC] Job 5f01f4e9-085c-4cb7-ac71-69ecd6457720 timed out. Re-enqueueing.
[Midd4VCServer] Assigning job 5f01f4e9-085c-4cb7-ac71-69ecd6457720 to vehicle veh29
[Midd4VCServer] Assigning job e152cf37-e3cc-435f-9cb8-a97a8c17c8d5 to vehicle veh37
[Midd4VCServer] job 5f01f4e9-085c-4cb7-ac71-69ecd6457720 completed by vehicle veh29
[Midd4VCServer] job e152cf37-e3cc-435f-9cb8-a97a8c17c8d5 completed by vehicle veh37
[Midd4VCServer] Vehicle veh26 already registered.
[Midd4VCServer] job received: bf496dd4-3000-4f98-8b6b-e849a0f683c6
[Midd4VCServer] Assigning job bf496dd4-3000-4f98-8b6b-e849a0f683c6 to vehicle veh29
[Midd4VCServer] job bf496dd4-3000-4f98-8b6b-e849a0f683c6 completed by vehicle veh29
[Midd4VCServer] Vehicle veh13 already registered.
[Midd4VCServer] job received: b6c28a01-9c31-48e6-864a-d5bb3aa35a1f
[Midd4VC] Job 14b61bc0-b3e1-4d1d-80cd-0d27a68276c1 timed out. Re-enqueueing.
[Midd4VC] Job 0cb869e5-ba18-44c2-b5b7-28452ca2bbc0 timed out. Re-enqueueing.
[Midd4VCServer] Assigning job 0cb869e5-ba18-44c2-b5b7-28452ca2bbc0 to vehicle veh29
[Midd4VCServer] Assigning job 14b61bc0-b3e1-4d1d-80cd-0d27a68276c1 to vehicle veh31
[Midd4VCServer] Assigning job b6c28a01-9c31-48e6-864a-d5bb3aa35a1f to vehicle veh25
[Midd4VCServer] job b6c28a01-9c31-48e6-864a-d5bb3aa35a1f completed by vehicle veh25
[Midd4VCServer] job 14b61bc0-b3e1-4d1d-80cd-0d27a68276c1 completed by vehicle veh31
[Midd4VCServer] job 0cb869e5-ba18-44c2-b5b7-28452ca2bbc0 completed by vehicle veh29
[Midd4VCServer] job received: 8702f8d9-88a3-4bd7-9358-a1579778908f
[Midd4VCServer] Assigning job 8702f8d9-88a3-4bd7-9358-a1579778908f to vehicle veh29
[Midd4VCServer] job 8702f8d9-88a3-4bd7-9358-a1579778908f completed by vehicle veh29
[Midd4VCServer] job received: 38bc95ad-9632-4f49-ac64-1bd6d0794c5d
[Midd4VC] Job 22373064-d648-41a2-a7bc-186fb16c38b5 timed out. Re-enqueueing.
[Midd4VCServer] Assigning job 22373064-d648-41a2-a7bc-186fb16c38b5 to vehicle veh29
[Midd4VCServer] Assigning job 38bc95ad-9632-4f49-ac64-1bd6d0794c5d to vehicle veh22
[Midd4VCServer] job 22373064-d648-41a2-a7bc-186fb16c38b5 completed by vehicle veh29
[Midd4VCServer] Vehicle veh4 already registered.
[Midd4VCServer] job received: 39945bfe-0931-4e91-ae1c-913893154b16
[Midd4VCServer] Assigning job 39945bfe-0931-4e91-ae1c-913893154b16 to vehicle veh29
[Midd4VCServer] job 39945bfe-0931-4e91-ae1c-913893154b16 completed by vehicle veh29
[Midd4VCServer] job received: 7fceee49-b465-4514-b208-f196464ef831
[Midd4VC] Job 851c4747-f55a-4ff5-b84b-8b0ff4174a4b timed out. Re-enqueueing.
[Midd4VCServer] Assigning job 851c4747-f55a-4ff5-b84b-8b0ff4174a4b to vehicle veh29
[Midd4VCServer] Assigning job 7fceee49-b465-4514-b208-f196464ef831 to vehicle veh28
[Midd4VCServer] job 851c4747-f55a-4ff5-b84b-8b0ff4174a4b completed by vehicle veh29
[Midd4VCServer] Vehicle veh10 already registered.
[Midd4VCServer] job received: 60a6638b-12cf-4e27-a598-128e55a81e30
[Midd4VCServer] Assigning job 60a6638b-12cf-4e27-a598-128e55a81e30 to vehicle veh29
[Midd4VCServer] job 60a6638b-12cf-4e27-a598-128e55a81e30 completed by vehicle veh29
[Midd4VCServer] Vehicle veh17 already registered.
[Midd4VCServer] Vehicle veh18 already registered.
[Midd4VCServer] job received: 3ba95508-b77b-427a-a54c-c1c5fd629697
[Midd4VC] Job 4faf8350-5717-4bc6-894d-b5965419376a timed out. Re-enqueueing.
[Midd4VC] Job 28f1ebaf-c74c-4e4b-bc5e-5d24756eae36 timed out. Re-enqueueing.
[Midd4VC] Job 3a1defa9-876b-4414-998f-94ce609ba962 timed out. Re-enqueueing.
[Midd4VC] Job 0519dbe3-978d-45b1-8a04-c9c0cf3ba15a timed out. Re-enqueueing.
[Midd4VCServer] Assigning job 0519dbe3-978d-45b1-8a04-c9c0cf3ba15a to vehicle veh30
[Midd4VCServer] Assigning job 3a1defa9-876b-4414-998f-94ce609ba962 to vehicle veh40
[Midd4VCServer] Assigning job 28f1ebaf-c74c-4e4b-bc5e-5d24756eae36 to vehicle veh27
[Midd4VCServer] Assigning job 4faf8350-5717-4bc6-894d-b5965419376a to vehicle veh2
[Midd4VCServer] Assigning job 3ba95508-b77b-427a-a54c-c1c5fd629697 to vehicle veh29
[Midd4VCServer] job 3ba95508-b77b-427a-a54c-c1c5fd629697 completed by vehicle veh29
[Midd4VCServer] Vehicle veh24 already registered.
[Midd4VCServer] job received: 3ebb392f-1220-4e44-b843-0440d716d384
[Midd4VCServer] Assigning job 3ebb392f-1220-4e44-b843-0440d716d384 to vehicle veh31
[Midd4VCServer] job 3ebb392f-1220-4e44-b843-0440d716d384 completed by vehicle veh31
[Midd4VCServer] Vehicle veh12 already registered.
[Midd4VCServer] job received: 454d0646-6ab1-4386-abf3-537e952f07c8
[Midd4VCServer] Assigning job 454d0646-6ab1-4386-abf3-537e952f07c8 to vehicle veh25
[Midd4VCServer] job received: 8d86ef32-9286-4c8a-84bf-bbe355e907fe
[Midd4VCServer] Assigning job 8d86ef32-9286-4c8a-84bf-bbe355e907fe to vehicle veh29
[Midd4VCServer] job 8d86ef32-9286-4c8a-84bf-bbe355e907fe completed by vehicle veh29
[Midd4VCServer] Vehicle veh19 already registered.
[Midd4VCServer] Vehicle veh35 already registered.
[Midd4VCServer] Vehicle veh16 already registered.
[Midd4VCServer] job received: 681d8b9e-a1c2-4098-b76c-7eac9238f3d3
[Midd4VC] Job 6a706a2a-eaf4-47cc-8258-7f2d4811d1ba timed out. Re-enqueueing.
[Midd4VC] Job 892153ed-6f60-40fb-adf3-6d38c8d57c13 timed out. Re-enqueueing.
[Midd4VCServer] Assigning job 892153ed-6f60-40fb-adf3-6d38c8d57c13 to vehicle veh11
[Midd4VCServer] Assigning job 6a706a2a-eaf4-47cc-8258-7f2d4811d1ba to vehicle veh26
[Midd4VCServer] Assigning job 681d8b9e-a1c2-4098-b76c-7eac9238f3d3 to vehicle veh31
[Midd4VCServer] job 6a706a2a-eaf4-47cc-8258-7f2d4811d1ba completed by vehicle veh26
[Midd4VCServer] job received: 00d2cd94-e001-4fc4-8581-5cd021ffbca2
[Midd4VCServer] Assigning job 00d2cd94-e001-4fc4-8581-5cd021ffbca2 to vehicle veh26
[Midd4VCServer] job 00d2cd94-e001-4fc4-8581-5cd021ffbca2 completed by vehicle veh26
[Midd4VCServer] Vehicle veh20 already registered.
[Midd4VCServer] Vehicle veh22 already registered.
[Midd4VCServer] Vehicle veh6 already registered.
[Midd4VCServer] Vehicle veh38 already registered.
[Midd4VCServer] Vehicle veh37 already registered.
[Midd4VCServer] job received: 7ff45a88-0185-434e-babd-3b0a6fe72468
[Midd4VC] Job a19fc5e9-c493-4a34-a5c2-d8155e8de329 timed out. Re-enqueueing.
[Midd4VCServer] Assigning job a19fc5e9-c493-4a34-a5c2-d8155e8de329 to vehicle veh34
[Midd4VCServer] Assigning job 7ff45a88-0185-434e-babd-3b0a6fe72468 to vehicle veh26
[Midd4VCServer] job 7ff45a88-0185-434e-babd-3b0a6fe72468 completed by vehicle veh26
[Midd4VCServer] job received: adcacc4a-1f1b-41f8-8331-26e7782d23c9
[Midd4VC] Job 1d5bd568-33ff-48dd-95d9-f07a7db3691c timed out. Re-enqueueing.
[Midd4VCServer] Assigning job 1d5bd568-33ff-48dd-95d9-f07a7db3691c to vehicle veh33
[Midd4VCServer] Assigning job adcacc4a-1f1b-41f8-8331-26e7782d23c9 to vehicle veh26
[Midd4VCServer] job adcacc4a-1f1b-41f8-8331-26e7782d23c9 completed by vehicle veh26
[Midd4VCServer] job 1d5bd568-33ff-48dd-95d9-f07a7db3691c completed by vehicle veh33
[Midd4VCServer] Vehicle veh33 already registered.
[Midd4VCServer] Vehicle veh4 already registered.
[Midd4VCServer] job received: aab927d8-c1fd-47a0-ab1b-a8be468d7f38
[Midd4VC] Job 4162facb-0ee8-4956-a721-cb57c8911491 timed out. Re-enqueueing.
[Midd4VCServer] Assigning job 4162facb-0ee8-4956-a721-cb57c8911491 to vehicle veh36
[Midd4VCServer] Assigning job aab927d8-c1fd-47a0-ab1b-a8be468d7f38 to vehicle veh33
[Midd4VCServer] job aab927d8-c1fd-47a0-ab1b-a8be468d7f38 completed by vehicle veh33
[Midd4VCServer] Vehicle veh9 already registered.
[Midd4VCServer] job received: b44a6f4b-81f3-4902-98e9-579108986e0a
[Midd4VCServer] Assigning job b44a6f4b-81f3-4902-98e9-579108986e0a to vehicle veh29
[Midd4VCServer] job received: a85f6726-b444-468a-84fc-f0c4e3e89acb
[Midd4VCServer] Assigning job a85f6726-b444-468a-84fc-f0c4e3e89acb to vehicle veh33
[Midd4VCServer] job a85f6726-b444-468a-84fc-f0c4e3e89acb completed by vehicle veh33
[Midd4VCServer] Vehicle veh32 already registered.
[Midd4VCServer] job received: 11166f0a-0ab9-404e-99f0-ef71868eabfe
[Midd4VCServer] Assigning job 11166f0a-0ab9-404e-99f0-ef71868eabfe to vehicle veh26
[Midd4VCServer] job 11166f0a-0ab9-404e-99f0-ef71868eabfe completed by vehicle veh26
[Midd4VCServer] job received: 216146ab-2ea9-4138-882c-83a2832148e1
[Midd4VC] Job f29d5356-1c9e-4828-b776-56323cb12db4 timed out. Re-enqueueing.
[Midd4VCServer] Assigning job f29d5356-1c9e-4828-b776-56323cb12db4 to vehicle veh24
[Midd4VCServer] Assigning job 216146ab-2ea9-4138-882c-83a2832148e1 to vehicle veh16
[Midd4VCServer] job 216146ab-2ea9-4138-882c-83a2832148e1 completed by vehicle veh16
[Midd4VCServer] Vehicle veh19 already registered.
[Midd4VCServer] Vehicle veh26 already registered.
[Midd4VCServer] job received: 23e139af-8c50-4516-9aab-9bb12cd79ae7
[Midd4VCServer] Assigning job 23e139af-8c50-4516-9aab-9bb12cd79ae7 to vehicle veh37
[Midd4VCServer] job received: b4892755-ae21-44ed-80a9-04783001625a
[Midd4VCServer] Assigning job b4892755-ae21-44ed-80a9-04783001625a to vehicle veh15
[Midd4VCServer] Vehicle veh30 already registered.
[Midd4VCServer] job received: 35525c3c-b9d1-4414-a8fc-cb80da7334ff
[Midd4VC] Job 81553eff-5373-49c7-9b86-eba80701e279 timed out. Re-enqueueing.
[Midd4VC] Job bae22b94-e848-449c-8729-5c8de40c65bc timed out. Re-enqueueing.
[Midd4VC] Job 62618a5f-4b01-4ab8-9543-a61ab3f155d2 timed out. Re-enqueueing.
[Midd4VC] Job 3f73baf0-7797-45c2-bd28-aac2ba002c55 timed out. Re-enqueueing.
[Midd4VCServer] Assigning job 3f73baf0-7797-45c2-bd28-aac2ba002c55 to vehicle veh20
[Midd4VCServer] Assigning job 62618a5f-4b01-4ab8-9543-a61ab3f155d2 to vehicle veh8
[Midd4VCServer] Assigning job bae22b94-e848-449c-8729-5c8de40c65bc to vehicle veh12
[Midd4VCServer] Assigning job 81553eff-5373-49c7-9b86-eba80701e279 to vehicle veh10
[Midd4VCServer] Assigning job 35525c3c-b9d1-4414-a8fc-cb80da7334ff to vehicle veh38
[Midd4VCServer] job received: 5211ae03-69ac-45fb-a8a4-ae49e91f3df0
[Midd4VCServer] Assigning job 5211ae03-69ac-45fb-a8a4-ae49e91f3df0 to vehicle veh33
[Midd4VCServer] job 5211ae03-69ac-45fb-a8a4-ae49e91f3df0 completed by vehicle veh33
[Midd4VCServer] job received: 77d79d71-311e-4a42-9821-515c1e38065a
[Midd4VC] Job 9dd37148-510e-4aa2-addd-6f271b3f407b timed out. Re-enqueueing.
[Midd4VC] Job 2e301a42-51d6-4acb-8c4c-a46d30875579 timed out. Re-enqueueing.
[Midd4VC] Job e64a8f25-2d0f-4d7f-8d10-fb9af895de04 timed out. Re-enqueueing.
[Midd4VC] Job f45811ea-0bbc-4d80-a698-b27e678a7ca2 timed out. Re-enqueueing.
[Midd4VCServer] Assigning job f45811ea-0bbc-4d80-a698-b27e678a7ca2 to vehicle veh4
[Midd4VCServer] Assigning job e64a8f25-2d0f-4d7f-8d10-fb9af895de04 to vehicle veh32
[Midd4VCServer] Assigning job 2e301a42-51d6-4acb-8c4c-a46d30875579 to vehicle veh3
[Midd4VCServer] Assigning job 9dd37148-510e-4aa2-addd-6f271b3f407b to vehicle veh9
[Midd4VCServer] Assigning job 77d79d71-311e-4a42-9821-515c1e38065a to vehicle veh26
[Midd4VCServer] job 9dd37148-510e-4aa2-addd-6f271b3f407b completed by vehicle veh9
[Midd4VCServer] job f45811ea-0bbc-4d80-a698-b27e678a7ca2 completed by vehicle veh4
[Midd4VCServer] job e64a8f25-2d0f-4d7f-8d10-fb9af895de04 completed by vehicle veh32
[Midd4VCServer] job received: 1ebd96be-e1f0-461c-873b-87726cdad2cf
[Midd4VCServer] Assigning job 1ebd96be-e1f0-461c-873b-87726cdad2cf to vehicle veh4
[Midd4VCServer] job 1ebd96be-e1f0-461c-873b-87726cdad2cf completed by vehicle veh4
[Midd4VCServer] Vehicle veh5 already registered.
[Midd4VCServer] Vehicle veh34 already registered.
[Midd4VCServer] Vehicle veh39 already registered.
[Midd4VCServer] job received: 999bb16c-331f-4269-af70-71552546fd63
[Midd4VC] Job 8fd94291-b81f-4a1d-9904-b6bd6d96536f timed out. Re-enqueueing.
[Midd4VCServer] Assigning job 8fd94291-b81f-4a1d-9904-b6bd6d96536f to vehicle veh35
[Midd4VCServer] Assigning job 999bb16c-331f-4269-af70-71552546fd63 to vehicle veh32
[Midd4VCServer] job 999bb16c-331f-4269-af70-71552546fd63 completed by vehicle veh32
[Midd4VCServer] Vehicle veh7 already registered.
[Midd4VCServer] Vehicle veh24 already registered.
[Midd4VCServer] Vehicle veh38 already registered.
[Midd4VCServer] job received: ff612019-4c14-4235-8acb-6fac7639bffe
[Midd4VC] Job d83e0160-841f-4c2e-a903-32bf11d6c415 timed out. Re-enqueueing.
[Midd4VC] Job b4a88fea-acca-42da-8546-08393b19e4eb timed out. Re-enqueueing.
[Midd4VCServer] Assigning job b4a88fea-acca-42da-8546-08393b19e4eb to vehicle veh5
[Midd4VCServer] Assigning job d83e0160-841f-4c2e-a903-32bf11d6c415 to vehicle veh14
[Midd4VCServer] Assigning job ff612019-4c14-4235-8acb-6fac7639bffe to vehicle veh9
[Midd4VCServer] job b4a88fea-acca-42da-8546-08393b19e4eb completed by vehicle veh5
[Midd4VCServer] job ff612019-4c14-4235-8acb-6fac7639bffe completed by vehicle veh9
[Midd4VCServer] job received: 1273e789-971c-4846-9d24-960f789a02c0
[Midd4VCServer] Assigning job 1273e789-971c-4846-9d24-960f789a02c0 to vehicle veh5
[Midd4VCServer] job 1273e789-971c-4846-9d24-960f789a02c0 completed by vehicle veh5
[Midd4VCServer] job received: 5c6616ec-f2a2-4b09-b2c8-4cfbe6780c9b
[Midd4VCServer] Assigning job 5c6616ec-f2a2-4b09-b2c8-4cfbe6780c9b to vehicle veh5
[Midd4VCServer] job 5c6616ec-f2a2-4b09-b2c8-4cfbe6780c9b completed by vehicle veh5
[Midd4VCServer] Vehicle veh1 already registered.
[Midd4VCServer] Vehicle veh15 already registered.
[Midd4VCServer] job received: d3619997-4093-4d0b-aeea-8e1aaa3b1660
[Midd4VC] Job 0fdacc23-044f-4ac9-86e0-7b32a2b0f9f9 timed out. Re-enqueueing.
[Midd4VC] Job 12b57f09-2c45-4038-895d-9e4c2358246d timed out. Re-enqueueing.
[Midd4VCServer] Assigning job 12b57f09-2c45-4038-895d-9e4c2358246d to vehicle veh17
[Midd4VCServer] Assigning job 0fdacc23-044f-4ac9-86e0-7b32a2b0f9f9 to vehicle veh19
[Midd4VCServer] Assigning job d3619997-4093-4d0b-aeea-8e1aaa3b1660 to vehicle veh16
[Midd4VCServer] job 12b57f09-2c45-4038-895d-9e4c2358246d completed by vehicle veh17
[Midd4VCServer] Vehicle veh36 already registered.
[Midd4VCServer] Vehicle veh35 already registered.
[Midd4VCServer] Vehicle veh31 already registered.
[Midd4VCServer] Vehicle veh7 already registered.
[Midd4VCServer] job received: cf542901-b833-41ed-b62e-3dbcb2aef110
[Midd4VCServer] Assigning job cf542901-b833-41ed-b62e-3dbcb2aef110 to vehicle veh17
[Midd4VCServer] job cf542901-b833-41ed-b62e-3dbcb2aef110 completed by vehicle veh17
[Midd4VCServer] Vehicle veh22 already registered.
[Midd4VCServer] Vehicle veh6 already registered.
[Midd4VCServer] Vehicle veh16 already registered.
[Midd4VCServer] Vehicle veh38 already registered.
[Midd4VCServer] Vehicle veh20 already registered.
[Midd4VCServer] Vehicle veh3 already registered.
[Midd4VCServer] job received: bd7059ce-b801-4656-b987-454663d1cd9e
[Midd4VC] Job 70baa3fd-52f5-45de-a2f0-4a4b60525077 timed out. Re-enqueueing.
[Midd4VC] Job d9d5e0f2-38c0-4051-8f87-0ff0f0a06d09 timed out. Re-enqueueing.
[Midd4VC] Job 3ac97fc6-a894-402b-8e35-0003eae2c6d6 timed out. Re-enqueueing.
[Midd4VC] Job c7a2a896-41e6-4209-95ca-99f940a21d98 timed out. Re-enqueueing.
[Midd4VC] Job 9e5df786-f60d-4b94-a811-b0fe1e46e6dd timed out. Re-enqueueing.
[Midd4VC] Job 2102da73-08cb-4bf9-86ed-12d9bab7582a timed out. Re-enqueueing.
[Midd4VC] Job 23f9032d-42bb-411b-a16e-c68c06b1e155 timed out. Re-enqueueing.
[Midd4VCServer] Assigning job 23f9032d-42bb-411b-a16e-c68c06b1e155 to vehicle veh7
[Midd4VCServer] Assigning job 2102da73-08cb-4bf9-86ed-12d9bab7582a to vehicle veh39
[Midd4VCServer] Assigning job 9e5df786-f60d-4b94-a811-b0fe1e46e6dd to vehicle veh17
[Midd4VCServer] Assigning job c7a2a896-41e6-4209-95ca-99f940a21d98 to vehicle veh23
[Midd4VCServer] Assigning job 3ac97fc6-a894-402b-8e35-0003eae2c6d6 to vehicle veh21
[Midd4VCServer] Assigning job d9d5e0f2-38c0-4051-8f87-0ff0f0a06d09 to vehicle veh1
[Midd4VCServer] Assigning job 70baa3fd-52f5-45de-a2f0-4a4b60525077 to vehicle veh18
[Midd4VCServer] Assigning job bd7059ce-b801-4656-b987-454663d1cd9e to vehicle veh6
[Midd4VCServer] job 2102da73-08cb-4bf9-86ed-12d9bab7582a completed by vehicle veh39
[Midd4VCServer] job 23f9032d-42bb-411b-a16e-c68c06b1e155 completed by vehicle veh7
[Midd4VCServer] job 9e5df786-f60d-4b94-a811-b0fe1e46e6dd completed by vehicle veh17
[Midd4VCServer] job received: 41e73280-46c4-4a29-952b-3cf932a2f096
[Midd4VCServer] Assigning job 41e73280-46c4-4a29-952b-3cf932a2f096 to vehicle veh7
[Midd4VCServer] job 41e73280-46c4-4a29-952b-3cf932a2f096 completed by vehicle veh7
[Midd4VCServer] Vehicle veh32 already registered.
[Midd4VCServer] job received: ea1f0da1-0828-4651-929f-e52c7b5440fd
[Midd4VCServer] Assigning job ea1f0da1-0828-4651-929f-e52c7b5440fd to vehicle veh7
[Midd4VCServer] job ea1f0da1-0828-4651-929f-e52c7b5440fd completed by vehicle veh7
[Midd4VCServer] job received: 767e7040-9dfd-4354-893d-52fd4b52c0af
[Midd4VCServer] Assigning job 767e7040-9dfd-4354-893d-52fd4b52c0af to vehicle veh7
[Midd4VCServer] job 767e7040-9dfd-4354-893d-52fd4b52c0af completed by vehicle veh7
[Midd4VCServer] Vehicle veh27 already registered.
[Midd4VCServer] Vehicle veh37 already registered.
[Midd4VCServer] job received: 863e82d3-135a-4e46-8952-96b9feb1e5ed
[Midd4VC] Job dbceabc2-20d2-47d1-b2ad-9261776c4d38 timed out. Re-enqueueing.
[Midd4VCServer] Assigning job dbceabc2-20d2-47d1-b2ad-9261776c4d38 to vehicle veh7
[Midd4VCServer] Assigning job 863e82d3-135a-4e46-8952-96b9feb1e5ed to vehicle veh39
[Midd4VCServer] job dbceabc2-20d2-47d1-b2ad-9261776c4d38 completed by vehicle veh7
[Midd4VCServer] job 863e82d3-135a-4e46-8952-96b9feb1e5ed completed by vehicle veh39
[Midd4VCServer] Vehicle veh2 already registered.
[Midd4VCServer] Vehicle veh23 already registered.
[Midd4VCServer] job received: 71b22c0f-c793-4263-9927-c5f2f6243f6c
[Midd4VCServer] Assigning job 71b22c0f-c793-4263-9927-c5f2f6243f6c to vehicle veh7
[Midd4VCServer] job 71b22c0f-c793-4263-9927-c5f2f6243f6c completed by vehicle veh7
[Midd4VCServer] job received: eee1d017-5299-4930-a6ba-75f86454b910
[Midd4VCServer] Assigning job eee1d017-5299-4930-a6ba-75f86454b910 to vehicle veh7
[Midd4VCServer] job eee1d017-5299-4930-a6ba-75f86454b910 completed by vehicle veh7
[Midd4VCServer] job received: 55bd0a2b-f0b8-4e0b-93da-679133db9cb7
[Midd4VCServer] Assigning job 55bd0a2b-f0b8-4e0b-93da-679133db9cb7 to vehicle veh7
[Midd4VCServer] job 55bd0a2b-f0b8-4e0b-93da-679133db9cb7 completed by vehicle veh7
[Midd4VCServer] job received: c368a502-d012-4136-a4f4-2f0a5f59a190
[Midd4VCServer] Assigning job c368a502-d012-4136-a4f4-2f0a5f59a190 to vehicle veh7
[Midd4VCServer] job c368a502-d012-4136-a4f4-2f0a5f59a190 completed by vehicle veh7
[Midd4VCServer] Vehicle veh33 already registered.
[Midd4VCServer] Vehicle veh35 already registered.
[Midd4VCServer] job received: bf2e4a3d-fd9c-4b13-ba55-386d60858267
[Midd4VCServer] Assigning job bf2e4a3d-fd9c-4b13-ba55-386d60858267 to vehicle veh13
[Midd4VCServer] job received: e58a8499-93c6-4da1-a92d-c56168415390
[Midd4VC] Job 38bc95ad-9632-4f49-ac64-1bd6d0794c5d timed out. Re-enqueueing.
[Midd4VCServer] Assigning job 38bc95ad-9632-4f49-ac64-1bd6d0794c5d to vehicle veh39
[Midd4VCServer] Assigning job e58a8499-93c6-4da1-a92d-c56168415390 to vehicle veh7
[Midd4VCServer] job 38bc95ad-9632-4f49-ac64-1bd6d0794c5d completed by vehicle veh39
[Midd4VCServer] job e58a8499-93c6-4da1-a92d-c56168415390 completed by vehicle veh7
[Midd4VCServer] job received: a07bb681-18f7-47b1-a855-d7fdef086f59
[Midd4VCServer] Assigning job a07bb681-18f7-47b1-a855-d7fdef086f59 to vehicle veh39
[Midd4VCServer] job a07bb681-18f7-47b1-a855-d7fdef086f59 completed by vehicle veh39
[Midd4VCServer] Vehicle veh29 already registered.
[Midd4VCServer] Vehicle veh17 already registered.
[Midd4VCServer] Vehicle veh24 already registered.
[Midd4VCServer] job received: ec29f800-5de6-4953-9202-7406ff7b1edc
[Midd4VC] Job 7fceee49-b465-4514-b208-f196464ef831 timed out. Re-enqueueing.
[Midd4VCServer] Assigning job 7fceee49-b465-4514-b208-f196464ef831 to vehicle veh7
[Midd4VCServer] Assigning job ec29f800-5de6-4953-9202-7406ff7b1edc to vehicle veh22
[Midd4VCServer] job 7fceee49-b465-4514-b208-f196464ef831 completed by vehicle veh7
[Midd4VCServer] Vehicle veh38 already registered.
[Midd4VCServer] Vehicle veh9 already registered.
[Midd4VCServer] Vehicle veh33 already registered.
[Midd4VCServer] Vehicle veh5 already registered.
[Midd4VCServer] Vehicle veh11 already registered.
[Midd4VCServer] job received: 6470c226-6840-4942-b5da-cb0ed6e7346d
[Midd4VCServer] Assigning job 6470c226-6840-4942-b5da-cb0ed6e7346d to vehicle veh28
[Midd4VCServer] Vehicle veh1 already registered.
[Midd4VCServer] Vehicle veh18 already registered.
[Midd4VCServer] job received: eebb4517-93f6-4f07-8d6c-9aad4083a872
[Midd4VC] Job 0519dbe3-978d-45b1-8a04-c9c0cf3ba15a timed out. Re-enqueueing.
[Midd4VC] Job 3a1defa9-876b-4414-998f-94ce609ba962 timed out. Re-enqueueing.
[Midd4VC] Job 28f1ebaf-c74c-4e4b-bc5e-5d24756eae36 timed out. Re-enqueueing.
[Midd4VC] Job 4faf8350-5717-4bc6-894d-b5965419376a timed out. Re-enqueueing.
[Midd4VCServer] Assigning job 4faf8350-5717-4bc6-894d-b5965419376a to vehicle veh30
[Midd4VCServer] Assigning job 28f1ebaf-c74c-4e4b-bc5e-5d24756eae36 to vehicle veh40
[Midd4VCServer] Assigning job 3a1defa9-876b-4414-998f-94ce609ba962 to vehicle veh27
[Midd4VCServer] Assigning job 0519dbe3-978d-45b1-8a04-c9c0cf3ba15a to vehicle veh2
[Midd4VCServer] Assigning job eebb4517-93f6-4f07-8d6c-9aad4083a872 to vehicle veh39
[Midd4VCServer] job 3a1defa9-876b-4414-998f-94ce609ba962 completed by vehicle veh27
[Midd4VCServer] job 0519dbe3-978d-45b1-8a04-c9c0cf3ba15a completed by vehicle veh2
[Midd4VCServer] job received: 3b03a7e1-eb61-40ff-aa08-a260c3ff1738
[Midd4VCServer] Assigning job 3b03a7e1-eb61-40ff-aa08-a260c3ff1738 to vehicle veh27
[Midd4VCServer] job 3b03a7e1-eb61-40ff-aa08-a260c3ff1738 completed by vehicle veh27
[Midd4VCServer] Vehicle veh20 already registered.
[Midd4VCServer] job received: 9b4d981f-99e2-4cff-8be2-5b2fc04d6c74
[Midd4VCServer] Assigning job 9b4d981f-99e2-4cff-8be2-5b2fc04d6c74 to vehicle veh2
[Midd4VCServer] job 9b4d981f-99e2-4cff-8be2-5b2fc04d6c74 completed by vehicle veh2
[Midd4VCServer] Vehicle veh21 already registered.
[Midd4VCServer] Vehicle veh33 already registered.
[Midd4VCServer] Vehicle veh31 already registered.
[Midd4VCServer] job received: ee19113d-aa4b-4a46-b410-768e60b1fbaf
[Midd4VC] Job 454d0646-6ab1-4386-abf3-537e952f07c8 timed out. Re-enqueueing.
[Midd4VCServer] Assigning job 454d0646-6ab1-4386-abf3-537e952f07c8 to vehicle veh7
[Midd4VCServer] Assigning job ee19113d-aa4b-4a46-b410-768e60b1fbaf to vehicle veh25
[Midd4VCServer] job 454d0646-6ab1-4386-abf3-537e952f07c8 completed by vehicle veh7
[Midd4VCServer] Vehicle veh16 already registered.
[Midd4VCServer] Vehicle veh26 already registered.
[Midd4VCServer] job received: adc041b7-9695-4abc-9986-33ecd0a86f0b
[Midd4VC] Job 892153ed-6f60-40fb-adf3-6d38c8d57c13 timed out. Re-enqueueing.
[Midd4VC] Job 681d8b9e-a1c2-4098-b76c-7eac9238f3d3 timed out. Re-enqueueing.
[Midd4VC] Job a19fc5e9-c493-4a34-a5c2-d8155e8de329 timed out. Re-enqueueing.
[Midd4VCServer] Assigning job a19fc5e9-c493-4a34-a5c2-d8155e8de329 to vehicle veh11
[Midd4VCServer] Assigning job 681d8b9e-a1c2-4098-b76c-7eac9238f3d3 to vehicle veh34
[Midd4VCServer] Assigning job 892153ed-6f60-40fb-adf3-6d38c8d57c13 to vehicle veh17
[Midd4VCServer] Assigning job adc041b7-9695-4abc-9986-33ecd0a86f0b to vehicle veh27
[Midd4VCServer] job adc041b7-9695-4abc-9986-33ecd0a86f0b completed by vehicle veh27
[Midd4VCServer] job received: becd88b1-de11-411e-bc67-a8af5144ba82
[Midd4VCServer] Assigning job becd88b1-de11-411e-bc67-a8af5144ba82 to vehicle veh2
[Midd4VCServer] job becd88b1-de11-411e-bc67-a8af5144ba82 completed by vehicle veh2
[Midd4VCServer] Vehicle veh40 already registered.
[Midd4VCServer] job received: 290dc6d6-b5a7-4b71-804b-b359b21f39b9
[Midd4VCServer] Assigning job 290dc6d6-b5a7-4b71-804b-b359b21f39b9 to vehicle veh7
[Midd4VCServer] job 290dc6d6-b5a7-4b71-804b-b359b21f39b9 completed by vehicle veh7
[Midd4VCServer] job received: 39f3f776-de9b-4c08-9a3b-94afaf8eeb2d
[Midd4VCServer] Assigning job 39f3f776-de9b-4c08-9a3b-94afaf8eeb2d to vehicle veh31
[Midd4VCServer] job received: 34278f14-cf8f-4185-bee1-2ce1397581a0
[Midd4VCServer] Assigning job 34278f14-cf8f-4185-bee1-2ce1397581a0 to vehicle veh27
[Midd4VCServer] job 34278f14-cf8f-4185-bee1-2ce1397581a0 completed by vehicle veh27
[Midd4VCServer] job received: 9695e97e-6304-40c3-9553-b29b847cbc49
[Midd4VCServer] Assigning job 9695e97e-6304-40c3-9553-b29b847cbc49 to vehicle veh2
[Midd4VCServer] job 9695e97e-6304-40c3-9553-b29b847cbc49 completed by vehicle veh2
[Midd4VCServer] Vehicle veh36 already registered.
[Midd4VCServer] Vehicle veh8 already registered.
[Midd4VCServer] job received: 35334afc-1d42-40e1-ada3-72486bdb1258
[Midd4VC] Job 4162facb-0ee8-4956-a721-cb57c8911491 timed out. Re-enqueueing.
[Midd4VCServer] Assigning job 4162facb-0ee8-4956-a721-cb57c8911491 to vehicle veh36
[Midd4VCServer] Assigning job 35334afc-1d42-40e1-ada3-72486bdb1258 to vehicle veh7
[Midd4VCServer] job 4162facb-0ee8-4956-a721-cb57c8911491 completed by vehicle veh36
[Midd4VCServer] job 35334afc-1d42-40e1-ada3-72486bdb1258 completed by vehicle veh7
[Midd4VCServer] Vehicle veh11 already registered.
[Midd4VCServer] Vehicle veh25 already registered.
[Midd4VCServer] job received: bd3ed7be-c559-42d0-a091-1c17a4c8fb95
[Midd4VC] Job b44a6f4b-81f3-4902-98e9-579108986e0a timed out. Re-enqueueing.
[Midd4VC] Job f29d5356-1c9e-4828-b776-56323cb12db4 timed out. Re-enqueueing.
[Midd4VC] Job 23e139af-8c50-4516-9aab-9bb12cd79ae7 timed out. Re-enqueueing.
[Midd4VC] Job b4892755-ae21-44ed-80a9-04783001625a timed out. Re-enqueueing.
[Midd4VCServer] Assigning job b4892755-ae21-44ed-80a9-04783001625a to vehicle veh24
[Midd4VCServer] Assigning job 23e139af-8c50-4516-9aab-9bb12cd79ae7 to vehicle veh29
[Midd4VCServer] Assigning job f29d5356-1c9e-4828-b776-56323cb12db4 to vehicle veh36
[Midd4VCServer] Assigning job b44a6f4b-81f3-4902-98e9-579108986e0a to vehicle veh27
[Midd4VCServer] Assigning job bd3ed7be-c559-42d0-a091-1c17a4c8fb95 to vehicle veh2
[Midd4VCServer] job f29d5356-1c9e-4828-b776-56323cb12db4 completed by vehicle veh36
[Midd4VCServer] job 23e139af-8c50-4516-9aab-9bb12cd79ae7 completed by vehicle veh29
[Midd4VCServer] job bd3ed7be-c559-42d0-a091-1c17a4c8fb95 completed by vehicle veh2
[Midd4VCServer] job b44a6f4b-81f3-4902-98e9-579108986e0a completed by vehicle veh27
[Midd4VCServer] job received: a973fe6c-d88d-4d0f-9f6c-a1a85f38adac
[Midd4VCServer] Assigning job a973fe6c-d88d-4d0f-9f6c-a1a85f38adac to vehicle veh29
[Midd4VCServer] job a973fe6c-d88d-4d0f-9f6c-a1a85f38adac completed by vehicle veh29
[Midd4VCServer] job received: e1f5b0b8-0c90-494b-b411-1a2aa832632f
[Midd4VCServer] Assigning job e1f5b0b8-0c90-494b-b411-1a2aa832632f to vehicle veh37
[Midd4VCServer] Vehicle veh15 already registered.
[Midd4VCServer] Vehicle veh34 already registered.
[Midd4VCServer] Vehicle veh36 already registered.
[Midd4VCServer] job received: fce05676-094b-4ba1-bb48-21d474fdb315
[Midd4VCServer] Assigning job fce05676-094b-4ba1-bb48-21d474fdb315 to vehicle veh15
[Midd4VCServer] job fce05676-094b-4ba1-bb48-21d474fdb315 completed by vehicle veh15
[Midd4VCServer] job received: 047ffb18-3e28-48ad-8ae3-9b3c45192b86
[Midd4VCServer] Assigning job 047ffb18-3e28-48ad-8ae3-9b3c45192b86 to vehicle veh7
[Midd4VCServer] Vehicle veh33 already registered.
[Midd4VCServer] job received: 0edcf0b7-94a2-4064-a619-2cd160dbbbce
[Midd4VC] Job 3f73baf0-7797-45c2-bd28-aac2ba002c55 timed out. Re-enqueueing.
[Midd4VC] Job 62618a5f-4b01-4ab8-9543-a61ab3f155d2 timed out. Re-enqueueing.
[Midd4VC] Job bae22b94-e848-449c-8729-5c8de40c65bc timed out. Re-enqueueing.
[Midd4VC] Job 81553eff-5373-49c7-9b86-eba80701e279 timed out. Re-enqueueing.
[Midd4VC] Job 35525c3c-b9d1-4414-a8fc-cb80da7334ff timed out. Re-enqueueing.
[Midd4VC] Job 2e301a42-51d6-4acb-8c4c-a46d30875579 timed out. Re-enqueueing.
[Midd4VC] Job 77d79d71-311e-4a42-9821-515c1e38065a timed out. Re-enqueueing.
[Midd4VCServer] Assigning job 77d79d71-311e-4a42-9821-515c1e38065a to vehicle veh20
[Midd4VCServer] Assigning job 2e301a42-51d6-4acb-8c4c-a46d30875579 to vehicle veh8
[Midd4VCServer] Assigning job 35525c3c-b9d1-4414-a8fc-cb80da7334ff to vehicle veh12
[Midd4VCServer] Assigning job 81553eff-5373-49c7-9b86-eba80701e279 to vehicle veh10
[Midd4VCServer] Assigning job bae22b94-e848-449c-8729-5c8de40c65bc to vehicle veh3
[Midd4VCServer] Assigning job 62618a5f-4b01-4ab8-9543-a61ab3f155d2 to vehicle veh36
[Midd4VCServer] Assigning job 3f73baf0-7797-45c2-bd28-aac2ba002c55 to vehicle veh38
[Midd4VCServer] Assigning job 0edcf0b7-94a2-4064-a619-2cd160dbbbce to vehicle veh26
[Midd4VCServer] job 77d79d71-311e-4a42-9821-515c1e38065a completed by vehicle veh20
[Midd4VCServer] job 0edcf0b7-94a2-4064-a619-2cd160dbbbce completed by vehicle veh26
[Midd4VCServer] Vehicle veh23 already registered.
[Midd4VCServer] Vehicle veh37 already registered.
[Midd4VCServer] job received: e6427431-d184-4e76-a0c4-958dd6ee1099
[Midd4VCServer] Assigning job e6427431-d184-4e76-a0c4-958dd6ee1099 to vehicle veh20
[Midd4VCServer] job e6427431-d184-4e76-a0c4-958dd6ee1099 completed by vehicle veh20
[Midd4VCServer] job received: f6a22307-4c49-4645-ad80-684b6f0c0717
[Midd4VC] Job 8fd94291-b81f-4a1d-9904-b6bd6d96536f timed out. Re-enqueueing.
[Midd4VCServer] Assigning job 8fd94291-b81f-4a1d-9904-b6bd6d96536f to vehicle veh35
[Midd4VCServer] Assigning job f6a22307-4c49-4645-ad80-684b6f0c0717 to vehicle veh20
[Midd4VCServer] job f6a22307-4c49-4645-ad80-684b6f0c0717 completed by vehicle veh20
[Midd4VCServer] Vehicle veh31 already registered.
[Midd4VCServer] job received: f029da59-9ca1-4c1e-89f5-f624a0e7103b
[Midd4VCServer] Assigning job f029da59-9ca1-4c1e-89f5-f624a0e7103b to vehicle veh20
[Midd4VCServer] job f029da59-9ca1-4c1e-89f5-f624a0e7103b completed by vehicle veh20
[Midd4VCServer] job received: e490326c-50e6-4310-ac71-ddc1b56fb413
[Midd4VCServer] Assigning job e490326c-50e6-4310-ac71-ddc1b56fb413 to vehicle veh4
[Midd4VCServer] Vehicle veh9 already registered.
[Midd4VCServer] Vehicle veh1 already registered.
[Midd4VCServer] job received: 2b50c907-a116-49e0-a08b-c2a40d7f46bc
[Midd4VCServer] Assigning job 2b50c907-a116-49e0-a08b-c2a40d7f46bc to vehicle veh27
[Midd4VCServer] Vehicle veh35 already registered.
[Midd4VCServer] Vehicle veh13 already registered.
[Midd4VCServer] Vehicle veh38 already registered.
[Midd4VCServer] job received: 46f92e87-2559-442a-91f3-bcaf738ec00a
[Midd4VC] Job d83e0160-841f-4c2e-a903-32bf11d6c415 timed out. Re-enqueueing.
[Midd4VC] Job 0fdacc23-044f-4ac9-86e0-7b32a2b0f9f9 timed out. Re-enqueueing.
[Midd4VC] Job d3619997-4093-4d0b-aeea-8e1aaa3b1660 timed out. Re-enqueueing.
[Midd4VCServer] Assigning job d3619997-4093-4d0b-aeea-8e1aaa3b1660 to vehicle veh14
[Midd4VCServer] Assigning job 0fdacc23-044f-4ac9-86e0-7b32a2b0f9f9 to vehicle veh19
[Midd4VCServer] Assigning job d83e0160-841f-4c2e-a903-32bf11d6c415 to vehicle veh16
[Midd4VCServer] Assigning job 46f92e87-2559-442a-91f3-bcaf738ec00a to vehicle veh29
[Midd4VCServer] job 0fdacc23-044f-4ac9-86e0-7b32a2b0f9f9 completed by vehicle veh19
[Midd4VCServer] job 46f92e87-2559-442a-91f3-bcaf738ec00a completed by vehicle veh29
[Midd4VCServer] Vehicle veh19 already registered.
[Midd4VCServer] Vehicle veh3 already registered.
[Midd4VCServer] job received: 4e78fc9b-2cff-4908-9a73-0a5c605fd172
[Midd4VCServer] Assigning job 4e78fc9b-2cff-4908-9a73-0a5c605fd172 to vehicle veh19
[Midd4VCServer] job 4e78fc9b-2cff-4908-9a73-0a5c605fd172 completed by vehicle veh19
[Midd4VCServer] job received: 360b0993-8e0f-45e4-8f50-137ec5a4d3da
[Midd4VCServer] Assigning job 360b0993-8e0f-45e4-8f50-137ec5a4d3da to vehicle veh2
[Midd4VCServer] job 360b0993-8e0f-45e4-8f50-137ec5a4d3da completed by vehicle veh2
[Midd4VCServer] Vehicle veh36 already registered.
[Midd4VCServer] job received: 638bc42d-50c1-413a-8749-8ad8c799226f
[Midd4VCServer] Assigning job 638bc42d-50c1-413a-8749-8ad8c799226f to vehicle veh32
[Midd4VCServer] Vehicle veh27 already registered.
[Midd4VCServer] Vehicle veh6 already registered.
[Midd4VCServer] job received: fefb7fa0-9385-4d44-9b0c-2fac90617bd0
[Midd4VCServer] Assigning job fefb7fa0-9385-4d44-9b0c-2fac90617bd0 to vehicle veh5
[Midd4VCServer] job received: 3af55b73-8203-43a7-89f3-876b8b1b141f
[Midd4VCServer] Assigning job 3af55b73-8203-43a7-89f3-876b8b1b141f to vehicle veh15
[Midd4VCServer] job 3af55b73-8203-43a7-89f3-876b8b1b141f completed by vehicle veh15
[Midd4VCServer] job received: ea0b3c17-71e0-4a7a-83c1-a9cbf6316748
[Midd4VCServer] Assigning job ea0b3c17-71e0-4a7a-83c1-a9cbf6316748 to vehicle veh9
[Midd4VCServer] job ea0b3c17-71e0-4a7a-83c1-a9cbf6316748 completed by vehicle veh9
[Midd4VCServer] job received: 6bac37ba-4894-4806-a0cb-d5eafeabc4f5
[Midd4VC] Job c7a2a896-41e6-4209-95ca-99f940a21d98 timed out. Re-enqueueing.
[Midd4VC] Job 3ac97fc6-a894-402b-8e35-0003eae2c6d6 timed out. Re-enqueueing.
[Midd4VC] Job d9d5e0f2-38c0-4051-8f87-0ff0f0a06d09 timed out. Re-enqueueing.
[Midd4VC] Job 70baa3fd-52f5-45de-a2f0-4a4b60525077 timed out. Re-enqueueing.
[Midd4VC] Job bd7059ce-b801-4656-b987-454663d1cd9e timed out. Re-enqueueing.
[Midd4VCServer] Assigning job bd7059ce-b801-4656-b987-454663d1cd9e to vehicle veh23
[Midd4VCServer] Assigning job 70baa3fd-52f5-45de-a2f0-4a4b60525077 to vehicle veh21
[Midd4VCServer] Assigning job d9d5e0f2-38c0-4051-8f87-0ff0f0a06d09 to vehicle veh1
[Midd4VCServer] Assigning job 3ac97fc6-a894-402b-8e35-0003eae2c6d6 to vehicle veh18
[Midd4VCServer] Assigning job c7a2a896-41e6-4209-95ca-99f940a21d98 to vehicle veh6
[Midd4VCServer] Assigning job 6bac37ba-4894-4806-a0cb-d5eafeabc4f5 to vehicle veh19
[Midd4VCServer] job d9d5e0f2-38c0-4051-8f87-0ff0f0a06d09 completed by vehicle veh1
[Midd4VCServer] job 6bac37ba-4894-4806-a0cb-d5eafeabc4f5 completed by vehicle veh19
[Midd4VCServer] job c7a2a896-41e6-4209-95ca-99f940a21d98 completed by vehicle veh6
[Midd4VCServer] job received: 4ee36eac-9ee0-4754-9ad2-3faeac6d9860
[Midd4VCServer] Assigning job 4ee36eac-9ee0-4754-9ad2-3faeac6d9860 to vehicle veh1
[Midd4VCServer] job 4ee36eac-9ee0-4754-9ad2-3faeac6d9860 completed by vehicle veh1
[Midd4VCServer] Vehicle veh12 already registered.
[Midd4VCServer] job received: 62846304-c509-4547-8f83-7cdcfed132e4
[Midd4VCServer] Assigning job 62846304-c509-4547-8f83-7cdcfed132e4 to vehicle veh6
[Midd4VCServer] job 62846304-c509-4547-8f83-7cdcfed132e4 completed by vehicle veh6
[Midd4VCServer] job received: 112d2e50-69c1-481c-8c39-8e8e8ec695e5
[Midd4VCServer] Assigning job 112d2e50-69c1-481c-8c39-8e8e8ec695e5 to vehicle veh33
[Midd4VCServer] Vehicle veh4 already registered.
[Midd4VCServer] Vehicle veh7 already registered.
[Midd4VCServer] Vehicle veh16 already registered.
[Midd4VCServer] Vehicle veh5 already registered.
[Midd4VCServer] Vehicle veh17 already registered.
[Midd4VCServer] Vehicle veh32 already registered.
[Midd4VCServer] Vehicle veh15 already registered.
[Midd4VCServer] job received: f1c168c3-146e-4714-8f10-bec8dd467663
[Midd4VCServer] Assigning job f1c168c3-146e-4714-8f10-bec8dd467663 to vehicle veh20
[Midd4VCServer] job received: 3d92caac-4d04-4f96-892d-851158c3d641
[Midd4VCServer] Assigning job 3d92caac-4d04-4f96-892d-851158c3d641 to vehicle veh1
[Midd4VCServer] Vehicle veh22 already registered.
[Midd4VCServer] Vehicle veh8 already registered.
[Midd4VCServer] job received: 3404fd2d-6073-4e9a-8749-4f5807a0d60e
[Midd4VC] Job bf2e4a3d-fd9c-4b13-ba55-386d60858267 timed out. Re-enqueueing.
[Midd4VCServer] Assigning job bf2e4a3d-fd9c-4b13-ba55-386d60858267 to vehicle veh13
[Midd4VCServer] Assigning job 3404fd2d-6073-4e9a-8749-4f5807a0d60e to vehicle veh26
[Midd4VCServer] job bf2e4a3d-fd9c-4b13-ba55-386d60858267 completed by vehicle veh13
[Midd4VCServer] job received: 8abb99db-0d4b-4c52-9f6d-7e96a0677d96
[Midd4VCServer] Assigning job 8abb99db-0d4b-4c52-9f6d-7e96a0677d96 to vehicle veh13
[Midd4VCServer] job 8abb99db-0d4b-4c52-9f6d-7e96a0677d96 completed by vehicle veh13
[Midd4VCServer] Vehicle veh39 already registered.
[Midd4VCServer] job received: e22feeb0-84fd-4dbf-af35-ad3ee1e404dc
[Midd4VCServer] Assigning job e22feeb0-84fd-4dbf-af35-ad3ee1e404dc to vehicle veh13
[Midd4VCServer] job e22feeb0-84fd-4dbf-af35-ad3ee1e404dc completed by vehicle veh13
[Midd4VCServer] Vehicle veh37 already registered.
[Midd4VCServer] Vehicle veh24 already registered.
[Midd4VCServer] job received: 6363c4d7-328f-40a7-bd16-df4a6df321ba
[Midd4VC] Job ec29f800-5de6-4953-9202-7406ff7b1edc timed out. Re-enqueueing.
[Midd4VCServer] Assigning job ec29f800-5de6-4953-9202-7406ff7b1edc to vehicle veh22
[Midd4VCServer] Assigning job 6363c4d7-328f-40a7-bd16-df4a6df321ba to vehicle veh13
[Midd4VCServer] job ec29f800-5de6-4953-9202-7406ff7b1edc completed by vehicle veh22
[Midd4VCServer] job 6363c4d7-328f-40a7-bd16-df4a6df321ba completed by vehicle veh13
[Midd4VCServer] job received: 0333f101-4cfc-42b9-8791-ba8d75ab466c
[Midd4VCServer] Assigning job 0333f101-4cfc-42b9-8791-ba8d75ab466c to vehicle veh22
[Midd4VCServer] job 0333f101-4cfc-42b9-8791-ba8d75ab466c completed by vehicle veh22
[Midd4VCServer] Vehicle veh30 already registered.
[Midd4VCServer] Vehicle veh8 already registered.
[Midd4VCServer] Vehicle veh20 already registered.
[Midd4VCServer] job received: 9186ccf2-6d3d-4306-b92e-75e07242f78b
[Midd4VC] Job 6470c226-6840-4942-b5da-cb0ed6e7346d timed out. Re-enqueueing.
[Midd4VCServer] Assigning job 6470c226-6840-4942-b5da-cb0ed6e7346d to vehicle veh28
[Midd4VCServer] Assigning job 9186ccf2-6d3d-4306-b92e-75e07242f78b to vehicle veh22
[Midd4VCServer] job 9186ccf2-6d3d-4306-b92e-75e07242f78b completed by vehicle veh22
[Midd4VCServer] job received: 7b8188cd-a9b9-4cf8-afa5-5b2580466dca
[Midd4VCServer] Assigning job 7b8188cd-a9b9-4cf8-afa5-5b2580466dca to vehicle veh13
[Midd4VCServer] job 7b8188cd-a9b9-4cf8-afa5-5b2580466dca completed by vehicle veh13
[Midd4VCServer] job received: 24993c8c-ab67-4416-8dff-5f49e78e48cf
[Midd4VCServer] Assigning job 24993c8c-ab67-4416-8dff-5f49e78e48cf to vehicle veh22
[Midd4VCServer] job 24993c8c-ab67-4416-8dff-5f49e78e48cf completed by vehicle veh22
[Midd4VCServer] Vehicle veh38 already registered.
[Midd4VCServer] Vehicle veh10 already registered.
[Midd4VCServer] Vehicle veh4 already registered.
[Midd4VCServer] Vehicle veh40 already registered.
[Midd4VCServer] job received: bdf7f255-2b47-461b-a78c-e5108b26548b
[Midd4VC] Job 4faf8350-5717-4bc6-894d-b5965419376a timed out. Re-enqueueing.
[Midd4VC] Job 28f1ebaf-c74c-4e4b-bc5e-5d24756eae36 timed out. Re-enqueueing.
[Midd4VC] Job eebb4517-93f6-4f07-8d6c-9aad4083a872 timed out. Re-enqueueing.
[Midd4VCServer] Assigning job eebb4517-93f6-4f07-8d6c-9aad4083a872 to vehicle veh30
[Midd4VCServer] Assigning job 28f1ebaf-c74c-4e4b-bc5e-5d24756eae36 to vehicle veh40
[Midd4VCServer] Assigning job 4faf8350-5717-4bc6-894d-b5965419376a to vehicle veh39
[Midd4VCServer] Assigning job bdf7f255-2b47-461b-a78c-e5108b26548b to vehicle veh13
[Midd4VCServer] job eebb4517-93f6-4f07-8d6c-9aad4083a872 completed by vehicle veh30
[Midd4VCServer] job 28f1ebaf-c74c-4e4b-bc5e-5d24756eae36 completed by vehicle veh40
[Midd4VCServer] job bdf7f255-2b47-461b-a78c-e5108b26548b completed by vehicle veh13
[Midd4VCServer] Vehicle veh29 already registered.
[Midd4VCServer] Vehicle veh2 already registered.
[Midd4VCServer] Vehicle veh26 already registered.
[Midd4VCServer] Vehicle veh31 already registered.
[Midd4VCServer] Vehicle veh16 already registered.
[Midd4VCServer] job received: 25fb17e6-65e3-48e3-8b19-480f86a6ebed
[Midd4VC] Job ee19113d-aa4b-4a46-b410-768e60b1fbaf timed out. Re-enqueueing.
[Midd4VCServer] Assigning job ee19113d-aa4b-4a46-b410-768e60b1fbaf to vehicle veh30
[Midd4VCServer] Assigning job 25fb17e6-65e3-48e3-8b19-480f86a6ebed to vehicle veh40
[Midd4VCServer] job 25fb17e6-65e3-48e3-8b19-480f86a6ebed completed by vehicle veh40
[Midd4VCServer] Vehicle veh1 already registered.
[Midd4VCServer] job received: 41a14d92-8f39-45f1-ad5f-0f7c2306f24d
[Midd4VC] Job a19fc5e9-c493-4a34-a5c2-d8155e8de329 timed out. Re-enqueueing.
[Midd4VC] Job 681d8b9e-a1c2-4098-b76c-7eac9238f3d3 timed out. Re-enqueueing.
[Midd4VC] Job 892153ed-6f60-40fb-adf3-6d38c8d57c13 timed out. Re-enqueueing.
[Midd4VCServer] Assigning job 892153ed-6f60-40fb-adf3-6d38c8d57c13 to vehicle veh40
[Midd4VCServer] Assigning job 681d8b9e-a1c2-4098-b76c-7eac9238f3d3 to vehicle veh11
[Midd4VCServer] Assigning job a19fc5e9-c493-4a34-a5c2-d8155e8de329 to vehicle veh34
[Midd4VCServer] Assigning job 41a14d92-8f39-45f1-ad5f-0f7c2306f24d to vehicle veh25
[Midd4VCServer] job 892153ed-6f60-40fb-adf3-6d38c8d57c13 completed by vehicle veh40
[Midd4VCServer] Vehicle veh3 already registered.
[Midd4VCServer] job received: 231b2e32-c315-49d6-9287-1ad3a1fd3a61
[Midd4VCServer] Assigning job 231b2e32-c315-49d6-9287-1ad3a1fd3a61 to vehicle veh40
[Midd4VCServer] job 231b2e32-c315-49d6-9287-1ad3a1fd3a61 completed by vehicle veh40
[Midd4VCServer] job received: 9429941d-9b11-4ce6-9b66-e99ef6370226
[Midd4VCServer] Assigning job 9429941d-9b11-4ce6-9b66-e99ef6370226 to vehicle veh40
[Midd4VCServer] job 9429941d-9b11-4ce6-9b66-e99ef6370226 completed by vehicle veh40
[Midd4VCServer] Vehicle veh28 already registered.
[Midd4VCServer] job received: f12b4fd2-dbd6-4a7f-adb3-0dd7c060359d
[Midd4VC] Job 39f3f776-de9b-4c08-9a3b-94afaf8eeb2d timed out. Re-enqueueing.
[Midd4VCServer] Assigning job 39f3f776-de9b-4c08-9a3b-94afaf8eeb2d to vehicle veh40
[Midd4VCServer] Assigning job f12b4fd2-dbd6-4a7f-adb3-0dd7c060359d to vehicle veh17
[Midd4VCServer] job 39f3f776-de9b-4c08-9a3b-94afaf8eeb2d completed by vehicle veh40
[Midd4VCServer] job received: 987017bb-0a0f-4d2a-9e4b-af8298f30a5c
[Midd4VCServer] Assigning job 987017bb-0a0f-4d2a-9e4b-af8298f30a5c to vehicle veh40
[Midd4VCServer] job 987017bb-0a0f-4d2a-9e4b-af8298f30a5c completed by vehicle veh40
[Midd4VCServer] Vehicle veh35 already registered.
[Midd4VCServer] Vehicle veh5 already registered.
[Midd4VCServer] Vehicle veh34 already registered.
[Midd4VCServer] job received: a0e94ad8-8d2a-4f98-b7ef-51caa5db5c27
[Midd4VCServer] Assigning job a0e94ad8-8d2a-4f98-b7ef-51caa5db5c27 to vehicle veh40
[Midd4VCServer] job received: 963442a1-e7d8-41cc-8b36-337208d6d587
[Midd4VCServer] Assigning job 963442a1-e7d8-41cc-8b36-337208d6d587 to vehicle veh31
[Midd4VCServer] job received: 0f7166b1-ed61-4371-afd9-7db69336ea41
[Midd4VCServer] Assigning job 0f7166b1-ed61-4371-afd9-7db69336ea41 to vehicle veh22
[Midd4VCServer] job 0f7166b1-ed61-4371-afd9-7db69336ea41 completed by vehicle veh22
[Midd4VCServer] job received: 7ff60e3f-ab85-41c0-b0ac-6579bbb514b9
[Midd4VCServer] Assigning job 7ff60e3f-ab85-41c0-b0ac-6579bbb514b9 to vehicle veh13
[Midd4VCServer] job 7ff60e3f-ab85-41c0-b0ac-6579bbb514b9 completed by vehicle veh13
[Midd4VCServer] job received: 215629e2-90f0-455a-a1b6-17a8646c6751
[Midd4VCServer] Assigning job 215629e2-90f0-455a-a1b6-17a8646c6751 to vehicle veh22
[Midd4VCServer] job 215629e2-90f0-455a-a1b6-17a8646c6751 completed by vehicle veh22
[Midd4VCServer] Vehicle veh36 already registered.
[Midd4VCServer] Vehicle veh30 already registered.
[Midd4VCServer] Vehicle veh24 already registered.
[Midd4VCServer] Vehicle veh14 already registered.
[Midd4VCServer] Vehicle veh29 already registered.
[Midd4VCServer] job received: 2594f7fd-b513-414b-aaf7-a93bc8370189
[Midd4VC] Job b4892755-ae21-44ed-80a9-04783001625a timed out. Re-enqueueing.
[Midd4VC] Job e1f5b0b8-0c90-494b-b411-1a2aa832632f timed out. Re-enqueueing.
[Midd4VC] Job 047ffb18-3e28-48ad-8ae3-9b3c45192b86 timed out. Re-enqueueing.
[Midd4VCServer] Assigning job 047ffb18-3e28-48ad-8ae3-9b3c45192b86 to vehicle veh24
[Midd4VCServer] Assigning job e1f5b0b8-0c90-494b-b411-1a2aa832632f to vehicle veh37
[Midd4VCServer] Assigning job b4892755-ae21-44ed-80a9-04783001625a to vehicle veh7
[Midd4VCServer] Assigning job 2594f7fd-b513-414b-aaf7-a93bc8370189 to vehicle veh6
[Midd4VCServer] job 047ffb18-3e28-48ad-8ae3-9b3c45192b86 completed by vehicle veh24
[Midd4VCServer] job received: 4673c2c6-9cf7-4a78-ac1b-3d6501f6bceb
[Midd4VCServer] Assigning job 4673c2c6-9cf7-4a78-ac1b-3d6501f6bceb to vehicle veh24
[Midd4VCServer] job 4673c2c6-9cf7-4a78-ac1b-3d6501f6bceb completed by vehicle veh24
[Midd4VCServer] Vehicle veh21 already registered.
[Midd4VCServer] Vehicle veh6 already registered.
[Midd4VCServer] Vehicle veh11 already registered.
[Midd4VCServer] job received: 0cfdc3c8-bb7e-41a7-b266-bb39f5fe2df6
[Midd4VCServer] Assigning job 0cfdc3c8-bb7e-41a7-b266-bb39f5fe2df6 to vehicle veh24
[Midd4VCServer] job 0cfdc3c8-bb7e-41a7-b266-bb39f5fe2df6 completed by vehicle veh24
[Midd4VCServer] Vehicle veh23 already registered.
[Midd4VCServer] Vehicle veh18 already registered.
[Midd4VCServer] Vehicle veh29 already registered.
[Midd4VCServer] Vehicle veh10 already registered.
[Midd4VCServer] job received: 5f306cd6-ddce-4346-90dc-0b4b1bc18d47
[Midd4VC] Job 2e301a42-51d6-4acb-8c4c-a46d30875579 timed out. Re-enqueueing.
[Midd4VC] Job 35525c3c-b9d1-4414-a8fc-cb80da7334ff timed out. Re-enqueueing.
[Midd4VC] Job 81553eff-5373-49c7-9b86-eba80701e279 timed out. Re-enqueueing.
[Midd4VC] Job bae22b94-e848-449c-8729-5c8de40c65bc timed out. Re-enqueueing.
[Midd4VC] Job 62618a5f-4b01-4ab8-9543-a61ab3f155d2 timed out. Re-enqueueing.
[Midd4VC] Job 3f73baf0-7797-45c2-bd28-aac2ba002c55 timed out. Re-enqueueing.
[Midd4VCServer] Assigning job 3f73baf0-7797-45c2-bd28-aac2ba002c55 to vehicle veh8
[Midd4VCServer] Assigning job 62618a5f-4b01-4ab8-9543-a61ab3f155d2 to vehicle veh12
[Midd4VCServer] Assigning job bae22b94-e848-449c-8729-5c8de40c65bc to vehicle veh10
[Midd4VCServer] Assigning job 81553eff-5373-49c7-9b86-eba80701e279 to vehicle veh3
[Midd4VCServer] Assigning job 35525c3c-b9d1-4414-a8fc-cb80da7334ff to vehicle veh36
[Midd4VCServer] Assigning job 2e301a42-51d6-4acb-8c4c-a46d30875579 to vehicle veh38
[Midd4VCServer] Assigning job 5f306cd6-ddce-4346-90dc-0b4b1bc18d47 to vehicle veh24
[Midd4VCServer] job 5f306cd6-ddce-4346-90dc-0b4b1bc18d47 completed by vehicle veh24
[Midd4VCServer] job bae22b94-e848-449c-8729-5c8de40c65bc completed by vehicle veh10
[Midd4VCServer] job received: 0aa76730-8286-4884-ab6c-8de801219922
[Midd4VCServer] Assigning job 0aa76730-8286-4884-ab6c-8de801219922 to vehicle veh10
[Midd4VCServer] job 0aa76730-8286-4884-ab6c-8de801219922 completed by vehicle veh10
[Midd4VCServer] job received: f3feff0e-2fc7-4676-9374-f8b86cecf8ec
[Midd4VC] Job 8fd94291-b81f-4a1d-9904-b6bd6d96536f timed out. Re-enqueueing.
[Midd4VCServer] Assigning job 8fd94291-b81f-4a1d-9904-b6bd6d96536f to vehicle veh35
[Midd4VCServer] Assigning job f3feff0e-2fc7-4676-9374-f8b86cecf8ec to vehicle veh10
[Midd4VCServer] job f3feff0e-2fc7-4676-9374-f8b86cecf8ec completed by vehicle veh10
[Midd4VCServer] job received: cc664d96-3636-4ccf-91d9-a41fa1b80114
[Midd4VCServer] Assigning job cc664d96-3636-4ccf-91d9-a41fa1b80114 to vehicle veh13
[Midd4VCServer] job cc664d96-3636-4ccf-91d9-a41fa1b80114 completed by vehicle veh13
[Midd4VCServer] Vehicle veh15 already registered.
[Midd4VCServer] job received: 50474bcc-6fb4-4511-a2a0-628256e83398
[Midd4VC] Job e490326c-50e6-4310-ac71-ddc1b56fb413 timed out. Re-enqueueing.
[Midd4VCServer] Assigning job e490326c-50e6-4310-ac71-ddc1b56fb413 to vehicle veh4
[Midd4VCServer] Assigning job 50474bcc-6fb4-4511-a2a0-628256e83398 to vehicle veh29
[Midd4VCServer] job e490326c-50e6-4310-ac71-ddc1b56fb413 completed by vehicle veh4
[Midd4VCServer] job 50474bcc-6fb4-4511-a2a0-628256e83398 completed by vehicle veh29
[Midd4VCServer] Vehicle veh9 already registered.
[Midd4VCServer] job received: 0b4ea9e1-e586-407e-b417-8040f9c62715
[Midd4VCServer] Assigning job 0b4ea9e1-e586-407e-b417-8040f9c62715 to vehicle veh4
[Midd4VCServer] job 0b4ea9e1-e586-407e-b417-8040f9c62715 completed by vehicle veh4
[Midd4VCServer] job received: 0aee721c-65e3-411e-a4c4-40ec716e0763
[Midd4VCServer] Assigning job 0aee721c-65e3-411e-a4c4-40ec716e0763 to vehicle veh10
[Midd4VCServer] job 0aee721c-65e3-411e-a4c4-40ec716e0763 completed by vehicle veh10
[Midd4VCServer] Vehicle veh32 already registered.
[Midd4VCServer] Vehicle veh16 already registered.
[Midd4VCServer] Vehicle veh19 already registered.
[Midd4VCServer] Vehicle veh39 already registered.
[Midd4VCServer] Vehicle veh2 already registered.
[Midd4VCServer] Vehicle veh28 already registered.
[Midd4VCServer] job received: d9738331-0aa8-46a5-8e70-ce0b13a4f221
[Midd4VC] Job 2b50c907-a116-49e0-a08b-c2a40d7f46bc timed out. Re-enqueueing.
[Midd4VC] Job d3619997-4093-4d0b-aeea-8e1aaa3b1660 timed out. Re-enqueueing.
[Midd4VC] Job d83e0160-841f-4c2e-a903-32bf11d6c415 timed out. Re-enqueueing.
[Midd4VCServer] Assigning job d83e0160-841f-4c2e-a903-32bf11d6c415 to vehicle veh14
[Midd4VCServer] Assigning job d3619997-4093-4d0b-aeea-8e1aaa3b1660 to vehicle veh16
[Midd4VCServer] Assigning job 2b50c907-a116-49e0-a08b-c2a40d7f46bc to vehicle veh27
[Midd4VCServer] Assigning job d9738331-0aa8-46a5-8e70-ce0b13a4f221 to vehicle veh2
[Midd4VCServer] job d3619997-4093-4d0b-aeea-8e1aaa3b1660 completed by vehicle veh16
[Midd4VCServer] job d9738331-0aa8-46a5-8e70-ce0b13a4f221 completed by vehicle veh2
[Midd4VCServer] job received: ad929dea-7bbb-413f-bb12-4baca7ae219d
[Midd4VCServer] Assigning job ad929dea-7bbb-413f-bb12-4baca7ae219d to vehicle veh16
[Midd4VCServer] job ad929dea-7bbb-413f-bb12-4baca7ae219d completed by vehicle veh16
[Midd4VCServer] Vehicle veh35 already registered.
[Midd4VCServer] job received: fc100251-898e-454e-9073-7cbc9dcbaca7
[Midd4VCServer] Assigning job fc100251-898e-454e-9073-7cbc9dcbaca7 to vehicle veh15
[Midd4VCServer] job fc100251-898e-454e-9073-7cbc9dcbaca7 completed by vehicle veh15
[Midd4VCServer] Vehicle veh23 already registered.
[Midd4VCServer] job received: 50e852a2-f019-4712-ba38-3ad6e36914ce
[Midd4VC] Job 638bc42d-50c1-413a-8749-8ad8c799226f timed out. Re-enqueueing.
[Midd4VCServer] Assigning job 638bc42d-50c1-413a-8749-8ad8c799226f to vehicle veh32
[Midd4VCServer] Assigning job 50e852a2-f019-4712-ba38-3ad6e36914ce to vehicle veh9
[Midd4VCServer] job 638bc42d-50c1-413a-8749-8ad8c799226f completed by vehicle veh32
[Midd4VCServer] job 50e852a2-f019-4712-ba38-3ad6e36914ce completed by vehicle veh9
[Midd4VCServer] Vehicle veh1 already registered.
[Midd4VCServer] Vehicle veh38 already registered.
[Midd4VCServer] job received: 6fd0a122-a6e0-451a-b6a7-6951d55b6bf0
[Midd4VC] Job fefb7fa0-9385-4d44-9b0c-2fac90617bd0 timed out. Re-enqueueing.
[Midd4VCServer] Assigning job fefb7fa0-9385-4d44-9b0c-2fac90617bd0 to vehicle veh5
[Midd4VCServer] Assigning job 6fd0a122-a6e0-451a-b6a7-6951d55b6bf0 to vehicle veh32
[Midd4VCServer] job 6fd0a122-a6e0-451a-b6a7-6951d55b6bf0 completed by vehicle veh32
[Midd4VCServer] job received: 00900474-ae7b-4bb2-b6d5-057686a82a60
[Midd4VC] Job bd7059ce-b801-4656-b987-454663d1cd9e timed out. Re-enqueueing.
[Midd4VC] Job 70baa3fd-52f5-45de-a2f0-4a4b60525077 timed out. Re-enqueueing.
[Midd4VC] Job 3ac97fc6-a894-402b-8e35-0003eae2c6d6 timed out. Re-enqueueing.
[Midd4VCServer] Assigning job 3ac97fc6-a894-402b-8e35-0003eae2c6d6 to vehicle veh23
[Midd4VCServer] Assigning job 70baa3fd-52f5-45de-a2f0-4a4b60525077 to vehicle veh21
[Midd4VCServer] Assigning job bd7059ce-b801-4656-b987-454663d1cd9e to vehicle veh18
[Midd4VCServer] Assigning job 00900474-ae7b-4bb2-b6d5-057686a82a60 to vehicle veh19
[Midd4VCServer] job bd7059ce-b801-4656-b987-454663d1cd9e completed by vehicle veh18
[Midd4VCServer] job 3ac97fc6-a894-402b-8e35-0003eae2c6d6 completed by vehicle veh23
[Midd4VCServer] job 00900474-ae7b-4bb2-b6d5-057686a82a60 completed by vehicle veh19
[Midd4VCServer] job 70baa3fd-52f5-45de-a2f0-4a4b60525077 completed by vehicle veh21
[Midd4VCServer] Vehicle veh18 already registered.
[Midd4VCServer] job received: 279b9df4-3d60-4404-bf20-2507f324b99a
[Midd4VCServer] Assigning job 279b9df4-3d60-4404-bf20-2507f324b99a to vehicle veh23
[Midd4VCServer] job 279b9df4-3d60-4404-bf20-2507f324b99a completed by vehicle veh23
[Midd4VCServer] Vehicle veh39 already registered.
[Midd4VCServer] job received: 7ae514f7-d604-40b6-a35b-33ddc66477d4
[Midd4VC] Job 112d2e50-69c1-481c-8c39-8e8e8ec695e5 timed out. Re-enqueueing.
[Midd4VCServer] Assigning job 112d2e50-69c1-481c-8c39-8e8e8ec695e5 to vehicle veh21
[Midd4VCServer] Assigning job 7ae514f7-d604-40b6-a35b-33ddc66477d4 to vehicle veh18
[Midd4VCServer] job 112d2e50-69c1-481c-8c39-8e8e8ec695e5 completed by vehicle veh21
[Midd4VCServer] job 7ae514f7-d604-40b6-a35b-33ddc66477d4 completed by vehicle veh18
[Midd4VCServer] job received: 80ee0e69-ee58-47ba-919a-bab03ddf87dc
[Midd4VCServer] Assigning job 80ee0e69-ee58-47ba-919a-bab03ddf87dc to vehicle veh23
[Midd4VCServer] job 80ee0e69-ee58-47ba-919a-bab03ddf87dc completed by vehicle veh23
[Midd4VCServer] job received: eb902257-c879-4fab-9e5f-cb969322628e
[Midd4VCServer] Assigning job eb902257-c879-4fab-9e5f-cb969322628e to vehicle veh33
[Midd4VCServer] job received: 5b140a4e-1863-404b-936c-f7a4a886aa00
[Midd4VCServer] Assigning job 5b140a4e-1863-404b-936c-f7a4a886aa00 to vehicle veh21
[Midd4VCServer] job 5b140a4e-1863-404b-936c-f7a4a886aa00 completed by vehicle veh21
[Midd4VCServer] Vehicle veh7 already registered.
[Midd4VCServer] Vehicle veh40 already registered.
[Midd4VCServer] job received: 985342e6-3342-4e03-b87c-6aee03de0acb
[Midd4VC] Job f1c168c3-146e-4714-8f10-bec8dd467663 timed out. Re-enqueueing.
[Midd4VC] Job 3d92caac-4d04-4f96-892d-851158c3d641 timed out. Re-enqueueing.
[Midd4VC] Job 3404fd2d-6073-4e9a-8749-4f5807a0d60e timed out. Re-enqueueing.
[Midd4VCServer] Assigning job 3404fd2d-6073-4e9a-8749-4f5807a0d60e to vehicle veh20
[Midd4VCServer] Assigning job 3d92caac-4d04-4f96-892d-851158c3d641 to vehicle veh1
[Midd4VCServer] Assigning job f1c168c3-146e-4714-8f10-bec8dd467663 to vehicle veh18
[Midd4VCServer] Assigning job 985342e6-3342-4e03-b87c-6aee03de0acb to vehicle veh26
[Midd4VCServer] job 3d92caac-4d04-4f96-892d-851158c3d641 completed by vehicle veh1
[Midd4VCServer] job f1c168c3-146e-4714-8f10-bec8dd467663 completed by vehicle veh18
[Midd4VCServer] Vehicle veh33 already registered.
[Midd4VCServer] job received: f5e9a0ea-aafe-48c0-8172-bb2066ded31f
[Midd4VCServer] Assigning job f5e9a0ea-aafe-48c0-8172-bb2066ded31f to vehicle veh23
[Midd4VCServer] job f5e9a0ea-aafe-48c0-8172-bb2066ded31f completed by vehicle veh23
[Midd4VCServer] Vehicle veh4 already registered.
[Midd4VCServer] Vehicle veh16 already registered.
[Midd4VCServer] Vehicle veh38 already registered.
[Midd4VCServer] job received: b4e009cf-8292-400d-acc0-61622a3a03b7
[Midd4VCServer] Assigning job b4e009cf-8292-400d-acc0-61622a3a03b7 to vehicle veh21
[Midd4VCServer] job b4e009cf-8292-400d-acc0-61622a3a03b7 completed by vehicle veh21
[Midd4VCServer] job received: 3c3d1b53-513f-4928-b386-83f4ad28b3ee
[Midd4VCServer] Assigning job 3c3d1b53-513f-4928-b386-83f4ad28b3ee to vehicle veh24
[Midd4VCServer] Vehicle veh12 already registered.
[Midd4VCServer] job received: 86235bfa-a8c8-4ff4-9398-b48c1988d53d
[Midd4VCServer] Assigning job 86235bfa-a8c8-4ff4-9398-b48c1988d53d to vehicle veh1
[Midd4VCServer] job 86235bfa-a8c8-4ff4-9398-b48c1988d53d completed by vehicle veh1
[Midd4VCServer] Vehicle veh26 already registered.
[Midd4VCServer] Vehicle veh14 already registered.
[Midd4VCServer] job received: 4a6fae96-9bdb-4ac1-b7e2-459a60f6906b
[Midd4VC] Job 6470c226-6840-4942-b5da-cb0ed6e7346d timed out. Re-enqueueing.
[Midd4VCServer] Assigning job 6470c226-6840-4942-b5da-cb0ed6e7346d to vehicle veh28
[Midd4VCServer] Assigning job 4a6fae96-9bdb-4ac1-b7e2-459a60f6906b to vehicle veh22
[Midd4VCServer] job received: 0502e82e-a963-417d-9d11-910ecc95cf83
[Midd4VCServer] Assigning job 0502e82e-a963-417d-9d11-910ecc95cf83 to vehicle veh18
[Midd4VCServer] job received: ba79a401-255c-48a3-9878-9a15b2735e8a
[Midd4VC] Job 4faf8350-5717-4bc6-894d-b5965419376a timed out. Re-enqueueing.
[Midd4VCServer] Assigning job 4faf8350-5717-4bc6-894d-b5965419376a to vehicle veh39
[Midd4VCServer] Assigning job ba79a401-255c-48a3-9878-9a15b2735e8a to vehicle veh16
[Midd4VCServer] job ba79a401-255c-48a3-9878-9a15b2735e8a completed by vehicle veh16
[Midd4VCServer] job received: 40d62684-7660-4ddc-ac6b-9239c1d9bd5b
[Midd4VCServer] Assigning job 40d62684-7660-4ddc-ac6b-9239c1d9bd5b to vehicle veh13
[Midd4VCServer] Vehicle veh11 already registered.
[Midd4VCServer] job received: cfc07582-faa7-4d9b-954d-00f182d3e9f3
[Midd4VCServer] Assigning job cfc07582-faa7-4d9b-954d-00f182d3e9f3 to vehicle veh4
[Midd4VCServer] job cfc07582-faa7-4d9b-954d-00f182d3e9f3 completed by vehicle veh4
[Midd4VCServer] Vehicle veh38 already registered.
[Midd4VCServer] Vehicle veh5 already registered.
[Midd4VCServer] job received: 1339530a-e7cc-4dd3-a8cf-1e5b086738a8
[Midd4VC] Job ee19113d-aa4b-4a46-b410-768e60b1fbaf timed out. Re-enqueueing.
[Midd4VCServer] Assigning job ee19113d-aa4b-4a46-b410-768e60b1fbaf to vehicle veh30
[Midd4VCServer] Assigning job 1339530a-e7cc-4dd3-a8cf-1e5b086738a8 to vehicle veh29
[Midd4VCServer] job 1339530a-e7cc-4dd3-a8cf-1e5b086738a8 completed by vehicle veh29
[Midd4VCServer] Vehicle veh27 already registered.
[Midd4VCServer] job received: 33980e34-2f5d-4976-a91e-08ef3db6d4e3
[Midd4VC] Job 681d8b9e-a1c2-4098-b76c-7eac9238f3d3 timed out. Re-enqueueing.
[Midd4VC] Job a19fc5e9-c493-4a34-a5c2-d8155e8de329 timed out. Re-enqueueing.
[Midd4VC] Job 41a14d92-8f39-45f1-ad5f-0f7c2306f24d timed out. Re-enqueueing.
[Midd4VCServer] Assigning job 41a14d92-8f39-45f1-ad5f-0f7c2306f24d to vehicle veh11
[Midd4VCServer] Assigning job a19fc5e9-c493-4a34-a5c2-d8155e8de329 to vehicle veh34
[Midd4VCServer] Assigning job 681d8b9e-a1c2-4098-b76c-7eac9238f3d3 to vehicle veh25
[Midd4VCServer] Assigning job 33980e34-2f5d-4976-a91e-08ef3db6d4e3 to vehicle veh10
[Midd4VCServer] job 41a14d92-8f39-45f1-ad5f-0f7c2306f24d completed by vehicle veh11
[Midd4VCServer] job 33980e34-2f5d-4976-a91e-08ef3db6d4e3 completed by vehicle veh10
[Midd4VCServer] Vehicle veh20 already registered.
[Midd4VCServer] Vehicle veh13 already registered.
[Midd4VCServer] Vehicle veh33 already registered.
[Midd4VCServer] Vehicle veh2 already registered.
[Midd4VCServer] job received: 1048ed6a-9f4f-4fb6-b9e0-347882a428e5
[Midd4VCServer] Assigning job 1048ed6a-9f4f-4fb6-b9e0-347882a428e5 to vehicle veh11
[Midd4VCServer] job 1048ed6a-9f4f-4fb6-b9e0-347882a428e5 completed by vehicle veh11
[Midd4VCServer] Vehicle veh19 already registered.
[Midd4VCServer] Vehicle veh25 already registered.
[Midd4VCServer] Disconnected with result code 0
[Midd4VCServer] Server stopped.
[Midd4VCServer] Connected with result code 0
[Midd4VCServer] Server started and subscribed to topics.
[Midd4VCServer] job received: ef267e57-99c0-4220-9564-0aa1013a4909
[Midd4VC] Job f12b4fd2-dbd6-4a7f-adb3-0dd7c060359d timed out. Re-enqueueing.
[Midd4VC] Job a0e94ad8-8d2a-4f98-b7ef-51caa5db5c27 timed out. Re-enqueueing.
[Midd4VC] Job 963442a1-e7d8-41cc-8b36-337208d6d587 timed out. Re-enqueueing.
[Midd4VCServer] Assigning job 963442a1-e7d8-41cc-8b36-337208d6d587 to vehicle veh40
[Midd4VCServer] Assigning job a0e94ad8-8d2a-4f98-b7ef-51caa5db5c27 to vehicle veh11
[Midd4VCServer] Assigning job f12b4fd2-dbd6-4a7f-adb3-0dd7c060359d to vehicle veh17
[Midd4VCServer] Assigning job ef267e57-99c0-4220-9564-0aa1013a4909 to vehicle veh31
[Midd4VCServer] job 963442a1-e7d8-41cc-8b36-337208d6d587 completed by vehicle veh40
[Midd4VCServer] job a0e94ad8-8d2a-4f98-b7ef-51caa5db5c27 completed by vehicle veh11
[Midd4VCServer] job received: f29ffc66-fae4-42f7-afba-b254d7a5bfbd
[Midd4VCServer] Assigning job f29ffc66-fae4-42f7-afba-b254d7a5bfbd to vehicle veh40
[Midd4VCServer] job f29ffc66-fae4-42f7-afba-b254d7a5bfbd completed by vehicle veh40
[Midd4VCServer] job received: f4b85005-abfa-4cdb-a63c-681eba9e36b5
[Midd4VCServer] Assigning job f4b85005-abfa-4cdb-a63c-681eba9e36b5 to vehicle veh40
[Midd4VCServer] job f4b85005-abfa-4cdb-a63c-681eba9e36b5 completed by vehicle veh40
[Midd4VCServer] Vehicle veh28 already registered.
[Midd4VCServer] job received: 9d73f51e-53f0-49a5-bfee-b28138472636
[Midd4VCServer] Assigning job 9d73f51e-53f0-49a5-bfee-b28138472636 to vehicle veh40
[Midd4VCServer] job 9d73f51e-53f0-49a5-bfee-b28138472636 completed by vehicle veh40
[Midd4VCServer] Vehicle veh30 already registered.
[Midd4VCServer] job received: d89ad379-ecea-46ae-9a35-2c9619582e42
[Midd4VCServer] Assigning job d89ad379-ecea-46ae-9a35-2c9619582e42 to vehicle veh40
[Midd4VCServer] job d89ad379-ecea-46ae-9a35-2c9619582e42 completed by vehicle veh40
[Midd4VCServer] Vehicle veh3 already registered.
[Midd4VCServer] Vehicle veh39 already registered.
[Midd4VCServer] Vehicle veh4 already registered.
[Midd4VCServer] Vehicle veh37 already registered.
[Midd4VCServer] job received: 03847576-1178-4970-9330-e1ee54f4c829
[Midd4VCServer] Assigning job 03847576-1178-4970-9330-e1ee54f4c829 to vehicle veh11
[Midd4VCServer] job 03847576-1178-4970-9330-e1ee54f4c829 completed by vehicle veh11
[Midd4VCServer] Vehicle veh10 already registered.
[Midd4VCServer] Vehicle veh35 already registered.
[Midd4VCServer] Vehicle veh19 already registered.
[Midd4VCServer] Vehicle veh7 already registered.
[Midd4VCServer] job received: 596521fa-ed76-4bbe-968d-4e71a16acdb6
[Midd4VC] Job e1f5b0b8-0c90-494b-b411-1a2aa832632f timed out. Re-enqueueing.
[Midd4VC] Job b4892755-ae21-44ed-80a9-04783001625a timed out. Re-enqueueing.
[Midd4VC] Job 2594f7fd-b513-414b-aaf7-a93bc8370189 timed out. Re-enqueueing.
[Midd4VCServer] Assigning job 2594f7fd-b513-414b-aaf7-a93bc8370189 to vehicle veh40
[Midd4VCServer] Assigning job b4892755-ae21-44ed-80a9-04783001625a to vehicle veh11
[Midd4VCServer] Assigning job e1f5b0b8-0c90-494b-b411-1a2aa832632f to vehicle veh37
[Midd4VCServer] Assigning job 596521fa-ed76-4bbe-968d-4e71a16acdb6 to vehicle veh7
[Midd4VCServer] job b4892755-ae21-44ed-80a9-04783001625a completed by vehicle veh11
[Midd4VCServer] job e1f5b0b8-0c90-494b-b411-1a2aa832632f completed by vehicle veh37
[Midd4VCServer] job 596521fa-ed76-4bbe-968d-4e71a16acdb6 completed by vehicle veh7
[Midd4VCServer] Vehicle veh33 already registered.
[Midd4VCServer] job received: 3a5a8385-6f97-4964-bdc0-7e64286e0281
[Midd4VCServer] Assigning job 3a5a8385-6f97-4964-bdc0-7e64286e0281 to vehicle veh11
[Midd4VCServer] job 3a5a8385-6f97-4964-bdc0-7e64286e0281 completed by vehicle veh11
[Midd4VCServer] Vehicle veh22 already registered.
[Midd4VCServer] job received: dacdd3c0-58b9-410a-8911-a98ce9daad2b
[Midd4VCServer] Assigning job dacdd3c0-58b9-410a-8911-a98ce9daad2b to vehicle veh11
[Midd4VCServer] job dacdd3c0-58b9-410a-8911-a98ce9daad2b completed by vehicle veh11
[Midd4VCServer] job received: 39466d72-ec17-46e0-a90c-d427d9aaa47f
[Midd4VCServer] Assigning job 39466d72-ec17-46e0-a90c-d427d9aaa47f to vehicle veh11
[Midd4VCServer] job 39466d72-ec17-46e0-a90c-d427d9aaa47f completed by vehicle veh11
[Midd4VCServer] job received: cd88184b-884f-488e-aec1-64271a9f0683
[Midd4VCServer] Assigning job cd88184b-884f-488e-aec1-64271a9f0683 to vehicle veh37
[Midd4VCServer] job cd88184b-884f-488e-aec1-64271a9f0683 completed by vehicle veh37
[Midd4VCServer] Vehicle veh34 already registered.
[Midd4VCServer] job received: 23af4639-a3cc-4cf5-b1b7-4e4de1945d0c
[Midd4VC] Job 3f73baf0-7797-45c2-bd28-aac2ba002c55 timed out. Re-enqueueing.
[Midd4VC] Job 62618a5f-4b01-4ab8-9543-a61ab3f155d2 timed out. Re-enqueueing.
[Midd4VC] Job 81553eff-5373-49c7-9b86-eba80701e279 timed out. Re-enqueueing.
[Midd4VC] Job 35525c3c-b9d1-4414-a8fc-cb80da7334ff timed out. Re-enqueueing.
[Midd4VC] Job 2e301a42-51d6-4acb-8c4c-a46d30875579 timed out. Re-enqueueing.
[Midd4VCServer] Assigning job 2e301a42-51d6-4acb-8c4c-a46d30875579 to vehicle veh8
[Midd4VCServer] Assigning job 35525c3c-b9d1-4414-a8fc-cb80da7334ff to vehicle veh12
[Midd4VCServer] Assigning job 81553eff-5373-49c7-9b86-eba80701e279 to vehicle veh3
[Midd4VCServer] Assigning job 62618a5f-4b01-4ab8-9543-a61ab3f155d2 to vehicle veh36
[Midd4VCServer] Assigning job 3f73baf0-7797-45c2-bd28-aac2ba002c55 to vehicle veh38
[Midd4VCServer] Assigning job 23af4639-a3cc-4cf5-b1b7-4e4de1945d0c to vehicle veh7
[Midd4VCServer] job 23af4639-a3cc-4cf5-b1b7-4e4de1945d0c completed by vehicle veh7
[Midd4VCServer] job 3f73baf0-7797-45c2-bd28-aac2ba002c55 completed by vehicle veh38
[Midd4VCServer] Vehicle veh23 already registered.
[Midd4VCServer] job received: d2e730b1-92ef-4c3f-b2c6-5aab42154e35
[Midd4VC] Job 8fd94291-b81f-4a1d-9904-b6bd6d96536f timed out. Re-enqueueing.
[Midd4VCServer] Assigning job 8fd94291-b81f-4a1d-9904-b6bd6d96536f to vehicle veh35
[Midd4VCServer] Assigning job d2e730b1-92ef-4c3f-b2c6-5aab42154e35 to vehicle veh38
[Midd4VCServer] job d2e730b1-92ef-4c3f-b2c6-5aab42154e35 completed by vehicle veh38
[Midd4VCServer] job 8fd94291-b81f-4a1d-9904-b6bd6d96536f completed by vehicle veh35
[Midd4VCServer] job received: 93564695-d5b1-4d52-9120-2487c3c01832
[Midd4VCServer] Assigning job 93564695-d5b1-4d52-9120-2487c3c01832 to vehicle veh35
[Midd4VCServer] job 93564695-d5b1-4d52-9120-2487c3c01832 completed by vehicle veh35
[Midd4VCServer] Vehicle veh15 already registered.
[Midd4VCServer] Vehicle veh24 already registered.
[Midd4VCServer] job received: 3700260a-0f37-425c-82df-6c417c1f0bbb
[Midd4VCServer] Assigning job 3700260a-0f37-425c-82df-6c417c1f0bbb to vehicle veh35
[Midd4VCServer] job 3700260a-0f37-425c-82df-6c417c1f0bbb completed by vehicle veh35
[Midd4VCServer] job received: d1eb0b36-2ae3-4faf-be9d-5af2527b82d3
[Midd4VCServer] Assigning job d1eb0b36-2ae3-4faf-be9d-5af2527b82d3 to vehicle veh6
[Midd4VCServer] job received: ce112efa-97eb-41d2-8ddf-7252bb4afdbe
[Midd4VC] Job d83e0160-841f-4c2e-a903-32bf11d6c415 timed out. Re-enqueueing.
[Midd4VC] Job 2b50c907-a116-49e0-a08b-c2a40d7f46bc timed out. Re-enqueueing.
[Midd4VCServer] Assigning job 2b50c907-a116-49e0-a08b-c2a40d7f46bc to vehicle veh14
[Midd4VCServer] Assigning job d83e0160-841f-4c2e-a903-32bf11d6c415 to vehicle veh27
[Midd4VCServer] Assigning job ce112efa-97eb-41d2-8ddf-7252bb4afdbe to vehicle veh11
[Midd4VCServer] job ce112efa-97eb-41d2-8ddf-7252bb4afdbe completed by vehicle veh11
[Midd4VCServer] job received: e1876cb5-8849-46f5-8400-c27308cadb4d
[Midd4VCServer] Assigning job e1876cb5-8849-46f5-8400-c27308cadb4d to vehicle veh37
[Midd4VCServer] Vehicle veh9 already registered.
[Midd4VCServer] job received: 2509d99a-0ac1-4dc7-b900-67004bc5904b
[Midd4VCServer] Assigning job 2509d99a-0ac1-4dc7-b900-67004bc5904b to vehicle veh7
[Midd4VCServer] job 2509d99a-0ac1-4dc7-b900-67004bc5904b completed by vehicle veh7
[Midd4VCServer] Vehicle veh26 already registered.
[Midd4VCServer] Vehicle veh16 already registered.
[Midd4VCServer] Vehicle veh7 already registered.
[Midd4VCServer] job received: b264bbb9-79cf-46e4-8578-2b2bb240e28f
[Midd4VC] Job fefb7fa0-9385-4d44-9b0c-2fac90617bd0 timed out. Re-enqueueing.
[Midd4VCServer] Assigning job fefb7fa0-9385-4d44-9b0c-2fac90617bd0 to vehicle veh5
[Midd4VCServer] Assigning job b264bbb9-79cf-46e4-8578-2b2bb240e28f to vehicle veh35
[Midd4VCServer] job b264bbb9-79cf-46e4-8578-2b2bb240e28f completed by vehicle veh35
[Midd4VCServer] Vehicle veh14 already registered.
[Midd4VCServer] job received: 039a386a-a471-482e-a9f9-11fe89890136
[Midd4VCServer] Assigning job 039a386a-a471-482e-a9f9-11fe89890136 to vehicle veh38
[Midd4VCServer] Vehicle veh1 already registered.
[Midd4VCServer] job received: bfb66913-37fc-44c6-91db-3ef8667f271b
[Midd4VCServer] Assigning job bfb66913-37fc-44c6-91db-3ef8667f271b to vehicle veh11
[Midd4VCServer] job bfb66913-37fc-44c6-91db-3ef8667f271b completed by vehicle veh11
[Midd4VCServer] Vehicle veh38 already registered.
[Midd4VCServer] job received: d068098e-4b30-4dcb-b60a-ae8baaa843ee
[Midd4VCServer] Assigning job d068098e-4b30-4dcb-b60a-ae8baaa843ee to vehicle veh2
[Midd4VCServer] Vehicle veh19 already registered.
[Midd4VCServer] Vehicle veh6 already registered.
[Midd4VCServer] Vehicle veh39 already registered.
[Midd4VCServer] Vehicle veh30 already registered.
[Midd4VCServer] Vehicle veh21 already registered.
[Midd4VCServer] Vehicle veh5 already registered.
[Midd4VCServer] Vehicle veh40 already registered.
[Midd4VCServer] job received: 839c78d3-9b59-4139-a159-f1eca12e482a
[Midd4VC] Job eb902257-c879-4fab-9e5f-cb969322628e timed out. Re-enqueueing.
[Midd4VCServer] Assigning job eb902257-c879-4fab-9e5f-cb969322628e to vehicle veh33
[Midd4VCServer] Assigning job 839c78d3-9b59-4139-a159-f1eca12e482a to vehicle veh32
[Midd4VCServer] job received: 27332af5-a645-4b13-9815-93afd911c66b
[Midd4VC] Job 3404fd2d-6073-4e9a-8749-4f5807a0d60e timed out. Re-enqueueing.
[Midd4VC] Job 985342e6-3342-4e03-b87c-6aee03de0acb timed out. Re-enqueueing.
[Midd4VCServer] Assigning job 985342e6-3342-4e03-b87c-6aee03de0acb to vehicle veh20
[Midd4VCServer] Assigning job 3404fd2d-6073-4e9a-8749-4f5807a0d60e to vehicle veh26
[Midd4VCServer] Assigning job 27332af5-a645-4b13-9815-93afd911c66b to vehicle veh15
[Midd4VCServer] job 27332af5-a645-4b13-9815-93afd911c66b completed by vehicle veh15
[Midd4VCServer] job 3404fd2d-6073-4e9a-8749-4f5807a0d60e completed by vehicle veh26
[Midd4VCServer] job received: 389a4de8-7c5d-49f7-9132-b2f093b8f234
[Midd4VCServer] Assigning job 389a4de8-7c5d-49f7-9132-b2f093b8f234 to vehicle veh26
[Midd4VCServer] job 389a4de8-7c5d-49f7-9132-b2f093b8f234 completed by vehicle veh26
[Midd4VCServer] job received: 5f1c6e20-8e86-480d-942d-38db24a0d0e4
[Midd4VCServer] Assigning job 5f1c6e20-8e86-480d-942d-38db24a0d0e4 to vehicle veh7
[Midd4VCServer] job received: f58fe7b6-5f5a-4e35-9cab-ff6a6bebec40
[Midd4VCServer] Assigning job f58fe7b6-5f5a-4e35-9cab-ff6a6bebec40 to vehicle veh9
[Midd4VCServer] job f58fe7b6-5f5a-4e35-9cab-ff6a6bebec40 completed by vehicle veh9
[Midd4VCServer] job received: f24675da-ad38-470c-976c-b64dd3de4ae7
[Midd4VCServer] Assigning job f24675da-ad38-470c-976c-b64dd3de4ae7 to vehicle veh35
[Midd4VCServer] job f24675da-ad38-470c-976c-b64dd3de4ae7 completed by vehicle veh35
[Midd4VCServer] job received: f7520401-5313-4ea0-a2d8-aa8d0cd37f9d
[Midd4VCServer] Assigning job f7520401-5313-4ea0-a2d8-aa8d0cd37f9d to vehicle veh19
[Midd4VCServer] Vehicle veh36 already registered.
[Midd4VCServer] job received: 358f3a41-a216-4a1b-a799-6510b193da96
[Midd4VC] Job 3c3d1b53-513f-4928-b386-83f4ad28b3ee timed out. Re-enqueueing.
[Midd4VCServer] Assigning job 3c3d1b53-513f-4928-b386-83f4ad28b3ee to vehicle veh24
[Midd4VCServer] Assigning job 358f3a41-a216-4a1b-a799-6510b193da96 to vehicle veh23
[Midd4VCServer] job received: df7c6a51-84d7-45d0-b3cb-0eb7128c6890
[Midd4VCServer] Assigning job df7c6a51-84d7-45d0-b3cb-0eb7128c6890 to vehicle veh21
[Midd4VCServer] job df7c6a51-84d7-45d0-b3cb-0eb7128c6890 completed by vehicle veh21
[Midd4VCServer] job received: c716fd27-7be1-44e6-bbc1-ec3a73557340
[Midd4VCServer] Assigning job c716fd27-7be1-44e6-bbc1-ec3a73557340 to vehicle veh1
[Midd4VCServer] Vehicle veh5 already registered.
[Midd4VCServer] Vehicle veh18 already registered.
[Midd4VCServer] Vehicle veh4 already registered.
[Midd4VCServer] job received: c7726a21-265a-4345-a2cb-c27bce509a4a
[Midd4VC] Job 6470c226-6840-4942-b5da-cb0ed6e7346d timed out. Re-enqueueing.
[Midd4VC] Job 4a6fae96-9bdb-4ac1-b7e2-459a60f6906b timed out. Re-enqueueing.
[Midd4VC] Job 0502e82e-a963-417d-9d11-910ecc95cf83 timed out. Re-enqueueing.
[Midd4VC] Job 4faf8350-5717-4bc6-894d-b5965419376a timed out. Re-enqueueing.
[Midd4VC] Job 40d62684-7660-4ddc-ac6b-9239c1d9bd5b timed out. Re-enqueueing.
[Midd4VCServer] Assigning job 40d62684-7660-4ddc-ac6b-9239c1d9bd5b to vehicle veh28
[Midd4VCServer] Assigning job 4faf8350-5717-4bc6-894d-b5965419376a to vehicle veh39
[Midd4VCServer] Assigning job 0502e82e-a963-417d-9d11-910ecc95cf83 to vehicle veh22
[Midd4VCServer] Assigning job 4a6fae96-9bdb-4ac1-b7e2-459a60f6906b to vehicle veh18
[Midd4VCServer] Assigning job 6470c226-6840-4942-b5da-cb0ed6e7346d to vehicle veh13
[Midd4VCServer] Assigning job c7726a21-265a-4345-a2cb-c27bce509a4a to vehicle veh26
[Midd4VCServer] job 4faf8350-5717-4bc6-894d-b5965419376a completed by vehicle veh39
[Midd4VCServer] job 4a6fae96-9bdb-4ac1-b7e2-459a60f6906b completed by vehicle veh18
[Midd4VCServer] job 40d62684-7660-4ddc-ac6b-9239c1d9bd5b completed by vehicle veh28
[Midd4VCServer] job received: 14c857f2-6e18-4477-9aae-f816e549679d
[Midd4VC] Job ee19113d-aa4b-4a46-b410-768e60b1fbaf timed out. Re-enqueueing.
[Midd4VCServer] Assigning job ee19113d-aa4b-4a46-b410-768e60b1fbaf to vehicle veh30
[Midd4VCServer] Assigning job 14c857f2-6e18-4477-9aae-f816e549679d to vehicle veh28
[Midd4VCServer] job 14c857f2-6e18-4477-9aae-f816e549679d completed by vehicle veh28
[Midd4VCServer] job received: fc0d8ef6-038f-49a5-9883-7c0e82e58119
[Midd4VCServer] Assigning job fc0d8ef6-038f-49a5-9883-7c0e82e58119 to vehicle veh39
[Midd4VCServer] job fc0d8ef6-038f-49a5-9883-7c0e82e58119 completed by vehicle veh39
[Midd4VCServer] job received: 3ccae177-9d25-499f-8017-6f9290d4101b
[Midd4VCServer] Assigning job 3ccae177-9d25-499f-8017-6f9290d4101b to vehicle veh28
[Midd4VCServer] job 3ccae177-9d25-499f-8017-6f9290d4101b completed by vehicle veh28
[Midd4VCServer] Vehicle veh28 already registered.
[Midd4VCServer] job received: 0a1c338a-9f9d-4ff6-807e-d1817cad3202
[Midd4VCServer] Assigning job 0a1c338a-9f9d-4ff6-807e-d1817cad3202 to vehicle veh39
[Midd4VCServer] job 0a1c338a-9f9d-4ff6-807e-d1817cad3202 completed by vehicle veh39
[Midd4VCServer] Vehicle veh3 already registered.
[Midd4VCServer] Vehicle veh14 already registered.
[Midd4VCServer] job received: 53326b4e-c2f3-4af1-a1d8-060934a41c2e
[Midd4VC] Job a19fc5e9-c493-4a34-a5c2-d8155e8de329 timed out. Re-enqueueing.
[Midd4VC] Job 681d8b9e-a1c2-4098-b76c-7eac9238f3d3 timed out. Re-enqueueing.
[Midd4VCServer] Assigning job 681d8b9e-a1c2-4098-b76c-7eac9238f3d3 to vehicle veh34
[Midd4VCServer] Assigning job a19fc5e9-c493-4a34-a5c2-d8155e8de329 to vehicle veh25
[Midd4VCServer] Assigning job 53326b4e-c2f3-4af1-a1d8-060934a41c2e to vehicle veh28
[Midd4VCServer] job 53326b4e-c2f3-4af1-a1d8-060934a41c2e completed by vehicle veh28
[Midd4VCServer] Vehicle veh24 already registered.
[Midd4VCServer] Vehicle veh12 already registered.
[Midd4VCServer] Vehicle veh13 already registered.
[Midd4VCServer] job received: c7abf754-0f84-4828-b72e-a7002d261f84
[Midd4VCServer] Assigning job c7abf754-0f84-4828-b72e-a7002d261f84 to vehicle veh39
[Midd4VCServer] job received: 09398285-7eeb-45e7-af2e-31b9d83d6a20
[Midd4VC] Job f12b4fd2-dbd6-4a7f-adb3-0dd7c060359d timed out. Re-enqueueing.
[Midd4VC] Job ef267e57-99c0-4220-9564-0aa1013a4909 timed out. Re-enqueueing.
[Midd4VCServer] Assigning job ef267e57-99c0-4220-9564-0aa1013a4909 to vehicle veh17
[Midd4VCServer] Assigning job f12b4fd2-dbd6-4a7f-adb3-0dd7c060359d to vehicle veh31
[Midd4VCServer] Assigning job 09398285-7eeb-45e7-af2e-31b9d83d6a20 to vehicle veh28
[Midd4VCServer] job 09398285-7eeb-45e7-af2e-31b9d83d6a20 completed by vehicle veh28
[Midd4VCServer] Vehicle veh29 already registered.
[Midd4VCServer] Vehicle veh35 already registered.
[Midd4VCServer] job received: 508a3844-5df3-4963-96f6-a9435a85922b
[Midd4VCServer] Assigning job 508a3844-5df3-4963-96f6-a9435a85922b to vehicle veh28
[Midd4VCServer] job 508a3844-5df3-4963-96f6-a9435a85922b completed by vehicle veh28
[Midd4VCServer] job received: f4ab041a-67fc-4b8a-93ac-77b8d63a1989
[Midd4VCServer] Assigning job f4ab041a-67fc-4b8a-93ac-77b8d63a1989 to vehicle veh28
[Midd4VCServer] job f4ab041a-67fc-4b8a-93ac-77b8d63a1989 completed by vehicle veh28
[Midd4VCServer] Vehicle veh34 already registered.
[Midd4VCServer] job received: 63a8d3e1-d82b-49e0-98ec-b76ba1182ede
[Midd4VCServer] Assigning job 63a8d3e1-d82b-49e0-98ec-b76ba1182ede to vehicle veh18
[Midd4VCServer] job received: 141d8ba0-5a10-42b4-9dfa-937d3ee09088
[Midd4VCServer] Assigning job 141d8ba0-5a10-42b4-9dfa-937d3ee09088 to vehicle veh28
[Midd4VCServer] job 141d8ba0-5a10-42b4-9dfa-937d3ee09088 completed by vehicle veh28
[Midd4VCServer] job received: 26c8e60a-1a6b-461b-a601-c57abb73531c
[Midd4VCServer] Assigning job 26c8e60a-1a6b-461b-a601-c57abb73531c to vehicle veh11
[Midd4VCServer] job 26c8e60a-1a6b-461b-a601-c57abb73531c completed by vehicle veh11
[Midd4VCServer] Vehicle veh7 already registered.
[Midd4VCServer] Vehicle veh2 already registered.
[Midd4VCServer] Vehicle veh39 already registered.
[Midd4VCServer] job received: 53198630-af7b-4085-ae0a-82e24eaf073c
[Midd4VC] Job 2594f7fd-b513-414b-aaf7-a93bc8370189 timed out. Re-enqueueing.
[Midd4VCServer] Assigning job 2594f7fd-b513-414b-aaf7-a93bc8370189 to vehicle veh40
[Midd4VCServer] Assigning job 53198630-af7b-4085-ae0a-82e24eaf073c to vehicle veh16
[Midd4VCServer] job 53198630-af7b-4085-ae0a-82e24eaf073c completed by vehicle veh16
[Midd4VCServer] job 2594f7fd-b513-414b-aaf7-a93bc8370189 completed by vehicle veh40
[Midd4VCServer] Vehicle veh3 already registered.
[Midd4VCServer] Vehicle veh31 already registered.
[Midd4VCServer] job received: 4c6e7b91-7b0e-4727-b354-5894b5e4b398
[Midd4VCServer] Assigning job 4c6e7b91-7b0e-4727-b354-5894b5e4b398 to vehicle veh40
[Midd4VCServer] job 4c6e7b91-7b0e-4727-b354-5894b5e4b398 completed by vehicle veh40
[Midd4VCServer] Vehicle veh30 already registered.
[Midd4VCServer] job received: 7d05a177-5b17-4f21-a874-05dcb6089703
[Midd4VC] Job 2e301a42-51d6-4acb-8c4c-a46d30875579 timed out. Re-enqueueing.
[Midd4VC] Job 35525c3c-b9d1-4414-a8fc-cb80da7334ff timed out. Re-enqueueing.
[Midd4VC] Job 81553eff-5373-49c7-9b86-eba80701e279 timed out. Re-enqueueing.
[Midd4VC] Job 62618a5f-4b01-4ab8-9543-a61ab3f155d2 timed out. Re-enqueueing.
[Midd4VCServer] Assigning job 62618a5f-4b01-4ab8-9543-a61ab3f155d2 to vehicle veh8
[Midd4VCServer] Assigning job 81553eff-5373-49c7-9b86-eba80701e279 to vehicle veh12
[Midd4VCServer] Assigning job 35525c3c-b9d1-4414-a8fc-cb80da7334ff to vehicle veh3
[Midd4VCServer] Assigning job 2e301a42-51d6-4acb-8c4c-a46d30875579 to vehicle veh40
[Midd4VCServer] Assigning job 7d05a177-5b17-4f21-a874-05dcb6089703 to vehicle veh36
[Midd4VCServer] job 62618a5f-4b01-4ab8-9543-a61ab3f155d2 completed by vehicle veh8
[Midd4VCServer] job 35525c3c-b9d1-4414-a8fc-cb80da7334ff completed by vehicle veh3
[Midd4VCServer] job 81553eff-5373-49c7-9b86-eba80701e279 completed by vehicle veh12
[Midd4VCServer] Vehicle veh12 already registered.
[Midd4VCServer] Vehicle veh25 already registered.
[Midd4VCServer] job received: 7b8f0795-16aa-44f6-bbef-1719c18654ac
[Midd4VCServer] Assigning job 7b8f0795-16aa-44f6-bbef-1719c18654ac to vehicle veh8
[Midd4VCServer] job 7b8f0795-16aa-44f6-bbef-1719c18654ac completed by vehicle veh8
[Midd4VCServer] Vehicle veh8 already registered.
[Midd4VCServer] Vehicle veh13 already registered.
[Midd4VCServer] job received: f621172d-4cc3-4261-a998-b660918da564
[Midd4VCServer] Assigning job f621172d-4cc3-4261-a998-b660918da564 to vehicle veh12
[Midd4VCServer] job f621172d-4cc3-4261-a998-b660918da564 completed by vehicle veh12
[Midd4VCServer] Vehicle veh22 already registered.
[Midd4VCServer] job received: 620d1fdd-4bf3-44a9-8ba0-b26c032f2a33
[Midd4VCServer] Assigning job 620d1fdd-4bf3-44a9-8ba0-b26c032f2a33 to vehicle veh3
[Midd4VCServer] job 620d1fdd-4bf3-44a9-8ba0-b26c032f2a33 completed by vehicle veh3
[Midd4VCServer] job received: 8bf0443f-a54c-4543-8beb-301cb28f6ca2
[Midd4VCServer] Assigning job 8bf0443f-a54c-4543-8beb-301cb28f6ca2 to vehicle veh8
[Midd4VCServer] job 8bf0443f-a54c-4543-8beb-301cb28f6ca2 completed by vehicle veh8
[Midd4VCServer] job received: bbc66c00-ef47-4402-bd22-94e7c1690402
[Midd4VCServer] Assigning job bbc66c00-ef47-4402-bd22-94e7c1690402 to vehicle veh12
[Midd4VCServer] job bbc66c00-ef47-4402-bd22-94e7c1690402 completed by vehicle veh12
[Midd4VCServer] job received: c8462a2d-dfa5-4fe5-b4bd-982482e0c9f9
[Midd4VC] Job d1eb0b36-2ae3-4faf-be9d-5af2527b82d3 timed out. Re-enqueueing.
[Midd4VCServer] Assigning job d1eb0b36-2ae3-4faf-be9d-5af2527b82d3 to vehicle veh3
[Midd4VCServer] Assigning job c8462a2d-dfa5-4fe5-b4bd-982482e0c9f9 to vehicle veh6
[Midd4VCServer] job d1eb0b36-2ae3-4faf-be9d-5af2527b82d3 completed by vehicle veh3
[Midd4VCServer] Vehicle veh10 already registered.
[Midd4VCServer] job received: f9d738ca-cede-4920-b159-98ad1c6c2719
[Midd4VC] Job 2b50c907-a116-49e0-a08b-c2a40d7f46bc timed out. Re-enqueueing.
[Midd4VC] Job d83e0160-841f-4c2e-a903-32bf11d6c415 timed out. Re-enqueueing.
[Midd4VC] Job e1876cb5-8849-46f5-8400-c27308cadb4d timed out. Re-enqueueing.
[Midd4VCServer] Assigning job e1876cb5-8849-46f5-8400-c27308cadb4d to vehicle veh14
[Midd4VCServer] Assigning job d83e0160-841f-4c2e-a903-32bf11d6c415 to vehicle veh27
[Midd4VCServer] Assigning job 2b50c907-a116-49e0-a08b-c2a40d7f46bc to vehicle veh8
[Midd4VCServer] Assigning job f9d738ca-cede-4920-b159-98ad1c6c2719 to vehicle veh12
[Midd4VCServer] job f9d738ca-cede-4920-b159-98ad1c6c2719 completed by vehicle veh12
[Midd4VCServer] job 2b50c907-a116-49e0-a08b-c2a40d7f46bc completed by vehicle veh8
[Midd4VCServer] job received: c3a32897-cbf1-4141-9446-ca42b937b030
[Midd4VCServer] Assigning job c3a32897-cbf1-4141-9446-ca42b937b030 to vehicle veh37
[Midd4VCServer] job received: d9e70692-e569-4c64-a81d-348ee094d496
[Midd4VCServer] Assigning job d9e70692-e569-4c64-a81d-348ee094d496 to vehicle veh3
[Midd4VCServer] job d9e70692-e569-4c64-a81d-348ee094d496 completed by vehicle veh3
[Midd4VCServer] Vehicle veh38 already registered.
[Midd4VCServer] Vehicle veh6 already registered.
[Midd4VCServer] job received: 36e316ff-e77d-46d2-987f-71e1de4309bb
[Midd4VCServer] Assigning job 36e316ff-e77d-46d2-987f-71e1de4309bb to vehicle veh8
[Midd4VCServer] job 36e316ff-e77d-46d2-987f-71e1de4309bb completed by vehicle veh8
[Midd4VCServer] Vehicle veh5 already registered.
[Midd4VCServer] Vehicle veh4 already registered.
[Midd4VCServer] job received: 2c1f728a-17f3-4d88-af07-e44d454b3103
[Midd4VC] Job fefb7fa0-9385-4d44-9b0c-2fac90617bd0 timed out. Re-enqueueing.
[Midd4VC] Job 039a386a-a471-482e-a9f9-11fe89890136 timed out. Re-enqueueing.
[Midd4VCServer] Assigning job 039a386a-a471-482e-a9f9-11fe89890136 to vehicle veh5
[Midd4VCServer] Assigning job fefb7fa0-9385-4d44-9b0c-2fac90617bd0 to vehicle veh38
[Midd4VCServer] Assigning job 2c1f728a-17f3-4d88-af07-e44d454b3103 to vehicle veh12
[Midd4VCServer] job fefb7fa0-9385-4d44-9b0c-2fac90617bd0 completed by vehicle veh38
[Midd4VCServer] job 2c1f728a-17f3-4d88-af07-e44d454b3103 completed by vehicle veh12
[Midd4VCServer] job 039a386a-a471-482e-a9f9-11fe89890136 completed by vehicle veh5
[Midd4VCServer] Vehicle veh37 already registered.
[Midd4VCServer] Vehicle veh27 already registered.
[Midd4VCServer] job received: 5afb5d07-ba40-4609-a1a8-cf808dde8772
[Midd4VC] Job d068098e-4b30-4dcb-b60a-ae8baaa843ee timed out. Re-enqueueing.
[Midd4VCServer] Assigning job d068098e-4b30-4dcb-b60a-ae8baaa843ee to vehicle veh5
[Midd4VCServer] Assigning job 5afb5d07-ba40-4609-a1a8-cf808dde8772 to vehicle veh2
[Midd4VCServer] job d068098e-4b30-4dcb-b60a-ae8baaa843ee completed by vehicle veh5
[Midd4VCServer] Vehicle veh34 already registered.
[Midd4VCServer] job received: faa42bee-8aed-4350-abc8-f95b3717a45b
[Midd4VCServer] Assigning job faa42bee-8aed-4350-abc8-f95b3717a45b to vehicle veh3
[Midd4VCServer] job faa42bee-8aed-4350-abc8-f95b3717a45b completed by vehicle veh3
[Midd4VCServer] Vehicle veh20 already registered.
[Midd4VCServer] job received: 2d4e27d2-7d62-4344-9434-12dae0f0b438
[Midd4VCServer] Assigning job 2d4e27d2-7d62-4344-9434-12dae0f0b438 to vehicle veh5
[Midd4VCServer] job 2d4e27d2-7d62-4344-9434-12dae0f0b438 completed by vehicle veh5
[Midd4VCServer] Vehicle veh33 already registered.
[Midd4VCServer] Vehicle veh26 already registered.
[Midd4VCServer] job received: 5d641e57-69d5-4cbf-aa30-39da54b07f8d
[Midd4VCServer] Assigning job 5d641e57-69d5-4cbf-aa30-39da54b07f8d to vehicle veh38
[Midd4VCServer] job 5d641e57-69d5-4cbf-aa30-39da54b07f8d completed by vehicle veh38
[Midd4VCServer] Vehicle veh12 already registered.
[Midd4VCServer] job received: ee4b2270-6303-4dc3-958d-114a41303c51
[Midd4VC] Job eb902257-c879-4fab-9e5f-cb969322628e timed out. Re-enqueueing.
[Midd4VC] Job 839c78d3-9b59-4139-a159-f1eca12e482a timed out. Re-enqueueing.
[Midd4VCServer] Assigning job 839c78d3-9b59-4139-a159-f1eca12e482a to vehicle veh33
[Midd4VCServer] Assigning job eb902257-c879-4fab-9e5f-cb969322628e to vehicle veh32
[Midd4VCServer] Assigning job ee4b2270-6303-4dc3-958d-114a41303c51 to vehicle veh8
[Midd4VCServer] job ee4b2270-6303-4dc3-958d-114a41303c51 completed by vehicle veh8
[Midd4VCServer] job 839c78d3-9b59-4139-a159-f1eca12e482a completed by vehicle veh33
[Midd4VCServer] job received: 4a6ce19c-95b3-4529-a276-5bcbc2f57458
[Midd4VCServer] Assigning job 4a6ce19c-95b3-4529-a276-5bcbc2f57458 to vehicle veh33
[Midd4VCServer] job 4a6ce19c-95b3-4529-a276-5bcbc2f57458 completed by vehicle veh33
[Midd4VCServer] job received: a1207fe6-b0fb-4101-ad44-2c596bbb4746
[Midd4VCServer] Assigning job a1207fe6-b0fb-4101-ad44-2c596bbb4746 to vehicle veh33
[Midd4VCServer] job a1207fe6-b0fb-4101-ad44-2c596bbb4746 completed by vehicle veh33
[Midd4VCServer] job received: 18cb3871-77e7-495d-abd0-4ea850dac787
[Midd4VC] Job 985342e6-3342-4e03-b87c-6aee03de0acb timed out. Re-enqueueing.
[Midd4VCServer] Assigning job 985342e6-3342-4e03-b87c-6aee03de0acb to vehicle veh20
[Midd4VCServer] Assigning job 18cb3871-77e7-495d-abd0-4ea850dac787 to vehicle veh12
[Midd4VCServer] job 985342e6-3342-4e03-b87c-6aee03de0acb completed by vehicle veh20
[Midd4VCServer] Vehicle veh23 already registered.
[Midd4VCServer] job received: b4b79a97-1381-477c-bab7-8fd98890f0da
[Midd4VC] Job 5f1c6e20-8e86-480d-942d-38db24a0d0e4 timed out. Re-enqueueing.
[Midd4VC] Job f7520401-5313-4ea0-a2d8-aa8d0cd37f9d timed out. Re-enqueueing.
[Midd4VCServer] Assigning job f7520401-5313-4ea0-a2d8-aa8d0cd37f9d to vehicle veh20
[Midd4VCServer] Assigning job 5f1c6e20-8e86-480d-942d-38db24a0d0e4 to vehicle veh7
[Midd4VCServer] Assigning job b4b79a97-1381-477c-bab7-8fd98890f0da to vehicle veh19
[Midd4VCServer] job f7520401-5313-4ea0-a2d8-aa8d0cd37f9d completed by vehicle veh20
[Midd4VCServer] job 5f1c6e20-8e86-480d-942d-38db24a0d0e4 completed by vehicle veh7
[Midd4VCServer] Vehicle veh13 already registered.
[Midd4VCServer] Vehicle veh29 already registered.
[Midd4VCServer] job received: 021cf652-3c07-4117-9289-8ad27ac2e5c2
[Midd4VC] Job 3c3d1b53-513f-4928-b386-83f4ad28b3ee timed out. Re-enqueueing.
[Midd4VC] Job 358f3a41-a216-4a1b-a799-6510b193da96 timed out. Re-enqueueing.
[Midd4VCServer] Assigning job 358f3a41-a216-4a1b-a799-6510b193da96 to vehicle veh24
[Midd4VCServer] Assigning job 3c3d1b53-513f-4928-b386-83f4ad28b3ee to vehicle veh23
[Midd4VCServer] Assigning job 021cf652-3c07-4117-9289-8ad27ac2e5c2 to vehicle veh20
[Midd4VCServer] job 3c3d1b53-513f-4928-b386-83f4ad28b3ee completed by vehicle veh23
[Midd4VCServer] job 021cf652-3c07-4117-9289-8ad27ac2e5c2 completed by vehicle veh20
[Midd4VCServer] Vehicle veh40 already registered.
[Midd4VCServer] job received: e4e221cb-6bf5-4310-a7a4-1e5c91239538
[Midd4VC] Job c716fd27-7be1-44e6-bbc1-ec3a73557340 timed out. Re-enqueueing.
[Midd4VCServer] Assigning job c716fd27-7be1-44e6-bbc1-ec3a73557340 to vehicle veh1
[Midd4VCServer] Assigning job e4e221cb-6bf5-4310-a7a4-1e5c91239538 to vehicle veh4
[Midd4VCServer] Vehicle veh14 already registered.
[Midd4VCServer] Vehicle veh10 already registered.
[Midd4VCServer] Vehicle veh3 already registered.
[Midd4VCServer] job received: eb73c8ac-3761-40de-ad65-6efbb3f80382
[Midd4VCServer] Assigning job eb73c8ac-3761-40de-ad65-6efbb3f80382 to vehicle veh29
[Midd4VCServer] job eb73c8ac-3761-40de-ad65-6efbb3f80382 completed by vehicle veh29
[Midd4VCServer] job received: 945ce553-74f4-4456-bec9-57251ee64446
[Midd4VCServer] Assigning job 945ce553-74f4-4456-bec9-57251ee64446 to vehicle veh10
[Midd4VCServer] job 945ce553-74f4-4456-bec9-57251ee64446 completed by vehicle veh10
[Midd4VCServer] job received: 4d9d244e-5b59-418b-bbb5-19d348e7ffc8
[Midd4VCServer] Assigning job 4d9d244e-5b59-418b-bbb5-19d348e7ffc8 to vehicle veh3
[Midd4VCServer] job 4d9d244e-5b59-418b-bbb5-19d348e7ffc8 completed by vehicle veh3
[Midd4VCServer] Vehicle veh39 already registered.
[Midd4VCServer] Vehicle veh11 already registered.
[Midd4VCServer] Vehicle veh17 already registered.
[Midd4VCServer] Vehicle veh16 already registered.
[Midd4VCServer] job received: 01294c15-4c19-4886-86a9-7b30f0167db2
[Midd4VCServer] Assigning job 01294c15-4c19-4886-86a9-7b30f0167db2 to vehicle veh5
[Midd4VCServer] job received: d978afb9-97c2-4a3f-8fe1-6f988cdf62bd
[Midd4VC] Job 0502e82e-a963-417d-9d11-910ecc95cf83 timed out. Re-enqueueing.
[Midd4VC] Job 6470c226-6840-4942-b5da-cb0ed6e7346d timed out. Re-enqueueing.
[Midd4VC] Job c7726a21-265a-4345-a2cb-c27bce509a4a timed out. Re-enqueueing.
[Midd4VCServer] Assigning job c7726a21-265a-4345-a2cb-c27bce509a4a to vehicle veh22
[Midd4VCServer] Assigning job 6470c226-6840-4942-b5da-cb0ed6e7346d to vehicle veh13
[Midd4VCServer] Assigning job 0502e82e-a963-417d-9d11-910ecc95cf83 to vehicle veh26
[Midd4VCServer] Assigning job d978afb9-97c2-4a3f-8fe1-6f988cdf62bd to vehicle veh15
[Midd4VCServer] job 6470c226-6840-4942-b5da-cb0ed6e7346d completed by vehicle veh13
[Midd4VCServer] job received: c91c042b-ed5b-47c4-8fd4-618861fb4bba
[Midd4VC] Job ee19113d-aa4b-4a46-b410-768e60b1fbaf timed out. Re-enqueueing.
[Midd4VCServer] Assigning job ee19113d-aa4b-4a46-b410-768e60b1fbaf to vehicle veh30
[Midd4VCServer] Assigning job c91c042b-ed5b-47c4-8fd4-618861fb4bba to vehicle veh13
[Midd4VCServer] job ee19113d-aa4b-4a46-b410-768e60b1fbaf completed by vehicle veh30
[Midd4VCServer] job c91c042b-ed5b-47c4-8fd4-618861fb4bba completed by vehicle veh13
[Midd4VCServer] Vehicle veh2 already registered.
[Midd4VCServer] job received: 15fde958-7df4-4eb1-b639-e1f23a852e05
[Midd4VC] Job 681d8b9e-a1c2-4098-b76c-7eac9238f3d3 timed out. Re-enqueueing.
[Midd4VC] Job a19fc5e9-c493-4a34-a5c2-d8155e8de329 timed out. Re-enqueueing.
[Midd4VCServer] Assigning job a19fc5e9-c493-4a34-a5c2-d8155e8de329 to vehicle veh30
[Midd4VCServer] Assigning job 681d8b9e-a1c2-4098-b76c-7eac9238f3d3 to vehicle veh34
[Midd4VCServer] Assigning job 15fde958-7df4-4eb1-b639-e1f23a852e05 to vehicle veh25
[Midd4VCServer] job a19fc5e9-c493-4a34-a5c2-d8155e8de329 completed by vehicle veh30
[Midd4VCServer] job received: 6bc4880b-cc1b-44a7-9af6-c21242e80f37
[Midd4VCServer] Assigning job 6bc4880b-cc1b-44a7-9af6-c21242e80f37 to vehicle veh30
[Midd4VCServer] job 6bc4880b-cc1b-44a7-9af6-c21242e80f37 completed by vehicle veh30
[Midd4VCServer] Vehicle veh19 already registered.
[Midd4VCServer] job received: 784244fc-25ec-4f7a-8a38-358992358446
[Midd4VCServer] Assigning job 784244fc-25ec-4f7a-8a38-358992358446 to vehicle veh30
[Midd4VCServer] job 784244fc-25ec-4f7a-8a38-358992358446 completed by vehicle veh30
[Midd4VCServer] Vehicle veh26 already registered.
[Midd4VCServer] Vehicle veh23 already registered.
[Midd4VCServer] Vehicle veh34 already registered.
[Midd4VCServer] Vehicle veh15 already registered.
[Midd4VCServer] Vehicle veh25 already registered.
[Midd4VCServer] job received: f5dfec86-3bee-44ee-80eb-cbcfa5e10127
[Midd4VC] Job c7abf754-0f84-4828-b72e-a7002d261f84 timed out. Re-enqueueing.
[Midd4VC] Job ef267e57-99c0-4220-9564-0aa1013a4909 timed out. Re-enqueueing.
[Midd4VC] Job f12b4fd2-dbd6-4a7f-adb3-0dd7c060359d timed out. Re-enqueueing.
[Midd4VCServer] Assigning job f12b4fd2-dbd6-4a7f-adb3-0dd7c060359d to vehicle veh30
[Midd4VCServer] Assigning job ef267e57-99c0-4220-9564-0aa1013a4909 to vehicle veh17
[Midd4VCServer] Assigning job c7abf754-0f84-4828-b72e-a7002d261f84 to vehicle veh31
[Midd4VCServer] Assigning job f5dfec86-3bee-44ee-80eb-cbcfa5e10127 to vehicle veh39
[Midd4VCServer] job f12b4fd2-dbd6-4a7f-adb3-0dd7c060359d completed by vehicle veh30
[Midd4VCServer] job f5dfec86-3bee-44ee-80eb-cbcfa5e10127 completed by vehicle veh39
[Midd4VCServer] job received: c220f78d-d86e-44ba-b637-a657405057da
[Midd4VCServer] Assigning job c220f78d-d86e-44ba-b637-a657405057da to vehicle veh30
[Midd4VCServer] job c220f78d-d86e-44ba-b637-a657405057da completed by vehicle veh30
[Midd4VCServer] Vehicle veh17 already registered.
[Midd4VCServer] job received: f52dd0bf-6976-49dc-b04c-9e066f9db4ce
[Midd4VC] Job 63a8d3e1-d82b-49e0-98ec-b76ba1182ede timed out. Re-enqueueing.
[Midd4VCServer] Assigning job 63a8d3e1-d82b-49e0-98ec-b76ba1182ede to vehicle veh30
[Midd4VCServer] Assigning job f52dd0bf-6976-49dc-b04c-9e066f9db4ce to vehicle veh39
[Midd4VCServer] job f52dd0bf-6976-49dc-b04c-9e066f9db4ce completed by vehicle veh39
[Midd4VCServer] job 63a8d3e1-d82b-49e0-98ec-b76ba1182ede completed by vehicle veh30
[Midd4VCServer] Vehicle veh14 already registered.
[Midd4VCServer] job received: 0455ce94-2a9a-43f0-ad7d-bccbbbdede4f
[Midd4VCServer] Assigning job 0455ce94-2a9a-43f0-ad7d-bccbbbdede4f to vehicle veh30
[Midd4VCServer] job 0455ce94-2a9a-43f0-ad7d-bccbbbdede4f completed by vehicle veh30
[Midd4VCServer] job received: bca107ac-97d9-480b-98a1-c503d3e938cb
[Midd4VCServer] Assigning job bca107ac-97d9-480b-98a1-c503d3e938cb to vehicle veh30
[Midd4VCServer] Vehicle veh12 already registered.
[Midd4VCServer] Vehicle veh18 already registered.
[Midd4VCServer] job received: e7855039-539e-455b-8d96-d0c80be4d9f6
[Midd4VCServer] Assigning job e7855039-539e-455b-8d96-d0c80be4d9f6 to vehicle veh39
[Midd4VCServer] job e7855039-539e-455b-8d96-d0c80be4d9f6 completed by vehicle veh39
[Midd4VCServer] job received: 86e92285-31ec-4330-ae3c-2a344256c8a9
[Midd4VCServer] Assigning job 86e92285-31ec-4330-ae3c-2a344256c8a9 to vehicle veh39
[Midd4VCServer] job 86e92285-31ec-4330-ae3c-2a344256c8a9 completed by vehicle veh39
[Midd4VCServer] job received: da1622ca-f680-434f-b833-0d20c1c86e08
[Midd4VCServer] Assigning job da1622ca-f680-434f-b833-0d20c1c86e08 to vehicle veh18
[Midd4VCServer] job da1622ca-f680-434f-b833-0d20c1c86e08 completed by vehicle veh18
[Midd4VCServer] Vehicle veh5 already registered.
[Midd4VCServer] Vehicle veh34 already registered.
[Midd4VCServer] job received: 953c73c2-89b2-4afb-b3ae-932c78953d9b
[Midd4VCServer] Assigning job 953c73c2-89b2-4afb-b3ae-932c78953d9b to vehicle veh39
[Midd4VCServer] job 953c73c2-89b2-4afb-b3ae-932c78953d9b completed by vehicle veh39
[Midd4VCServer] Vehicle veh4 already registered.
[Midd4VCServer] job received: 68269f79-4697-41f5-9565-46c21c05dc9b
[Midd4VCServer] Assigning job 68269f79-4697-41f5-9565-46c21c05dc9b to vehicle veh7
[Midd4VCServer] Vehicle veh31 already registered.
[Midd4VCServer] Vehicle veh30 already registered.
[Midd4VCServer] Vehicle veh24 already registered.
[Midd4VCServer] Vehicle veh28 already registered.
[Midd4VCServer] Vehicle veh10 already registered.
[Midd4VCServer] job received: ad916c45-246f-4824-91ab-082fac3a95e6
[Midd4VC] Job 2e301a42-51d6-4acb-8c4c-a46d30875579 timed out. Re-enqueueing.
[Midd4VC] Job 7d05a177-5b17-4f21-a874-05dcb6089703 timed out. Re-enqueueing.
[Midd4VCServer] Assigning job 7d05a177-5b17-4f21-a874-05dcb6089703 to vehicle veh40
[Midd4VCServer] Assigning job 2e301a42-51d6-4acb-8c4c-a46d30875579 to vehicle veh36
[Midd4VCServer] Assigning job ad916c45-246f-4824-91ab-082fac3a95e6 to vehicle veh9
[Midd4VCServer] job received: d53895cf-83d9-4c5b-9e01-ce9e65a87871
[Midd4VCServer] Assigning job d53895cf-83d9-4c5b-9e01-ce9e65a87871 to vehicle veh35
[Midd4VCServer] Vehicle veh1 already registered.
[Midd4VCServer] Vehicle veh6 already registered.
[Midd4VCServer] Vehicle veh3 already registered.
[Midd4VCServer] Vehicle veh37 already registered.
[Midd4VCServer] job received: a0ebe5ff-8cc9-4ba7-8dc5-f68f962be3bc
[Midd4VCServer] Assigning job a0ebe5ff-8cc9-4ba7-8dc5-f68f962be3bc to vehicle veh38
[Midd4VCServer] job received: 96187237-e148-4550-a88f-0a94e723439a
[Midd4VC] Job c8462a2d-dfa5-4fe5-b4bd-982482e0c9f9 timed out. Re-enqueueing.
[Midd4VCServer] Assigning job c8462a2d-dfa5-4fe5-b4bd-982482e0c9f9 to vehicle veh6
[Midd4VCServer] Assigning job 96187237-e148-4550-a88f-0a94e723439a to vehicle veh23
[Midd4VCServer] job c8462a2d-dfa5-4fe5-b4bd-982482e0c9f9 completed by vehicle veh6
[Midd4VCServer] job 96187237-e148-4550-a88f-0a94e723439a completed by vehicle veh23
[Midd4VCServer] Vehicle veh15 already registered.
[Midd4VCServer] job received: abe5f614-e4f7-442b-92dd-bbef040b8e23
[Midd4VC] Job e1876cb5-8849-46f5-8400-c27308cadb4d timed out. Re-enqueueing.
[Midd4VC] Job d83e0160-841f-4c2e-a903-32bf11d6c415 timed out. Re-enqueueing.
[Midd4VCServer] Assigning job d83e0160-841f-4c2e-a903-32bf11d6c415 to vehicle veh14
[Midd4VCServer] Assigning job e1876cb5-8849-46f5-8400-c27308cadb4d to vehicle veh27
[Midd4VCServer] Assigning job abe5f614-e4f7-442b-92dd-bbef040b8e23 to vehicle veh6
[Midd4VCServer] job d83e0160-841f-4c2e-a903-32bf11d6c415 completed by vehicle veh14
[Midd4VCServer] job e1876cb5-8849-46f5-8400-c27308cadb4d completed by vehicle veh27
[Midd4VCServer] job abe5f614-e4f7-442b-92dd-bbef040b8e23 completed by vehicle veh6
[Midd4VCServer] Vehicle veh26 already registered.
[Midd4VCServer] job received: 69113306-3ac9-46ab-8c21-cdced1e54f25
[Midd4VC] Job c3a32897-cbf1-4141-9446-ca42b937b030 timed out. Re-enqueueing.
[Midd4VCServer] Assigning job c3a32897-cbf1-4141-9446-ca42b937b030 to vehicle veh14
[Midd4VCServer] Assigning job 69113306-3ac9-46ab-8c21-cdced1e54f25 to vehicle veh27
[Midd4VCServer] job c3a32897-cbf1-4141-9446-ca42b937b030 completed by vehicle veh14
[Midd4VCServer] job 69113306-3ac9-46ab-8c21-cdced1e54f25 completed by vehicle veh27
[Midd4VCServer] job received: 36396184-cf77-416d-897f-1cd310605c0a
[Midd4VCServer] Assigning job 36396184-cf77-416d-897f-1cd310605c0a to vehicle veh14
[Midd4VCServer] job 36396184-cf77-416d-897f-1cd310605c0a completed by vehicle veh14
[Midd4VCServer] job received: 9ec939c0-0f2f-4fd0-a5a7-c4f84f9cdf9d
[Midd4VCServer] Assigning job 9ec939c0-0f2f-4fd0-a5a7-c4f84f9cdf9d to vehicle veh37
[Midd4VCServer] job 9ec939c0-0f2f-4fd0-a5a7-c4f84f9cdf9d completed by vehicle veh37
[Midd4VCServer] job received: 286eda74-5afb-49ee-8591-876e8e3cb0f5
[Midd4VCServer] Assigning job 286eda74-5afb-49ee-8591-876e8e3cb0f5 to vehicle veh14
[Midd4VCServer] job 286eda74-5afb-49ee-8591-876e8e3cb0f5 completed by vehicle veh14
[Midd4VCServer] Vehicle veh18 already registered.
[Midd4VCServer] Vehicle veh25 already registered.
[Midd4VCServer] job received: 1dfc1743-9cfc-4192-b4bf-a1c01a38b92c
[Midd4VCServer] Assigning job 1dfc1743-9cfc-4192-b4bf-a1c01a38b92c to vehicle veh27
[Midd4VCServer] job 1dfc1743-9cfc-4192-b4bf-a1c01a38b92c completed by vehicle veh27
[Midd4VCServer] job received: 1757c385-36e0-4d05-826e-dc1a2f87e4b1
[Midd4VCServer] Assigning job 1757c385-36e0-4d05-826e-dc1a2f87e4b1 to vehicle veh37
[Midd4VCServer] job 1757c385-36e0-4d05-826e-dc1a2f87e4b1 completed by vehicle veh37
[Midd4VCServer] Vehicle veh29 already registered.
[Midd4VCServer] Vehicle veh7 already registered.
[Midd4VCServer] Vehicle veh22 already registered.
[Midd4VCServer] job received: 1000a2f4-b487-465a-b066-7cca9049ee4c
[Midd4VC] Job 5afb5d07-ba40-4609-a1a8-cf808dde8772 timed out. Re-enqueueing.
[Midd4VCServer] Assigning job 5afb5d07-ba40-4609-a1a8-cf808dde8772 to vehicle veh2
[Midd4VCServer] Assigning job 1000a2f4-b487-465a-b066-7cca9049ee4c to vehicle veh14
[Midd4VCServer] Vehicle veh37 already registered.
[Midd4VCServer] job received: 239425ce-8eb8-4b9e-83be-0885691b1ac5
[Midd4VCServer] Assigning job 239425ce-8eb8-4b9e-83be-0885691b1ac5 to vehicle veh6
[Midd4VCServer] job 239425ce-8eb8-4b9e-83be-0885691b1ac5 completed by vehicle veh6
[Midd4VCServer] job received: 270e0b93-6c2a-400a-99ed-77e70060744c
[Midd4VCServer] Assigning job 270e0b93-6c2a-400a-99ed-77e70060744c to vehicle veh27
[Midd4VCServer] job 270e0b93-6c2a-400a-99ed-77e70060744c completed by vehicle veh27
[Midd4VCServer] Vehicle veh23 already registered.
[Midd4VCServer] job received: 19786781-fea0-4607-9665-5d923465b334
[Midd4VCServer] Assigning job 19786781-fea0-4607-9665-5d923465b334 to vehicle veh37
[Midd4VCServer] job 19786781-fea0-4607-9665-5d923465b334 completed by vehicle veh37
[Midd4VCServer] job received: ac86e26b-9611-40bc-af54-581d20338a07
[Midd4VCServer] Assigning job ac86e26b-9611-40bc-af54-581d20338a07 to vehicle veh33
[Midd4VCServer] Vehicle veh32 already registered.
[Midd4VCServer] job received: 3c93c7af-0417-4a5b-99ea-7b4ce024561b
[Midd4VC] Job eb902257-c879-4fab-9e5f-cb969322628e timed out. Re-enqueueing.
[Midd4VCServer] Assigning job eb902257-c879-4fab-9e5f-cb969322628e to vehicle veh32
[Midd4VCServer] Assigning job 3c93c7af-0417-4a5b-99ea-7b4ce024561b to vehicle veh21
[Midd4VCServer] job eb902257-c879-4fab-9e5f-cb969322628e completed by vehicle veh32
[Midd4VCServer] Vehicle veh20 already registered.
[Midd4VCServer] Vehicle veh30 already registered.
[Midd4VCServer] job received: e3b45061-8bbe-4061-aa51-bfa17d4c7443
[Midd4VC] Job 18cb3871-77e7-495d-abd0-4ea850dac787 timed out. Re-enqueueing.
[Midd4VCServer] Assigning job 18cb3871-77e7-495d-abd0-4ea850dac787 to vehicle veh12
[Midd4VCServer] Assigning job e3b45061-8bbe-4061-aa51-bfa17d4c7443 to vehicle veh32
[Midd4VCServer] job 18cb3871-77e7-495d-abd0-4ea850dac787 completed by vehicle veh12
[Midd4VCServer] job e3b45061-8bbe-4061-aa51-bfa17d4c7443 completed by vehicle veh32
[Midd4VCServer] Vehicle veh14 already registered.
[Midd4VCServer] Vehicle veh31 already registered.
[Midd4VCServer] job received: 9a660f38-6574-4308-9bf8-d21f170c6b92
[Midd4VC] Job b4b79a97-1381-477c-bab7-8fd98890f0da timed out. Re-enqueueing.
[Midd4VCServer] Assigning job b4b79a97-1381-477c-bab7-8fd98890f0da to vehicle veh19
[Midd4VCServer] Assigning job 9a660f38-6574-4308-9bf8-d21f170c6b92 to vehicle veh20
[Midd4VCServer] job received: 1aa4a3e7-2793-45db-8811-6aebcd0f7e03
[Midd4VCServer] Assigning job 1aa4a3e7-2793-45db-8811-6aebcd0f7e03 to vehicle veh18
[Midd4VCServer] job 1aa4a3e7-2793-45db-8811-6aebcd0f7e03 completed by vehicle veh18
[Midd4VCServer] job received: d5eeac4d-741d-4cb8-a333-88a5d3fd8689
[Midd4VCServer] Assigning job d5eeac4d-741d-4cb8-a333-88a5d3fd8689 to vehicle veh28
[Midd4VCServer] Vehicle veh32 already registered.
[Midd4VCServer] job received: 7ea79cd3-2cc5-4d2a-baa1-4db071765560
[Midd4VC] Job 358f3a41-a216-4a1b-a799-6510b193da96 timed out. Re-enqueueing.
[Midd4VC] Job c716fd27-7be1-44e6-bbc1-ec3a73557340 timed out. Re-enqueueing.
[Midd4VC] Job e4e221cb-6bf5-4310-a7a4-1e5c91239538 timed out. Re-enqueueing.
[Midd4VCServer] Assigning job e4e221cb-6bf5-4310-a7a4-1e5c91239538 to vehicle veh24
[Midd4VCServer] Assigning job c716fd27-7be1-44e6-bbc1-ec3a73557340 to vehicle veh1
[Midd4VCServer] Assigning job 358f3a41-a216-4a1b-a799-6510b193da96 to vehicle veh4
[Midd4VCServer] Assigning job 7ea79cd3-2cc5-4d2a-baa1-4db071765560 to vehicle veh6
[Midd4VCServer] job received: 8bad6e52-472c-4484-b577-eaee683ab813
[Midd4VCServer] Assigning job 8bad6e52-472c-4484-b577-eaee683ab813 to vehicle veh11
[Midd4VCServer] Vehicle veh17 already registered.
[Midd4VCServer] job received: 468539a9-a555-40cd-bf6d-868e8e7ea80d
[Midd4VCServer] Assigning job 468539a9-a555-40cd-bf6d-868e8e7ea80d to vehicle veh16
[Midd4VCServer] Vehicle veh2 already registered.
[Midd4VCServer] Vehicle veh20 already registered.
[Midd4VCServer] job received: 57dcc6e3-59ff-45a7-bdb9-5a2a0bcc85e0
[Midd4VCServer] Assigning job 57dcc6e3-59ff-45a7-bdb9-5a2a0bcc85e0 to vehicle veh8
[Midd4VCServer] Vehicle veh15 already registered.
[Midd4VCServer] Vehicle veh36 already registered.
[Midd4VCServer] Vehicle veh34 already registered.
[Midd4VCServer] job received: 7ba2c9a3-9449-42d0-bf26-0e8f81c2db71
[Midd4VC] Job 01294c15-4c19-4886-86a9-7b30f0167db2 timed out. Re-enqueueing.
[Midd4VC] Job c7726a21-265a-4345-a2cb-c27bce509a4a timed out. Re-enqueueing.
[Midd4VC] Job 0502e82e-a963-417d-9d11-910ecc95cf83 timed out. Re-enqueueing.
[Midd4VC] Job d978afb9-97c2-4a3f-8fe1-6f988cdf62bd timed out. Re-enqueueing.
[Midd4VCServer] Assigning job d978afb9-97c2-4a3f-8fe1-6f988cdf62bd to vehicle veh22
[Midd4VCServer] Assigning job 0502e82e-a963-417d-9d11-910ecc95cf83 to vehicle veh26
[Midd4VCServer] Assigning job c7726a21-265a-4345-a2cb-c27bce509a4a to vehicle veh5
[Midd4VCServer] Assigning job 01294c15-4c19-4886-86a9-7b30f0167db2 to vehicle veh15
[Midd4VCServer] Assigning job 7ba2c9a3-9449-42d0-bf26-0e8f81c2db71 to vehicle veh13
[Midd4VCServer] job d978afb9-97c2-4a3f-8fe1-6f988cdf62bd completed by vehicle veh22
[Midd4VCServer] job 01294c15-4c19-4886-86a9-7b30f0167db2 completed by vehicle veh15
[Midd4VCServer] Vehicle veh29 already registered.
[Midd4VCServer] job received: 278d4a19-4e38-449f-a4f7-e5f0fedd45e3
[Midd4VCServer] Assigning job 278d4a19-4e38-449f-a4f7-e5f0fedd45e3 to vehicle veh22
[Midd4VCServer] job 278d4a19-4e38-449f-a4f7-e5f0fedd45e3 completed by vehicle veh22
[Midd4VCServer] job received: 09dabde7-e763-47a0-bcc1-bb7ca7973233
[Midd4VCServer] Assigning job 09dabde7-e763-47a0-bcc1-bb7ca7973233 to vehicle veh22
[Midd4VCServer] job 09dabde7-e763-47a0-bcc1-bb7ca7973233 completed by vehicle veh22
[Midd4VCServer] job received: 554fda99-f83d-488c-9e55-319d37fbc363
[Midd4VC] Job 681d8b9e-a1c2-4098-b76c-7eac9238f3d3 timed out. Re-enqueueing.
[Midd4VC] Job 15fde958-7df4-4eb1-b639-e1f23a852e05 timed out. Re-enqueueing.
[Midd4VCServer] Assigning job 15fde958-7df4-4eb1-b639-e1f23a852e05 to vehicle veh34
[Midd4VCServer] Assigning job 681d8b9e-a1c2-4098-b76c-7eac9238f3d3 to vehicle veh25
[Midd4VCServer] Assigning job 554fda99-f83d-488c-9e55-319d37fbc363 to vehicle veh12
[Midd4VCServer] job 15fde958-7df4-4eb1-b639-e1f23a852e05 completed by vehicle veh34
[Midd4VCServer] job received: 044aa870-aa8c-432e-b426-68a5d0972108
[Midd4VCServer] Assigning job 044aa870-aa8c-432e-b426-68a5d0972108 to vehicle veh34
[Midd4VCServer] job 044aa870-aa8c-432e-b426-68a5d0972108 completed by vehicle veh34
[Midd4VCServer] Vehicle veh19 already registered.
[Midd4VCServer] Vehicle veh40 already registered.
[Midd4VCServer] job received: 34071e2a-af8f-4ec2-890e-dfe2ff4430a5
[Midd4VCServer] Assigning job 34071e2a-af8f-4ec2-890e-dfe2ff4430a5 to vehicle veh34
[Midd4VCServer] job 34071e2a-af8f-4ec2-890e-dfe2ff4430a5 completed by vehicle veh34
[Midd4VCServer] job received: 97e7efe2-4917-4934-ace9-6caa34385745
[Midd4VCServer] Assigning job 97e7efe2-4917-4934-ace9-6caa34385745 to vehicle veh34
[Midd4VCServer] job 97e7efe2-4917-4934-ace9-6caa34385745 completed by vehicle veh34
[Midd4VCServer] job received: 4a6050bf-885a-45ad-8708-2a9203d3477f
[Midd4VCServer] Assigning job 4a6050bf-885a-45ad-8708-2a9203d3477f to vehicle veh34
[Midd4VCServer] job 4a6050bf-885a-45ad-8708-2a9203d3477f completed by vehicle veh34
[Midd4VCServer] job received: 3806f2da-9f1f-48c1-8278-f518c37372c1
[Midd4VCServer] Assigning job 3806f2da-9f1f-48c1-8278-f518c37372c1 to vehicle veh34
[Midd4VCServer] job 3806f2da-9f1f-48c1-8278-f518c37372c1 completed by vehicle veh34
[Midd4VCServer] Vehicle veh28 already registered.
[Midd4VCServer] Vehicle veh24 already registered.
[Midd4VCServer] Vehicle veh12 already registered.
[Midd4VCServer] Vehicle veh33 already registered.
[Midd4VCServer] job received: 27d7a071-aea8-4e6a-8289-246b8005728d
[Midd4VC] Job ef267e57-99c0-4220-9564-0aa1013a4909 timed out. Re-enqueueing.
[Midd4VC] Job c7abf754-0f84-4828-b72e-a7002d261f84 timed out. Re-enqueueing.
[Midd4VCServer] Assigning job c7abf754-0f84-4828-b72e-a7002d261f84 to vehicle veh17
[Midd4VCServer] Assigning job ef267e57-99c0-4220-9564-0aa1013a4909 to vehicle veh31
[Midd4VCServer] Assigning job 27d7a071-aea8-4e6a-8289-246b8005728d to vehicle veh34
[Midd4VCServer] job c7abf754-0f84-4828-b72e-a7002d261f84 completed by vehicle veh17
[Midd4VCServer] job 27d7a071-aea8-4e6a-8289-246b8005728d completed by vehicle veh34
[Midd4VCServer] job received: ead9e80c-0b0e-42e0-951c-eb83667fc4b7
[Midd4VCServer] Assigning job ead9e80c-0b0e-42e0-951c-eb83667fc4b7 to vehicle veh17
[Midd4VCServer] job ead9e80c-0b0e-42e0-951c-eb83667fc4b7 completed by vehicle veh17
[Midd4VCServer] job received: 5a3f74bb-1b2d-4a8d-a3f0-4dc78ebe62bd
[Midd4VCServer] Assigning job 5a3f74bb-1b2d-4a8d-a3f0-4dc78ebe62bd to vehicle veh17
[Midd4VCServer] job 5a3f74bb-1b2d-4a8d-a3f0-4dc78ebe62bd completed by vehicle veh17
[Midd4VCServer] Vehicle veh4 already registered.
[Midd4VCServer] Vehicle veh36 already registered.
[Midd4VCServer] Vehicle veh11 already registered.
[Midd4VCServer] Vehicle veh13 already registered.
[Midd4VCServer] job received: b29079df-d00c-4820-8298-c5075bf1b260
[Midd4VC] Job bca107ac-97d9-480b-98a1-c503d3e938cb timed out. Re-enqueueing.
[Midd4VCServer] Assigning job bca107ac-97d9-480b-98a1-c503d3e938cb to vehicle veh30
[Midd4VCServer] Assigning job b29079df-d00c-4820-8298-c5075bf1b260 to vehicle veh17
[Midd4VCServer] job b29079df-d00c-4820-8298-c5075bf1b260 completed by vehicle veh17
[Midd4VCServer] job received: fcc197fe-11d0-4256-a5e3-6dccaf305048
[Midd4VCServer] Assigning job fcc197fe-11d0-4256-a5e3-6dccaf305048 to vehicle veh17
[Midd4VCServer] job fcc197fe-11d0-4256-a5e3-6dccaf305048 completed by vehicle veh17
[Midd4VCServer] Vehicle veh35 already registered.
[Midd4VCServer] Vehicle veh5 already registered.
[Midd4VCServer] Vehicle veh21 already registered.
[Midd4VCServer] job received: 4f6499f6-9c58-4336-9a03-bae1a4dfcfe5
[Midd4VCServer] Assigning job 4f6499f6-9c58-4336-9a03-bae1a4dfcfe5 to vehicle veh17
[Midd4VCServer] job 4f6499f6-9c58-4336-9a03-bae1a4dfcfe5 completed by vehicle veh17
[Midd4VCServer] job received: 132c57f0-e939-4734-be3e-253727124a5f
[Midd4VCServer] Assigning job 132c57f0-e939-4734-be3e-253727124a5f to vehicle veh17
[Midd4VCServer] job 132c57f0-e939-4734-be3e-253727124a5f completed by vehicle veh17
[Midd4VCServer] job received: a100fdc0-378e-4820-beb7-fad250cb4868
[Midd4VC] Job 68269f79-4697-41f5-9565-46c21c05dc9b timed out. Re-enqueueing.
[Midd4VCServer] Assigning job 68269f79-4697-41f5-9565-46c21c05dc9b to vehicle veh34
[Midd4VCServer] Assigning job a100fdc0-378e-4820-beb7-fad250cb4868 to vehicle veh7
[Midd4VCServer] job 68269f79-4697-41f5-9565-46c21c05dc9b completed by vehicle veh34
[Midd4VCServer] job received: 123c37cb-2e26-4b54-9195-80c34db28b70
[Midd4VCServer] Assigning job 123c37cb-2e26-4b54-9195-80c34db28b70 to vehicle veh17
[Midd4VCServer] job 123c37cb-2e26-4b54-9195-80c34db28b70 completed by vehicle veh17
[Midd4VCServer] Vehicle veh8 already registered.
[Midd4VCServer] job received: 6613ae28-0d24-4b23-afee-cf1efe429e9f
[Midd4VCServer] Assigning job 6613ae28-0d24-4b23-afee-cf1efe429e9f to vehicle veh39
[Midd4VCServer] job received: 8bbee497-fbe3-4f0d-bc5e-d106554a7d7b
[Midd4VCServer] Assigning job 8bbee497-fbe3-4f0d-bc5e-d106554a7d7b to vehicle veh27
[Midd4VCServer] job 8bbee497-fbe3-4f0d-bc5e-d106554a7d7b completed by vehicle veh27
[Midd4VCServer] job received: d97fabe0-4846-4e47-99e1-ef3021a02bf0
[Midd4VC] Job 7d05a177-5b17-4f21-a874-05dcb6089703 timed out. Re-enqueueing.
[Midd4VC] Job 2e301a42-51d6-4acb-8c4c-a46d30875579 timed out. Re-enqueueing.
[Midd4VC] Job ad916c45-246f-4824-91ab-082fac3a95e6 timed out. Re-enqueueing.
[Midd4VC] Job d53895cf-83d9-4c5b-9e01-ce9e65a87871 timed out. Re-enqueueing.
[Midd4VCServer] Assigning job d53895cf-83d9-4c5b-9e01-ce9e65a87871 to vehicle veh40
[Midd4VCServer] Assigning job ad916c45-246f-4824-91ab-082fac3a95e6 to vehicle veh36
[Midd4VCServer] Assigning job 2e301a42-51d6-4acb-8c4c-a46d30875579 to vehicle veh9
[Midd4VCServer] Assigning job 7d05a177-5b17-4f21-a874-05dcb6089703 to vehicle veh35
[Midd4VCServer] Assigning job d97fabe0-4846-4e47-99e1-ef3021a02bf0 to vehicle veh29
[Midd4VCServer] job ad916c45-246f-4824-91ab-082fac3a95e6 completed by vehicle veh36
[Midd4VCServer] Vehicle veh25 already registered.
[Midd4VCServer] job received: dba10d54-86a4-4a59-84cc-c9eef2a8f7ce
[Midd4VC] Job a0ebe5ff-8cc9-4ba7-8dc5-f68f962be3bc timed out. Re-enqueueing.
[Midd4VCServer] Assigning job a0ebe5ff-8cc9-4ba7-8dc5-f68f962be3bc to vehicle veh36
[Midd4VCServer] Assigning job dba10d54-86a4-4a59-84cc-c9eef2a8f7ce to vehicle veh38
[Midd4VCServer] job a0ebe5ff-8cc9-4ba7-8dc5-f68f962be3bc completed by vehicle veh36
[Midd4VCServer] Vehicle veh32 already registered.
[Midd4VCServer] Vehicle veh22 already registered.
[Midd4VCServer] job received: f5fd2d01-d9ee-475a-b9f2-d41cd858085e
[Midd4VCServer] Assigning job f5fd2d01-d9ee-475a-b9f2-d41cd858085e to vehicle veh36
[Midd4VCServer] job received: 6c41646b-d550-453d-bc0c-6be23ebf1154
[Midd4VCServer] Assigning job 6c41646b-d550-453d-bc0c-6be23ebf1154 to vehicle veh10
[Midd4VCServer] Vehicle veh7 already registered.
[Midd4VCServer] job received: a607ba3a-dd6a-433f-8354-bc65587f2c30
[Midd4VCServer] Assigning job a607ba3a-dd6a-433f-8354-bc65587f2c30 to vehicle veh34
[Midd4VCServer] job received: 80eba753-3cc4-4f73-864d-d79e94a21bff
[Midd4VCServer] Assigning job 80eba753-3cc4-4f73-864d-d79e94a21bff to vehicle veh37
[Midd4VCServer] Vehicle veh31 already registered.
[Midd4VCServer] Vehicle veh19 already registered.
[Midd4VCServer] Vehicle veh3 already registered.
[Midd4VCServer] Vehicle veh39 already registered.
[Midd4VCServer] Vehicle veh30 already registered.
[Midd4VCServer] job received: 40877cc9-3a6a-4e29-8029-e083027a11dc
[Midd4VCServer] Assigning job 40877cc9-3a6a-4e29-8029-e083027a11dc to vehicle veh32
[Midd4VCServer] job received: b7bab5db-2e27-41dc-b2a2-930f1fe73e38
[Midd4VCServer] Assigning job b7bab5db-2e27-41dc-b2a2-930f1fe73e38 to vehicle veh3
[Midd4VCServer] job b7bab5db-2e27-41dc-b2a2-930f1fe73e38 completed by vehicle veh3
[Midd4VCServer] Vehicle veh37 already registered.
[Midd4VCServer] Vehicle veh13 already registered.
[Midd4VCServer] Vehicle veh36 already registered.
[Midd4VCServer] job received: 924961cc-4591-456a-9e06-a3596d7bc35a
[Midd4VC] Job 5afb5d07-ba40-4609-a1a8-cf808dde8772 timed out. Re-enqueueing.
[Midd4VC] Job 1000a2f4-b487-465a-b066-7cca9049ee4c timed out. Re-enqueueing.
[Midd4VCServer] Assigning job 1000a2f4-b487-465a-b066-7cca9049ee4c to vehicle veh2
[Midd4VCServer] Assigning job 5afb5d07-ba40-4609-a1a8-cf808dde8772 to vehicle veh14
[Midd4VCServer] Assigning job 924961cc-4591-456a-9e06-a3596d7bc35a to vehicle veh15
[Midd4VCServer] job 924961cc-4591-456a-9e06-a3596d7bc35a completed by vehicle veh15
[Midd4VCServer] Vehicle veh35 already registered.
[Midd4VCServer] job received: d1d205df-6934-43f2-ae34-a84fc9810fbd
[Midd4VCServer] Assigning job d1d205df-6934-43f2-ae34-a84fc9810fbd to vehicle veh23
[Midd4VCServer] Vehicle veh6 already registered.
[Midd4VCServer] job received: 59461a84-b327-4d57-a66b-9d9c90f56689
[Midd4VCServer] Assigning job 59461a84-b327-4d57-a66b-9d9c90f56689 to vehicle veh22
[Midd4VCServer] job 59461a84-b327-4d57-a66b-9d9c90f56689 completed by vehicle veh22
[Midd4VCServer] Vehicle veh27 already registered.
[Midd4VCServer] job received: 53e1389d-cbf8-465f-82e0-ff824ad68252
[Midd4VCServer] Assigning job 53e1389d-cbf8-465f-82e0-ff824ad68252 to vehicle veh18
[Midd4VCServer] Vehicle veh23 already registered.
[Midd4VCServer] job received: 3f66b776-5e0e-467f-a8bc-b540cc9e7aa5
[Midd4VC] Job ac86e26b-9611-40bc-af54-581d20338a07 timed out. Re-enqueueing.
[Midd4VCServer] Assigning job ac86e26b-9611-40bc-af54-581d20338a07 to vehicle veh33
[Midd4VCServer] Assigning job 3f66b776-5e0e-467f-a8bc-b540cc9e7aa5 to vehicle veh17
[Midd4VCServer] Vehicle veh40 already registered.
[Midd4VCServer] job received: 594cfaec-41f3-48c1-b99a-4877cd33df00
[Midd4VC] Job 3c93c7af-0417-4a5b-99ea-7b4ce024561b timed out. Re-enqueueing.
[Midd4VCServer] Assigning job 3c93c7af-0417-4a5b-99ea-7b4ce024561b to vehicle veh21
[Midd4VCServer] Assigning job 594cfaec-41f3-48c1-b99a-4877cd33df00 to vehicle veh27
[Midd4VCServer] job 594cfaec-41f3-48c1-b99a-4877cd33df00 completed by vehicle veh27
[Midd4VCServer] Vehicle veh11 already registered.
[Midd4VCServer] job received: 708e419b-6ad7-464c-a9a6-102ae911ade9
[Midd4VCServer] Assigning job 708e419b-6ad7-464c-a9a6-102ae911ade9 to vehicle veh3
[Midd4VCServer] job 708e419b-6ad7-464c-a9a6-102ae911ade9 completed by vehicle veh3
[Midd4VCServer] Vehicle veh38 already registered.
[Midd4VCServer] job received: ddb5fc0c-2ba9-4f8d-be46-8313cb5e6961
[Midd4VCServer] Assigning job ddb5fc0c-2ba9-4f8d-be46-8313cb5e6961 to vehicle veh15
[Midd4VCServer] job ddb5fc0c-2ba9-4f8d-be46-8313cb5e6961 completed by vehicle veh15
[Midd4VCServer] Vehicle veh31 already registered.
[Midd4VCServer] Vehicle veh29 already registered.
[Midd4VCServer] job received: 3fba5892-8268-44ab-8744-1b625f7435d5
[Midd4VC] Job b4b79a97-1381-477c-bab7-8fd98890f0da timed out. Re-enqueueing.
[Midd4VC] Job 9a660f38-6574-4308-9bf8-d21f170c6b92 timed out. Re-enqueueing.
[Midd4VC] Job d5eeac4d-741d-4cb8-a333-88a5d3fd8689 timed out. Re-enqueueing.
[Midd4VCServer] Assigning job d5eeac4d-741d-4cb8-a333-88a5d3fd8689 to vehicle veh19
[Midd4VCServer] Assigning job 9a660f38-6574-4308-9bf8-d21f170c6b92 to vehicle veh20
[Midd4VCServer] Assigning job b4b79a97-1381-477c-bab7-8fd98890f0da to vehicle veh28
[Midd4VCServer] Assigning job 3fba5892-8268-44ab-8744-1b625f7435d5 to vehicle veh22
[Midd4VCServer] job 3fba5892-8268-44ab-8744-1b625f7435d5 completed by vehicle veh22
[Midd4VCServer] Vehicle veh26 already registered.
[Midd4VCServer] job received: a2a17c0d-ef58-453d-9159-ea89f49e520e
[Midd4VC] Job e4e221cb-6bf5-4310-a7a4-1e5c91239538 timed out. Re-enqueueing.
[Midd4VC] Job c716fd27-7be1-44e6-bbc1-ec3a73557340 timed out. Re-enqueueing.
[Midd4VC] Job 358f3a41-a216-4a1b-a799-6510b193da96 timed out. Re-enqueueing.
[Midd4VC] Job 7ea79cd3-2cc5-4d2a-baa1-4db071765560 timed out. Re-enqueueing.
[Midd4VC] Job 8bad6e52-472c-4484-b577-eaee683ab813 timed out. Re-enqueueing.
[Midd4VCServer] Assigning job 8bad6e52-472c-4484-b577-eaee683ab813 to vehicle veh24
[Midd4VCServer] Assigning job 7ea79cd3-2cc5-4d2a-baa1-4db071765560 to vehicle veh1
[Midd4VCServer] Assigning job 358f3a41-a216-4a1b-a799-6510b193da96 to vehicle veh4
[Midd4VCServer] Assigning job c716fd27-7be1-44e6-bbc1-ec3a73557340 to vehicle veh6
[Midd4VCServer] Assigning job e4e221cb-6bf5-4310-a7a4-1e5c91239538 to vehicle veh11
[Midd4VCServer] Assigning job a2a17c0d-ef58-453d-9159-ea89f49e520e to vehicle veh27
[Midd4VCServer] job 7ea79cd3-2cc5-4d2a-baa1-4db071765560 completed by vehicle veh1
[Midd4VCServer] job c716fd27-7be1-44e6-bbc1-ec3a73557340 completed by vehicle veh6
[Midd4VCServer] job a2a17c0d-ef58-453d-9159-ea89f49e520e completed by vehicle veh27
[Midd4VCServer] Vehicle veh1 already registered.
[Midd4VCServer] Vehicle veh14 already registered.
[Midd4VCServer] job received: cd3114d0-e298-4e85-ac3b-53bf0b97add8
[Midd4VC] Job 468539a9-a555-40cd-bf6d-868e8e7ea80d timed out. Re-enqueueing.
[Midd4VCServer] Assigning job 468539a9-a555-40cd-bf6d-868e8e7ea80d to vehicle veh1
[Midd4VCServer] Assigning job cd3114d0-e298-4e85-ac3b-53bf0b97add8 to vehicle veh16
[Midd4VCServer] job 468539a9-a555-40cd-bf6d-868e8e7ea80d completed by vehicle veh1
[Midd4VCServer] job received: 77a51a1d-2d8d-4e68-b79a-fb03b36399ac
[Midd4VC] Job 57dcc6e3-59ff-45a7-bdb9-5a2a0bcc85e0 timed out. Re-enqueueing.
[Midd4VCServer] Assigning job 57dcc6e3-59ff-45a7-bdb9-5a2a0bcc85e0 to vehicle veh8
[Midd4VCServer] Assigning job 77a51a1d-2d8d-4e68-b79a-fb03b36399ac to vehicle veh1
[Midd4VCServer] job 77a51a1d-2d8d-4e68-b79a-fb03b36399ac completed by vehicle veh1
[Midd4VCServer] job received: 2d9f0b8c-c039-43d1-bbd4-4b61a093ea8e
[Midd4VCServer] Assigning job 2d9f0b8c-c039-43d1-bbd4-4b61a093ea8e to vehicle veh6
[Midd4VCServer] job 2d9f0b8c-c039-43d1-bbd4-4b61a093ea8e completed by vehicle veh6
[Midd4VCServer] job received: b5898032-09a2-47f4-9961-1ed9e802d38a
[Midd4VCServer] Assigning job b5898032-09a2-47f4-9961-1ed9e802d38a to vehicle veh1
[Midd4VCServer] job b5898032-09a2-47f4-9961-1ed9e802d38a completed by vehicle veh1
[Midd4VCServer] Vehicle veh30 already registered.
[Midd4VCServer] Vehicle veh25 already registered.
[Midd4VCServer] job received: e3650021-f704-472a-9efe-17ecb329e5e8
[Midd4VC] Job 0502e82e-a963-417d-9d11-910ecc95cf83 timed out. Re-enqueueing.
[Midd4VC] Job c7726a21-265a-4345-a2cb-c27bce509a4a timed out. Re-enqueueing.
[Midd4VC] Job 7ba2c9a3-9449-42d0-bf26-0e8f81c2db71 timed out. Re-enqueueing.
[Midd4VCServer] Assigning job 7ba2c9a3-9449-42d0-bf26-0e8f81c2db71 to vehicle veh26
[Midd4VCServer] Assigning job c7726a21-265a-4345-a2cb-c27bce509a4a to vehicle veh5
[Midd4VCServer] Assigning job 0502e82e-a963-417d-9d11-910ecc95cf83 to vehicle veh13
[Midd4VCServer] Assigning job e3650021-f704-472a-9efe-17ecb329e5e8 to vehicle veh6
[Midd4VCServer] job 7ba2c9a3-9449-42d0-bf26-0e8f81c2db71 completed by vehicle veh26
[Midd4VCServer] job e3650021-f704-472a-9efe-17ecb329e5e8 completed by vehicle veh6
[Midd4VCServer] Vehicle veh14 already registered.
[Midd4VCServer] Vehicle veh23 already registered.
[Midd4VCServer] Vehicle veh18 already registered.
[Midd4VCServer] job received: ea30422d-f5d8-4fe4-83cc-ac1a750e2bb5
[Midd4VC] Job 681d8b9e-a1c2-4098-b76c-7eac9238f3d3 timed out. Re-enqueueing.
[Midd4VC] Job 554fda99-f83d-488c-9e55-319d37fbc363 timed out. Re-enqueueing.
[Midd4VCServer] Assigning job 554fda99-f83d-488c-9e55-319d37fbc363 to vehicle veh25
[Midd4VCServer] Assigning job 681d8b9e-a1c2-4098-b76c-7eac9238f3d3 to vehicle veh26
[Midd4VCServer] Assigning job ea30422d-f5d8-4fe4-83cc-ac1a750e2bb5 to vehicle veh12
[Midd4VCServer] job 554fda99-f83d-488c-9e55-319d37fbc363 completed by vehicle veh25
[Midd4VCServer] job 681d8b9e-a1c2-4098-b76c-7eac9238f3d3 completed by vehicle veh26
[Midd4VCServer] Vehicle veh20 already registered.
[Midd4VCServer] job received: 5e92958a-0557-40d0-a2e5-a4331d2a03a4
[Midd4VCServer] Assigning job 5e92958a-0557-40d0-a2e5-a4331d2a03a4 to vehicle veh25
[Midd4VCServer] job 5e92958a-0557-40d0-a2e5-a4331d2a03a4 completed by vehicle veh25
[Midd4VCServer] job received: b79e1abf-faa1-45fd-8f86-e53875a59be5
[Midd4VCServer] Assigning job b79e1abf-faa1-45fd-8f86-e53875a59be5 to vehicle veh25
[Midd4VCServer] job b79e1abf-faa1-45fd-8f86-e53875a59be5 completed by vehicle veh25
[Midd4VCServer] Vehicle veh19 already registered.
[Midd4VCServer] job received: e0930027-d237-4118-8fb7-80dc01ca25cf
[Midd4VCServer] Assigning job e0930027-d237-4118-8fb7-80dc01ca25cf to vehicle veh25
[Midd4VCServer] job e0930027-d237-4118-8fb7-80dc01ca25cf completed by vehicle veh25
[Midd4VCServer] job received: bef1d535-47ac-42e0-af4b-e7681f54945a
[Midd4VCServer] Assigning job bef1d535-47ac-42e0-af4b-e7681f54945a to vehicle veh25
[Midd4VCServer] job bef1d535-47ac-42e0-af4b-e7681f54945a completed by vehicle veh25
[Midd4VCServer] Vehicle veh11 already registered.
[Midd4VCServer] job received: 4326e9db-4212-42f5-808f-a6c24e132f25
[Midd4VCServer] Assigning job 4326e9db-4212-42f5-808f-a6c24e132f25 to vehicle veh25
[Midd4VCServer] job 4326e9db-4212-42f5-808f-a6c24e132f25 completed by vehicle veh25
[Midd4VCServer] Vehicle veh36 already registered.
[Midd4VCServer] Vehicle veh17 already registered.
[Midd4VCServer] Vehicle veh15 already registered.
[Midd4VCServer] job received: 130b0912-73ae-4aeb-8540-222f27e2f461
[Midd4VC] Job ef267e57-99c0-4220-9564-0aa1013a4909 timed out. Re-enqueueing.
[Midd4VCServer] Assigning job ef267e57-99c0-4220-9564-0aa1013a4909 to vehicle veh31
[Midd4VCServer] Assigning job 130b0912-73ae-4aeb-8540-222f27e2f461 to vehicle veh25
[Midd4VCServer] job received: 7f5d3435-eeac-4cb4-af1d-9e98b2b2e685
[Midd4VCServer] Assigning job 7f5d3435-eeac-4cb4-af1d-9e98b2b2e685 to vehicle veh26
[Midd4VCServer] job 7f5d3435-eeac-4cb4-af1d-9e98b2b2e685 completed by vehicle veh26
[Midd4VCServer] Vehicle veh30 already registered.
[Midd4VCServer] Vehicle veh12 already registered.
[Midd4VCServer] Vehicle veh16 already registered.
[Midd4VCServer] Vehicle veh27 already registered.
[Midd4VCServer] job received: 527bfaaf-4381-4fe5-bea9-a1e1c11a6f46
[Midd4VC] Job bca107ac-97d9-480b-98a1-c503d3e938cb timed out. Re-enqueueing.
[Midd4VCServer] Assigning job bca107ac-97d9-480b-98a1-c503d3e938cb to vehicle veh30
[Midd4VCServer] Assigning job 527bfaaf-4381-4fe5-bea9-a1e1c11a6f46 to vehicle veh26
[Midd4VCServer] job bca107ac-97d9-480b-98a1-c503d3e938cb completed by vehicle veh30
[Midd4VCServer] job received: 6f1048bb-f18d-4d92-bd54-9d9286d3195f
[Midd4VCServer] Assigning job 6f1048bb-f18d-4d92-bd54-9d9286d3195f to vehicle veh30
[Midd4VCServer] job 6f1048bb-f18d-4d92-bd54-9d9286d3195f completed by vehicle veh30
[Midd4VCServer] job received: a80f1901-1c31-498c-8cb7-afe328c728c8
[Midd4VCServer] Assigning job a80f1901-1c31-498c-8cb7-afe328c728c8 to vehicle veh30
[Midd4VCServer] job a80f1901-1c31-498c-8cb7-afe328c728c8 completed by vehicle veh30
[Midd4VCServer] Vehicle veh33 already registered.
[Midd4VCServer] job received: 6dc35d73-1ca7-4f8a-b1f3-0746357f4279
[Midd4VCServer] Assigning job 6dc35d73-1ca7-4f8a-b1f3-0746357f4279 to vehicle veh30
[Midd4VCServer] job 6dc35d73-1ca7-4f8a-b1f3-0746357f4279 completed by vehicle veh30
[Midd4VCServer] job received: c4231bf4-332d-478f-96d1-75f8cdfce762
[Midd4VCServer] Assigning job c4231bf4-332d-478f-96d1-75f8cdfce762 to vehicle veh30
[Midd4VCServer] job c4231bf4-332d-478f-96d1-75f8cdfce762 completed by vehicle veh30
[Midd4VCServer] Vehicle veh39 already registered.
[Midd4VCServer] Vehicle veh38 already registered.
[Midd4VCServer] Vehicle veh5 already registered.
[Midd4VCServer] Vehicle veh21 already registered.
[Midd4VCServer] Vehicle veh36 already registered.
[Midd4VCServer] Vehicle veh25 already registered.
[Midd4VCServer] job received: af39bae7-793d-4e1d-befa-65b98840aa31
[Midd4VC] Job a100fdc0-378e-4820-beb7-fad250cb4868 timed out. Re-enqueueing.
[Midd4VC] Job 6613ae28-0d24-4b23-afee-cf1efe429e9f timed out. Re-enqueueing.
[Midd4VCServer] Assigning job 6613ae28-0d24-4b23-afee-cf1efe429e9f to vehicle veh30
[Midd4VCServer] Assigning job a100fdc0-378e-4820-beb7-fad250cb4868 to vehicle veh7
[Midd4VCServer] Assigning job af39bae7-793d-4e1d-befa-65b98840aa31 to vehicle veh39
[Midd4VCServer] job 6613ae28-0d24-4b23-afee-cf1efe429e9f completed by vehicle veh30
[Midd4VCServer] job af39bae7-793d-4e1d-befa-65b98840aa31 completed by vehicle veh39
[Midd4VCServer] job received: 12ef417a-3ed6-40f7-a652-0360e113815a
[Midd4VCServer] Assigning job 12ef417a-3ed6-40f7-a652-0360e113815a to vehicle veh30
[Midd4VCServer] job 12ef417a-3ed6-40f7-a652-0360e113815a completed by vehicle veh30
[Midd4VCServer] job received: 827da1f4-89ac-4880-afee-781ebc16c27e
[Midd4VCServer] Assigning job 827da1f4-89ac-4880-afee-781ebc16c27e to vehicle veh30
[Midd4VCServer] job 827da1f4-89ac-4880-afee-781ebc16c27e completed by vehicle veh30
[Midd4VCServer] Vehicle veh30 already registered.
[Midd4VCServer] Vehicle veh29 already registered.
[Midd4VCServer] job received: a830ab46-1e67-46d3-a8c1-ed2353711bc8
[Midd4VCServer] Assigning job a830ab46-1e67-46d3-a8c1-ed2353711bc8 to vehicle veh30
[Midd4VCServer] job a830ab46-1e67-46d3-a8c1-ed2353711bc8 completed by vehicle veh30
[Midd4VCServer] Vehicle veh24 already registered.
[Midd4VCServer] Vehicle veh33 already registered.
[Midd4VCServer] Vehicle veh14 already registered.
[Midd4VCServer] job received: cccf98c8-c458-4556-b47d-685a69b22ce1
[Midd4VC] Job d53895cf-83d9-4c5b-9e01-ce9e65a87871 timed out. Re-enqueueing.
[Midd4VC] Job 2e301a42-51d6-4acb-8c4c-a46d30875579 timed out. Re-enqueueing.
[Midd4VC] Job 7d05a177-5b17-4f21-a874-05dcb6089703 timed out. Re-enqueueing.
[Midd4VC] Job d97fabe0-4846-4e47-99e1-ef3021a02bf0 timed out. Re-enqueueing.
[Midd4VC] Job dba10d54-86a4-4a59-84cc-c9eef2a8f7ce timed out. Re-enqueueing.
[Midd4VCServer] Assigning job dba10d54-86a4-4a59-84cc-c9eef2a8f7ce to vehicle veh30
[Midd4VCServer] Assigning job d97fabe0-4846-4e47-99e1-ef3021a02bf0 to vehicle veh40
[Midd4VCServer] Assigning job 7d05a177-5b17-4f21-a874-05dcb6089703 to vehicle veh9
[Midd4VCServer] Assigning job 2e301a42-51d6-4acb-8c4c-a46d30875579 to vehicle veh35
[Midd4VCServer] Assigning job d53895cf-83d9-4c5b-9e01-ce9e65a87871 to vehicle veh38
[Midd4VCServer] Assigning job cccf98c8-c458-4556-b47d-685a69b22ce1 to vehicle veh29
[Midd4VCServer] job d97fabe0-4846-4e47-99e1-ef3021a02bf0 completed by vehicle veh40
[Midd4VCServer] job cccf98c8-c458-4556-b47d-685a69b22ce1 completed by vehicle veh29
[Midd4VCServer] job dba10d54-86a4-4a59-84cc-c9eef2a8f7ce completed by vehicle veh30
[Midd4VCServer] job d53895cf-83d9-4c5b-9e01-ce9e65a87871 completed by vehicle veh38
[Midd4VCServer] job received: e47d9bdc-1a39-4869-acc2-3d1c4a9ac6d2
[Midd4VCServer] Assigning job e47d9bdc-1a39-4869-acc2-3d1c4a9ac6d2 to vehicle veh30
[Midd4VCServer] job e47d9bdc-1a39-4869-acc2-3d1c4a9ac6d2 completed by vehicle veh30
[Midd4VCServer] Vehicle veh34 already registered.
[Midd4VCServer] Vehicle veh16 already registered.
[Midd4VCServer] Vehicle veh40 already registered.
[Midd4VCServer] job received: 7411a331-779a-4089-a77a-47fe8669a235
[Midd4VC] Job f5fd2d01-d9ee-475a-b9f2-d41cd858085e timed out. Re-enqueueing.
[Midd4VC] Job 6c41646b-d550-453d-bc0c-6be23ebf1154 timed out. Re-enqueueing.
[Midd4VCServer] Assigning job 6c41646b-d550-453d-bc0c-6be23ebf1154 to vehicle veh40
[Midd4VCServer] Assigning job f5fd2d01-d9ee-475a-b9f2-d41cd858085e to vehicle veh30
[Midd4VCServer] Assigning job 7411a331-779a-4089-a77a-47fe8669a235 to vehicle veh36
[Midd4VCServer] job 6c41646b-d550-453d-bc0c-6be23ebf1154 completed by vehicle veh40
[Midd4VCServer] Vehicle veh10 already registered.
[Midd4VCServer] job received: d7d35d60-2580-40a0-8f85-8e9986c84548
[Midd4VC] Job a607ba3a-dd6a-433f-8354-bc65587f2c30 timed out. Re-enqueueing.
[Midd4VC] Job 80eba753-3cc4-4f73-864d-d79e94a21bff timed out. Re-enqueueing.
[Midd4VCServer] Assigning job 80eba753-3cc4-4f73-864d-d79e94a21bff to vehicle veh40
[Midd4VCServer] Assigning job a607ba3a-dd6a-433f-8354-bc65587f2c30 to vehicle veh10
[Midd4VCServer] Assigning job d7d35d60-2580-40a0-8f85-8e9986c84548 to vehicle veh34
[Midd4VCServer] job d7d35d60-2580-40a0-8f85-8e9986c84548 completed by vehicle veh34
[Midd4VCServer] job 80eba753-3cc4-4f73-864d-d79e94a21bff completed by vehicle veh40
[Midd4VCServer] job a607ba3a-dd6a-433f-8354-bc65587f2c30 completed by vehicle veh10
[Midd4VCServer] job received: 2a5492ef-778c-4ba7-a505-f946a52d1380
[Midd4VCServer] Assigning job 2a5492ef-778c-4ba7-a505-f946a52d1380 to vehicle veh40
[Midd4VCServer] job 2a5492ef-778c-4ba7-a505-f946a52d1380 completed by vehicle veh40
[Midd4VCServer] job received: 6c3ee779-9d0d-4f54-ac35-1101102a6e64
[Midd4VCServer] Assigning job 6c3ee779-9d0d-4f54-ac35-1101102a6e64 to vehicle veh40
[Midd4VCServer] job 6c3ee779-9d0d-4f54-ac35-1101102a6e64 completed by vehicle veh40
[Midd4VCServer] job received: 1161f48d-1ebc-40cf-9862-a2b03fb4a7c8
[Midd4VCServer] Assigning job 1161f48d-1ebc-40cf-9862-a2b03fb4a7c8 to vehicle veh40
[Midd4VCServer] job 1161f48d-1ebc-40cf-9862-a2b03fb4a7c8 completed by vehicle veh40
[Midd4VCServer] Vehicle veh4 already registered.
[Midd4VCServer] Vehicle veh22 already registered.
[Midd4VCServer] Vehicle veh21 already registered.
[Midd4VCServer] job received: d9cb1036-f480-45f9-a39c-92b86a7a512c
[Midd4VC] Job 40877cc9-3a6a-4e29-8029-e083027a11dc timed out. Re-enqueueing.
[Midd4VCServer] Assigning job 40877cc9-3a6a-4e29-8029-e083027a11dc to vehicle veh37
[Midd4VCServer] Assigning job d9cb1036-f480-45f9-a39c-92b86a7a512c to vehicle veh32
[Midd4VCServer] job 40877cc9-3a6a-4e29-8029-e083027a11dc completed by vehicle veh37
[Midd4VCServer] job received: 4fc5abf3-bfb8-4e93-9330-801568b4632d
[Midd4VCServer] Assigning job 4fc5abf3-bfb8-4e93-9330-801568b4632d to vehicle veh38
[Midd4VCServer] job received: 136995a5-2c94-41f6-bda6-c83a168325ae
[Midd4VC] Job 1000a2f4-b487-465a-b066-7cca9049ee4c timed out. Re-enqueueing.
[Midd4VC] Job 5afb5d07-ba40-4609-a1a8-cf808dde8772 timed out. Re-enqueueing.
[Midd4VCServer] Assigning job 5afb5d07-ba40-4609-a1a8-cf808dde8772 to vehicle veh2
[Midd4VCServer] Assigning job 1000a2f4-b487-465a-b066-7cca9049ee4c to vehicle veh14
[Midd4VCServer] Assigning job 136995a5-2c94-41f6-bda6-c83a168325ae to vehicle veh40
[Midd4VCServer] job 1000a2f4-b487-465a-b066-7cca9049ee4c completed by vehicle veh14
[Midd4VCServer] job 136995a5-2c94-41f6-bda6-c83a168325ae completed by vehicle veh40
[Midd4VCServer] job received: 9c2ff502-f17d-47a8-9ff2-042b9344b154
[Midd4VCServer] Assigning job 9c2ff502-f17d-47a8-9ff2-042b9344b154 to vehicle veh14
[Midd4VCServer] job 9c2ff502-f17d-47a8-9ff2-042b9344b154 completed by vehicle veh14
[Midd4VCServer] Vehicle veh37 already registered.
[Midd4VCServer] Vehicle veh31 already registered.
[Midd4VCServer] Vehicle veh32 already registered.
[Midd4VCServer] job received: 90123cb2-02f5-4e5d-8bd6-bcc312b83438
[Midd4VC] Job d1d205df-6934-43f2-ae34-a84fc9810fbd timed out. Re-enqueueing.
[Midd4VCServer] Assigning job d1d205df-6934-43f2-ae34-a84fc9810fbd to vehicle veh14
[Midd4VCServer] Assigning job 90123cb2-02f5-4e5d-8bd6-bcc312b83438 to vehicle veh23
[Midd4VCServer] job d1d205df-6934-43f2-ae34-a84fc9810fbd completed by vehicle veh14
[Midd4VCServer] Vehicle veh16 already registered.
[Midd4VCServer] Vehicle veh6 already registered.
[Midd4VCServer] job received: f5767111-9c61-45f3-95ad-6644a9943973
[Midd4VC] Job 53e1389d-cbf8-465f-82e0-ff824ad68252 timed out. Re-enqueueing.
[Midd4VCServer] Assigning job 53e1389d-cbf8-465f-82e0-ff824ad68252 to vehicle veh18
[Midd4VCServer] Assigning job f5767111-9c61-45f3-95ad-6644a9943973 to vehicle veh39
[Midd4VCServer] Vehicle veh4 already registered.
[Midd4VCServer] job received: 8f2f9f1d-660c-4b9c-8730-f2c9d106c2b7
[Midd4VC] Job ac86e26b-9611-40bc-af54-581d20338a07 timed out. Re-enqueueing.
[Midd4VC] Job 3f66b776-5e0e-467f-a8bc-b540cc9e7aa5 timed out. Re-enqueueing.
[Midd4VC] Job 3c93c7af-0417-4a5b-99ea-7b4ce024561b timed out. Re-enqueueing.
[Midd4VCServer] Assigning job 3c93c7af-0417-4a5b-99ea-7b4ce024561b to vehicle veh33
[Midd4VCServer] Assigning job 3f66b776-5e0e-467f-a8bc-b540cc9e7aa5 to vehicle veh21
[Midd4VCServer] Assigning job ac86e26b-9611-40bc-af54-581d20338a07 to vehicle veh17
[Midd4VCServer] Assigning job 8f2f9f1d-660c-4b9c-8730-f2c9d106c2b7 to vehicle veh29
[Midd4VCServer] job 3c93c7af-0417-4a5b-99ea-7b4ce024561b completed by vehicle veh33
[Midd4VCServer] Vehicle veh33 already registered.
[Midd4VCServer] job received: 7e86ab18-6089-4135-b491-1d47861ddc3e
[Midd4VCServer] Assigning job 7e86ab18-6089-4135-b491-1d47861ddc3e to vehicle veh33
[Midd4VCServer] job 7e86ab18-6089-4135-b491-1d47861ddc3e completed by vehicle veh33
[Midd4VCServer] job received: 5bfec911-bd2a-4997-b8d8-943ea9b098b5
[Midd4VCServer] Assigning job 5bfec911-bd2a-4997-b8d8-943ea9b098b5 to vehicle veh10
[Midd4VCServer] job received: 76e3f8cb-6066-4f05-a0ce-ef7002692e49
[Midd4VCServer] Assigning job 76e3f8cb-6066-4f05-a0ce-ef7002692e49 to vehicle veh34
[Midd4VCServer] job received: ae917789-fb1a-440f-a15e-0b94584e1f19
[Midd4VCServer] Assigning job ae917789-fb1a-440f-a15e-0b94584e1f19 to vehicle veh37
[Midd4VCServer] job ae917789-fb1a-440f-a15e-0b94584e1f19 completed by vehicle veh37
[Midd4VCServer] Vehicle veh4 already registered.
[Midd4VCServer] job received: dccbb833-af50-4d35-ac90-45eb7cd70264
[Midd4VC] Job d5eeac4d-741d-4cb8-a333-88a5d3fd8689 timed out. Re-enqueueing.
[Midd4VC] Job 9a660f38-6574-4308-9bf8-d21f170c6b92 timed out. Re-enqueueing.
[Midd4VC] Job b4b79a97-1381-477c-bab7-8fd98890f0da timed out. Re-enqueueing.
[Midd4VCServer] Assigning job b4b79a97-1381-477c-bab7-8fd98890f0da to vehicle veh19
[Midd4VCServer] Assigning job 9a660f38-6574-4308-9bf8-d21f170c6b92 to vehicle veh20
[Midd4VCServer] Assigning job d5eeac4d-741d-4cb8-a333-88a5d3fd8689 to vehicle veh28
[Midd4VCServer] Assigning job dccbb833-af50-4d35-ac90-45eb7cd70264 to vehicle veh14
[Midd4VCServer] job dccbb833-af50-4d35-ac90-45eb7cd70264 completed by vehicle veh14
[Midd4VCServer] job b4b79a97-1381-477c-bab7-8fd98890f0da completed by vehicle veh19
[Midd4VCServer] job received: 9e520b83-4e54-404a-8221-448611f0b6bd
[Midd4VC] Job 8bad6e52-472c-4484-b577-eaee683ab813 timed out. Re-enqueueing.
[Midd4VC] Job 358f3a41-a216-4a1b-a799-6510b193da96 timed out. Re-enqueueing.
[Midd4VC] Job e4e221cb-6bf5-4310-a7a4-1e5c91239538 timed out. Re-enqueueing.
[Midd4VCServer] Assigning job e4e221cb-6bf5-4310-a7a4-1e5c91239538 to vehicle veh24
[Midd4VCServer] Assigning job 358f3a41-a216-4a1b-a799-6510b193da96 to vehicle veh4
[Midd4VCServer] Assigning job 8bad6e52-472c-4484-b577-eaee683ab813 to vehicle veh19
[Midd4VCServer] Assigning job 9e520b83-4e54-404a-8221-448611f0b6bd to vehicle veh11
[Midd4VCServer] job e4e221cb-6bf5-4310-a7a4-1e5c91239538 completed by vehicle veh24
[Midd4VCServer] job 8bad6e52-472c-4484-b577-eaee683ab813 completed by vehicle veh19
[Midd4VCServer] Vehicle veh21 already registered.
[Midd4VCServer] job received: 683d9378-5535-410f-9ed8-5e0fbe3a6f1b
[Midd4VC] Job cd3114d0-e298-4e85-ac3b-53bf0b97add8 timed out. Re-enqueueing.
[Midd4VC] Job 57dcc6e3-59ff-45a7-bdb9-5a2a0bcc85e0 timed out. Re-enqueueing.
[Midd4VCServer] Assigning job 57dcc6e3-59ff-45a7-bdb9-5a2a0bcc85e0 to vehicle veh24
[Midd4VCServer] Assigning job cd3114d0-e298-4e85-ac3b-53bf0b97add8 to vehicle veh16
[Midd4VCServer] Assigning job 683d9378-5535-410f-9ed8-5e0fbe3a6f1b to vehicle veh8
[Midd4VCServer] job 57dcc6e3-59ff-45a7-bdb9-5a2a0bcc85e0 completed by vehicle veh24
[Midd4VCServer] job received: 5c246139-eb57-4a03-8089-0df46dbfa1b6
[Midd4VCServer] Assigning job 5c246139-eb57-4a03-8089-0df46dbfa1b6 to vehicle veh24
[Midd4VCServer] job 5c246139-eb57-4a03-8089-0df46dbfa1b6 completed by vehicle veh24
[Midd4VCServer] job received: 916564aa-5fb0-4fa7-ba69-633cc918a03f
[Midd4VCServer] Assigning job 916564aa-5fb0-4fa7-ba69-633cc918a03f to vehicle veh19
[Midd4VCServer] job 916564aa-5fb0-4fa7-ba69-633cc918a03f completed by vehicle veh19
[Midd4VCServer] job received: df022879-50f7-472d-884b-6df48d69299d
[Midd4VCServer] Assigning job df022879-50f7-472d-884b-6df48d69299d to vehicle veh24
[Midd4VCServer] job df022879-50f7-472d-884b-6df48d69299d completed by vehicle veh24
[Midd4VCServer] Vehicle veh5 already registered.
[Midd4VCServer] job received: cf8f7b24-596b-45ce-880c-6d6875157666
[Midd4VCServer] Assigning job cf8f7b24-596b-45ce-880c-6d6875157666 to vehicle veh19
[Midd4VCServer] job cf8f7b24-596b-45ce-880c-6d6875157666 completed by vehicle veh19
[Midd4VCServer] job received: cb7ab897-b7b2-45be-915b-57dc451b5fa7
[Midd4VCServer] Assigning job cb7ab897-b7b2-45be-915b-57dc451b5fa7 to vehicle veh33
[Midd4VCServer] job cb7ab897-b7b2-45be-915b-57dc451b5fa7 completed by vehicle veh33
[Midd4VCServer] job received: 7e227c27-1e55-4451-bec7-96eeda10f6a5
[Midd4VC] Job c7726a21-265a-4345-a2cb-c27bce509a4a timed out. Re-enqueueing.
[Midd4VC] Job 0502e82e-a963-417d-9d11-910ecc95cf83 timed out. Re-enqueueing.
[Midd4VCServer] Assigning job 0502e82e-a963-417d-9d11-910ecc95cf83 to vehicle veh5
[Midd4VCServer] Assigning job c7726a21-265a-4345-a2cb-c27bce509a4a to vehicle veh13
[Midd4VCServer] Assigning job 7e227c27-1e55-4451-bec7-96eeda10f6a5 to vehicle veh24
[Midd4VCServer] job 7e227c27-1e55-4451-bec7-96eeda10f6a5 completed by vehicle veh24
[Midd4VCServer] job 0502e82e-a963-417d-9d11-910ecc95cf83 completed by vehicle veh5
[Midd4VCServer] job received: e0d20466-a633-402a-8ee9-5a3d42f8918c
[Midd4VCServer] Assigning job e0d20466-a633-402a-8ee9-5a3d42f8918c to vehicle veh5
[Midd4VCServer] job e0d20466-a633-402a-8ee9-5a3d42f8918c completed by vehicle veh5
[Midd4VCServer] job received: 478f7a51-db3b-4ef8-8586-15e59717c9b0
[Midd4VC] Job ea30422d-f5d8-4fe4-83cc-ac1a750e2bb5 timed out. Re-enqueueing.
[Midd4VCServer] Assigning job ea30422d-f5d8-4fe4-83cc-ac1a750e2bb5 to vehicle veh12
[Midd4VCServer] Assigning job 478f7a51-db3b-4ef8-8586-15e59717c9b0 to vehicle veh5
[Midd4VCServer] job 478f7a51-db3b-4ef8-8586-15e59717c9b0 completed by vehicle veh5
[Midd4VCServer] Vehicle veh8 already registered.
[Midd4VCServer] Vehicle veh9 already registered.
[Midd4VCServer] job received: b3bd864a-0d35-4081-b546-3aaed4dcca10
[Midd4VCServer] Assigning job b3bd864a-0d35-4081-b546-3aaed4dcca10 to vehicle veh40
[Midd4VCServer] Vehicle veh30 already registered.
[Midd4VCServer] Vehicle veh12 already registered.
[Midd4VCServer] Vehicle veh20 already registered.
[Midd4VCServer] Vehicle veh32 already registered.
[Midd4VCServer] Vehicle veh36 already registered.
[Midd4VCServer] Vehicle veh9 already registered.
[Midd4VCServer] Vehicle veh13 already registered.
[Midd4VCServer] Vehicle veh33 already registered.
[Midd4VCServer] job received: f0d6763a-8988-4d4b-a979-1fff056613ad
[Midd4VC] Job ef267e57-99c0-4220-9564-0aa1013a4909 timed out. Re-enqueueing.
[Midd4VC] Job 130b0912-73ae-4aeb-8540-222f27e2f461 timed out. Re-enqueueing.
[Midd4VCServer] Assigning job 130b0912-73ae-4aeb-8540-222f27e2f461 to vehicle veh31
[Midd4VCServer] Assigning job ef267e57-99c0-4220-9564-0aa1013a4909 to vehicle veh25
[Midd4VCServer] Assigning job f0d6763a-8988-4d4b-a979-1fff056613ad to vehicle veh37
[Midd4VCServer] job ef267e57-99c0-4220-9564-0aa1013a4909 completed by vehicle veh25
[Midd4VCServer] job received: 9aaa15ab-787b-4196-bbc4-0a4677787509
[Midd4VCServer] Assigning job 9aaa15ab-787b-4196-bbc4-0a4677787509 to vehicle veh25
[Midd4VCServer] job 9aaa15ab-787b-4196-bbc4-0a4677787509 completed by vehicle veh25
[Midd4VCServer] Vehicle veh27 already registered.
[Midd4VCServer] job received: e177fdbb-d014-4125-91d4-f9de99ef70ee
[Midd4VCServer] Assigning job e177fdbb-d014-4125-91d4-f9de99ef70ee to vehicle veh25
[Midd4VCServer] job e177fdbb-d014-4125-91d4-f9de99ef70ee completed by vehicle veh25
[Midd4VCServer] job received: 6db9761e-519b-4f83-a4d2-ae029c495a59
[Midd4VCServer] Assigning job 6db9761e-519b-4f83-a4d2-ae029c495a59 to vehicle veh25
[Midd4VCServer] job 6db9761e-519b-4f83-a4d2-ae029c495a59 completed by vehicle veh25
[Midd4VCServer] job received: 7c6c1ea2-9869-4667-b9ba-6417cc3bcdd9
[Midd4VCServer] Assigning job 7c6c1ea2-9869-4667-b9ba-6417cc3bcdd9 to vehicle veh3
[Midd4VCServer] job received: 80f05cc0-b5c5-43c4-aa17-ff4b6168ed6b
[Midd4VCServer] Assigning job 80f05cc0-b5c5-43c4-aa17-ff4b6168ed6b to vehicle veh5
[Midd4VCServer] job 80f05cc0-b5c5-43c4-aa17-ff4b6168ed6b completed by vehicle veh5
[Midd4VCServer] job received: 090efbc1-c332-4917-b11d-d8b90be7538e
[Midd4VC] Job 527bfaaf-4381-4fe5-bea9-a1e1c11a6f46 timed out. Re-enqueueing.
[Midd4VCServer] Assigning job 527bfaaf-4381-4fe5-bea9-a1e1c11a6f46 to vehicle veh26
[Midd4VCServer] Assigning job 090efbc1-c332-4917-b11d-d8b90be7538e to vehicle veh15
[Midd4VCServer] Vehicle veh8 already registered.
[Midd4VCServer] Vehicle veh10 already registered.
[Midd4VCServer] Vehicle veh16 already registered.
[Midd4VCServer] job received: 20bc1d14-590e-4f26-9f3c-d35e021bfb98
[Midd4VCServer] Assigning job 20bc1d14-590e-4f26-9f3c-d35e021bfb98 to vehicle veh14
[Midd4VCServer] job received: e62a30da-5341-46c7-b1fe-9866c9d11c5e
[Midd4VCServer] Assigning job e62a30da-5341-46c7-b1fe-9866c9d11c5e to vehicle veh19
[Midd4VCServer] job e62a30da-5341-46c7-b1fe-9866c9d11c5e completed by vehicle veh19
[Midd4VCServer] job received: 4cc96ab7-4488-44f9-a49f-329016ef860b
[Midd4VCServer] Assigning job 4cc96ab7-4488-44f9-a49f-329016ef860b to vehicle veh33
[Midd4VCServer] job 4cc96ab7-4488-44f9-a49f-329016ef860b completed by vehicle veh33
[Midd4VCServer] Vehicle veh22 already registered.
[Midd4VCServer] Vehicle veh13 already registered.
[Midd4VCServer] Vehicle veh23 already registered.
[Midd4VCServer] Vehicle veh15 already registered.
[Midd4VCServer] Vehicle veh1 already registered.
[Midd4VCServer] Vehicle veh38 already registered.
[Midd4VCServer] job received: 9124f86f-ac0e-486b-a915-18241ac0fb19
[Midd4VC] Job a100fdc0-378e-4820-beb7-fad250cb4868 timed out. Re-enqueueing.
[Midd4VC] Job 7d05a177-5b17-4f21-a874-05dcb6089703 timed out. Re-enqueueing.
[Midd4VC] Job 2e301a42-51d6-4acb-8c4c-a46d30875579 timed out. Re-enqueueing.
[Midd4VCServer] Assigning job 2e301a42-51d6-4acb-8c4c-a46d30875579 to vehicle veh7
[Midd4VCServer] Assigning job 7d05a177-5b17-4f21-a874-05dcb6089703 to vehicle veh9
[Midd4VCServer] Assigning job a100fdc0-378e-4820-beb7-fad250cb4868 to vehicle veh35
[Midd4VCServer] Assigning job 9124f86f-ac0e-486b-a915-18241ac0fb19 to vehicle veh24
[Midd4VCServer] job 7d05a177-5b17-4f21-a874-05dcb6089703 completed by vehicle veh9
[Midd4VCServer] job received: 2c3c5954-63f0-47ef-b17f-952fdcd35a82
[Midd4VCServer] Assigning job 2c3c5954-63f0-47ef-b17f-952fdcd35a82 to vehicle veh9
[Midd4VCServer] job 2c3c5954-63f0-47ef-b17f-952fdcd35a82 completed by vehicle veh9
[Midd4VCServer] job received: d76eba1f-fb3c-4f29-b5ce-5781b962ce44
[Midd4VCServer] Assigning job d76eba1f-fb3c-4f29-b5ce-5781b962ce44 to vehicle veh9
[Midd4VCServer] job d76eba1f-fb3c-4f29-b5ce-5781b962ce44 completed by vehicle veh9
[Midd4VCServer] Vehicle veh14 already registered.
[Midd4VCServer] job received: c07b6c24-0aee-4ce5-9bb0-ee29af39b4d7
[Midd4VCServer] Assigning job c07b6c24-0aee-4ce5-9bb0-ee29af39b4d7 to vehicle veh9
[Midd4VCServer] job c07b6c24-0aee-4ce5-9bb0-ee29af39b4d7 completed by vehicle veh9
[Midd4VCServer] Vehicle veh31 already registered.
[Midd4VCServer] Vehicle veh3 already registered.
[Midd4VCServer] Vehicle veh32 already registered.
[Midd4VCServer] Vehicle veh25 already registered.
[Midd4VCServer] Vehicle veh16 already registered.
[Midd4VCServer] Vehicle veh36 already registered.
[Midd4VCServer] Vehicle veh6 already registered.
[Midd4VCServer] job received: 40e75664-dd57-434c-b7ee-5cd49a11477f
[Midd4VC] Job f5fd2d01-d9ee-475a-b9f2-d41cd858085e timed out. Re-enqueueing.
[Midd4VC] Job 7411a331-779a-4089-a77a-47fe8669a235 timed out. Re-enqueueing.
[Midd4VCServer] Assigning job 7411a331-779a-4089-a77a-47fe8669a235 to vehicle veh30
[Midd4VCServer] Assigning job f5fd2d01-d9ee-475a-b9f2-d41cd858085e to vehicle veh36
[Midd4VCServer] Assigning job 40e75664-dd57-434c-b7ee-5cd49a11477f to vehicle veh25
[Midd4VCServer] Vehicle veh17 already registered.
[Midd4VCServer] job f5fd2d01-d9ee-475a-b9f2-d41cd858085e completed by vehicle veh36
[Midd4VCServer] job 40e75664-dd57-434c-b7ee-5cd49a11477f completed by vehicle veh25
[Midd4VCServer] job received: 5760a7ff-7e37-4d17-96ec-fcb8f6d74794
[Midd4VCServer] Assigning job 5760a7ff-7e37-4d17-96ec-fcb8f6d74794 to vehicle veh36
[Midd4VCServer] job 5760a7ff-7e37-4d17-96ec-fcb8f6d74794 completed by vehicle veh36
[Midd4VCServer] Vehicle veh8 already registered.
[Midd4VCServer] job received: 0936ee8c-bc58-4139-a55c-77c975743e20
[Midd4VCServer] Assigning job 0936ee8c-bc58-4139-a55c-77c975743e20 to vehicle veh36
[Midd4VCServer] job 0936ee8c-bc58-4139-a55c-77c975743e20 completed by vehicle veh36
[Midd4VCServer] job received: 3496a3bd-bbee-469d-89c5-d319d5fb9302
[Midd4VCServer] Assigning job 3496a3bd-bbee-469d-89c5-d319d5fb9302 to vehicle veh36
[Midd4VCServer] job 3496a3bd-bbee-469d-89c5-d319d5fb9302 completed by vehicle veh36
[Midd4VCServer] job received: 065eb3cd-38ac-4980-b9de-2734d7db7386
[Midd4VC] Job d9cb1036-f480-45f9-a39c-92b86a7a512c timed out. Re-enqueueing.
[Midd4VC] Job 4fc5abf3-bfb8-4e93-9330-801568b4632d timed out. Re-enqueueing.
[Midd4VCServer] Assigning job 4fc5abf3-bfb8-4e93-9330-801568b4632d to vehicle veh32
[Midd4VCServer] Assigning job d9cb1036-f480-45f9-a39c-92b86a7a512c to vehicle veh38
[Midd4VCServer] Assigning job 065eb3cd-38ac-4980-b9de-2734d7db7386 to vehicle veh36
[Midd4VCServer] job 065eb3cd-38ac-4980-b9de-2734d7db7386 completed by vehicle veh36
[Midd4VCServer] job 4fc5abf3-bfb8-4e93-9330-801568b4632d completed by vehicle veh32
[Midd4VCServer] Vehicle veh14 already registered.
[Midd4VCServer] job received: 0ac599a8-1d98-4378-b6b5-f86d33081253
[Midd4VC] Job 5afb5d07-ba40-4609-a1a8-cf808dde8772 timed out. Re-enqueueing.
[Midd4VCServer] Assigning job 5afb5d07-ba40-4609-a1a8-cf808dde8772 to vehicle veh2
[Midd4VCServer] Assigning job 0ac599a8-1d98-4378-b6b5-f86d33081253 to vehicle veh32
[Midd4VCServer] job 0ac599a8-1d98-4378-b6b5-f86d33081253 completed by vehicle veh32
[Midd4VCServer] job received: be717d4c-0acc-42c4-9286-743bfe30e8eb
[Midd4VCServer] Assigning job be717d4c-0acc-42c4-9286-743bfe30e8eb to vehicle veh32
[Midd4VCServer] job be717d4c-0acc-42c4-9286-743bfe30e8eb completed by vehicle veh32
[Midd4VCServer] Vehicle veh11 already registered.
[Midd4VCServer] Vehicle veh30 already registered.
[Midd4VCServer] job received: 976e02f8-8aec-478a-8911-78c1d65b64af
[Midd4VC] Job 90123cb2-02f5-4e5d-8bd6-bcc312b83438 timed out. Re-enqueueing.
[Midd4VCServer] Assigning job 90123cb2-02f5-4e5d-8bd6-bcc312b83438 to vehicle veh23
[Midd4VCServer] Assigning job 976e02f8-8aec-478a-8911-78c1d65b64af to vehicle veh36
[Midd4VCServer] job 90123cb2-02f5-4e5d-8bd6-bcc312b83438 completed by vehicle veh23
[Midd4VCServer] job 976e02f8-8aec-478a-8911-78c1d65b64af completed by vehicle veh36
[Midd4VCServer] Vehicle veh37 already registered.
[Midd4VCServer] job received: 3742abaa-b9c7-4dad-8815-3b074b376df4
[Midd4VCServer] Assigning job 3742abaa-b9c7-4dad-8815-3b074b376df4 to vehicle veh23
[Midd4VCServer] job 3742abaa-b9c7-4dad-8815-3b074b376df4 completed by vehicle veh23
[Midd4VCServer] Vehicle veh22 already registered.
[Midd4VCServer] Vehicle veh33 already registered.
[Midd4VCServer] job received: 2ac56df7-2ca6-42e8-af50-846efd5d3337
[Midd4VC] Job 53e1389d-cbf8-465f-82e0-ff824ad68252 timed out. Re-enqueueing.
[Midd4VC] Job f5767111-9c61-45f3-95ad-6644a9943973 timed out. Re-enqueueing.
[Midd4VCServer] Assigning job f5767111-9c61-45f3-95ad-6644a9943973 to vehicle veh18
[Midd4VCServer] Assigning job 53e1389d-cbf8-465f-82e0-ff824ad68252 to vehicle veh39
[Midd4VCServer] Assigning job 2ac56df7-2ca6-42e8-af50-846efd5d3337 to vehicle veh23
[Midd4VCServer] job f5767111-9c61-45f3-95ad-6644a9943973 completed by vehicle veh18
[Midd4VCServer] job received: 46429ba4-434a-4f1b-a10e-a2abf811e5c8
[Midd4VCServer] Assigning job 46429ba4-434a-4f1b-a10e-a2abf811e5c8 to vehicle veh18
[Midd4VCServer] job 46429ba4-434a-4f1b-a10e-a2abf811e5c8 completed by vehicle veh18
[Midd4VCServer] job received: 057b29e9-2a0e-429d-a74e-ca71176e6ccd
[Midd4VCServer] Assigning job 057b29e9-2a0e-429d-a74e-ca71176e6ccd to vehicle veh1
[Midd4VCServer] Vehicle veh10 already registered.
[Midd4VCServer] job received: a45b6544-9e73-4c3a-b5a5-ab7e5f88be7d
[Midd4VCServer] Assigning job a45b6544-9e73-4c3a-b5a5-ab7e5f88be7d to vehicle veh22
[Midd4VCServer] job a45b6544-9e73-4c3a-b5a5-ab7e5f88be7d completed by vehicle veh22
[Midd4VCServer] Vehicle veh18 already registered.
[Midd4VCServer] Vehicle veh38 already registered.
[Midd4VCServer] job received: b1b9fa7f-6984-4cd2-8695-adff60846064
[Midd4VC] Job 3f66b776-5e0e-467f-a8bc-b540cc9e7aa5 timed out. Re-enqueueing.
[Midd4VC] Job ac86e26b-9611-40bc-af54-581d20338a07 timed out. Re-enqueueing.
[Midd4VC] Job 8f2f9f1d-660c-4b9c-8730-f2c9d106c2b7 timed out. Re-enqueueing.
[Midd4VCServer] Assigning job 8f2f9f1d-660c-4b9c-8730-f2c9d106c2b7 to vehicle veh21
[Midd4VCServer] Assigning job ac86e26b-9611-40bc-af54-581d20338a07 to vehicle veh17
[Midd4VCServer] Assigning job 3f66b776-5e0e-467f-a8bc-b540cc9e7aa5 to vehicle veh29
[Midd4VCServer] Assigning job b1b9fa7f-6984-4cd2-8695-adff60846064 to vehicle veh18
[Midd4VCServer] job b1b9fa7f-6984-4cd2-8695-adff60846064 completed by vehicle veh18
[Midd4VCServer] job received: 93acd515-7c5f-4405-8a4a-5999711ce965
[Midd4VC] Job 5bfec911-bd2a-4997-b8d8-943ea9b098b5 timed out. Re-enqueueing.
[Midd4VC] Job 76e3f8cb-6066-4f05-a0ce-ef7002692e49 timed out. Re-enqueueing.
[Midd4VCServer] Assigning job 76e3f8cb-6066-4f05-a0ce-ef7002692e49 to vehicle veh10
[Midd4VCServer] Assigning job 5bfec911-bd2a-4997-b8d8-943ea9b098b5 to vehicle veh34
[Midd4VCServer] Assigning job 93acd515-7c5f-4405-8a4a-5999711ce965 to vehicle veh6
[Midd4VCServer] job 76e3f8cb-6066-4f05-a0ce-ef7002692e49 completed by vehicle veh10
[Midd4VCServer] job 93acd515-7c5f-4405-8a4a-5999711ce965 completed by vehicle veh6
[Midd4VCServer] Vehicle veh23 already registered.
[Midd4VCServer] Vehicle veh26 already registered.
[Midd4VCServer] Vehicle veh19 already registered.
[Midd4VCServer] Vehicle veh29 already registered.
[Midd4VCServer] Vehicle veh38 already registered.
[Midd4VCServer] job received: 994202c4-82e3-44cb-a5fa-4196c9be2833
[Midd4VC] Job 9a660f38-6574-4308-9bf8-d21f170c6b92 timed out. Re-enqueueing.
[Midd4VC] Job d5eeac4d-741d-4cb8-a333-88a5d3fd8689 timed out. Re-enqueueing.
[Midd4VCServer] Assigning job d5eeac4d-741d-4cb8-a333-88a5d3fd8689 to vehicle veh20
[Midd4VCServer] Assigning job 9a660f38-6574-4308-9bf8-d21f170c6b92 to vehicle veh28
[Midd4VCServer] Assigning job 994202c4-82e3-44cb-a5fa-4196c9be2833 to vehicle veh10
[Midd4VCServer] job received: d5162602-a2bc-49b1-9581-51334577c47c
[Midd4VCServer] Assigning job d5162602-a2bc-49b1-9581-51334577c47c to vehicle veh27
[Midd4VCServer] job d5162602-a2bc-49b1-9581-51334577c47c completed by vehicle veh27
[Midd4VCServer] Vehicle veh35 already registered.
[Midd4VCServer] job received: 07866f12-a76e-41a4-9e52-c74bd380bb2d
[Midd4VC] Job 358f3a41-a216-4a1b-a799-6510b193da96 timed out. Re-enqueueing.
[Midd4VC] Job 9e520b83-4e54-404a-8221-448611f0b6bd timed out. Re-enqueueing.
[Midd4VCServer] Assigning job 9e520b83-4e54-404a-8221-448611f0b6bd to vehicle veh4
[Midd4VCServer] Assigning job 358f3a41-a216-4a1b-a799-6510b193da96 to vehicle veh11
[Midd4VCServer] Assigning job 07866f12-a76e-41a4-9e52-c74bd380bb2d to vehicle veh32
[Midd4VCServer] job 358f3a41-a216-4a1b-a799-6510b193da96 completed by vehicle veh11
[Midd4VCServer] job received: c3fdb334-8c8c-431d-b5fd-3d6c20d103cc
[Midd4VC] Job cd3114d0-e298-4e85-ac3b-53bf0b97add8 timed out. Re-enqueueing.
[Midd4VC] Job 683d9378-5535-410f-9ed8-5e0fbe3a6f1b timed out. Re-enqueueing.
[Midd4VCServer] Assigning job 683d9378-5535-410f-9ed8-5e0fbe3a6f1b to vehicle veh16
[Midd4VCServer] Assigning job cd3114d0-e298-4e85-ac3b-53bf0b97add8 to vehicle veh8
[Midd4VCServer] Assigning job c3fdb334-8c8c-431d-b5fd-3d6c20d103cc to vehicle veh11
[Midd4VCServer] job 683d9378-5535-410f-9ed8-5e0fbe3a6f1b completed by vehicle veh16
[Midd4VCServer] job c3fdb334-8c8c-431d-b5fd-3d6c20d103cc completed by vehicle veh11
[Midd4VCServer] job cd3114d0-e298-4e85-ac3b-53bf0b97add8 completed by vehicle veh8
[Midd4VCServer] job received: 51b23471-a656-4b81-a984-5a6ac7334021
[Midd4VCServer] Assigning job 51b23471-a656-4b81-a984-5a6ac7334021 to vehicle veh16
[Midd4VCServer] job 51b23471-a656-4b81-a984-5a6ac7334021 completed by vehicle veh16
[Midd4VCServer] job received: 86f319da-b73c-4f2f-98a7-50166ea21870
[Midd4VCServer] Assigning job 86f319da-b73c-4f2f-98a7-50166ea21870 to vehicle veh8
[Midd4VCServer] job 86f319da-b73c-4f2f-98a7-50166ea21870 completed by vehicle veh8
[Midd4VCServer] Vehicle veh10 already registered.
[Midd4VCServer] Vehicle veh37 already registered.
[Midd4VCServer] job received: 1d716336-8bca-4b0d-b3c3-8cb102c3c9d1
[Midd4VCServer] Assigning job 1d716336-8bca-4b0d-b3c3-8cb102c3c9d1 to vehicle veh11
[Midd4VCServer] Vehicle veh3 already registered.
[Midd4VCServer] job received: 8439bda8-cc0c-4d14-b6f2-a55efa5143a5
[Midd4VCServer] Assigning job 8439bda8-cc0c-4d14-b6f2-a55efa5143a5 to vehicle veh16
[Midd4VCServer] Vehicle veh40 already registered.
[Midd4VCServer] Vehicle veh7 already registered.
[Midd4VCServer] job received: 93134614-2f49-4e0b-8239-e9944df62ffa
[Midd4VC] Job c7726a21-265a-4345-a2cb-c27bce509a4a timed out. Re-enqueueing.
[Midd4VC] Job ea30422d-f5d8-4fe4-83cc-ac1a750e2bb5 timed out. Re-enqueueing.
[Midd4VCServer] Assigning job ea30422d-f5d8-4fe4-83cc-ac1a750e2bb5 to vehicle veh13
[Midd4VCServer] Assigning job c7726a21-265a-4345-a2cb-c27bce509a4a to vehicle veh12
[Midd4VCServer] Assigning job 93134614-2f49-4e0b-8239-e9944df62ffa to vehicle veh8
[Midd4VCServer] job ea30422d-f5d8-4fe4-83cc-ac1a750e2bb5 completed by vehicle veh13
[Midd4VCServer] job 93134614-2f49-4e0b-8239-e9944df62ffa completed by vehicle veh8
[Midd4VCServer] job received: 5d5a9a5f-3993-44fa-aab7-1c906e90cbb4
[Midd4VCServer] Assigning job 5d5a9a5f-3993-44fa-aab7-1c906e90cbb4 to vehicle veh13
[Midd4VCServer] job 5d5a9a5f-3993-44fa-aab7-1c906e90cbb4 completed by vehicle veh13
[Midd4VCServer] Vehicle veh18 already registered.
[Midd4VCServer] Vehicle veh22 already registered.
[Midd4VCServer] Vehicle veh34 already registered.
[Midd4VCServer] Vehicle veh21 already registered.
[Midd4VCServer] Vehicle veh19 already registered.
[Midd4VCServer] Vehicle veh28 already registered.
[Midd4VCServer] Vehicle veh2 already registered.
[Midd4VCServer] Vehicle veh39 already registered.
[Midd4VCServer] Vehicle veh30 already registered.
[Midd4VCServer] Vehicle veh23 already registered.
[Midd4VCServer] Vehicle veh24 already registered.
[Midd4VCServer] job received: 7bb1fab8-2de5-47d2-b17a-509ad55bcd4d
[Midd4VC] Job b3bd864a-0d35-4081-b546-3aaed4dcca10 timed out. Re-enqueueing.
[Midd4VCServer] Assigning job b3bd864a-0d35-4081-b546-3aaed4dcca10 to vehicle veh40
[Midd4VCServer] Assigning job 7bb1fab8-2de5-47d2-b17a-509ad55bcd4d to vehicle veh13
[Midd4VCServer] job received: 12d7243f-4457-42eb-8493-2bd5eae52ad2
[Midd4VCServer] Assigning job 12d7243f-4457-42eb-8493-2bd5eae52ad2 to vehicle veh8
[Midd4VCServer] job received: 39a5c00d-da07-4b88-b72f-10ad09f6e96f
[Midd4VCServer] Assigning job 39a5c00d-da07-4b88-b72f-10ad09f6e96f to vehicle veh5
[Midd4VCServer] job received: c8ce83d2-cb64-412b-91a7-7c85bc1325ec
[Midd4VCServer] Assigning job c8ce83d2-cb64-412b-91a7-7c85bc1325ec to vehicle veh36
[Midd4VCServer] job received: 0e18f498-a62d-494b-993d-5c883591d8e9
[Midd4VCServer] Assigning job 0e18f498-a62d-494b-993d-5c883591d8e9 to vehicle veh9
[Midd4VCServer] job received: 4da14a25-b365-4863-b7b1-3a905f07749b
[Midd4VCServer] Assigning job 4da14a25-b365-4863-b7b1-3a905f07749b to vehicle veh19
[Midd4VCServer] job 4da14a25-b365-4863-b7b1-3a905f07749b completed by vehicle veh19
[Midd4VCServer] job received: ef3e3aee-7b3a-4b4c-9d7f-525f89dc8a25
[Midd4VCServer] Assigning job ef3e3aee-7b3a-4b4c-9d7f-525f89dc8a25 to vehicle veh33
[Midd4VCServer] job received: e6e6f093-e273-4b5b-b0bb-0ed99b3c09ea
[Midd4VCServer] Assigning job e6e6f093-e273-4b5b-b0bb-0ed99b3c09ea to vehicle veh25
[Midd4VCServer] job received: 17db152b-18a1-4dec-ba03-a31f41e599f1
[Midd4VCServer] Assigning job 17db152b-18a1-4dec-ba03-a31f41e599f1 to vehicle veh22
[Midd4VCServer] job 17db152b-18a1-4dec-ba03-a31f41e599f1 completed by vehicle veh22
[Midd4VCServer] Vehicle veh8 already registered.
[Midd4VCServer] Vehicle veh26 already registered.
[Midd4VCServer] Vehicle veh35 already registered.
[Midd4VCServer] job received: 1f8c4a58-8bbb-4c28-a341-efcccea6b14f
[Midd4VC] Job 130b0912-73ae-4aeb-8540-222f27e2f461 timed out. Re-enqueueing.
[Midd4VC] Job f0d6763a-8988-4d4b-a979-1fff056613ad timed out. Re-enqueueing.
[Midd4VC] Job 7c6c1ea2-9869-4667-b9ba-6417cc3bcdd9 timed out. Re-enqueueing.
[Midd4VC] Job 527bfaaf-4381-4fe5-bea9-a1e1c11a6f46 timed out. Re-enqueueing.
[Midd4VC] Job 090efbc1-c332-4917-b11d-d8b90be7538e timed out. Re-enqueueing.
[Midd4VCServer] Assigning job 090efbc1-c332-4917-b11d-d8b90be7538e to vehicle veh31
[Midd4VCServer] Assigning job 527bfaaf-4381-4fe5-bea9-a1e1c11a6f46 to vehicle veh26
[Midd4VCServer] Assigning job 7c6c1ea2-9869-4667-b9ba-6417cc3bcdd9 to vehicle veh37
[Midd4VCServer] Assigning job f0d6763a-8988-4d4b-a979-1fff056613ad to vehicle veh3
[Midd4VCServer] Assigning job 130b0912-73ae-4aeb-8540-222f27e2f461 to vehicle veh15
[Midd4VCServer] Assigning job 1f8c4a58-8bbb-4c28-a341-efcccea6b14f to vehicle veh18
[Midd4VCServer] job 527bfaaf-4381-4fe5-bea9-a1e1c11a6f46 completed by vehicle veh26
[Midd4VCServer] job 1f8c4a58-8bbb-4c28-a341-efcccea6b14f completed by vehicle veh18
[Midd4VCServer] job 090efbc1-c332-4917-b11d-d8b90be7538e completed by vehicle veh31
[Midd4VCServer] job 7c6c1ea2-9869-4667-b9ba-6417cc3bcdd9 completed by vehicle veh37
[Midd4VCServer] Vehicle veh40 already registered.
[Midd4VCServer] Vehicle veh18 already registered.
[Midd4VCServer] Vehicle veh6 already registered.
[Midd4VCServer] Vehicle veh4 already registered.
[Midd4VCServer] Vehicle veh9 already registered.
[Midd4VCServer] Vehicle veh11 already registered.
[Midd4VCServer] job received: 8c23bb48-da41-45e2-8b4d-45e97590c49d
[Midd4VC] Job 20bc1d14-590e-4f26-9f3c-d35e021bfb98 timed out. Re-enqueueing.
[Midd4VCServer] Assigning job 20bc1d14-590e-4f26-9f3c-d35e021bfb98 to vehicle veh31
[Midd4VCServer] Assigning job 8c23bb48-da41-45e2-8b4d-45e97590c49d to vehicle veh14
[Midd4VCServer] job 20bc1d14-590e-4f26-9f3c-d35e021bfb98 completed by vehicle veh31
[Midd4VCServer] job received: 35d911d3-f70c-4c7e-84e8-ddf4a6fcfc6a
[Midd4VCServer] Assigning job 35d911d3-f70c-4c7e-84e8-ddf4a6fcfc6a to vehicle veh31
[Midd4VCServer] job 35d911d3-f70c-4c7e-84e8-ddf4a6fcfc6a completed by vehicle veh31
[Midd4VCServer] Vehicle veh15 already registered.
[Midd4VCServer] Vehicle veh1 already registered.
[Midd4VCServer] Vehicle veh17 already registered.
[Midd4VCServer] job received: 0f6feb33-a727-42fc-b300-7b6922bc6539
[Midd4VCServer] Assigning job 0f6feb33-a727-42fc-b300-7b6922bc6539 to vehicle veh31
[Midd4VCServer] job 0f6feb33-a727-42fc-b300-7b6922bc6539 completed by vehicle veh31
[Midd4VCServer] job received: d817b769-681d-401f-a2e3-3e40b727883b
[Midd4VCServer] Assigning job d817b769-681d-401f-a2e3-3e40b727883b to vehicle veh31
[Midd4VCServer] job d817b769-681d-401f-a2e3-3e40b727883b completed by vehicle veh31
[Midd4VCServer] Vehicle veh12 already registered.
[Midd4VCServer] job received: 68f05349-8aed-4424-bb80-e60e3385e001
[Midd4VC] Job 2e301a42-51d6-4acb-8c4c-a46d30875579 timed out. Re-enqueueing.
[Midd4VC] Job a100fdc0-378e-4820-beb7-fad250cb4868 timed out. Re-enqueueing.
[Midd4VC] Job 9124f86f-ac0e-486b-a915-18241ac0fb19 timed out. Re-enqueueing.
[Midd4VCServer] Assigning job 9124f86f-ac0e-486b-a915-18241ac0fb19 to vehicle veh31
[Midd4VCServer] Assigning job a100fdc0-378e-4820-beb7-fad250cb4868 to vehicle veh7
[Midd4VCServer] Assigning job 2e301a42-51d6-4acb-8c4c-a46d30875579 to vehicle veh35
[Midd4VCServer] Assigning job 68f05349-8aed-4424-bb80-e60e3385e001 to vehicle veh24
[Midd4VCServer] job 9124f86f-ac0e-486b-a915-18241ac0fb19 completed by vehicle veh31
[Midd4VCServer] job 68f05349-8aed-4424-bb80-e60e3385e001 completed by vehicle veh24
[Midd4VCServer] job 2e301a42-51d6-4acb-8c4c-a46d30875579 completed by vehicle veh35
[Midd4VCServer] job a100fdc0-378e-4820-beb7-fad250cb4868 completed by vehicle veh7
[Midd4VCServer] job received: 3ae531b7-5602-4bfc-8cb9-411297c69b0e
[Midd4VCServer] Assigning job 3ae531b7-5602-4bfc-8cb9-411297c69b0e to vehicle veh31
[Midd4VCServer] job 3ae531b7-5602-4bfc-8cb9-411297c69b0e completed by vehicle veh31
[Midd4VCServer] Vehicle veh37 already registered.
[Midd4VCServer] Vehicle veh24 already registered.
[Midd4VCServer] job received: 61a6cc2d-4832-42c4-8d31-a2055509b185
[Midd4VCServer] Assigning job 61a6cc2d-4832-42c4-8d31-a2055509b185 to vehicle veh7
[Midd4VCServer] job 61a6cc2d-4832-42c4-8d31-a2055509b185 completed by vehicle veh7
[Midd4VCServer] job received: 119ee4c6-af27-47cb-bb9d-6db28f403ab8
[Midd4VCServer] Assigning job 119ee4c6-af27-47cb-bb9d-6db28f403ab8 to vehicle veh35
[Midd4VCServer] job 119ee4c6-af27-47cb-bb9d-6db28f403ab8 completed by vehicle veh35
[Midd4VCServer] Vehicle veh16 already registered.
[Midd4VCServer] job received: c61c1bec-3dc9-4731-847a-fbb8aa431d32
[Midd4VCServer] Assigning job c61c1bec-3dc9-4731-847a-fbb8aa431d32 to vehicle veh31
[Midd4VCServer] job c61c1bec-3dc9-4731-847a-fbb8aa431d32 completed by vehicle veh31
[Midd4VCServer] job received: c4363c40-6b50-4b3c-b728-e7b92bf8db49
[Midd4VC] Job 7411a331-779a-4089-a77a-47fe8669a235 timed out. Re-enqueueing.
[Midd4VCServer] Assigning job 7411a331-779a-4089-a77a-47fe8669a235 to vehicle veh30
[Midd4VCServer] Assigning job c4363c40-6b50-4b3c-b728-e7b92bf8db49 to vehicle veh7
[Midd4VCServer] job c4363c40-6b50-4b3c-b728-e7b92bf8db49 completed by vehicle veh7
[Midd4VCServer] Vehicle veh21 already registered.
[Midd4VCServer] job received: a3d5dab8-0612-4aba-b6c6-ecab7c64ec29
[Midd4VCServer] Assigning job a3d5dab8-0612-4aba-b6c6-ecab7c64ec29 to vehicle veh35
[Midd4VCServer] job a3d5dab8-0612-4aba-b6c6-ecab7c64ec29 completed by vehicle veh35
[Midd4VCServer] job received: d17174ca-a69b-4c74-a731-b48a92a9bc53
[Midd4VC] Job d9cb1036-f480-45f9-a39c-92b86a7a512c timed out. Re-enqueueing.
[Midd4VCServer] Assigning job d9cb1036-f480-45f9-a39c-92b86a7a512c to vehicle veh38
[Midd4VCServer] Assigning job d17174ca-a69b-4c74-a731-b48a92a9bc53 to vehicle veh31
[Midd4VCServer] Vehicle veh5 already registered.
[Midd4VCServer] Vehicle veh20 already registered.
[Midd4VCServer] Vehicle veh14 already registered.
[Midd4VCServer] Vehicle veh18 already registered.
[Midd4VCServer] Vehicle veh23 already registered.
[Midd4VCServer] Vehicle veh40 already registered.
[Midd4VCServer] job received: 618ca009-5184-482f-9ac5-7ed1c59c9943
[Midd4VC] Job 5afb5d07-ba40-4609-a1a8-cf808dde8772 timed out. Re-enqueueing.
[Midd4VCServer] Assigning job 5afb5d07-ba40-4609-a1a8-cf808dde8772 to vehicle veh2
[Midd4VCServer] Assigning job 618ca009-5184-482f-9ac5-7ed1c59c9943 to vehicle veh7
[Midd4VCServer] job 5afb5d07-ba40-4609-a1a8-cf808dde8772 completed by vehicle veh2
[Midd4VCServer] Vehicle veh10 already registered.
[Midd4VCServer] job received: 9f0ac9b2-1281-4e80-9966-403333f3e741
[Midd4VCServer] Assigning job 9f0ac9b2-1281-4e80-9966-403333f3e741 to vehicle veh2
[Midd4VCServer] job 9f0ac9b2-1281-4e80-9966-403333f3e741 completed by vehicle veh2
[Midd4VCServer] Vehicle veh1 already registered.
[Midd4VCServer] job received: a434e3e1-0e48-4b0d-8652-7d20cb9adc87
[Midd4VCServer] Assigning job a434e3e1-0e48-4b0d-8652-7d20cb9adc87 to vehicle veh2
[Midd4VCServer] job a434e3e1-0e48-4b0d-8652-7d20cb9adc87 completed by vehicle veh2
[Midd4VCServer] job received: bdb43bc2-df5c-4287-8585-bec208b40211
[Midd4VCServer] Assigning job bdb43bc2-df5c-4287-8585-bec208b40211 to vehicle veh2
[Midd4VCServer] job bdb43bc2-df5c-4287-8585-bec208b40211 completed by vehicle veh2
[Midd4VCServer] job received: 5f8c3b7e-f607-4be0-8a47-1d3d118ebc0a
[Midd4VCServer] Assigning job 5f8c3b7e-f607-4be0-8a47-1d3d118ebc0a to vehicle veh2
[Midd4VCServer] job 5f8c3b7e-f607-4be0-8a47-1d3d118ebc0a completed by vehicle veh2
[Midd4VCServer] Vehicle veh36 already registered.
[Midd4VCServer] Vehicle veh17 already registered.
[Midd4VCServer] Vehicle veh11 already registered.
[Midd4VCServer] job received: 0006223d-7074-4d40-88da-c9f9d1856a26
[Midd4VC] Job 53e1389d-cbf8-465f-82e0-ff824ad68252 timed out. Re-enqueueing.
[Midd4VC] Job 2ac56df7-2ca6-42e8-af50-846efd5d3337 timed out. Re-enqueueing.
[Midd4VC] Job 057b29e9-2a0e-429d-a74e-ca71176e6ccd timed out. Re-enqueueing.
[Midd4VCServer] Assigning job 057b29e9-2a0e-429d-a74e-ca71176e6ccd to vehicle veh39
[Midd4VCServer] Assigning job 2ac56df7-2ca6-42e8-af50-846efd5d3337 to vehicle veh35
[Midd4VCServer] Assigning job 53e1389d-cbf8-465f-82e0-ff824ad68252 to vehicle veh23
[Midd4VCServer] Assigning job 0006223d-7074-4d40-88da-c9f9d1856a26 to vehicle veh1
[Midd4VCServer] job 53e1389d-cbf8-465f-82e0-ff824ad68252 completed by vehicle veh23
[Midd4VCServer] job 2ac56df7-2ca6-42e8-af50-846efd5d3337 completed by vehicle veh35
[Midd4VCServer] job 0006223d-7074-4d40-88da-c9f9d1856a26 completed by vehicle veh1
[Midd4VCServer] Vehicle veh32 already registered.
[Midd4VCServer] Vehicle veh14 already registered.
[Midd4VCServer] job received: d08c8c3a-a9be-4f91-9644-89fa003bbf5f
[Midd4VC] Job 8f2f9f1d-660c-4b9c-8730-f2c9d106c2b7 timed out. Re-enqueueing.
[Midd4VC] Job ac86e26b-9611-40bc-af54-581d20338a07 timed out. Re-enqueueing.
[Midd4VC] Job 3f66b776-5e0e-467f-a8bc-b540cc9e7aa5 timed out. Re-enqueueing.
[Midd4VC] Job 5bfec911-bd2a-4997-b8d8-943ea9b098b5 timed out. Re-enqueueing.
[Midd4VCServer] Assigning job 5bfec911-bd2a-4997-b8d8-943ea9b098b5 to vehicle veh21
[Midd4VCServer] Assigning job 3f66b776-5e0e-467f-a8bc-b540cc9e7aa5 to vehicle veh17
[Midd4VCServer] Assigning job ac86e26b-9611-40bc-af54-581d20338a07 to vehicle veh29
[Midd4VCServer] Assigning job 8f2f9f1d-660c-4b9c-8730-f2c9d106c2b7 to vehicle veh34
[Midd4VCServer] Assigning job d08c8c3a-a9be-4f91-9644-89fa003bbf5f to vehicle veh26
[Midd4VCServer] job 5bfec911-bd2a-4997-b8d8-943ea9b098b5 completed by vehicle veh21
[Midd4VCServer] job 3f66b776-5e0e-467f-a8bc-b540cc9e7aa5 completed by vehicle veh17
[Midd4VCServer] job ac86e26b-9611-40bc-af54-581d20338a07 completed by vehicle veh29
[Midd4VCServer] job received: a92eef62-287f-4d92-b30f-3e06ca02be6d
[Midd4VCServer] Assigning job a92eef62-287f-4d92-b30f-3e06ca02be6d to vehicle veh21
[Midd4VCServer] job a92eef62-287f-4d92-b30f-3e06ca02be6d completed by vehicle veh21
[Midd4VCServer] Vehicle veh9 already registered.
[Midd4VCServer] Vehicle veh5 already registered.
[Midd4VCServer] job received: c30cd493-981f-4e6a-ae86-8e48c9198882
[Midd4VCServer] Assigning job c30cd493-981f-4e6a-ae86-8e48c9198882 to vehicle veh21
[Midd4VCServer] job c30cd493-981f-4e6a-ae86-8e48c9198882 completed by vehicle veh21
[Midd4VCServer] Vehicle veh7 already registered.
[Midd4VCServer] Vehicle veh39 already registered.
[Midd4VCServer] job received: b65d86e2-312e-4195-b107-654777d6e229
[Midd4VCServer] Assigning job b65d86e2-312e-4195-b107-654777d6e229 to vehicle veh17
[Midd4VCServer] Vehicle veh37 already registered.
[Midd4VCServer] Vehicle veh22 already registered.
[Midd4VCServer] job received: a3e13f4f-2862-4380-a69e-f1ddf3684a08
[Midd4VC] Job d5eeac4d-741d-4cb8-a333-88a5d3fd8689 timed out. Re-enqueueing.
[Midd4VC] Job 9a660f38-6574-4308-9bf8-d21f170c6b92 timed out. Re-enqueueing.
[Midd4VC] Job 994202c4-82e3-44cb-a5fa-4196c9be2833 timed out. Re-enqueueing.
[Midd4VC] Job 9e520b83-4e54-404a-8221-448611f0b6bd timed out. Re-enqueueing.
[Midd4VC] Job 07866f12-a76e-41a4-9e52-c74bd380bb2d timed out. Re-enqueueing.
[Midd4VCServer] Assigning job 07866f12-a76e-41a4-9e52-c74bd380bb2d to vehicle veh4
[Midd4VCServer] Assigning job 9e520b83-4e54-404a-8221-448611f0b6bd to vehicle veh20
[Midd4VCServer] Assigning job 994202c4-82e3-44cb-a5fa-4196c9be2833 to vehicle veh28
[Midd4VCServer] Assigning job 9a660f38-6574-4308-9bf8-d21f170c6b92 to vehicle veh29
[Midd4VCServer] Assigning job d5eeac4d-741d-4cb8-a333-88a5d3fd8689 to vehicle veh10
[Midd4VCServer] Assigning job a3e13f4f-2862-4380-a69e-f1ddf3684a08 to vehicle veh21
[Midd4VCServer] job 9a660f38-6574-4308-9bf8-d21f170c6b92 completed by vehicle veh29
[Midd4VCServer] job a3e13f4f-2862-4380-a69e-f1ddf3684a08 completed by vehicle veh21
[Midd4VCServer] Vehicle veh40 already registered.
[Midd4VCServer] job received: d4386d16-0cae-4931-967b-84518e47d0e3
[Midd4VCServer] Assigning job d4386d16-0cae-4931-967b-84518e47d0e3 to vehicle veh29
[Midd4VCServer] job d4386d16-0cae-4931-967b-84518e47d0e3 completed by vehicle veh29
[Midd4VCServer] job received: 9835985e-8448-48dc-96d7-3fa5f7a2bc43
[Midd4VCServer] Assigning job 9835985e-8448-48dc-96d7-3fa5f7a2bc43 to vehicle veh2
[Midd4VCServer] job received: 83cad96e-b078-4adf-9e82-81f565685fe0
[Midd4VCServer] Assigning job 83cad96e-b078-4adf-9e82-81f565685fe0 to vehicle veh37
[Midd4VCServer] job 83cad96e-b078-4adf-9e82-81f565685fe0 completed by vehicle veh37
[Midd4VCServer] job received: 2b55a0ce-cff9-4a91-aed7-8036d7a9dc07
[Midd4VCServer] Assigning job 2b55a0ce-cff9-4a91-aed7-8036d7a9dc07 to vehicle veh32
[Midd4VCServer] job received: 77f22325-3f6a-446d-b9ed-85dbb035f2e5
[Midd4VC] Job 1d716336-8bca-4b0d-b3c3-8cb102c3c9d1 timed out. Re-enqueueing.
[Midd4VCServer] Assigning job 1d716336-8bca-4b0d-b3c3-8cb102c3c9d1 to vehicle veh11
[Midd4VCServer] Assigning job 77f22325-3f6a-446d-b9ed-85dbb035f2e5 to vehicle veh35
[Midd4VCServer] job 1d716336-8bca-4b0d-b3c3-8cb102c3c9d1 completed by vehicle veh11
[Midd4VCServer] job received: cffc0651-6f9e-46e4-9909-2112004a1e17
[Midd4VCServer] Assigning job cffc0651-6f9e-46e4-9909-2112004a1e17 to vehicle veh11
[Midd4VCServer] job cffc0651-6f9e-46e4-9909-2112004a1e17 completed by vehicle veh11
[Midd4VCServer] job received: 56dfc627-3a16-4dba-a0ed-921abcbfb8ef
[Midd4VC] Job 8439bda8-cc0c-4d14-b6f2-a55efa5143a5 timed out. Re-enqueueing.
[Midd4VCServer] Assigning job 8439bda8-cc0c-4d14-b6f2-a55efa5143a5 to vehicle veh16
[Midd4VCServer] Assigning job 56dfc627-3a16-4dba-a0ed-921abcbfb8ef to vehicle veh23
[Midd4VCServer] job 56dfc627-3a16-4dba-a0ed-921abcbfb8ef completed by vehicle veh23
[Midd4VCServer] Vehicle veh23 already registered.
[Midd4VCServer] Vehicle veh40 already registered.
[Midd4VCServer] Vehicle veh15 already registered.
[Midd4VCServer] Vehicle veh16 already registered.
[Midd4VCServer] Vehicle veh30 already registered.
[Midd4VCServer] job received: e322aa66-0f34-4700-8f39-20e13a6d6e2e
[Midd4VC] Job c7726a21-265a-4345-a2cb-c27bce509a4a timed out. Re-enqueueing.
[Midd4VCServer] Assigning job c7726a21-265a-4345-a2cb-c27bce509a4a to vehicle veh12
[Midd4VCServer] Assigning job e322aa66-0f34-4700-8f39-20e13a6d6e2e to vehicle veh21
[Midd4VCServer] job c7726a21-265a-4345-a2cb-c27bce509a4a completed by vehicle veh12
[Midd4VCServer] job e322aa66-0f34-4700-8f39-20e13a6d6e2e completed by vehicle veh21
[Midd4VCServer] Vehicle veh8 already registered.
[Midd4VCServer] Vehicle veh12 already registered.
[Midd4VCServer] Vehicle veh33 already registered.
[Midd4VCServer] Vehicle veh29 already registered.
[Midd4VCServer] Vehicle veh35 already registered.
[Midd4VCServer] job received: 2a16aee5-cdfa-486d-96f8-9d31aed847b5
[Midd4VC] Job b3bd864a-0d35-4081-b546-3aaed4dcca10 timed out. Re-enqueueing.
[Midd4VC] Job 7bb1fab8-2de5-47d2-b17a-509ad55bcd4d timed out. Re-enqueueing.
[Midd4VCServer] Assigning job 7bb1fab8-2de5-47d2-b17a-509ad55bcd4d to vehicle veh12
[Midd4VCServer] Assigning job b3bd864a-0d35-4081-b546-3aaed4dcca10 to vehicle veh40
[Midd4VCServer] Assigning job 2a16aee5-cdfa-486d-96f8-9d31aed847b5 to vehicle veh13
[Midd4VCServer] job 7bb1fab8-2de5-47d2-b17a-509ad55bcd4d completed by vehicle veh12
[Midd4VCServer] job b3bd864a-0d35-4081-b546-3aaed4dcca10 completed by vehicle veh40
[Midd4VCServer] job received: d3441324-e1bf-4791-929c-e597660b9474
[Midd4VCServer] Assigning job d3441324-e1bf-4791-929c-e597660b9474 to vehicle veh12
[Midd4VCServer] job d3441324-e1bf-4791-929c-e597660b9474 completed by vehicle veh12
[Midd4VCServer] Vehicle veh17 already registered.
[Midd4VCServer] job received: f2274bea-7796-4a90-8ab9-5078add49ab8
[Midd4VC] Job 12d7243f-4457-42eb-8493-2bd5eae52ad2 timed out. Re-enqueueing.
[Midd4VC] Job 39a5c00d-da07-4b88-b72f-10ad09f6e96f timed out. Re-enqueueing.
[Midd4VCServer] Assigning job 39a5c00d-da07-4b88-b72f-10ad09f6e96f to vehicle veh40
[Midd4VCServer] Assigning job 12d7243f-4457-42eb-8493-2bd5eae52ad2 to vehicle veh8
[Midd4VCServer] Assigning job f2274bea-7796-4a90-8ab9-5078add49ab8 to vehicle veh12
[Midd4VCServer] job 39a5c00d-da07-4b88-b72f-10ad09f6e96f completed by vehicle veh40
[Midd4VCServer] job 12d7243f-4457-42eb-8493-2bd5eae52ad2 completed by vehicle veh8
[Midd4VCServer] job f2274bea-7796-4a90-8ab9-5078add49ab8 completed by vehicle veh12
[Midd4VCServer] Vehicle veh10 already registered.
[Midd4VCServer] Vehicle veh20 already registered.
[Midd4VCServer] job received: ef849f00-beac-4fe8-9ee4-2b407fec0a3b
[Midd4VC] Job c8ce83d2-cb64-412b-91a7-7c85bc1325ec timed out. Re-enqueueing.
[Midd4VC] Job 0e18f498-a62d-494b-993d-5c883591d8e9 timed out. Re-enqueueing.
[Midd4VC] Job ef3e3aee-7b3a-4b4c-9d7f-525f89dc8a25 timed out. Re-enqueueing.
[Midd4VC] Job e6e6f093-e273-4b5b-b0bb-0ed99b3c09ea timed out. Re-enqueueing.
[Midd4VCServer] Assigning job e6e6f093-e273-4b5b-b0bb-0ed99b3c09ea to vehicle veh5
[Midd4VCServer] Assigning job ef3e3aee-7b3a-4b4c-9d7f-525f89dc8a25 to vehicle veh36
[Midd4VCServer] Assigning job 0e18f498-a62d-494b-993d-5c883591d8e9 to vehicle veh9
[Midd4VCServer] Assigning job c8ce83d2-cb64-412b-91a7-7c85bc1325ec to vehicle veh33
[Midd4VCServer] Assigning job ef849f00-beac-4fe8-9ee4-2b407fec0a3b to vehicle veh24
[Midd4VCServer] job ef3e3aee-7b3a-4b4c-9d7f-525f89dc8a25 completed by vehicle veh36
[Midd4VCServer] job c8ce83d2-cb64-412b-91a7-7c85bc1325ec completed by vehicle veh33
[Midd4VCServer] Vehicle veh4 already registered.
[Midd4VCServer] Vehicle veh21 already registered.
[Midd4VCServer] Vehicle veh3 already registered.
[Midd4VCServer] Vehicle veh7 already registered.
[Midd4VCServer] job received: e20a3844-fe77-4237-8e33-9187a50ab734
[Midd4VCServer] Assigning job e20a3844-fe77-4237-8e33-9187a50ab734 to vehicle veh25
[Midd4VCServer] job received: 23c093cb-9b8e-43e0-8ebe-02438b0acd16
[Midd4VC] Job f0d6763a-8988-4d4b-a979-1fff056613ad timed out. Re-enqueueing.
[Midd4VC] Job 130b0912-73ae-4aeb-8540-222f27e2f461 timed out. Re-enqueueing.
[Midd4VCServer] Assigning job 130b0912-73ae-4aeb-8540-222f27e2f461 to vehicle veh3
[Midd4VCServer] Assigning job f0d6763a-8988-4d4b-a979-1fff056613ad to vehicle veh15
[Midd4VCServer] Assigning job 23c093cb-9b8e-43e0-8ebe-02438b0acd16 to vehicle veh40
[Midd4VCServer] job 130b0912-73ae-4aeb-8540-222f27e2f461 completed by vehicle veh3
[Midd4VCServer] job 23c093cb-9b8e-43e0-8ebe-02438b0acd16 completed by vehicle veh40
[Midd4VCServer] job received: 65929082-d1fd-40ce-80e9-29694142e7de
[Midd4VCServer] Assigning job 65929082-d1fd-40ce-80e9-29694142e7de to vehicle veh3
[Midd4VCServer] job 65929082-d1fd-40ce-80e9-29694142e7de completed by vehicle veh3
[Midd4VCServer] job received: ebe3fa2b-6f13-4199-855e-61b5925ec59f
[Midd4VCServer] Assigning job ebe3fa2b-6f13-4199-855e-61b5925ec59f to vehicle veh1
[Midd4VCServer] job received: 41111adb-e8a9-4e94-8eeb-1f08ae7aa700
[Midd4VCServer] Assigning job 41111adb-e8a9-4e94-8eeb-1f08ae7aa700 to vehicle veh6
[Midd4VCServer] Vehicle veh14 already registered.
[Midd4VCServer] Vehicle veh24 already registered.
[Midd4VCServer] job received: 886214a2-829d-433c-b70a-5faa6cc34d53
[Midd4VC] Job 8c23bb48-da41-45e2-8b4d-45e97590c49d timed out. Re-enqueueing.
[Midd4VCServer] Assigning job 8c23bb48-da41-45e2-8b4d-45e97590c49d to vehicle veh14
[Midd4VCServer] Assigning job 886214a2-829d-433c-b70a-5faa6cc34d53 to vehicle veh11
[Midd4VCServer] job 8c23bb48-da41-45e2-8b4d-45e97590c49d completed by vehicle veh14
[Midd4VCServer] Vehicle veh3 already registered.
[Midd4VCServer] Vehicle veh30 already registered.
[Midd4VCServer] job received: 089251cd-0eef-4a86-8b8a-4feaeb3ba8bf
[Midd4VCServer] Assigning job 089251cd-0eef-4a86-8b8a-4feaeb3ba8bf to vehicle veh14
[Midd4VCServer] job 089251cd-0eef-4a86-8b8a-4feaeb3ba8bf completed by vehicle veh14
[Midd4VCServer] Vehicle veh23 already registered.
[Midd4VCServer] job received: ff466d58-d64f-4c9a-bfa4-7b09c1b8146d
[Midd4VCServer] Assigning job ff466d58-d64f-4c9a-bfa4-7b09c1b8146d to vehicle veh8
[Midd4VCServer] Vehicle veh11 already registered.
[Midd4VCServer] job received: 16c00aa4-cebc-43c5-883e-7ca8e8e88e4b
[Midd4VCServer] Assigning job 16c00aa4-cebc-43c5-883e-7ca8e8e88e4b to vehicle veh12
[Midd4VCServer] job received: 8d353ed6-bd56-4210-bce2-109889e7b3d9
[Midd4VCServer] Assigning job 8d353ed6-bd56-4210-bce2-109889e7b3d9 to vehicle veh27
[Midd4VCServer] job received: 4972b8b6-dc1a-496a-848f-67eef4084a64
[Midd4VCServer] Assigning job 4972b8b6-dc1a-496a-848f-67eef4084a64 to vehicle veh29
[Midd4VCServer] Vehicle veh17 already registered.
[Midd4VCServer] Vehicle veh26 already registered.
[Midd4VCServer] Vehicle veh31 already registered.
[Midd4VCServer] job received: 31468d83-2aea-4056-8435-48c39f482b70
[Midd4VCServer] Assigning job 31468d83-2aea-4056-8435-48c39f482b70 to vehicle veh37
[Midd4VCServer] job 31468d83-2aea-4056-8435-48c39f482b70 completed by vehicle veh37
[Midd4VCServer] job received: bc81a664-fa09-4994-a779-86c12094caf8
[Midd4VCServer] Assigning job bc81a664-fa09-4994-a779-86c12094caf8 to vehicle veh3
[Midd4VCServer] Vehicle veh32 already registered.
[Midd4VCServer] Vehicle veh6 already registered.
[Midd4VCServer] Vehicle veh37 already registered.
[Midd4VCServer] job received: 7ffe203b-bea6-4c28-b318-474fc203df5c
[Midd4VCServer] Assigning job 7ffe203b-bea6-4c28-b318-474fc203df5c to vehicle veh36
[Midd4VCServer] job 7ffe203b-bea6-4c28-b318-474fc203df5c completed by vehicle veh36
[Midd4VCServer] job received: c8ba97ed-5973-4d4a-bdcc-9bcd9f8377b8
[Midd4VCServer] Assigning job c8ba97ed-5973-4d4a-bdcc-9bcd9f8377b8 to vehicle veh14
[Midd4VCServer] job c8ba97ed-5973-4d4a-bdcc-9bcd9f8377b8 completed by vehicle veh14
[Midd4VCServer] Vehicle veh23 already registered.
[Midd4VCServer] Vehicle veh34 already registered.
[Midd4VCServer] Vehicle veh1 already registered.
[Midd4VCServer] Vehicle veh12 already registered.
[Midd4VCServer] job received: d4ecc3cb-ebf9-454e-91ef-39fc7c169417
[Midd4VC] Job 7411a331-779a-4089-a77a-47fe8669a235 timed out. Re-enqueueing.
[Midd4VC] Job d9cb1036-f480-45f9-a39c-92b86a7a512c timed out. Re-enqueueing.
[Midd4VC] Job d17174ca-a69b-4c74-a731-b48a92a9bc53 timed out. Re-enqueueing.
[Midd4VCServer] Assigning job d17174ca-a69b-4c74-a731-b48a92a9bc53 to vehicle veh30
[Midd4VCServer] Assigning job d9cb1036-f480-45f9-a39c-92b86a7a512c to vehicle veh38
[Midd4VCServer] Assigning job 7411a331-779a-4089-a77a-47fe8669a235 to vehicle veh31
[Midd4VCServer] Assigning job d4ecc3cb-ebf9-454e-91ef-39fc7c169417 to vehicle veh19
[Midd4VCServer] job d17174ca-a69b-4c74-a731-b48a92a9bc53 completed by vehicle veh30
[Midd4VCServer] job 7411a331-779a-4089-a77a-47fe8669a235 completed by vehicle veh31
[Midd4VCServer] job received: bf0838d8-9454-4abf-901a-9db5f12e57a9
[Midd4VCServer] Assigning job bf0838d8-9454-4abf-901a-9db5f12e57a9 to vehicle veh30
[Midd4VCServer] job bf0838d8-9454-4abf-901a-9db5f12e57a9 completed by vehicle veh30
[Midd4VCServer] Vehicle veh22 already registered.
[Midd4VCServer] Vehicle veh15 already registered.
[Midd4VCServer] Vehicle veh13 already registered.
[Midd4VCServer] Vehicle veh19 already registered.
[Midd4VCServer] Vehicle veh3 already registered.
[Midd4VCServer] job received: dfd33a9d-9f7a-4b30-a71c-14ece2de5ea0
[Midd4VC] Job 618ca009-5184-482f-9ac5-7ed1c59c9943 timed out. Re-enqueueing.
[Midd4VCServer] Assigning job 618ca009-5184-482f-9ac5-7ed1c59c9943 to vehicle veh30
[Midd4VCServer] Assigning job dfd33a9d-9f7a-4b30-a71c-14ece2de5ea0 to vehicle veh7
[Midd4VCServer] job 618ca009-5184-482f-9ac5-7ed1c59c9943 completed by vehicle veh30
[Midd4VCServer] Vehicle veh20 already registered.
[Midd4VCServer] job received: a96108a8-05ed-4d05-bb0c-42cd2ad33894
[Midd4VCServer] Assigning job a96108a8-05ed-4d05-bb0c-42cd2ad33894 to vehicle veh30
[Midd4VCServer] job received: 97d2e1c2-c1b0-4107-bfa6-54b1560f4e33
[Midd4VCServer] Assigning job 97d2e1c2-c1b0-4107-bfa6-54b1560f4e33 to vehicle veh31
[Midd4VCServer] job received: 63fd0fd9-2d7e-48f4-91c1-a496f5d4f9f0
[Midd4VCServer] Assigning job 63fd0fd9-2d7e-48f4-91c1-a496f5d4f9f0 to vehicle veh23
[Midd4VCServer] job 97d2e1c2-c1b0-4107-bfa6-54b1560f4e33 completed by vehicle veh31
[Midd4VCServer] Vehicle veh29 already registered.
[Midd4VCServer] Vehicle veh5 already registered.
[Midd4VCServer] job received: 2c5a692d-2e21-4499-8593-4d5fc5a071d0
[Midd4VC] Job 057b29e9-2a0e-429d-a74e-ca71176e6ccd timed out. Re-enqueueing.
[Midd4VCServer] Assigning job 057b29e9-2a0e-429d-a74e-ca71176e6ccd to vehicle veh39
[Midd4VCServer] Assigning job 2c5a692d-2e21-4499-8593-4d5fc5a071d0 to vehicle veh31
[Midd4VCServer] Vehicle veh38 already registered.
[Midd4VCServer] Vehicle veh7 already registered.
[Midd4VCServer] Vehicle veh26 already registered.
[Midd4VCServer] job received: c945579a-9e9f-4cce-9a22-b1a9b9694a6a
[Midd4VCServer] Assigning job c945579a-9e9f-4cce-9a22-b1a9b9694a6a to vehicle veh33
[Midd4VCServer] job c945579a-9e9f-4cce-9a22-b1a9b9694a6a completed by vehicle veh33
[Midd4VCServer] job received: a0ef4796-09b0-4c58-ad14-8a90a79a313c
[Midd4VCServer] Assigning job a0ef4796-09b0-4c58-ad14-8a90a79a313c to vehicle veh21
[Midd4VCServer] job received: b6f21afb-1a6b-4ee3-903f-a4e3a52440a7
[Midd4VC] Job 8f2f9f1d-660c-4b9c-8730-f2c9d106c2b7 timed out. Re-enqueueing.
[Midd4VC] Job d08c8c3a-a9be-4f91-9644-89fa003bbf5f timed out. Re-enqueueing.
[Midd4VCServer] Assigning job d08c8c3a-a9be-4f91-9644-89fa003bbf5f to vehicle veh34
[Midd4VCServer] Assigning job 8f2f9f1d-660c-4b9c-8730-f2c9d106c2b7 to vehicle veh26
[Midd4VCServer] Assigning job b6f21afb-1a6b-4ee3-903f-a4e3a52440a7 to vehicle veh40
[Midd4VCServer] job 8f2f9f1d-660c-4b9c-8730-f2c9d106c2b7 completed by vehicle veh26
[Midd4VCServer] job b6f21afb-1a6b-4ee3-903f-a4e3a52440a7 completed by vehicle veh40
[Midd4VCServer] Vehicle veh25 already registered.
[Midd4VCServer] job received: ead8aec5-1ee9-4a2a-bac2-75ba6930275a
[Midd4VCServer] Assigning job ead8aec5-1ee9-4a2a-bac2-75ba6930275a to vehicle veh26
[Midd4VCServer] job ead8aec5-1ee9-4a2a-bac2-75ba6930275a completed by vehicle veh26
[Midd4VCServer] Vehicle veh30 already registered.
[Midd4VCServer] job received: 3a2ad833-a426-4a4d-bd0b-b9b5160baa4b
[Midd4VC] Job b65d86e2-312e-4195-b107-654777d6e229 timed out. Re-enqueueing.
[Midd4VCServer] Assigning job b65d86e2-312e-4195-b107-654777d6e229 to vehicle veh17
[Midd4VCServer] Assigning job 3a2ad833-a426-4a4d-bd0b-b9b5160baa4b to vehicle veh22
[Midd4VCServer] job 3a2ad833-a426-4a4d-bd0b-b9b5160baa4b completed by vehicle veh22
[Midd4VCServer] Vehicle veh19 already registered.
[Midd4VCServer] job received: 4b69e533-a32c-4db4-8c60-07e9b9dedc41
[Midd4VC] Job 07866f12-a76e-41a4-9e52-c74bd380bb2d timed out. Re-enqueueing.
[Midd4VC] Job 9e520b83-4e54-404a-8221-448611f0b6bd timed out. Re-enqueueing.
[Midd4VC] Job 994202c4-82e3-44cb-a5fa-4196c9be2833 timed out. Re-enqueueing.
[Midd4VC] Job d5eeac4d-741d-4cb8-a333-88a5d3fd8689 timed out. Re-enqueueing.
[Midd4VCServer] Assigning job d5eeac4d-741d-4cb8-a333-88a5d3fd8689 to vehicle veh4
[Midd4VCServer] Assigning job 994202c4-82e3-44cb-a5fa-4196c9be2833 to vehicle veh20
[Midd4VCServer] Assigning job 9e520b83-4e54-404a-8221-448611f0b6bd to vehicle veh28
[Midd4VCServer] Assigning job 07866f12-a76e-41a4-9e52-c74bd380bb2d to vehicle veh10
[Midd4VCServer] Assigning job 4b69e533-a32c-4db4-8c60-07e9b9dedc41 to vehicle veh18
[Midd4VCServer] job 994202c4-82e3-44cb-a5fa-4196c9be2833 completed by vehicle veh20
[Midd4VCServer] job 07866f12-a76e-41a4-9e52-c74bd380bb2d completed by vehicle veh10
[Midd4VCServer] job received: 2b511469-6d45-44d7-8d90-38b8e450cdc7
[Midd4VCServer] Assigning job 2b511469-6d45-44d7-8d90-38b8e450cdc7 to vehicle veh20
[Midd4VCServer] job 2b511469-6d45-44d7-8d90-38b8e450cdc7 completed by vehicle veh20
[Midd4VCServer] job received: bbe4f2c0-3f3b-4dbd-8d3f-4cfc77c7cd70
[Midd4VCServer] Assigning job bbe4f2c0-3f3b-4dbd-8d3f-4cfc77c7cd70 to vehicle veh20
[Midd4VCServer] job bbe4f2c0-3f3b-4dbd-8d3f-4cfc77c7cd70 completed by vehicle veh20
[Midd4VCServer] job received: e92319d4-2a32-49dc-b74c-b3ca06e0f0b5
[Midd4VCServer] Assigning job e92319d4-2a32-49dc-b74c-b3ca06e0f0b5 to vehicle veh20
[Midd4VCServer] job e92319d4-2a32-49dc-b74c-b3ca06e0f0b5 completed by vehicle veh20
[Midd4VCServer] job received: 37eae755-6005-4774-92ba-0da438366e71
[Midd4VC] Job 9835985e-8448-48dc-96d7-3fa5f7a2bc43 timed out. Re-enqueueing.
[Midd4VC] Job 2b55a0ce-cff9-4a91-aed7-8036d7a9dc07 timed out. Re-enqueueing.
[Midd4VC] Job 77f22325-3f6a-446d-b9ed-85dbb035f2e5 timed out. Re-enqueueing.
[Midd4VCServer] Assigning job 77f22325-3f6a-446d-b9ed-85dbb035f2e5 to vehicle veh10
[Midd4VCServer] Assigning job 2b55a0ce-cff9-4a91-aed7-8036d7a9dc07 to vehicle veh2
[Midd4VCServer] Assigning job 9835985e-8448-48dc-96d7-3fa5f7a2bc43 to vehicle veh32
[Midd4VCServer] Assigning job 37eae755-6005-4774-92ba-0da438366e71 to vehicle veh35
[Midd4VCServer] job 77f22325-3f6a-446d-b9ed-85dbb035f2e5 completed by vehicle veh10
[Midd4VCServer] Vehicle veh28 already registered.
[Midd4VCServer] job received: 1d58a6fa-8062-41ff-9dac-a84799a5aba7
[Midd4VC] Job 8439bda8-cc0c-4d14-b6f2-a55efa5143a5 timed out. Re-enqueueing.
[Midd4VCServer] Assigning job 8439bda8-cc0c-4d14-b6f2-a55efa5143a5 to vehicle veh16
[Midd4VCServer] Assigning job 1d58a6fa-8062-41ff-9dac-a84799a5aba7 to vehicle veh20
[Midd4VCServer] job 1d58a6fa-8062-41ff-9dac-a84799a5aba7 completed by vehicle veh20
[Midd4VCServer] job received: a9ee054e-02c7-4e61-8acf-228c76507442
[Midd4VCServer] Assigning job a9ee054e-02c7-4e61-8acf-228c76507442 to vehicle veh10
[Midd4VCServer] job a9ee054e-02c7-4e61-8acf-228c76507442 completed by vehicle veh10
[Midd4VCServer] job received: 6b1941ac-971b-4105-9d14-8472d4e03d77
[Midd4VCServer] Assigning job 6b1941ac-971b-4105-9d14-8472d4e03d77 to vehicle veh20
[Midd4VCServer] job 6b1941ac-971b-4105-9d14-8472d4e03d77 completed by vehicle veh20
[Midd4VCServer] Vehicle veh35 already registered.
[Midd4VCServer] Vehicle veh1 already registered.
[Midd4VCServer] job received: 01cf188e-4dde-4ada-86c7-0fe61af3ec8c
[Midd4VCServer] Assigning job 01cf188e-4dde-4ada-86c7-0fe61af3ec8c to vehicle veh26
[Midd4VCServer] job received: 3840dadc-67e7-474b-af7c-e7b77219301b
[Midd4VCServer] Assigning job 3840dadc-67e7-474b-af7c-e7b77219301b to vehicle veh10
[Midd4VCServer] job received: 075e8f06-d48a-4693-9f0d-15f835fc8fec
[Midd4VCServer] Assigning job 075e8f06-d48a-4693-9f0d-15f835fc8fec to vehicle veh37
[Midd4VCServer] job received: 8eed19d2-6156-42f9-9c82-0b2fddfdc026
[Midd4VC] Job 2a16aee5-cdfa-486d-96f8-9d31aed847b5 timed out. Re-enqueueing.
[Midd4VCServer] Assigning job 2a16aee5-cdfa-486d-96f8-9d31aed847b5 to vehicle veh13
[Midd4VCServer] Assigning job 8eed19d2-6156-42f9-9c82-0b2fddfdc026 to vehicle veh36
[Midd4VCServer] job 2a16aee5-cdfa-486d-96f8-9d31aed847b5 completed by vehicle veh13
[Midd4VCServer] Vehicle veh13 already registered.
[Midd4VCServer] job received: 8c260ea5-4f88-47e1-a818-7bfad20d124e
[Midd4VCServer] Assigning job 8c260ea5-4f88-47e1-a818-7bfad20d124e to vehicle veh13
[Midd4VCServer] job 8c260ea5-4f88-47e1-a818-7bfad20d124e completed by vehicle veh13
[Midd4VCServer] Vehicle veh4 already registered.
[Midd4VCServer] job received: 465ff631-430a-4c43-8c07-f72749ef5f02
[Midd4VCServer] Assigning job 465ff631-430a-4c43-8c07-f72749ef5f02 to vehicle veh13
[Midd4VCServer] job 465ff631-430a-4c43-8c07-f72749ef5f02 completed by vehicle veh13
[Midd4VCServer] job received: 22834c64-d6a5-4a7c-9cfc-a24af33f6d10
[Midd4VC] Job e6e6f093-e273-4b5b-b0bb-0ed99b3c09ea timed out. Re-enqueueing.
[Midd4VC] Job 0e18f498-a62d-494b-993d-5c883591d8e9 timed out. Re-enqueueing.
[Midd4VC] Job ef849f00-beac-4fe8-9ee4-2b407fec0a3b timed out. Re-enqueueing.
[Midd4VCServer] Assigning job ef849f00-beac-4fe8-9ee4-2b407fec0a3b to vehicle veh5
[Midd4VCServer] Assigning job 0e18f498-a62d-494b-993d-5c883591d8e9 to vehicle veh9
[Midd4VCServer] Assigning job e6e6f093-e273-4b5b-b0bb-0ed99b3c09ea to vehicle veh24
[Midd4VCServer] Assigning job 22834c64-d6a5-4a7c-9cfc-a24af33f6d10 to vehicle veh13
[Midd4VCServer] job 22834c64-d6a5-4a7c-9cfc-a24af33f6d10 completed by vehicle veh13
[Midd4VCServer] Vehicle veh32 already registered.
[Midd4VCServer] job received: 11970f46-b9a1-4cb0-a81c-c00ea7337692
[Midd4VCServer] Assigning job 11970f46-b9a1-4cb0-a81c-c00ea7337692 to vehicle veh14
[Midd4VCServer] Vehicle veh5 already registered.
[Midd4VCServer] Vehicle veh36 already registered.
[Midd4VCServer] Vehicle veh2 already registered.
[Midd4VCServer] job received: 2fde7b26-850c-462f-acca-8e8a2b12efbd
[Midd4VC] Job e20a3844-fe77-4237-8e33-9187a50ab734 timed out. Re-enqueueing.
[Midd4VC] Job f0d6763a-8988-4d4b-a979-1fff056613ad timed out. Re-enqueueing.
[Midd4VC] Job ebe3fa2b-6f13-4199-855e-61b5925ec59f timed out. Re-enqueueing.
[Midd4VCServer] Assigning job ebe3fa2b-6f13-4199-855e-61b5925ec59f to vehicle veh15
[Midd4VCServer] Assigning job f0d6763a-8988-4d4b-a979-1fff056613ad to vehicle veh25
[Midd4VCServer] Assigning job e20a3844-fe77-4237-8e33-9187a50ab734 to vehicle veh1
[Midd4VCServer] Assigning job 2fde7b26-850c-462f-acca-8e8a2b12efbd to vehicle veh33
[Midd4VCServer] job e20a3844-fe77-4237-8e33-9187a50ab734 completed by vehicle veh1
[Midd4VCServer] job received: 54246b6d-4cfc-47df-b8f4-5d00c82998a9
[Midd4VC] Job 41111adb-e8a9-4e94-8eeb-1f08ae7aa700 timed out. Re-enqueueing.
[Midd4VCServer] Assigning job 41111adb-e8a9-4e94-8eeb-1f08ae7aa700 to vehicle veh6
[Midd4VCServer] Assigning job 54246b6d-4cfc-47df-b8f4-5d00c82998a9 to vehicle veh1
[Midd4VCServer] job 41111adb-e8a9-4e94-8eeb-1f08ae7aa700 completed by vehicle veh6
[Midd4VCServer] job 54246b6d-4cfc-47df-b8f4-5d00c82998a9 completed by vehicle veh1
[Midd4VCServer] Vehicle veh6 already registered.
[Midd4VCServer] job received: 402d97df-4aa8-4687-b220-5662e86f012a
[Midd4VCServer] Assigning job 402d97df-4aa8-4687-b220-5662e86f012a to vehicle veh6
[Midd4VCServer] job 402d97df-4aa8-4687-b220-5662e86f012a completed by vehicle veh6
[Midd4VCServer] job received: 826736b1-b0e6-450d-abcc-39978e9930f9
[Midd4VCServer] Assigning job 826736b1-b0e6-450d-abcc-39978e9930f9 to vehicle veh20
[Midd4VCServer] job 826736b1-b0e6-450d-abcc-39978e9930f9 completed by vehicle veh20
[Midd4VCServer] Vehicle veh35 already registered.
[Midd4VCServer] Vehicle veh25 already registered.
[Midd4VCServer] job received: 3535bd9b-c24f-485c-86b1-7cd743389ddd
[Midd4VC] Job 886214a2-829d-433c-b70a-5faa6cc34d53 timed out. Re-enqueueing.
[Midd4VCServer] Assigning job 886214a2-829d-433c-b70a-5faa6cc34d53 to vehicle veh11
[Midd4VCServer] Assigning job 3535bd9b-c24f-485c-86b1-7cd743389ddd to vehicle veh40
[Midd4VCServer] Vehicle veh17 already registered.
[Midd4VCServer] job received: 69f69380-24f5-484a-b580-1907d541bee6
[Midd4VC] Job ff466d58-d64f-4c9a-bfa4-7b09c1b8146d timed out. Re-enqueueing.
[Midd4VCServer] Assigning job ff466d58-d64f-4c9a-bfa4-7b09c1b8146d to vehicle veh8
[Midd4VCServer] Assigning job 69f69380-24f5-484a-b580-1907d541bee6 to vehicle veh1
[Midd4VCServer] job 69f69380-24f5-484a-b580-1907d541bee6 completed by vehicle veh1
[Midd4VCServer] job received: 705f2715-ac02-4a9d-a555-8f2a067d38a8
[Midd4VC] Job 16c00aa4-cebc-43c5-883e-7ca8e8e88e4b timed out. Re-enqueueing.
[Midd4VCServer] Assigning job 16c00aa4-cebc-43c5-883e-7ca8e8e88e4b to vehicle veh12
[Midd4VCServer] Assigning job 705f2715-ac02-4a9d-a555-8f2a067d38a8 to vehicle veh22
[Midd4VCServer] job 705f2715-ac02-4a9d-a555-8f2a067d38a8 completed by vehicle veh22
[Midd4VCServer] Vehicle veh16 already registered.
[Midd4VCServer] job received: 02c752c6-4783-4a5f-878d-7eecd01b8fd5
[Midd4VCServer] Assigning job 02c752c6-4783-4a5f-878d-7eecd01b8fd5 to vehicle veh6
[Midd4VCServer] job 02c752c6-4783-4a5f-878d-7eecd01b8fd5 completed by vehicle veh6
[Midd4VCServer] Vehicle veh14 already registered.
[Midd4VCServer] job received: 847fa7c2-6aa7-4999-9c7b-a28f376fa947
[Midd4VC] Job 8d353ed6-bd56-4210-bce2-109889e7b3d9 timed out. Re-enqueueing.
[Midd4VC] Job 4972b8b6-dc1a-496a-848f-67eef4084a64 timed out. Re-enqueueing.
[Midd4VCServer] Assigning job 4972b8b6-dc1a-496a-848f-67eef4084a64 to vehicle veh27
[Midd4VCServer] Assigning job 8d353ed6-bd56-4210-bce2-109889e7b3d9 to vehicle veh29
[Midd4VCServer] Assigning job 847fa7c2-6aa7-4999-9c7b-a28f376fa947 to vehicle veh13
[Midd4VCServer] job 847fa7c2-6aa7-4999-9c7b-a28f376fa947 completed by vehicle veh13
[Midd4VCServer] Vehicle veh10 already registered.
[Midd4VCServer] Vehicle veh12 already registered.
[Midd4VCServer] Vehicle veh23 already registered.
[Midd4VCServer] job received: 2c35c38a-b38b-460e-8f7d-1b8faa1fe720
[Midd4VC] Job bc81a664-fa09-4994-a779-86c12094caf8 timed out. Re-enqueueing.
[Midd4VCServer] Assigning job bc81a664-fa09-4994-a779-86c12094caf8 to vehicle veh3
[Midd4VCServer] Assigning job 2c35c38a-b38b-460e-8f7d-1b8faa1fe720 to vehicle veh20
[Midd4VCServer] job 2c35c38a-b38b-460e-8f7d-1b8faa1fe720 completed by vehicle veh20
[Midd4VCServer] job bc81a664-fa09-4994-a779-86c12094caf8 completed by vehicle veh3
[Midd4VCServer] Vehicle veh30 already registered.
[Midd4VCServer] Vehicle veh35 already registered.
[Midd4VCServer] Vehicle veh27 already registered.
[Midd4VCServer] Vehicle veh18 already registered.
[Midd4VCServer] job received: f41d5735-9414-4dda-9331-fbf87be2f9f5
[Midd4VCServer] Assigning job f41d5735-9414-4dda-9331-fbf87be2f9f5 to vehicle veh3
[Midd4VCServer] job f41d5735-9414-4dda-9331-fbf87be2f9f5 completed by vehicle veh3
[Midd4VCServer] Vehicle veh33 already registered.
[Midd4VCServer] Vehicle veh12 already registered.
[Midd4VCServer] job received: dca91605-5230-4247-a72a-f5eadca27dae
[Midd4VCServer] Assigning job dca91605-5230-4247-a72a-f5eadca27dae to vehicle veh3
[Midd4VCServer] job dca91605-5230-4247-a72a-f5eadca27dae completed by vehicle veh3
[Midd4VCServer] Vehicle veh11 already registered.
[Midd4VCServer] job received: 3a5a0f22-87d7-4322-a0e4-e113076e4d56
[Midd4VCServer] Assigning job 3a5a0f22-87d7-4322-a0e4-e113076e4d56 to vehicle veh1
[Midd4VCServer] job 3a5a0f22-87d7-4322-a0e4-e113076e4d56 completed by vehicle veh1
[Midd4VCServer] Vehicle veh25 already registered.
[Midd4VCServer] Vehicle veh21 already registered.
[Midd4VCServer] job received: c39b1153-7959-442a-b16b-113c30c2bb89
[Midd4VC] Job d9cb1036-f480-45f9-a39c-92b86a7a512c timed out. Re-enqueueing.
[Midd4VC] Job d4ecc3cb-ebf9-454e-91ef-39fc7c169417 timed out. Re-enqueueing.
[Midd4VCServer] Assigning job d4ecc3cb-ebf9-454e-91ef-39fc7c169417 to vehicle veh38
[Midd4VCServer] Assigning job d9cb1036-f480-45f9-a39c-92b86a7a512c to vehicle veh19
[Midd4VCServer] Assigning job c39b1153-7959-442a-b16b-113c30c2bb89 to vehicle veh22
[Midd4VCServer] job c39b1153-7959-442a-b16b-113c30c2bb89 completed by vehicle veh22
[Midd4VCServer] job received: 564a5d33-5c4a-435e-b3ff-f5e29418070f
[Midd4VCServer] Assigning job 564a5d33-5c4a-435e-b3ff-f5e29418070f to vehicle veh6
[Midd4VCServer] job 564a5d33-5c4a-435e-b3ff-f5e29418070f completed by vehicle veh6
[Midd4VCServer] job received: 785bfb6c-d0e0-4d14-8b95-9d57b8a038e5
[Midd4VCServer] Assigning job 785bfb6c-d0e0-4d14-8b95-9d57b8a038e5 to vehicle veh13
[Midd4VCServer] job received: 9fd0d553-3735-4507-8923-c22e96a6ef8d
[Midd4VC] Job dfd33a9d-9f7a-4b30-a71c-14ece2de5ea0 timed out. Re-enqueueing.
[Midd4VCServer] Assigning job dfd33a9d-9f7a-4b30-a71c-14ece2de5ea0 to vehicle veh7
[Midd4VCServer] Assigning job 9fd0d553-3735-4507-8923-c22e96a6ef8d to vehicle veh3
[Midd4VCServer] job 9fd0d553-3735-4507-8923-c22e96a6ef8d completed by vehicle veh3
[Midd4VCServer] job received: b14e52d5-1247-4081-8836-d8776491891d
[Midd4VCServer] Assigning job b14e52d5-1247-4081-8836-d8776491891d to vehicle veh20
[Midd4VCServer] job b14e52d5-1247-4081-8836-d8776491891d completed by vehicle veh20
[Midd4VCServer] Vehicle veh14 already registered.
[Midd4VCServer] Vehicle veh17 already registered.
[Midd4VCServer] Vehicle veh28 already registered.
[Midd4VCServer] job received: 237d081f-9c57-41fc-94a6-99ec5106bdbc
[Midd4VC] Job a96108a8-05ed-4d05-bb0c-42cd2ad33894 timed out. Re-enqueueing.
[Midd4VCServer] Assigning job a96108a8-05ed-4d05-bb0c-42cd2ad33894 to vehicle veh30
[Midd4VCServer] Assigning job 237d081f-9c57-41fc-94a6-99ec5106bdbc to vehicle veh1
[Midd4VCServer] job a96108a8-05ed-4d05-bb0c-42cd2ad33894 completed by vehicle veh30
[Midd4VCServer] job received: b4de9282-bfac-47d0-b219-df775821c83a
[Midd4VC] Job 63fd0fd9-2d7e-48f4-91c1-a496f5d4f9f0 timed out. Re-enqueueing.
[Midd4VCServer] Assigning job 63fd0fd9-2d7e-48f4-91c1-a496f5d4f9f0 to vehicle veh30
[Midd4VCServer] Assigning job b4de9282-bfac-47d0-b219-df775821c83a to vehicle veh23
[Midd4VCServer] job 63fd0fd9-2d7e-48f4-91c1-a496f5d4f9f0 completed by vehicle veh30
[Midd4VCServer] job b4de9282-bfac-47d0-b219-df775821c83a completed by vehicle veh23
[Midd4VCServer] job received: 8dc0d011-f295-4e18-8974-cc503232cd1e
[Midd4VC] Job 057b29e9-2a0e-429d-a74e-ca71176e6ccd timed out. Re-enqueueing.
[Midd4VC] Job 2c5a692d-2e21-4499-8593-4d5fc5a071d0 timed out. Re-enqueueing.
[Midd4VCServer] Assigning job 2c5a692d-2e21-4499-8593-4d5fc5a071d0 to vehicle veh39
[Midd4VCServer] Assigning job 057b29e9-2a0e-429d-a74e-ca71176e6ccd to vehicle veh30
[Midd4VCServer] Assigning job 8dc0d011-f295-4e18-8974-cc503232cd1e to vehicle veh31
[Midd4VCServer] Vehicle veh1 already registered.
[Midd4VCServer] Vehicle veh38 already registered.
[Midd4VCServer] job received: 4e90aea1-b2a1-4118-a188-38ae80ec5d61
[Midd4VC] Job a0ef4796-09b0-4c58-ad14-8a90a79a313c timed out. Re-enqueueing.
[Midd4VC] Job d08c8c3a-a9be-4f91-9644-89fa003bbf5f timed out. Re-enqueueing.
[Midd4VCServer] Assigning job d08c8c3a-a9be-4f91-9644-89fa003bbf5f to vehicle veh34
[Midd4VCServer] Assigning job a0ef4796-09b0-4c58-ad14-8a90a79a313c to vehicle veh21
[Midd4VCServer] Assigning job 4e90aea1-b2a1-4118-a188-38ae80ec5d61 to vehicle veh23
[Midd4VCServer] job 4e90aea1-b2a1-4118-a188-38ae80ec5d61 completed by vehicle veh23
[Midd4VCServer] job received: 417e824f-669a-4291-b041-bf01b3556716
[Midd4VCServer] Assigning job 417e824f-669a-4291-b041-bf01b3556716 to vehicle veh23
[Midd4VCServer] job 417e824f-669a-4291-b041-bf01b3556716 completed by vehicle veh23
[Midd4VCServer] Vehicle veh15 already registered.
[Midd4VCServer] Vehicle veh10 already registered.
[Midd4VCServer] Vehicle veh5 already registered.
[Midd4VCServer] Vehicle veh30 already registered.
[Midd4VCServer] job received: 7d5bf6d9-3066-4af3-983e-3bd19be5e839
[Midd4VC] Job b65d86e2-312e-4195-b107-654777d6e229 timed out. Re-enqueueing.
[Midd4VCServer] Assigning job b65d86e2-312e-4195-b107-654777d6e229 to vehicle veh17
[Midd4VCServer] Assigning job 7d5bf6d9-3066-4af3-983e-3bd19be5e839 to vehicle veh23
[Midd4VCServer] job b65d86e2-312e-4195-b107-654777d6e229 completed by vehicle veh17
[Midd4VCServer] job 7d5bf6d9-3066-4af3-983e-3bd19be5e839 completed by vehicle veh23
[Midd4VCServer] Vehicle veh27 already registered.
[Midd4VCServer] job received: 56f60640-ab64-441e-883c-23f6e0607c97
[Midd4VC] Job d5eeac4d-741d-4cb8-a333-88a5d3fd8689 timed out. Re-enqueueing.
[Midd4VC] Job 9e520b83-4e54-404a-8221-448611f0b6bd timed out. Re-enqueueing.
[Midd4VC] Job 4b69e533-a32c-4db4-8c60-07e9b9dedc41 timed out. Re-enqueueing.
[Midd4VCServer] Assigning job 4b69e533-a32c-4db4-8c60-07e9b9dedc41 to vehicle veh4
[Midd4VCServer] Assigning job 9e520b83-4e54-404a-8221-448611f0b6bd to vehicle veh28
[Midd4VCServer] Assigning job d5eeac4d-741d-4cb8-a333-88a5d3fd8689 to vehicle veh17
[Midd4VCServer] Assigning job 56f60640-ab64-441e-883c-23f6e0607c97 to vehicle veh18
[Midd4VCServer] job 9e520b83-4e54-404a-8221-448611f0b6bd completed by vehicle veh28
[Midd4VCServer] job d5eeac4d-741d-4cb8-a333-88a5d3fd8689 completed by vehicle veh17
[Midd4VCServer] Vehicle veh34 already registered.
[Midd4VCServer] Vehicle veh16 already registered.
[Midd4VCServer] Vehicle veh28 already registered.
[Midd4VCServer] job received: 95d7d48e-5d4c-4f4f-893d-6514f32f102b
[Midd4VCServer] Assigning job 95d7d48e-5d4c-4f4f-893d-6514f32f102b to vehicle veh28
[Midd4VCServer] job 95d7d48e-5d4c-4f4f-893d-6514f32f102b completed by vehicle veh28
[Midd4VCServer] Vehicle veh3 already registered.
[Midd4VCServer] job received: 3c8d626a-4c4f-430b-8ef7-b3b3420b38c6
[Midd4VCServer] Assigning job 3c8d626a-4c4f-430b-8ef7-b3b3420b38c6 to vehicle veh28
[Midd4VCServer] job 3c8d626a-4c4f-430b-8ef7-b3b3420b38c6 completed by vehicle veh28
[Midd4VCServer] job received: 4fb72ba2-d862-4e2d-b60a-04afb667dd5a
[Midd4VCServer] Assigning job 4fb72ba2-d862-4e2d-b60a-04afb667dd5a to vehicle veh28
[Midd4VCServer] job 4fb72ba2-d862-4e2d-b60a-04afb667dd5a completed by vehicle veh28
[Midd4VCServer] job received: 3e266f61-20eb-4ea1-b795-eacd2c49718e
[Midd4VC] Job 2b55a0ce-cff9-4a91-aed7-8036d7a9dc07 timed out. Re-enqueueing.
[Midd4VC] Job 9835985e-8448-48dc-96d7-3fa5f7a2bc43 timed out. Re-enqueueing.
[Midd4VC] Job 37eae755-6005-4774-92ba-0da438366e71 timed out. Re-enqueueing.
[Midd4VCServer] Assigning job 37eae755-6005-4774-92ba-0da438366e71 to vehicle veh2
[Midd4VCServer] Assigning job 9835985e-8448-48dc-96d7-3fa5f7a2bc43 to vehicle veh32
[Midd4VCServer] Assigning job 2b55a0ce-cff9-4a91-aed7-8036d7a9dc07 to vehicle veh35
[Midd4VCServer] Assigning job 3e266f61-20eb-4ea1-b795-eacd2c49718e to vehicle veh28
[Midd4VCServer] job 9835985e-8448-48dc-96d7-3fa5f7a2bc43 completed by vehicle veh32
[Midd4VCServer] job 3e266f61-20eb-4ea1-b795-eacd2c49718e completed by vehicle veh28
[Midd4VCServer] job received: 51fee620-5487-4f05-a94b-f80fa2fad790
[Midd4VCServer] Assigning job 51fee620-5487-4f05-a94b-f80fa2fad790 to vehicle veh17
[Midd4VCServer] job 51fee620-5487-4f05-a94b-f80fa2fad790 completed by vehicle veh17
[Midd4VCServer] job received: 66e53953-8802-4874-b299-fadad5fea3ac
[Midd4VCServer] Assigning job 66e53953-8802-4874-b299-fadad5fea3ac to vehicle veh32
[Midd4VCServer] job 66e53953-8802-4874-b299-fadad5fea3ac completed by vehicle veh32
[Midd4VCServer] Vehicle veh19 already registered.
[Midd4VCServer] Vehicle veh32 already registered.
[Midd4VCServer] job received: 5c6fb869-0c3e-4f53-b3ab-cdb44527f548
[Midd4VC] Job 8439bda8-cc0c-4d14-b6f2-a55efa5143a5 timed out. Re-enqueueing.
[Midd4VCServer] Assigning job 8439bda8-cc0c-4d14-b6f2-a55efa5143a5 to vehicle veh16
[Midd4VCServer] Assigning job 5c6fb869-0c3e-4f53-b3ab-cdb44527f548 to vehicle veh28
[Midd4VCServer] job 5c6fb869-0c3e-4f53-b3ab-cdb44527f548 completed by vehicle veh28
[Midd4VCServer] Vehicle veh13 already registered.
[Midd4VCServer] Vehicle veh37 already registered.
[Midd4VCServer] Vehicle veh36 already registered.
[Midd4VCServer] Vehicle veh11 already registered.
[Midd4VCServer] Vehicle veh39 already registered.
[Midd4VCServer] job received: 04d3e442-d259-471e-bb6d-1fa539be12f1
[Midd4VC] Job 01cf188e-4dde-4ada-86c7-0fe61af3ec8c timed out. Re-enqueueing.
[Midd4VCServer] Assigning job 01cf188e-4dde-4ada-86c7-0fe61af3ec8c to vehicle veh17
[Midd4VCServer] Assigning job 04d3e442-d259-471e-bb6d-1fa539be12f1 to vehicle veh26
[Midd4VCServer] job received: 8e4b6daf-0954-4fbf-ba66-2840311f2864
[Midd4VCServer] Assigning job 8e4b6daf-0954-4fbf-ba66-2840311f2864 to vehicle veh32
[Midd4VCServer] job 8e4b6daf-0954-4fbf-ba66-2840311f2864 completed by vehicle veh32
[Midd4VCServer] job received: d4e2974a-d83e-4c9f-b386-b02ec66c340f
[Midd4VC] Job 3840dadc-67e7-474b-af7c-e7b77219301b timed out. Re-enqueueing.
[Midd4VC] Job 075e8f06-d48a-4693-9f0d-15f835fc8fec timed out. Re-enqueueing.
[Midd4VC] Job 8eed19d2-6156-42f9-9c82-0b2fddfdc026 timed out. Re-enqueueing.
[Midd4VCServer] Assigning job 8eed19d2-6156-42f9-9c82-0b2fddfdc026 to vehicle veh10
[Midd4VCServer] Assigning job 075e8f06-d48a-4693-9f0d-15f835fc8fec to vehicle veh37
[Midd4VCServer] Assigning job 3840dadc-67e7-474b-af7c-e7b77219301b to vehicle veh36
[Midd4VCServer] Assigning job d4e2974a-d83e-4c9f-b386-b02ec66c340f to vehicle veh28
[Midd4VCServer] job 8eed19d2-6156-42f9-9c82-0b2fddfdc026 completed by vehicle veh10
[Midd4VCServer] job 3840dadc-67e7-474b-af7c-e7b77219301b completed by vehicle veh36
[Midd4VCServer] job d4e2974a-d83e-4c9f-b386-b02ec66c340f completed by vehicle veh28
[Midd4VCServer] job 075e8f06-d48a-4693-9f0d-15f835fc8fec completed by vehicle veh37
[Midd4VCServer] job received: bdc6caa4-8d3d-45d9-9237-711cbdba9b6c
[Midd4VCServer] Assigning job bdc6caa4-8d3d-45d9-9237-711cbdba9b6c to vehicle veh10
[Midd4VCServer] job bdc6caa4-8d3d-45d9-9237-711cbdba9b6c completed by vehicle veh10
[Midd4VCServer] Vehicle veh4 already registered.
[Midd4VCServer] Vehicle veh25 already registered.
[Midd4VCServer] Vehicle veh24 already registered.
[Midd4VCServer] job received: e48f6d17-88e9-4cd3-ac17-4927051dae13
[Midd4VCServer] Assigning job e48f6d17-88e9-4cd3-ac17-4927051dae13 to vehicle veh37
[Midd4VCServer] job received: b2545610-9664-4e7b-b801-fd87c8e2a5ed
[Midd4VC] Job ef849f00-beac-4fe8-9ee4-2b407fec0a3b timed out. Re-enqueueing.
[Midd4VC] Job 0e18f498-a62d-494b-993d-5c883591d8e9 timed out. Re-enqueueing.
[Midd4VC] Job e6e6f093-e273-4b5b-b0bb-0ed99b3c09ea timed out. Re-enqueueing.
[Midd4VCServer] Assigning job e6e6f093-e273-4b5b-b0bb-0ed99b3c09ea to vehicle veh5
[Midd4VCServer] Assigning job 0e18f498-a62d-494b-993d-5c883591d8e9 to vehicle veh9
[Midd4VCServer] Assigning job ef849f00-beac-4fe8-9ee4-2b407fec0a3b to vehicle veh24
[Midd4VCServer] Assigning job b2545610-9664-4e7b-b801-fd87c8e2a5ed to vehicle veh32
[Midd4VCServer] job ef849f00-beac-4fe8-9ee4-2b407fec0a3b completed by vehicle veh24
[Midd4VCServer] job b2545610-9664-4e7b-b801-fd87c8e2a5ed completed by vehicle veh32
[Midd4VCServer] job e6e6f093-e273-4b5b-b0bb-0ed99b3c09ea completed by vehicle veh5
[Midd4VCServer] job received: 8b7cb7ab-f00e-44c9-9db2-a78b61b9ab60
[Midd4VC] Job 11970f46-b9a1-4cb0-a81c-c00ea7337692 timed out. Re-enqueueing.
[Midd4VCServer] Assigning job 11970f46-b9a1-4cb0-a81c-c00ea7337692 to vehicle veh5
[Midd4VCServer] Assigning job 8b7cb7ab-f00e-44c9-9db2-a78b61b9ab60 to vehicle veh24
[Midd4VCServer] job 11970f46-b9a1-4cb0-a81c-c00ea7337692 completed by vehicle veh5
[Midd4VCServer] job 8b7cb7ab-f00e-44c9-9db2-a78b61b9ab60 completed by vehicle veh24
[Midd4VCServer] job received: aa9ef07c-d77d-4dcf-9ca5-c5d75db8acf7
[Midd4VCServer] Assigning job aa9ef07c-d77d-4dcf-9ca5-c5d75db8acf7 to vehicle veh5
[Midd4VCServer] job aa9ef07c-d77d-4dcf-9ca5-c5d75db8acf7 completed by vehicle veh5
[Midd4VCServer] job received: 4bbeb371-698c-44a7-93ec-614221b93cc2
[Midd4VCServer] Assigning job 4bbeb371-698c-44a7-93ec-614221b93cc2 to vehicle veh14
[Midd4VCServer] Vehicle veh17 already registered.
[Midd4VCServer] job received: f9628796-c1fc-49f6-8359-33520156a6fb
[Midd4VC] Job ebe3fa2b-6f13-4199-855e-61b5925ec59f timed out. Re-enqueueing.
[Midd4VC] Job f0d6763a-8988-4d4b-a979-1fff056613ad timed out. Re-enqueueing.
[Midd4VC] Job 2fde7b26-850c-462f-acca-8e8a2b12efbd timed out. Re-enqueueing.
[Midd4VCServer] Assigning job 2fde7b26-850c-462f-acca-8e8a2b12efbd to vehicle veh15
[Midd4VCServer] Assigning job f0d6763a-8988-4d4b-a979-1fff056613ad to vehicle veh25
[Midd4VCServer] Assigning job ebe3fa2b-6f13-4199-855e-61b5925ec59f to vehicle veh33
[Midd4VCServer] Assigning job f9628796-c1fc-49f6-8359-33520156a6fb to vehicle veh24
[Midd4VCServer] job f9628796-c1fc-49f6-8359-33520156a6fb completed by vehicle veh24
[Midd4VCServer] job f0d6763a-8988-4d4b-a979-1fff056613ad completed by vehicle veh25
[Midd4VCServer] Vehicle veh28 already registered.
[Midd4VCServer] job received: 2558a1c8-0237-4468-bfe4-beaf2f02ff0a
[Midd4VCServer] Assigning job 2558a1c8-0237-4468-bfe4-beaf2f02ff0a to vehicle veh25
[Midd4VCServer] job 2558a1c8-0237-4468-bfe4-beaf2f02ff0a completed by vehicle veh25
[Midd4VCServer] Vehicle veh3 already registered.
[Midd4VCServer] Vehicle veh14 already registered.
[Midd4VCServer] job received: 5be38239-d6a7-43b6-9360-11d677720e0a
[Midd4VCServer] Assigning job 5be38239-d6a7-43b6-9360-11d677720e0a to vehicle veh25
[Midd4VCServer] job 5be38239-d6a7-43b6-9360-11d677720e0a completed by vehicle veh25
[Midd4VCServer] job received: 5454d9dc-6a91-4b3c-8c25-2fd70cc8f675
[Midd4VCServer] Assigning job 5454d9dc-6a91-4b3c-8c25-2fd70cc8f675 to vehicle veh5
[Midd4VCServer] Vehicle veh27 already registered.
[Midd4VCServer] job received: 9ef4e012-74e6-482c-8b7b-6c34fd185072
[Midd4VCServer] Assigning job 9ef4e012-74e6-482c-8b7b-6c34fd185072 to vehicle veh36
[Midd4VCServer] job 9ef4e012-74e6-482c-8b7b-6c34fd185072 completed by vehicle veh36
[Midd4VCServer] Vehicle veh23 already registered.
[Midd4VCServer] Vehicle veh11 already registered.
[Midd4VCServer] Vehicle veh2 already registered.
[Midd4VCServer] job received: 6a1c5cf7-4dd9-4b4a-837a-3724c2bf06eb
[Midd4VC] Job 886214a2-829d-433c-b70a-5faa6cc34d53 timed out. Re-enqueueing.
[Midd4VC] Job 3535bd9b-c24f-485c-86b1-7cd743389ddd timed out. Re-enqueueing.
[Midd4VC] Job ff466d58-d64f-4c9a-bfa4-7b09c1b8146d timed out. Re-enqueueing.
[Midd4VC] Job 16c00aa4-cebc-43c5-883e-7ca8e8e88e4b timed out. Re-enqueueing.
[Midd4VC] Job 4972b8b6-dc1a-496a-848f-67eef4084a64 timed out. Re-enqueueing.
[Midd4VC] Job 8d353ed6-bd56-4210-bce2-109889e7b3d9 timed out. Re-enqueueing.
[Midd4VCServer] Assigning job 8d353ed6-bd56-4210-bce2-109889e7b3d9 to vehicle veh11
[Midd4VCServer] Assigning job 4972b8b6-dc1a-496a-848f-67eef4084a64 to vehicle veh8
[Midd4VCServer] Assigning job 16c00aa4-cebc-43c5-883e-7ca8e8e88e4b to vehicle veh12
[Midd4VCServer] Assigning job ff466d58-d64f-4c9a-bfa4-7b09c1b8146d to vehicle veh27
[Midd4VCServer] Assigning job 3535bd9b-c24f-485c-86b1-7cd743389ddd to vehicle veh29
[Midd4VCServer] Assigning job 886214a2-829d-433c-b70a-5faa6cc34d53 to vehicle veh40
[Midd4VCServer] Assigning job 6a1c5cf7-4dd9-4b4a-837a-3724c2bf06eb to vehicle veh24
[Midd4VCServer] job 6a1c5cf7-4dd9-4b4a-837a-3724c2bf06eb completed by vehicle veh24
[Midd4VCServer] job 8d353ed6-bd56-4210-bce2-109889e7b3d9 completed by vehicle veh11
[Midd4VCServer] job ff466d58-d64f-4c9a-bfa4-7b09c1b8146d completed by vehicle veh27
[Midd4VCServer] job received: b209d62c-b2d7-4b2c-9364-a3da8e4cbd4c
[Midd4VCServer] Assigning job b209d62c-b2d7-4b2c-9364-a3da8e4cbd4c to vehicle veh11
[Midd4VCServer] job b209d62c-b2d7-4b2c-9364-a3da8e4cbd4c completed by vehicle veh11
[Midd4VCServer] Vehicle veh2 already registered.
[Midd4VCServer] job received: 1fb477bc-a630-4f02-9c83-81fb50c64458
[Midd4VCServer] Assigning job 1fb477bc-a630-4f02-9c83-81fb50c64458 to vehicle veh27
[Midd4VCServer] job 1fb477bc-a630-4f02-9c83-81fb50c64458 completed by vehicle veh27
[Midd4VCServer] job received: 177cfe4b-22cd-47a7-9cfd-06f2486e72b9
[Midd4VCServer] Assigning job 177cfe4b-22cd-47a7-9cfd-06f2486e72b9 to vehicle veh11
[Midd4VCServer] job 177cfe4b-22cd-47a7-9cfd-06f2486e72b9 completed by vehicle veh11
[Midd4VCServer] Vehicle veh5 already registered.
[Midd4VCServer] Vehicle veh28 already registered.
[Midd4VCServer] job received: cfa5e7ac-be3e-4840-9be6-50847ab12eb2
[Midd4VCServer] Assigning job cfa5e7ac-be3e-4840-9be6-50847ab12eb2 to vehicle veh27
[Midd4VCServer] job cfa5e7ac-be3e-4840-9be6-50847ab12eb2 completed by vehicle veh27
[Midd4VCServer] Vehicle veh12 already registered.
[Midd4VCServer] Vehicle veh33 already registered.
[Midd4VCServer] Vehicle veh35 already registered.
[Midd4VCServer] job received: 599b6c49-3c5d-4223-9669-57ecb0325372
[Midd4VCServer] Assigning job 599b6c49-3c5d-4223-9669-57ecb0325372 to vehicle veh25
[Midd4VCServer] job 599b6c49-3c5d-4223-9669-57ecb0325372 completed by vehicle veh25
[Midd4VCServer] job received: 7b11c2bd-3fa3-4597-b049-885127044311
[Midd4VCServer] Assigning job 7b11c2bd-3fa3-4597-b049-885127044311 to vehicle veh28
[Midd4VCServer] job 7b11c2bd-3fa3-4597-b049-885127044311 completed by vehicle veh28
[Midd4VCServer] Vehicle veh1 already registered.
[Midd4VCServer] job received: 2dcb6fa5-8659-4adf-b007-0c1cb601cc63
[Midd4VCServer] Assigning job 2dcb6fa5-8659-4adf-b007-0c1cb601cc63 to vehicle veh11
[Midd4VCServer] job received: 4a09c2fe-6590-45eb-8859-98f3d9481073
[Midd4VCServer] Assigning job 4a09c2fe-6590-45eb-8859-98f3d9481073 to vehicle veh27
[Midd4VCServer] Vehicle veh9 already registered.
[Midd4VCServer] Vehicle veh7 already registered.
[Midd4VCServer] Vehicle veh8 already registered.
[Midd4VCServer] Vehicle veh31 already registered.
[Midd4VCServer] Vehicle veh21 already registered.
[Midd4VCServer] Vehicle veh18 already registered.
[Midd4VCServer] job received: 9212dc8f-c109-4a60-a459-b240aa50cccc
[Midd4VC] Job d4ecc3cb-ebf9-454e-91ef-39fc7c169417 timed out. Re-enqueueing.
[Midd4VC] Job d9cb1036-f480-45f9-a39c-92b86a7a512c timed out. Re-enqueueing.
[Midd4VC] Job 785bfb6c-d0e0-4d14-8b95-9d57b8a038e5 timed out. Re-enqueueing.
[Midd4VCServer] Assigning job 785bfb6c-d0e0-4d14-8b95-9d57b8a038e5 to vehicle veh38
[Midd4VCServer] Assigning job d9cb1036-f480-45f9-a39c-92b86a7a512c to vehicle veh19
[Midd4VCServer] Assigning job d4ecc3cb-ebf9-454e-91ef-39fc7c169417 to vehicle veh13
[Midd4VCServer] Assigning job 9212dc8f-c109-4a60-a459-b240aa50cccc to vehicle veh10
[Midd4VCServer] job d9cb1036-f480-45f9-a39c-92b86a7a512c completed by vehicle veh19
[Midd4VCServer] job d4ecc3cb-ebf9-454e-91ef-39fc7c169417 completed by vehicle veh13
[Midd4VCServer] Vehicle veh14 already registered.
[Midd4VCServer] job received: 9dd75b29-72b1-4054-a340-85618ffd0997
[Midd4VC] Job dfd33a9d-9f7a-4b30-a71c-14ece2de5ea0 timed out. Re-enqueueing.
[Midd4VCServer] Assigning job dfd33a9d-9f7a-4b30-a71c-14ece2de5ea0 to vehicle veh7
[Midd4VCServer] Assigning job 9dd75b29-72b1-4054-a340-85618ffd0997 to vehicle veh19
[Midd4VCServer] job 9dd75b29-72b1-4054-a340-85618ffd0997 completed by vehicle veh19
[Midd4VCServer] job dfd33a9d-9f7a-4b30-a71c-14ece2de5ea0 completed by vehicle veh7
[Midd4VCServer] job received: a465f3b1-0904-4578-8137-8cf8bbebd4e1
[Midd4VC] Job 237d081f-9c57-41fc-94a6-99ec5106bdbc timed out. Re-enqueueing.
[Midd4VCServer] Assigning job 237d081f-9c57-41fc-94a6-99ec5106bdbc to vehicle veh7
[Midd4VCServer] Assigning job a465f3b1-0904-4578-8137-8cf8bbebd4e1 to vehicle veh19
[Midd4VCServer] job 237d081f-9c57-41fc-94a6-99ec5106bdbc completed by vehicle veh7
[Midd4VCServer] job a465f3b1-0904-4578-8137-8cf8bbebd4e1 completed by vehicle veh19
[Midd4VCServer] job received: 817337a9-fbee-42cc-8b0a-3453b3a6206b
[Midd4VCServer] Assigning job 817337a9-fbee-42cc-8b0a-3453b3a6206b to vehicle veh7
[Midd4VCServer] job 817337a9-fbee-42cc-8b0a-3453b3a6206b completed by vehicle veh7
[Midd4VCServer] Vehicle veh17 already registered.
[Midd4VCServer] Vehicle veh40 already registered.
[Midd4VCServer] Vehicle veh38 already registered.
[Midd4VCServer] job received: 507c8b35-658b-4a9e-a8f4-6bfa841d6c43
[Midd4VCServer] Assigning job 507c8b35-658b-4a9e-a8f4-6bfa841d6c43 to vehicle veh7
[Midd4VCServer] job 507c8b35-658b-4a9e-a8f4-6bfa841d6c43 completed by vehicle veh7
[Midd4VCServer] job received: 152aec82-8c41-4f2e-8409-d23f36617c7f
[Midd4VC] Job 2c5a692d-2e21-4499-8593-4d5fc5a071d0 timed out. Re-enqueueing.
[Midd4VC] Job 057b29e9-2a0e-429d-a74e-ca71176e6ccd timed out. Re-enqueueing.
[Midd4VC] Job 8dc0d011-f295-4e18-8974-cc503232cd1e timed out. Re-enqueueing.
[Midd4VCServer] Assigning job 8dc0d011-f295-4e18-8974-cc503232cd1e to vehicle veh39
[Midd4VCServer] Assigning job 057b29e9-2a0e-429d-a74e-ca71176e6ccd to vehicle veh30
[Midd4VCServer] Assigning job 2c5a692d-2e21-4499-8593-4d5fc5a071d0 to vehicle veh31
[Midd4VCServer] Assigning job 152aec82-8c41-4f2e-8409-d23f36617c7f to vehicle veh7
[Midd4VCServer] job 057b29e9-2a0e-429d-a74e-ca71176e6ccd completed by vehicle veh30
[Midd4VCServer] job 152aec82-8c41-4f2e-8409-d23f36617c7f completed by vehicle veh7
[Midd4VCServer] job received: 41c1fd72-8276-4f07-b92f-e152e7f64690
[Midd4VCServer] Assigning job 41c1fd72-8276-4f07-b92f-e152e7f64690 to vehicle veh30
[Midd4VCServer] job 41c1fd72-8276-4f07-b92f-e152e7f64690 completed by vehicle veh30
[Midd4VCServer] job received: 73bc91a7-b255-4d02-b21e-2c7ca4677de2
[Midd4VC] Job d08c8c3a-a9be-4f91-9644-89fa003bbf5f timed out. Re-enqueueing.
[Midd4VC] Job a0ef4796-09b0-4c58-ad14-8a90a79a313c timed out. Re-enqueueing.
[Midd4VCServer] Assigning job a0ef4796-09b0-4c58-ad14-8a90a79a313c to vehicle veh34
[Midd4VCServer] Assigning job d08c8c3a-a9be-4f91-9644-89fa003bbf5f to vehicle veh30
[Midd4VCServer] Assigning job 73bc91a7-b255-4d02-b21e-2c7ca4677de2 to vehicle veh21
[Midd4VCServer] job d08c8c3a-a9be-4f91-9644-89fa003bbf5f completed by vehicle veh30
[Midd4VCServer] job a0ef4796-09b0-4c58-ad14-8a90a79a313c completed by vehicle veh34
[Midd4VCServer] job 73bc91a7-b255-4d02-b21e-2c7ca4677de2 completed by vehicle veh21
[Midd4VCServer] job received: 719d6783-f8e4-48b1-b471-185a48995fae
[Midd4VCServer] Assigning job 719d6783-f8e4-48b1-b471-185a48995fae to vehicle veh34
[Midd4VCServer] job 719d6783-f8e4-48b1-b471-185a48995fae completed by vehicle veh34
[Midd4VCServer] Vehicle veh31 already registered.
[Midd4VCServer] job received: 0fbc77ca-1419-4c7b-92df-78e45a9e4fad
[Midd4VCServer] Assigning job 0fbc77ca-1419-4c7b-92df-78e45a9e4fad to vehicle veh34
[Midd4VCServer] job 0fbc77ca-1419-4c7b-92df-78e45a9e4fad completed by vehicle veh34
[Midd4VCServer] Vehicle veh15 already registered.
[Midd4VCServer] job received: 7ecee742-4cbd-48a3-b8b7-12891951c06d
[Midd4VCServer] Assigning job 7ecee742-4cbd-48a3-b8b7-12891951c06d to vehicle veh30
[Midd4VCServer] job 7ecee742-4cbd-48a3-b8b7-12891951c06d completed by vehicle veh30
[Midd4VCServer] Vehicle veh29 already registered.
[Midd4VCServer] Vehicle veh2 already registered.
[Midd4VCServer] Vehicle veh37 already registered.
[Midd4VCServer] Vehicle veh10 already registered.
[Midd4VCServer] job received: 0fb02a73-fa83-4b4e-ad80-95f12dab5a68
[Midd4VC] Job 4b69e533-a32c-4db4-8c60-07e9b9dedc41 timed out. Re-enqueueing.
[Midd4VC] Job 56f60640-ab64-441e-883c-23f6e0607c97 timed out. Re-enqueueing.
[Midd4VCServer] Assigning job 56f60640-ab64-441e-883c-23f6e0607c97 to vehicle veh4
[Midd4VCServer] Assigning job 4b69e533-a32c-4db4-8c60-07e9b9dedc41 to vehicle veh34
[Midd4VCServer] Assigning job 0fb02a73-fa83-4b4e-ad80-95f12dab5a68 to vehicle veh18
[Midd4VCServer] job 56f60640-ab64-441e-883c-23f6e0607c97 completed by vehicle veh4
[Midd4VCServer] job 4b69e533-a32c-4db4-8c60-07e9b9dedc41 completed by vehicle veh34
[Midd4VCServer] job 0fb02a73-fa83-4b4e-ad80-95f12dab5a68 completed by vehicle veh18
[Midd4VCServer] job received: 2574e41b-4e4b-42bd-bb8e-8fd5a04c8f00
[Midd4VCServer] Assigning job 2574e41b-4e4b-42bd-bb8e-8fd5a04c8f00 to vehicle veh4
[Midd4VCServer] job 2574e41b-4e4b-42bd-bb8e-8fd5a04c8f00 completed by vehicle veh4
[Midd4VCServer] Vehicle veh8 already registered.
[Midd4VCServer] Vehicle veh24 already registered.
[Midd4VCServer] job received: 7d4ae439-aea0-4737-9e07-d803ad1bc603
[Midd4VC] Job 37eae755-6005-4774-92ba-0da438366e71 timed out. Re-enqueueing.
[Midd4VC] Job 2b55a0ce-cff9-4a91-aed7-8036d7a9dc07 timed out. Re-enqueueing.
[Midd4VC] Job 8439bda8-cc0c-4d14-b6f2-a55efa5143a5 timed out. Re-enqueueing.
[Midd4VCServer] Assigning job 8439bda8-cc0c-4d14-b6f2-a55efa5143a5 to vehicle veh4
[Midd4VCServer] Assigning job 2b55a0ce-cff9-4a91-aed7-8036d7a9dc07 to vehicle veh16
[Midd4VCServer] Assigning job 37eae755-6005-4774-92ba-0da438366e71 to vehicle veh2
[Midd4VCServer] Assigning job 7d4ae439-aea0-4737-9e07-d803ad1bc603 to vehicle veh35
[Midd4VCServer] job 8439bda8-cc0c-4d14-b6f2-a55efa5143a5 completed by vehicle veh4
[Midd4VCServer] job 7d4ae439-aea0-4737-9e07-d803ad1bc603 completed by vehicle veh35
[Midd4VCServer] job received: c3cc33b5-c312-4694-a927-750575e46bdb
[Midd4VCServer] Assigning job c3cc33b5-c312-4694-a927-750575e46bdb to vehicle veh4
[Midd4VCServer] job c3cc33b5-c312-4694-a927-750575e46bdb completed by vehicle veh4
[Midd4VCServer] job received: e8075f16-8efd-40e8-af22-98d0621fc47a
[Midd4VCServer] Assigning job e8075f16-8efd-40e8-af22-98d0621fc47a to vehicle veh4
[Midd4VCServer] job e8075f16-8efd-40e8-af22-98d0621fc47a completed by vehicle veh4
[Midd4VCServer] job received: fd204e26-d471-4576-bbab-da3775a15f7d
[Midd4VCServer] Assigning job fd204e26-d471-4576-bbab-da3775a15f7d to vehicle veh4
[Midd4VCServer] job fd204e26-d471-4576-bbab-da3775a15f7d completed by vehicle veh4
[Midd4VCServer] Vehicle veh27 already registered.
[Midd4VCServer] job received: 78b63a37-e9eb-4770-8d96-c3b26ef2709a
[Midd4VCServer] Assigning job 78b63a37-e9eb-4770-8d96-c3b26ef2709a to vehicle veh35
[Midd4VCServer] job 78b63a37-e9eb-4770-8d96-c3b26ef2709a completed by vehicle veh35
[Midd4VCServer] Vehicle veh10 already registered.
[Midd4VCServer] Vehicle veh36 already registered.
[Midd4VCServer] job received: 4f1144ce-5fe7-4b39-a7d4-35c53165d243
[Midd4VC] Job 01cf188e-4dde-4ada-86c7-0fe61af3ec8c timed out. Re-enqueueing.
[Midd4VC] Job 04d3e442-d259-471e-bb6d-1fa539be12f1 timed out. Re-enqueueing.
[Midd4VCServer] Assigning job 04d3e442-d259-471e-bb6d-1fa539be12f1 to vehicle veh17
[Midd4VCServer] Assigning job 01cf188e-4dde-4ada-86c7-0fe61af3ec8c to vehicle veh26
[Midd4VCServer] Assigning job 4f1144ce-5fe7-4b39-a7d4-35c53165d243 to vehicle veh4
[Midd4VCServer] job 04d3e442-d259-471e-bb6d-1fa539be12f1 completed by vehicle veh17
[Midd4VCServer] job 4f1144ce-5fe7-4b39-a7d4-35c53165d243 completed by vehicle veh4
[Midd4VCServer] job received: d1bd31df-e769-469e-afd9-59907923aab1
[Midd4VCServer] Assigning job d1bd31df-e769-469e-afd9-59907923aab1 to vehicle veh30
[Midd4VCServer] job received: be37db27-1738-446d-bebb-75a24e01c0d1
[Midd4VCServer] Assigning job be37db27-1738-446d-bebb-75a24e01c0d1 to vehicle veh34
[Midd4VCServer] Vehicle veh17 already registered.
[Midd4VCServer] Vehicle veh37 already registered.
[Midd4VCServer] Vehicle veh20 already registered.
[Midd4VCServer] Vehicle veh9 already registered.
[Midd4VCServer] Vehicle veh6 already registered.
[Midd4VCServer] job received: a479731a-7b92-4dbd-8635-a02a890319a5
[Midd4VC] Job e48f6d17-88e9-4cd3-ac17-4927051dae13 timed out. Re-enqueueing.
[Midd4VC] Job 0e18f498-a62d-494b-993d-5c883591d8e9 timed out. Re-enqueueing.
[Midd4VCServer] Assigning job 0e18f498-a62d-494b-993d-5c883591d8e9 to vehicle veh9
[Midd4VCServer] Assigning job e48f6d17-88e9-4cd3-ac17-4927051dae13 to vehicle veh35
[Midd4VCServer] Assigning job a479731a-7b92-4dbd-8635-a02a890319a5 to vehicle veh21
[Midd4VCServer] job 0e18f498-a62d-494b-993d-5c883591d8e9 completed by vehicle veh9
[Midd4VCServer] job e48f6d17-88e9-4cd3-ac17-4927051dae13 completed by vehicle veh35
[Midd4VCServer] Vehicle veh5 already registered.
[Midd4VCServer] job received: 8b455809-0b8c-45b9-b2cf-14eb9e191877
[Midd4VCServer] Assigning job 8b455809-0b8c-45b9-b2cf-14eb9e191877 to vehicle veh9
[Midd4VCServer] job 8b455809-0b8c-45b9-b2cf-14eb9e191877 completed by vehicle veh9
[Midd4VCServer] job received: 5c449e6a-cccd-4d8f-b7c3-bff33b2af05c
[Midd4VCServer] Assigning job 5c449e6a-cccd-4d8f-b7c3-bff33b2af05c to vehicle veh9
[Midd4VCServer] job 5c449e6a-cccd-4d8f-b7c3-bff33b2af05c completed by vehicle veh9
[Midd4VCServer] Vehicle veh1 already registered.
[Midd4VCServer] Vehicle veh28 already registered.
[Midd4VCServer] job received: 299bf144-b657-406c-af67-630067f3f521
[Midd4VC] Job 4bbeb371-698c-44a7-93ec-614221b93cc2 timed out. Re-enqueueing.
[Midd4VC] Job 2fde7b26-850c-462f-acca-8e8a2b12efbd timed out. Re-enqueueing.
[Midd4VC] Job ebe3fa2b-6f13-4199-855e-61b5925ec59f timed out. Re-enqueueing.
[Midd4VCServer] Assigning job ebe3fa2b-6f13-4199-855e-61b5925ec59f to vehicle veh15
[Midd4VCServer] Assigning job 2fde7b26-850c-462f-acca-8e8a2b12efbd to vehicle veh14
[Midd4VCServer] Assigning job 4bbeb371-698c-44a7-93ec-614221b93cc2 to vehicle veh33
[Midd4VCServer] Assigning job 299bf144-b657-406c-af67-630067f3f521 to vehicle veh18
[Midd4VCServer] job ebe3fa2b-6f13-4199-855e-61b5925ec59f completed by vehicle veh15
[Midd4VCServer] job 299bf144-b657-406c-af67-630067f3f521 completed by vehicle veh18
[Midd4VCServer] Vehicle veh15 already registered.
[Midd4VCServer] job received: 8e55c22d-4f23-425b-aab4-80a39527da0f
[Midd4VCServer] Assigning job 8e55c22d-4f23-425b-aab4-80a39527da0f to vehicle veh15
[Midd4VCServer] job 8e55c22d-4f23-425b-aab4-80a39527da0f completed by vehicle veh15
[Midd4VCServer] Vehicle veh23 already registered.
[Midd4VCServer] job received: 25fa3560-6ea7-4170-abec-69fbc62b2ae6
[Midd4VCServer] Assigning job 25fa3560-6ea7-4170-abec-69fbc62b2ae6 to vehicle veh15
[Midd4VCServer] job 25fa3560-6ea7-4170-abec-69fbc62b2ae6 completed by vehicle veh15
[Midd4VCServer] job received: 4c8bd721-6ba5-474d-a653-5df95031aa08
[Midd4VCServer] Assigning job 4c8bd721-6ba5-474d-a653-5df95031aa08 to vehicle veh15
[Midd4VCServer] job 4c8bd721-6ba5-474d-a653-5df95031aa08 completed by vehicle veh15
[Midd4VCServer] job received: 7859380b-634a-45ea-8caa-3bce02aebf47
[Midd4VCServer] Assigning job 7859380b-634a-45ea-8caa-3bce02aebf47 to vehicle veh17
[Midd4VCServer] job 7859380b-634a-45ea-8caa-3bce02aebf47 completed by vehicle veh17
[Midd4VCServer] Vehicle veh11 already registered.
[Midd4VCServer] Vehicle veh8 already registered.
[Midd4VCServer] Vehicle veh30 already registered.
[Midd4VCServer] Vehicle veh38 already registered.
[Midd4VCServer] job received: fe98eeae-bc25-463e-9a5b-dc72b65e134d
[Midd4VC] Job 5454d9dc-6a91-4b3c-8c25-2fd70cc8f675 timed out. Re-enqueueing.
[Midd4VCServer] Assigning job 5454d9dc-6a91-4b3c-8c25-2fd70cc8f675 to vehicle veh4
[Midd4VCServer] Assigning job fe98eeae-bc25-463e-9a5b-dc72b65e134d to vehicle veh37
[Midd4VCServer] job 5454d9dc-6a91-4b3c-8c25-2fd70cc8f675 completed by vehicle veh4
[Midd4VCServer] job fe98eeae-bc25-463e-9a5b-dc72b65e134d completed by vehicle veh37
[Midd4VCServer] job received: e3c4df94-373d-4a03-bc41-2ec2541f84d4
[Midd4VC] Job 4972b8b6-dc1a-496a-848f-67eef4084a64 timed out. Re-enqueueing.
[Midd4VC] Job 16c00aa4-cebc-43c5-883e-7ca8e8e88e4b timed out. Re-enqueueing.
[Midd4VC] Job 3535bd9b-c24f-485c-86b1-7cd743389ddd timed out. Re-enqueueing.
[Midd4VC] Job 886214a2-829d-433c-b70a-5faa6cc34d53 timed out. Re-enqueueing.
[Midd4VCServer] Assigning job 886214a2-829d-433c-b70a-5faa6cc34d53 to vehicle veh8
[Midd4VCServer] Assigning job 3535bd9b-c24f-485c-86b1-7cd743389ddd to vehicle veh12
[Midd4VCServer] Assigning job 16c00aa4-cebc-43c5-883e-7ca8e8e88e4b to vehicle veh29
[Midd4VCServer] Assigning job 4972b8b6-dc1a-496a-848f-67eef4084a64 to vehicle veh40
[Midd4VCServer] Assigning job e3c4df94-373d-4a03-bc41-2ec2541f84d4 to vehicle veh5
[Midd4VCServer] job 886214a2-829d-433c-b70a-5faa6cc34d53 completed by vehicle veh8
[Midd4VCServer] Vehicle veh24 already registered.
[Midd4VCServer] job received: 51165fe7-5c8c-4039-ac9f-0dcd6e66c992
[Midd4VCServer] Assigning job 51165fe7-5c8c-4039-ac9f-0dcd6e66c992 to vehicle veh8
[Midd4VCServer] job 51165fe7-5c8c-4039-ac9f-0dcd6e66c992 completed by vehicle veh8
[Midd4VCServer] job received: 1b017ecf-bb7d-4fa3-a020-8646a1a148cc
[Midd4VCServer] Assigning job 1b017ecf-bb7d-4fa3-a020-8646a1a148cc to vehicle veh8
[Midd4VCServer] job 1b017ecf-bb7d-4fa3-a020-8646a1a148cc completed by vehicle veh8
[Midd4VCServer] job received: bc53c92c-6bbe-492a-90cd-a2cb0580c096
[Midd4VCServer] Assigning job bc53c92c-6bbe-492a-90cd-a2cb0580c096 to vehicle veh15
[Midd4VCServer] job bc53c92c-6bbe-492a-90cd-a2cb0580c096 completed by vehicle veh15
[Midd4VCServer] Vehicle veh12 already registered.
[Midd4VCServer] job received: 6ca5bdf5-1273-4129-8396-1a5bb31080a3
[Midd4VCServer] Assigning job 6ca5bdf5-1273-4129-8396-1a5bb31080a3 to vehicle veh9
[Midd4VCServer] job 6ca5bdf5-1273-4129-8396-1a5bb31080a3 completed by vehicle veh9
[Midd4VCServer] Vehicle veh13 already registered.
[Midd4VCServer] job received: 32490778-a228-42c1-b171-1501cf685161
[Midd4VCServer] Assigning job 32490778-a228-42c1-b171-1501cf685161 to vehicle veh35
[Midd4VCServer] job received: 10222b70-f1d1-4884-b0d0-f4685387f65b
[Midd4VCServer] Assigning job 10222b70-f1d1-4884-b0d0-f4685387f65b to vehicle veh18
[Midd4VCServer] job 10222b70-f1d1-4884-b0d0-f4685387f65b completed by vehicle veh18
[Midd4VCServer] Vehicle veh24 already registered.
[Midd4VCServer] Vehicle veh29 already registered.
[Midd4VCServer] job received: 59f20eeb-ed22-4e0b-95d6-6aed3a286f41
[Midd4VCServer] Assigning job 59f20eeb-ed22-4e0b-95d6-6aed3a286f41 to vehicle veh17
[Midd4VCServer] job 59f20eeb-ed22-4e0b-95d6-6aed3a286f41 completed by vehicle veh17
[Midd4VCServer] Vehicle veh14 already registered.
[Midd4VCServer] job received: 5fb14d60-fd1e-44e6-aeda-8c2efea42ff2
[Midd4VC] Job 2dcb6fa5-8659-4adf-b007-0c1cb601cc63 timed out. Re-enqueueing.
[Midd4VCServer] Assigning job 2dcb6fa5-8659-4adf-b007-0c1cb601cc63 to vehicle veh11
[Midd4VCServer] Assigning job 5fb14d60-fd1e-44e6-aeda-8c2efea42ff2 to vehicle veh8
[Midd4VCServer] job 2dcb6fa5-8659-4adf-b007-0c1cb601cc63 completed by vehicle veh11
[Midd4VCServer] job 5fb14d60-fd1e-44e6-aeda-8c2efea42ff2 completed by vehicle veh8
[Midd4VCServer] job received: f1c8d979-3aeb-4d66-ac01-3e7801cfa9ce
[Midd4VC] Job 4a09c2fe-6590-45eb-8859-98f3d9481073 timed out. Re-enqueueing.
[Midd4VCServer] Assigning job 4a09c2fe-6590-45eb-8859-98f3d9481073 to vehicle veh4
[Midd4VCServer] Assigning job f1c8d979-3aeb-4d66-ac01-3e7801cfa9ce to vehicle veh27
[Midd4VCServer] job 4a09c2fe-6590-45eb-8859-98f3d9481073 completed by vehicle veh4
[Midd4VCServer] Vehicle veh35 already registered.
[Midd4VCServer] Vehicle veh24 already registered.
[Midd4VCServer] job received: e911327a-5784-47b4-9323-54ea202be700
[Midd4VC] Job 785bfb6c-d0e0-4d14-8b95-9d57b8a038e5 timed out. Re-enqueueing.
[Midd4VC] Job 9212dc8f-c109-4a60-a459-b240aa50cccc timed out. Re-enqueueing.
[Midd4VCServer] Assigning job 9212dc8f-c109-4a60-a459-b240aa50cccc to vehicle veh38
[Midd4VCServer] Assigning job 785bfb6c-d0e0-4d14-8b95-9d57b8a038e5 to vehicle veh10
[Midd4VCServer] Assigning job e911327a-5784-47b4-9323-54ea202be700 to vehicle veh37
[Midd4VCServer] job received: f9e11f18-809d-4287-ba1b-4e03599c665a
[Midd4VCServer] Assigning job f9e11f18-809d-4287-ba1b-4e03599c665a to vehicle veh32
[Midd4VCServer] job received: 538be140-ec65-4b69-9057-115dc6147757
[Midd4VCServer] Assigning job 538be140-ec65-4b69-9057-115dc6147757 to vehicle veh15
[Midd4VCServer] job 538be140-ec65-4b69-9057-115dc6147757 completed by vehicle veh15
[Midd4VCServer] Vehicle veh34 already registered.
[Midd4VCServer] Vehicle veh18 already registered.
[Midd4VCServer] Vehicle veh25 already registered.
[Midd4VCServer] Vehicle veh13 already registered.
[Midd4VCServer] job received: 8adbe9e3-3788-4ea9-990c-7447a323104b
[Midd4VCServer] Assigning job 8adbe9e3-3788-4ea9-990c-7447a323104b to vehicle veh7
[Midd4VCServer] job received: 52a4686e-4b9a-4d45-890f-6756dd0e22fc
[Midd4VCServer] Assigning job 52a4686e-4b9a-4d45-890f-6756dd0e22fc to vehicle veh36
[Midd4VCServer] job received: 54e7692e-a9b3-4bd8-a682-8fdfc1211336
[Midd4VCServer] Assigning job 54e7692e-a9b3-4bd8-a682-8fdfc1211336 to vehicle veh9
[Midd4VCServer] job 54e7692e-a9b3-4bd8-a682-8fdfc1211336 completed by vehicle veh9
[Midd4VCServer] job received: 354fc1dc-4129-4921-bdbb-d959642fe36c
[Midd4VC] Job 8dc0d011-f295-4e18-8974-cc503232cd1e timed out. Re-enqueueing.
[Midd4VC] Job 2c5a692d-2e21-4499-8593-4d5fc5a071d0 timed out. Re-enqueueing.
[Midd4VCServer] Assigning job 2c5a692d-2e21-4499-8593-4d5fc5a071d0 to vehicle veh39
[Midd4VCServer] Assigning job 8dc0d011-f295-4e18-8974-cc503232cd1e to vehicle veh31
[Midd4VCServer] Assigning job 354fc1dc-4129-4921-bdbb-d959642fe36c to vehicle veh19
[Midd4VCServer] job received: 3b4a5dfd-f12d-4668-a87f-3b1d5f4e14ae
[Midd4VCServer] Assigning job 3b4a5dfd-f12d-4668-a87f-3b1d5f4e14ae to vehicle veh24
[Midd4VCServer] job 3b4a5dfd-f12d-4668-a87f-3b1d5f4e14ae completed by vehicle veh24
[Midd4VCServer] Vehicle veh16 already registered.
[Midd4VCServer] Vehicle veh2 already registered.
[Midd4VCServer] job received: efef16a9-3f1a-4e82-b327-8b03f1d9e48d
[Midd4VCServer] Assigning job efef16a9-3f1a-4e82-b327-8b03f1d9e48d to vehicle veh25
[Midd4VCServer] job efef16a9-3f1a-4e82-b327-8b03f1d9e48d completed by vehicle veh25
[Midd4VCServer] Vehicle veh38 already registered.
[Midd4VCServer] Vehicle veh4 already registered.
[Midd4VCServer] job received: 4cc8a98f-3a55-4094-bf63-4d2692d0c04a
[Midd4VCServer] Assigning job 4cc8a98f-3a55-4094-bf63-4d2692d0c04a to vehicle veh1
[Midd4VCServer] Vehicle veh18 already registered.
[Midd4VCServer] job received: 2aa94f13-e570-4b10-a1e1-094e2a795823
[Midd4VCServer] Assigning job 2aa94f13-e570-4b10-a1e1-094e2a795823 to vehicle veh22
[Midd4VCServer] Vehicle veh39 already registered.
[Midd4VCServer] job received: a4690ad3-f15a-4292-80d2-1bdb19f5686e
[Midd4VCServer] Assigning job a4690ad3-f15a-4292-80d2-1bdb19f5686e to vehicle veh18
[Midd4VCServer] job a4690ad3-f15a-4292-80d2-1bdb19f5686e completed by vehicle veh18
[Midd4VCServer] job received: 88418a7a-cfca-472a-82d0-d375ce26feb1
[Midd4VC] Job 2b55a0ce-cff9-4a91-aed7-8036d7a9dc07 timed out. Re-enqueueing.
[Midd4VC] Job 37eae755-6005-4774-92ba-0da438366e71 timed out. Re-enqueueing.
[Midd4VCServer] Assigning job 37eae755-6005-4774-92ba-0da438366e71 to vehicle veh16
[Midd4VCServer] Assigning job 2b55a0ce-cff9-4a91-aed7-8036d7a9dc07 to vehicle veh2
[Midd4VCServer] Assigning job 88418a7a-cfca-472a-82d0-d375ce26feb1 to vehicle veh28
[Midd4VCServer] job 2b55a0ce-cff9-4a91-aed7-8036d7a9dc07 completed by vehicle veh2
[Midd4VCServer] job 37eae755-6005-4774-92ba-0da438366e71 completed by vehicle veh16
[Midd4VCServer] job received: 65827fcc-16f1-445a-87ed-be7f14e88cb8
[Midd4VCServer] Assigning job 65827fcc-16f1-445a-87ed-be7f14e88cb8 to vehicle veh16
[Midd4VCServer] job 65827fcc-16f1-445a-87ed-be7f14e88cb8 completed by vehicle veh16
[Midd4VCServer] Vehicle veh25 already registered.
[Midd4VCServer] job received: 7fd3ab40-10aa-4b9a-9eaf-c10a1e529de3
[Midd4VCServer] Assigning job 7fd3ab40-10aa-4b9a-9eaf-c10a1e529de3 to vehicle veh16
[Midd4VCServer] job 7fd3ab40-10aa-4b9a-9eaf-c10a1e529de3 completed by vehicle veh16
[Midd4VCServer] Vehicle veh22 already registered.
[Midd4VCServer] job received: d1d43bf3-cdcc-4d8c-8efc-05ed8db74a0b
[Midd4VCServer] Assigning job d1d43bf3-cdcc-4d8c-8efc-05ed8db74a0b to vehicle veh2
[Midd4VCServer] job d1d43bf3-cdcc-4d8c-8efc-05ed8db74a0b completed by vehicle veh2
[Midd4VCServer] Vehicle veh21 already registered.
[Midd4VCServer] Vehicle veh15 already registered.
[Midd4VCServer] job received: 6b2eb7a5-a67b-4d38-a955-d463ea13a792
[Midd4VCServer] Assigning job 6b2eb7a5-a67b-4d38-a955-d463ea13a792 to vehicle veh16
[Midd4VCServer] job 6b2eb7a5-a67b-4d38-a955-d463ea13a792 completed by vehicle veh16
[Midd4VCServer] Vehicle veh36 already registered.
[Midd4VCServer] job received: 974b3a07-36ff-4c67-99b1-f27c05ba538a
[Midd4VCServer] Assigning job 974b3a07-36ff-4c67-99b1-f27c05ba538a to vehicle veh2
[Midd4VCServer] job 974b3a07-36ff-4c67-99b1-f27c05ba538a completed by vehicle veh2
[Midd4VCServer] Vehicle veh8 already registered.
[Midd4VCServer] Vehicle veh37 already registered.
[Midd4VCServer] Vehicle veh35 already registered.
[Midd4VCServer] Vehicle veh19 already registered.
[Midd4VCServer] Vehicle veh9 already registered.
[Midd4VCServer] Vehicle veh30 already registered.
[Midd4VCServer] job received: 014b8360-3e24-4b42-8b50-035ce9851530
[Midd4VC] Job 01cf188e-4dde-4ada-86c7-0fe61af3ec8c timed out. Re-enqueueing.
[Midd4VC] Job d1bd31df-e769-469e-afd9-59907923aab1 timed out. Re-enqueueing.
[Midd4VC] Job be37db27-1738-446d-bebb-75a24e01c0d1 timed out. Re-enqueueing.
[Midd4VCServer] Assigning job be37db27-1738-446d-bebb-75a24e01c0d1 to vehicle veh26
[Midd4VCServer] Assigning job d1bd31df-e769-469e-afd9-59907923aab1 to vehicle veh30
[Midd4VCServer] Assigning job 01cf188e-4dde-4ada-86c7-0fe61af3ec8c to vehicle veh34
[Midd4VCServer] Assigning job 014b8360-3e24-4b42-8b50-035ce9851530 to vehicle veh16
[Midd4VCServer] job d1bd31df-e769-469e-afd9-59907923aab1 completed by vehicle veh30
[Midd4VCServer] job 014b8360-3e24-4b42-8b50-035ce9851530 completed by vehicle veh16
[Midd4VCServer] job received: aa1b3c4b-eebc-4665-b3df-13fb3a3d597e
[Midd4VCServer] Assigning job aa1b3c4b-eebc-4665-b3df-13fb3a3d597e to vehicle veh30
[Midd4VCServer] job aa1b3c4b-eebc-4665-b3df-13fb3a3d597e completed by vehicle veh30
[Midd4VCServer] job received: b3219ef2-f885-4d6d-8286-cb7a91cc73f5
[Midd4VCServer] Assigning job b3219ef2-f885-4d6d-8286-cb7a91cc73f5 to vehicle veh2
[Midd4VCServer] job b3219ef2-f885-4d6d-8286-cb7a91cc73f5 completed by vehicle veh2
[Midd4VCServer] Vehicle veh11 already registered.
[Midd4VCServer] job received: afef0b9f-51d2-4489-a239-451f9d03597b
[Midd4VCServer] Assigning job afef0b9f-51d2-4489-a239-451f9d03597b to vehicle veh16
[Midd4VCServer] job afef0b9f-51d2-4489-a239-451f9d03597b completed by vehicle veh16
[Midd4VCServer] Vehicle veh22 already registered.
[Midd4VCServer] Vehicle veh33 already registered.
[Midd4VCServer] job received: 6b399f6f-6ef2-476a-b04c-f3daeee6a4bf
[Midd4VC] Job a479731a-7b92-4dbd-8635-a02a890319a5 timed out. Re-enqueueing.
[Midd4VCServer] Assigning job a479731a-7b92-4dbd-8635-a02a890319a5 to vehicle veh21
[Midd4VCServer] Assigning job 6b399f6f-6ef2-476a-b04c-f3daeee6a4bf to vehicle veh30
[Midd4VCServer] job 6b399f6f-6ef2-476a-b04c-f3daeee6a4bf completed by vehicle veh30
[Midd4VCServer] Vehicle veh14 already registered.
[Midd4VCServer] job received: ffbd7905-d2a9-4b35-b805-1477417f9b7b
[Midd4VCServer] Assigning job ffbd7905-d2a9-4b35-b805-1477417f9b7b to vehicle veh2
[Midd4VCServer] job ffbd7905-d2a9-4b35-b805-1477417f9b7b completed by vehicle veh2
[Midd4VCServer] job received: 3f42b944-2951-429b-80a0-5264847cdf8a
[Midd4VC] Job 2fde7b26-850c-462f-acca-8e8a2b12efbd timed out. Re-enqueueing.
[Midd4VC] Job 4bbeb371-698c-44a7-93ec-614221b93cc2 timed out. Re-enqueueing.
[Midd4VCServer] Assigning job 4bbeb371-698c-44a7-93ec-614221b93cc2 to vehicle veh14
[Midd4VCServer] Assigning job 2fde7b26-850c-462f-acca-8e8a2b12efbd to vehicle veh33
[Midd4VCServer] Assigning job 3f42b944-2951-429b-80a0-5264847cdf8a to vehicle veh17
[Midd4VCServer] job 4bbeb371-698c-44a7-93ec-614221b93cc2 completed by vehicle veh14
[Midd4VCServer] job 2fde7b26-850c-462f-acca-8e8a2b12efbd completed by vehicle veh33
[Midd4VCServer] job received: adb85925-50d5-424f-81a5-2c87b0da3df9
[Midd4VCServer] Assigning job adb85925-50d5-424f-81a5-2c87b0da3df9 to vehicle veh14
[Midd4VCServer] job adb85925-50d5-424f-81a5-2c87b0da3df9 completed by vehicle veh14
[Midd4VCServer] Vehicle veh10 already registered.
[Midd4VCServer] job received: d632f1df-ee80-48dc-9d6d-fc053afff807
[Midd4VCServer] Assigning job d632f1df-ee80-48dc-9d6d-fc053afff807 to vehicle veh33
[Midd4VCServer] job d632f1df-ee80-48dc-9d6d-fc053afff807 completed by vehicle veh33
[Midd4VCServer] job received: 66a4d5c0-e5a2-45a2-873d-0399f6d65c4e
[Midd4VCServer] Assigning job 66a4d5c0-e5a2-45a2-873d-0399f6d65c4e to vehicle veh14
[Midd4VCServer] job 66a4d5c0-e5a2-45a2-873d-0399f6d65c4e completed by vehicle veh14
[Midd4VCServer] job received: 7d241605-b457-4737-8453-f49f3dfa987b
[Midd4VCServer] Assigning job 7d241605-b457-4737-8453-f49f3dfa987b to vehicle veh33
[Midd4VCServer] job 7d241605-b457-4737-8453-f49f3dfa987b completed by vehicle veh33
[Midd4VCServer] Vehicle veh19 already registered.
[Midd4VCServer] Vehicle veh8 already registered.
[Midd4VCServer] Vehicle veh20 already registered.
[Midd4VCServer] Vehicle veh35 already registered.
[Midd4VCServer] Vehicle veh31 already registered.
[Midd4VCServer] job received: 822322d2-4fa8-46d2-9a01-473d189e1805
[Midd4VC] Job 3535bd9b-c24f-485c-86b1-7cd743389ddd timed out. Re-enqueueing.
[Midd4VC] Job 16c00aa4-cebc-43c5-883e-7ca8e8e88e4b timed out. Re-enqueueing.
[Midd4VC] Job 4972b8b6-dc1a-496a-848f-67eef4084a64 timed out. Re-enqueueing.
[Midd4VC] Job e3c4df94-373d-4a03-bc41-2ec2541f84d4 timed out. Re-enqueueing.
[Midd4VCServer] Assigning job e3c4df94-373d-4a03-bc41-2ec2541f84d4 to vehicle veh12
[Midd4VCServer] Assigning job 4972b8b6-dc1a-496a-848f-67eef4084a64 to vehicle veh29
[Midd4VCServer] Assigning job 16c00aa4-cebc-43c5-883e-7ca8e8e88e4b to vehicle veh40
[Midd4VCServer] Assigning job 3535bd9b-c24f-485c-86b1-7cd743389ddd to vehicle veh5
[Midd4VCServer] Assigning job 822322d2-4fa8-46d2-9a01-473d189e1805 to vehicle veh6
[Midd4VCServer] job received: 62e5740d-59c3-48a1-97d6-477e0286d6a2
[Midd4VCServer] Assigning job 62e5740d-59c3-48a1-97d6-477e0286d6a2 to vehicle veh11
[Midd4VCServer] job received: 1751c7f4-44eb-43c1-97d7-218bfc44f0ae
[Midd4VCServer] Assigning job 1751c7f4-44eb-43c1-97d7-218bfc44f0ae to vehicle veh16
[Midd4VCServer] job 1751c7f4-44eb-43c1-97d7-218bfc44f0ae completed by vehicle veh16
[Midd4VCServer] Vehicle veh23 already registered.
[Midd4VCServer] Vehicle veh15 already registered.
[Midd4VCServer] Vehicle veh34 already registered.
[Midd4VCServer] Vehicle veh25 already registered.
[Midd4VCServer] Vehicle veh7 already registered.
[Midd4VCServer] job received: c08e07ee-0da6-4897-b526-07e489d66887
[Midd4VC] Job 32490778-a228-42c1-b171-1501cf685161 timed out. Re-enqueueing.
[Midd4VCServer] Assigning job 32490778-a228-42c1-b171-1501cf685161 to vehicle veh35
[Midd4VCServer] Assigning job c08e07ee-0da6-4897-b526-07e489d66887 to vehicle veh8
[Midd4VCServer] job 32490778-a228-42c1-b171-1501cf685161 completed by vehicle veh35
[Midd4VCServer] job c08e07ee-0da6-4897-b526-07e489d66887 completed by vehicle veh8
[Midd4VCServer] Vehicle veh1 already registered.
[Midd4VCServer] Vehicle veh39 already registered.
[Midd4VCServer] Vehicle veh32 already registered.
[Midd4VCServer] job received: d85b32ad-3ba8-4b0f-904c-1e7fac049701
[Midd4VCServer] Assigning job d85b32ad-3ba8-4b0f-904c-1e7fac049701 to vehicle veh35
[Midd4VCServer] job d85b32ad-3ba8-4b0f-904c-1e7fac049701 completed by vehicle veh35
[Midd4VCServer] job received: 76c2b78f-9ec4-418f-8bee-239740f5ad1e
[Midd4VCServer] Assigning job 76c2b78f-9ec4-418f-8bee-239740f5ad1e to vehicle veh13
[Midd4VCServer] job received: ff56fb22-bed9-4c9f-9614-27addb23458c
[Midd4VCServer] Assigning job ff56fb22-bed9-4c9f-9614-27addb23458c to vehicle veh4
[Midd4VCServer] job received: dfb10818-c973-45dd-8429-e39a455f68ff
[Midd4VC] Job f1c8d979-3aeb-4d66-ac01-3e7801cfa9ce timed out. Re-enqueueing.
[Midd4VCServer] Assigning job f1c8d979-3aeb-4d66-ac01-3e7801cfa9ce to vehicle veh27
[Midd4VCServer] Assigning job dfb10818-c973-45dd-8429-e39a455f68ff to vehicle veh30
[Midd4VCServer] Vehicle veh25 already registered.
[Midd4VCServer] job received: a4aab551-d314-411c-8b1a-4aa440955b12
[Midd4VCServer] Assigning job a4aab551-d314-411c-8b1a-4aa440955b12 to vehicle veh2
[Midd4VCServer] Vehicle veh8 already registered.
[Midd4VCServer] job received: 0c088fed-7e12-4cae-8014-5bc610202cf4
[Midd4VCServer] Assigning job 0c088fed-7e12-4cae-8014-5bc610202cf4 to vehicle veh3
[Midd4VCServer] job received: 5a4af7dd-64ea-46df-94c9-9a647beb76ca
[Midd4VCServer] Assigning job 5a4af7dd-64ea-46df-94c9-9a647beb76ca to vehicle veh15
[Midd4VCServer] Vehicle veh15 already registered.
[Midd4VCServer] job 5a4af7dd-64ea-46df-94c9-9a647beb76ca completed by vehicle veh15
[Midd4VCServer] Vehicle veh39 already registered.
[Midd4VCServer] job received: 332e7480-8c4d-4317-a7eb-f3a21f18da02
[Midd4VCServer] Assigning job 332e7480-8c4d-4317-a7eb-f3a21f18da02 to vehicle veh9
[Midd4VCServer] job received: 1e0890d8-44ac-431f-85b3-c911b99a31a7
[Midd4VC] Job 9212dc8f-c109-4a60-a459-b240aa50cccc timed out. Re-enqueueing.
[Midd4VC] Job 785bfb6c-d0e0-4d14-8b95-9d57b8a038e5 timed out. Re-enqueueing.
[Midd4VC] Job e911327a-5784-47b4-9323-54ea202be700 timed out. Re-enqueueing.
[Midd4VC] Job f9e11f18-809d-4287-ba1b-4e03599c665a timed out. Re-enqueueing.
[Midd4VCServer] Assigning job f9e11f18-809d-4287-ba1b-4e03599c665a to vehicle veh38
[Midd4VCServer] Assigning job e911327a-5784-47b4-9323-54ea202be700 to vehicle veh10
[Midd4VCServer] Assigning job 785bfb6c-d0e0-4d14-8b95-9d57b8a038e5 to vehicle veh37
[Midd4VCServer] Assigning job 9212dc8f-c109-4a60-a459-b240aa50cccc to vehicle veh32
[Midd4VCServer] Assigning job 1e0890d8-44ac-431f-85b3-c911b99a31a7 to vehicle veh35
[Midd4VCServer] job 1e0890d8-44ac-431f-85b3-c911b99a31a7 completed by vehicle veh35
[Midd4VCServer] job 9212dc8f-c109-4a60-a459-b240aa50cccc completed by vehicle veh32
[Midd4VCServer] Vehicle veh28 already registered.
[Midd4VCServer] Vehicle veh18 already registered.
[Midd4VCServer] job received: c2ebc1a7-fc39-4c8e-a3c0-dd31a28a653a
[Midd4VC] Job 8adbe9e3-3788-4ea9-990c-7447a323104b timed out. Re-enqueueing.
[Midd4VC] Job 52a4686e-4b9a-4d45-890f-6756dd0e22fc timed out. Re-enqueueing.
[Midd4VCServer] Assigning job 52a4686e-4b9a-4d45-890f-6756dd0e22fc to vehicle veh7
[Midd4VCServer] Assigning job 8adbe9e3-3788-4ea9-990c-7447a323104b to vehicle veh36
[Midd4VCServer] Assigning job c2ebc1a7-fc39-4c8e-a3c0-dd31a28a653a to vehicle veh32
[Midd4VCServer] Vehicle veh10 already registered.
[Midd4VCServer] Vehicle veh13 already registered.
[Midd4VCServer] job received: 7d84ebdb-46dd-4695-9caf-7bdc897aebf5
[Midd4VC] Job 2c5a692d-2e21-4499-8593-4d5fc5a071d0 timed out. Re-enqueueing.
[Midd4VC] Job 8dc0d011-f295-4e18-8974-cc503232cd1e timed out. Re-enqueueing.
[Midd4VC] Job 354fc1dc-4129-4921-bdbb-d959642fe36c timed out. Re-enqueueing.
[Midd4VCServer] Assigning job 354fc1dc-4129-4921-bdbb-d959642fe36c to vehicle veh39
[Midd4VCServer] Assigning job 8dc0d011-f295-4e18-8974-cc503232cd1e to vehicle veh31
[Midd4VCServer] Assigning job 2c5a692d-2e21-4499-8593-4d5fc5a071d0 to vehicle veh19
[Midd4VCServer] Assigning job 7d84ebdb-46dd-4695-9caf-7bdc897aebf5 to vehicle veh14
[Midd4VCServer] job 2c5a692d-2e21-4499-8593-4d5fc5a071d0 completed by vehicle veh19
[Midd4VCServer] job received: a37e44f7-84f4-477c-a3c2-126ad7091d81
[Midd4VCServer] Assigning job a37e44f7-84f4-477c-a3c2-126ad7091d81 to vehicle veh19
[Midd4VCServer] job a37e44f7-84f4-477c-a3c2-126ad7091d81 completed by vehicle veh19
[Midd4VCServer] job received: 983540a4-a039-45de-b193-00a216cc8787
[Midd4VCServer] Assigning job 983540a4-a039-45de-b193-00a216cc8787 to vehicle veh23
[Midd4VCServer] job received: 5d625351-3e97-4f90-84ac-1363433e81d3
[Midd4VCServer] Assigning job 5d625351-3e97-4f90-84ac-1363433e81d3 to vehicle veh33
[Midd4VCServer] job 5d625351-3e97-4f90-84ac-1363433e81d3 completed by vehicle veh33
[Midd4VCServer] Vehicle veh3 already registered.
[Midd4VCServer] Vehicle veh19 already registered.
[Midd4VCServer] job received: cd7e63e1-186f-4860-8495-d0aa5e5c641f
[Midd4VCServer] Assigning job cd7e63e1-186f-4860-8495-d0aa5e5c641f to vehicle veh20
[Midd4VCServer] job cd7e63e1-186f-4860-8495-d0aa5e5c641f completed by vehicle veh20
[Midd4VCServer] job received: 082b88b3-7193-49c1-a444-e15861e78a5a
[Midd4VCServer] Assigning job 082b88b3-7193-49c1-a444-e15861e78a5a to vehicle veh24
[Midd4VCServer] Vehicle veh32 already registered.
[Midd4VCServer] job received: 0a84a47c-fee4-4589-bbcc-9938b4696e51
[Midd4VCServer] Assigning job 0a84a47c-fee4-4589-bbcc-9938b4696e51 to vehicle veh25
[Midd4VCServer] job 0a84a47c-fee4-4589-bbcc-9938b4696e51 completed by vehicle veh25
[Midd4VCServer] Vehicle veh9 already registered.
[Midd4VCServer] Vehicle veh2 already registered.
[Midd4VCServer] Vehicle veh36 already registered.
[Midd4VCServer] job received: 2d428267-5a09-4bad-bbbe-e6dbf8bb83c1
[Midd4VC] Job 4cc8a98f-3a55-4094-bf63-4d2692d0c04a timed out. Re-enqueueing.
[Midd4VC] Job 2aa94f13-e570-4b10-a1e1-094e2a795823 timed out. Re-enqueueing.
[Midd4VCServer] Assigning job 2aa94f13-e570-4b10-a1e1-094e2a795823 to vehicle veh1
[Midd4VCServer] Assigning job 4cc8a98f-3a55-4094-bf63-4d2692d0c04a to vehicle veh22
[Midd4VCServer] Assigning job 2d428267-5a09-4bad-bbbe-e6dbf8bb83c1 to vehicle veh18
[Midd4VCServer] job 2d428267-5a09-4bad-bbbe-e6dbf8bb83c1 completed by vehicle veh18
[Midd4VCServer] Vehicle veh29 already registered.
[Midd4VCServer] Vehicle veh37 already registered.
[Midd4VCServer] Vehicle veh24 already registered.
[Midd4VCServer] Vehicle veh38 already registered.
[Midd4VCServer] Vehicle veh15 already registered.
[Midd4VCServer] job received: 1a726ff4-5a0b-4070-bc45-0552cb387f8f
[Midd4VC] Job 88418a7a-cfca-472a-82d0-d375ce26feb1 timed out. Re-enqueueing.
[Midd4VCServer] Assigning job 88418a7a-cfca-472a-82d0-d375ce26feb1 to vehicle veh28
[Midd4VCServer] Assigning job 1a726ff4-5a0b-4070-bc45-0552cb387f8f to vehicle veh16
[Midd4VCServer] Vehicle veh35 already registered.
[Midd4VCServer] Vehicle veh22 already registered.
[Midd4VCServer] job received: 13432c97-7efd-43b3-8eca-97b4336b0da4
[Midd4VCServer] Assigning job 13432c97-7efd-43b3-8eca-97b4336b0da4 to vehicle veh8
[Midd4VCServer] job 13432c97-7efd-43b3-8eca-97b4336b0da4 completed by vehicle veh8
[Midd4VCServer] Vehicle veh31 already registered.
[Midd4VCServer] Vehicle veh17 already registered.
[Midd4VCServer] job received: 35d362d2-de66-4fdd-9232-26a766269ec7
[Midd4VCServer] Assigning job 35d362d2-de66-4fdd-9232-26a766269ec7 to vehicle veh15
[Midd4VCServer] job 35d362d2-de66-4fdd-9232-26a766269ec7 completed by vehicle veh15
[Midd4VCServer] Vehicle veh21 already registered.
[Midd4VCServer] Vehicle veh13 already registered.
[Midd4VCServer] job received: 65271928-b615-4574-987a-99e5b93fb1af
[Midd4VCServer] Assigning job 65271928-b615-4574-987a-99e5b93fb1af to vehicle veh35
[Midd4VCServer] job 65271928-b615-4574-987a-99e5b93fb1af completed by vehicle veh35
[Midd4VCServer] job received: 165c3289-1582-4b50-b87c-640c9af8b8a7
[Midd4VCServer] Assigning job 165c3289-1582-4b50-b87c-640c9af8b8a7 to vehicle veh19
[Midd4VCServer] job 165c3289-1582-4b50-b87c-640c9af8b8a7 completed by vehicle veh19
[Midd4VCServer] Vehicle veh25 already registered.
[Midd4VCServer] Vehicle veh23 already registered.
[Midd4VCServer] job received: eac3998b-adb9-425d-af78-c2b0e095d35c
[Midd4VCServer] Assigning job eac3998b-adb9-425d-af78-c2b0e095d35c to vehicle veh33
[Midd4VCServer] job eac3998b-adb9-425d-af78-c2b0e095d35c completed by vehicle veh33
[Midd4VCServer] Vehicle veh14 already registered.
[Midd4VCServer] job received: 9ebed715-1355-4e6e-ba8c-c1d4b7c16b1c
[Midd4VCServer] Assigning job 9ebed715-1355-4e6e-ba8c-c1d4b7c16b1c to vehicle veh20
[Midd4VCServer] job 9ebed715-1355-4e6e-ba8c-c1d4b7c16b1c completed by vehicle veh20
[Midd4VCServer] job received: cef726bb-1d1e-4a4a-a71a-4289bdc7ca56
[Midd4VCServer] Assigning job cef726bb-1d1e-4a4a-a71a-4289bdc7ca56 to vehicle veh25
[Midd4VCServer] job received: a418a844-dfd2-4079-a663-94db4a2790c3
[Midd4VC] Job be37db27-1738-446d-bebb-75a24e01c0d1 timed out. Re-enqueueing.
[Midd4VC] Job 01cf188e-4dde-4ada-86c7-0fe61af3ec8c timed out. Re-enqueueing.
[Midd4VCServer] Assigning job 01cf188e-4dde-4ada-86c7-0fe61af3ec8c to vehicle veh26
[Midd4VCServer] Assigning job be37db27-1738-446d-bebb-75a24e01c0d1 to vehicle veh34
[Midd4VCServer] Assigning job a418a844-dfd2-4079-a663-94db4a2790c3 to vehicle veh18
[Midd4VCServer] job a418a844-dfd2-4079-a663-94db4a2790c3 completed by vehicle veh18
[Midd4VCServer] Vehicle veh39 already registered.
[Midd4VCServer] job received: 019e3a74-c213-4035-8f56-8232fc8f2215
[Midd4VCServer] Assigning job 019e3a74-c213-4035-8f56-8232fc8f2215 to vehicle veh8
[Midd4VCServer] Vehicle veh4 already registered.
[Midd4VCServer] Vehicle veh21 already registered.
[Midd4VCServer] job received: d507d24a-836b-4045-80c6-ca688947c2d3
[Midd4VC] Job a479731a-7b92-4dbd-8635-a02a890319a5 timed out. Re-enqueueing.
[Midd4VCServer] Assigning job a479731a-7b92-4dbd-8635-a02a890319a5 to vehicle veh21
[Midd4VCServer] Assigning job d507d24a-836b-4045-80c6-ca688947c2d3 to vehicle veh15
[Midd4VCServer] job a479731a-7b92-4dbd-8635-a02a890319a5 completed by vehicle veh21
[Midd4VCServer] job d507d24a-836b-4045-80c6-ca688947c2d3 completed by vehicle veh15
[Midd4VCServer] Vehicle veh30 already registered.
[Midd4VCServer] Vehicle veh11 already registered.
[Midd4VCServer] job received: 089b4285-778f-4302-a2b8-8896244dfb74
[Midd4VCServer] Assigning job 089b4285-778f-4302-a2b8-8896244dfb74 to vehicle veh21
[Midd4VCServer] job 089b4285-778f-4302-a2b8-8896244dfb74 completed by vehicle veh21
[Midd4VCServer] job received: 5da08eba-1bcd-4d82-83b0-de7caab83fce
[Midd4VCServer] Assigning job 5da08eba-1bcd-4d82-83b0-de7caab83fce to vehicle veh21
[Midd4VCServer] job 5da08eba-1bcd-4d82-83b0-de7caab83fce completed by vehicle veh21
[Midd4VCServer] Vehicle veh16 already registered.
[Midd4VCServer] Vehicle veh7 already registered.
[Midd4VCServer] job received: 5077a071-e094-4698-8046-7d77faff55df
[Midd4VC] Job 3f42b944-2951-429b-80a0-5264847cdf8a timed out. Re-enqueueing.
[Midd4VCServer] Assigning job 3f42b944-2951-429b-80a0-5264847cdf8a to vehicle veh17
[Midd4VCServer] Assigning job 5077a071-e094-4698-8046-7d77faff55df to vehicle veh21
[Midd4VCServer] job 3f42b944-2951-429b-80a0-5264847cdf8a completed by vehicle veh17
[Midd4VCServer] job 5077a071-e094-4698-8046-7d77faff55df completed by vehicle veh21
[Midd4VCServer] job received: b119d563-35d4-476c-b494-82295be9be12
[Midd4VCServer] Assigning job b119d563-35d4-476c-b494-82295be9be12 to vehicle veh17
[Midd4VCServer] job b119d563-35d4-476c-b494-82295be9be12 completed by vehicle veh17
[Midd4VCServer] Vehicle veh27 already registered.
[Midd4VCServer] Vehicle veh6 already registered.
[Midd4VCServer] job received: 89f2001b-a367-457b-9e35-5c81815ed96a
[Midd4VCServer] Assigning job 89f2001b-a367-457b-9e35-5c81815ed96a to vehicle veh21
[Midd4VCServer] job 89f2001b-a367-457b-9e35-5c81815ed96a completed by vehicle veh21
[Midd4VCServer] job received: 887816cf-0515-4ee1-9ae5-e70580e905c5
[Midd4VCServer] Assigning job 887816cf-0515-4ee1-9ae5-e70580e905c5 to vehicle veh17
[Midd4VCServer] job 887816cf-0515-4ee1-9ae5-e70580e905c5 completed by vehicle veh17
[Midd4VCServer] job received: 129a1b06-0a79-44b9-b043-6a314d5d5855
[Midd4VCServer] Assigning job 129a1b06-0a79-44b9-b043-6a314d5d5855 to vehicle veh35
[Midd4VCServer] Vehicle veh29 already registered.
[Midd4VCServer] job received: 664f7e4e-4824-4905-b9d0-b94255c86ee6
[Midd4VCServer] Assigning job 664f7e4e-4824-4905-b9d0-b94255c86ee6 to vehicle veh19
[Midd4VCServer] job 664f7e4e-4824-4905-b9d0-b94255c86ee6 completed by vehicle veh19
[Midd4VCServer] Vehicle veh38 already registered.
[Midd4VCServer] Vehicle veh2 already registered.
[Midd4VCServer] Vehicle veh25 already registered.
[Midd4VCServer] job received: 105be57b-888f-4111-a8e1-a41efe50a475
[Midd4VCServer] Assigning job 105be57b-888f-4111-a8e1-a41efe50a475 to vehicle veh33
[Midd4VCServer] job 105be57b-888f-4111-a8e1-a41efe50a475 completed by vehicle veh33
[Midd4VCServer] Vehicle veh33 already registered.
[Midd4VCServer] Vehicle veh14 already registered.
[Midd4VCServer] Vehicle veh11 already registered.
[Midd4VCServer] job received: 64d4c3f6-2ca6-4521-afdd-c5c9133e8b5a
[Midd4VC] Job e3c4df94-373d-4a03-bc41-2ec2541f84d4 timed out. Re-enqueueing.
[Midd4VC] Job 4972b8b6-dc1a-496a-848f-67eef4084a64 timed out. Re-enqueueing.
[Midd4VC] Job 16c00aa4-cebc-43c5-883e-7ca8e8e88e4b timed out. Re-enqueueing.
[Midd4VC] Job 3535bd9b-c24f-485c-86b1-7cd743389ddd timed out. Re-enqueueing.
[Midd4VC] Job 822322d2-4fa8-46d2-9a01-473d189e1805 timed out. Re-enqueueing.
[Midd4VCServer] Assigning job 822322d2-4fa8-46d2-9a01-473d189e1805 to vehicle veh12
[Midd4VCServer] Assigning job 3535bd9b-c24f-485c-86b1-7cd743389ddd to vehicle veh29
[Midd4VCServer] Assigning job 16c00aa4-cebc-43c5-883e-7ca8e8e88e4b to vehicle veh40
[Midd4VCServer] Assigning job 4972b8b6-dc1a-496a-848f-67eef4084a64 to vehicle veh5
[Midd4VCServer] Assigning job e3c4df94-373d-4a03-bc41-2ec2541f84d4 to vehicle veh6
[Midd4VCServer] Assigning job 64d4c3f6-2ca6-4521-afdd-c5c9133e8b5a to vehicle veh21
[Midd4VCServer] job 3535bd9b-c24f-485c-86b1-7cd743389ddd completed by vehicle veh29
[Midd4VCServer] Vehicle veh34 already registered.
[Midd4VCServer] job received: c58b044b-21a8-4ea7-b444-96e36a7e2ffd
[Midd4VC] Job 62e5740d-59c3-48a1-97d6-477e0286d6a2 timed out. Re-enqueueing.
[Midd4VCServer] Assigning job 62e5740d-59c3-48a1-97d6-477e0286d6a2 to vehicle veh29
[Midd4VCServer] Assigning job c58b044b-21a8-4ea7-b444-96e36a7e2ffd to vehicle veh11
[Midd4VCServer] job 62e5740d-59c3-48a1-97d6-477e0286d6a2 completed by vehicle veh29
[Midd4VCServer] job c58b044b-21a8-4ea7-b444-96e36a7e2ffd completed by vehicle veh11
[Midd4VCServer] job received: dfa606bf-28a2-473b-984b-72b545135f27
[Midd4VCServer] Assigning job dfa606bf-28a2-473b-984b-72b545135f27 to vehicle veh29
[Midd4VCServer] job dfa606bf-28a2-473b-984b-72b545135f27 completed by vehicle veh29
[Midd4VCServer] Vehicle veh40 already registered.
[Midd4VCServer] job received: 4ad2704e-37b1-4499-bea2-95e0b24a51b3
[Midd4VCServer] Assigning job 4ad2704e-37b1-4499-bea2-95e0b24a51b3 to vehicle veh29
[Midd4VCServer] job 4ad2704e-37b1-4499-bea2-95e0b24a51b3 completed by vehicle veh29
[Midd4VCServer] Vehicle veh32 already registered.
[Midd4VCServer] Vehicle veh8 already registered.
[Midd4VCServer] job received: 1b53384e-9e08-4770-bcc6-60cf419e0a20
[Midd4VCServer] Assigning job 1b53384e-9e08-4770-bcc6-60cf419e0a20 to vehicle veh29
[Midd4VCServer] job 1b53384e-9e08-4770-bcc6-60cf419e0a20 completed by vehicle veh29
[Midd4VCServer] job received: 70fd6a1f-e06e-448a-b39d-bb95338beb49
[Midd4VCServer] Assigning job 70fd6a1f-e06e-448a-b39d-bb95338beb49 to vehicle veh11
[Midd4VCServer] Vehicle veh26 already registered.
[Midd4VCServer] Vehicle veh36 already registered.
[Midd4VCServer] Vehicle veh24 already registered.
[Midd4VCServer] job received: 74d490e6-5a69-411d-9c5d-12bd79a60d7d
[Midd4VC] Job 76c2b78f-9ec4-418f-8bee-239740f5ad1e timed out. Re-enqueueing.
[Midd4VC] Job ff56fb22-bed9-4c9f-9614-27addb23458c timed out. Re-enqueueing.
[Midd4VCServer] Assigning job ff56fb22-bed9-4c9f-9614-27addb23458c to vehicle veh13
[Midd4VCServer] Assigning job 76c2b78f-9ec4-418f-8bee-239740f5ad1e to vehicle veh4
[Midd4VCServer] Assigning job 74d490e6-5a69-411d-9c5d-12bd79a60d7d to vehicle veh29
[Midd4VCServer] Vehicle veh11 already registered.
[Midd4VCServer] job received: dc6de8b7-36ac-4301-a46f-0c0f2cbaaaa9
[Midd4VC] Job f1c8d979-3aeb-4d66-ac01-3e7801cfa9ce timed out. Re-enqueueing.
[Midd4VC] Job dfb10818-c973-45dd-8429-e39a455f68ff timed out. Re-enqueueing.
[Midd4VCServer] Assigning job dfb10818-c973-45dd-8429-e39a455f68ff to vehicle veh27
[Midd4VCServer] Assigning job f1c8d979-3aeb-4d66-ac01-3e7801cfa9ce to vehicle veh30
[Midd4VCServer] Assigning job dc6de8b7-36ac-4301-a46f-0c0f2cbaaaa9 to vehicle veh20
[Midd4VCServer] job dfb10818-c973-45dd-8429-e39a455f68ff completed by vehicle veh27
[Midd4VCServer] job dc6de8b7-36ac-4301-a46f-0c0f2cbaaaa9 completed by vehicle veh20
[Midd4VCServer] job f1c8d979-3aeb-4d66-ac01-3e7801cfa9ce completed by vehicle veh30
[Midd4VCServer] job received: 2ed6db53-f495-4aa5-b1b9-63f83898cb0d
[Midd4VC] Job a4aab551-d314-411c-8b1a-4aa440955b12 timed out. Re-enqueueing.
[Midd4VC] Job 0c088fed-7e12-4cae-8014-5bc610202cf4 timed out. Re-enqueueing.
[Midd4VCServer] Assigning job 0c088fed-7e12-4cae-8014-5bc610202cf4 to vehicle veh27
[Midd4VCServer] Assigning job a4aab551-d314-411c-8b1a-4aa440955b12 to vehicle veh2
[Midd4VCServer] Assigning job 2ed6db53-f495-4aa5-b1b9-63f83898cb0d to vehicle veh3
[Midd4VCServer] job 0c088fed-7e12-4cae-8014-5bc610202cf4 completed by vehicle veh27
[Midd4VCServer] job a4aab551-d314-411c-8b1a-4aa440955b12 completed by vehicle veh2
[Midd4VCServer] Vehicle veh31 already registered.
[Midd4VCServer] job received: 8c794046-5111-43c3-8b39-98ce6875493a
[Midd4VCServer] Assigning job 8c794046-5111-43c3-8b39-98ce6875493a to vehicle veh30
[Midd4VCServer] job 8c794046-5111-43c3-8b39-98ce6875493a completed by vehicle veh30
[Midd4VCServer] Vehicle veh35 already registered.
[Midd4VCServer] Vehicle veh16 already registered.
[Midd4VCServer] Vehicle veh5 already registered.
[Midd4VCServer] job received: d77d08f7-ac09-461a-b871-c4b9d51b5d98
[Midd4VC] Job 332e7480-8c4d-4317-a7eb-f3a21f18da02 timed out. Re-enqueueing.
[Midd4VCServer] Assigning job 332e7480-8c4d-4317-a7eb-f3a21f18da02 to vehicle veh9
[Midd4VCServer] Assigning job d77d08f7-ac09-461a-b871-c4b9d51b5d98 to vehicle veh27
[Midd4VCServer] job received: 08b1181d-2950-4dbe-8ee9-991bd898e951
[Midd4VCServer] Assigning job 08b1181d-2950-4dbe-8ee9-991bd898e951 to vehicle veh2
[Midd4VCServer] job 08b1181d-2950-4dbe-8ee9-991bd898e951 completed by vehicle veh2
[Midd4VCServer] Vehicle veh7 already registered.
[Midd4VCServer] Vehicle veh17 already registered.
[Midd4VCServer] job received: 5ed522e1-0609-4297-8074-4a8cb3699b13
[Midd4VCServer] Assigning job 5ed522e1-0609-4297-8074-4a8cb3699b13 to vehicle veh30
[Midd4VCServer] job 5ed522e1-0609-4297-8074-4a8cb3699b13 completed by vehicle veh30
[Midd4VCServer] Vehicle veh27 already registered.
[Midd4VCServer] Vehicle veh28 already registered.
[Midd4VCServer] job received: 9c2ea8a4-7018-4eb0-a4e9-e1ecedc898c3
[Midd4VC] Job f9e11f18-809d-4287-ba1b-4e03599c665a timed out. Re-enqueueing.
[Midd4VC] Job e911327a-5784-47b4-9323-54ea202be700 timed out. Re-enqueueing.
[Midd4VC] Job 785bfb6c-d0e0-4d14-8b95-9d57b8a038e5 timed out. Re-enqueueing.
[Midd4VCServer] Assigning job 785bfb6c-d0e0-4d14-8b95-9d57b8a038e5 to vehicle veh38
[Midd4VCServer] Assigning job e911327a-5784-47b4-9323-54ea202be700 to vehicle veh10
[Midd4VCServer] Assigning job f9e11f18-809d-4287-ba1b-4e03599c665a to vehicle veh37
[Midd4VCServer] Assigning job 9c2ea8a4-7018-4eb0-a4e9-e1ecedc898c3 to vehicle veh2
[Midd4VCServer] job e911327a-5784-47b4-9323-54ea202be700 completed by vehicle veh10
[Midd4VCServer] job 9c2ea8a4-7018-4eb0-a4e9-e1ecedc898c3 completed by vehicle veh2
[Midd4VCServer] job received: d44b5e01-a114-4cab-93d6-524d9a3d30ef
[Midd4VCServer] Assigning job d44b5e01-a114-4cab-93d6-524d9a3d30ef to vehicle veh10
[Midd4VCServer] job d44b5e01-a114-4cab-93d6-524d9a3d30ef completed by vehicle veh10
[Midd4VCServer] Vehicle veh21 already registered.
[Midd4VCServer] job received: 90103487-0eb5-412e-bdfe-af02347ce399
[Midd4VC] Job 52a4686e-4b9a-4d45-890f-6756dd0e22fc timed out. Re-enqueueing.
[Midd4VC] Job 8adbe9e3-3788-4ea9-990c-7447a323104b timed out. Re-enqueueing.
[Midd4VC] Job c2ebc1a7-fc39-4c8e-a3c0-dd31a28a653a timed out. Re-enqueueing.
[Midd4VCServer] Assigning job c2ebc1a7-fc39-4c8e-a3c0-dd31a28a653a to vehicle veh7
[Midd4VCServer] Assigning job 8adbe9e3-3788-4ea9-990c-7447a323104b to vehicle veh36
[Midd4VCServer] Assigning job 52a4686e-4b9a-4d45-890f-6756dd0e22fc to vehicle veh32
[Midd4VCServer] Assigning job 90103487-0eb5-412e-bdfe-af02347ce399 to vehicle veh10
[Midd4VCServer] job 90103487-0eb5-412e-bdfe-af02347ce399 completed by vehicle veh10
[Midd4VCServer] job c2ebc1a7-fc39-4c8e-a3c0-dd31a28a653a completed by vehicle veh7
[Midd4VCServer] job 52a4686e-4b9a-4d45-890f-6756dd0e22fc completed by vehicle veh32
[Midd4VCServer] job 8adbe9e3-3788-4ea9-990c-7447a323104b completed by vehicle veh36
[Midd4VCServer] job received: 45020359-6589-4148-960e-35a9b3af8119
[Midd4VCServer] Assigning job 45020359-6589-4148-960e-35a9b3af8119 to vehicle veh7
[Midd4VCServer] job 45020359-6589-4148-960e-35a9b3af8119 completed by vehicle veh7
[Midd4VCServer] job received: 2c37e352-ec9d-4d22-a0cc-846e32bb16ac
[Midd4VCServer] Assigning job 2c37e352-ec9d-4d22-a0cc-846e32bb16ac to vehicle veh36
[Midd4VCServer] job 2c37e352-ec9d-4d22-a0cc-846e32bb16ac completed by vehicle veh36
[Midd4VCServer] Vehicle veh23 already registered.
[Midd4VCServer] Vehicle veh14 already registered.
[Midd4VCServer] Vehicle veh12 already registered.
[Midd4VCServer] job received: 362daede-0197-424b-b45f-dd1b4860e9d8
[Midd4VC] Job 354fc1dc-4129-4921-bdbb-d959642fe36c timed out. Re-enqueueing.
[Midd4VC] Job 8dc0d011-f295-4e18-8974-cc503232cd1e timed out. Re-enqueueing.
[Midd4VC] Job 7d84ebdb-46dd-4695-9caf-7bdc897aebf5 timed out. Re-enqueueing.
[Midd4VC] Job 983540a4-a039-45de-b193-00a216cc8787 timed out. Re-enqueueing.
[Midd4VC] Job 082b88b3-7193-49c1-a444-e15861e78a5a timed out. Re-enqueueing.
[Midd4VCServer] Assigning job 082b88b3-7193-49c1-a444-e15861e78a5a to vehicle veh39
[Midd4VCServer] Assigning job 983540a4-a039-45de-b193-00a216cc8787 to vehicle veh31
[Midd4VCServer] Assigning job 7d84ebdb-46dd-4695-9caf-7bdc897aebf5 to vehicle veh14
[Midd4VCServer] Assigning job 8dc0d011-f295-4e18-8974-cc503232cd1e to vehicle veh23
[Midd4VCServer] Assigning job 354fc1dc-4129-4921-bdbb-d959642fe36c to vehicle veh24
[Midd4VCServer] Assigning job 362daede-0197-424b-b45f-dd1b4860e9d8 to vehicle veh32
[Midd4VCServer] job 7d84ebdb-46dd-4695-9caf-7bdc897aebf5 completed by vehicle veh14
[Midd4VCServer] job 362daede-0197-424b-b45f-dd1b4860e9d8 completed by vehicle veh32
[Midd4VCServer] Vehicle veh29 already registered.
[Midd4VCServer] Vehicle veh1 already registered.
[Midd4VCServer] job received: 4cf60e14-741d-470f-803c-5026a289bcf5
[Midd4VCServer] Assigning job 4cf60e14-741d-470f-803c-5026a289bcf5 to vehicle veh7
[Midd4VCServer] job 4cf60e14-741d-470f-803c-5026a289bcf5 completed by vehicle veh7
[Midd4VCServer] job received: 516ddcf1-6d00-4671-8f2f-100999746a0b
[Midd4VCServer] Assigning job 516ddcf1-6d00-4671-8f2f-100999746a0b to vehicle veh36
[Midd4VCServer] job received: 9e55a56c-c572-4b33-be49-1b61280e869d
[Midd4VCServer] Assigning job 9e55a56c-c572-4b33-be49-1b61280e869d to vehicle veh14
[Midd4VCServer] job 9e55a56c-c572-4b33-be49-1b61280e869d completed by vehicle veh14
[Midd4VCServer] job received: bd6bfb33-0e46-4742-bfe5-64a0fd4d660b
[Midd4VCServer] Assigning job bd6bfb33-0e46-4742-bfe5-64a0fd4d660b to vehicle veh10
[Midd4VCServer] Vehicle veh8 already registered.
[Midd4VCServer] job received: 705b4310-dfca-4aef-b5f6-0df468a54112
[Midd4VC] Job 2aa94f13-e570-4b10-a1e1-094e2a795823 timed out. Re-enqueueing.
[Midd4VC] Job 4cc8a98f-3a55-4094-bf63-4d2692d0c04a timed out. Re-enqueueing.
[Midd4VCServer] Assigning job 4cc8a98f-3a55-4094-bf63-4d2692d0c04a to vehicle veh1
[Midd4VCServer] Assigning job 2aa94f13-e570-4b10-a1e1-094e2a795823 to vehicle veh22
[Midd4VCServer] Assigning job 705b4310-dfca-4aef-b5f6-0df468a54112 to vehicle veh32
[Midd4VCServer] job 705b4310-dfca-4aef-b5f6-0df468a54112 completed by vehicle veh32
[Midd4VCServer] job 4cc8a98f-3a55-4094-bf63-4d2692d0c04a completed by vehicle veh1
[Midd4VCServer] Vehicle veh3 already registered.
[Midd4VCServer] job received: a3ef4a79-4127-4c92-a533-8eddd0fd1485
[Midd4VCServer] Assigning job a3ef4a79-4127-4c92-a533-8eddd0fd1485 to vehicle veh1
[Midd4VCServer] job a3ef4a79-4127-4c92-a533-8eddd0fd1485 completed by vehicle veh1
[Midd4VCServer] job received: 8b62f611-3aac-41a1-878e-22b2f08f09a8
[Midd4VCServer] Assigning job 8b62f611-3aac-41a1-878e-22b2f08f09a8 to vehicle veh1
[Midd4VCServer] job 8b62f611-3aac-41a1-878e-22b2f08f09a8 completed by vehicle veh1
[Midd4VCServer] Vehicle veh23 already registered.
[Midd4VCServer] job received: 51ea8d51-922d-4593-b9c0-9508cbad62eb
[Midd4VC] Job 88418a7a-cfca-472a-82d0-d375ce26feb1 timed out. Re-enqueueing.
[Midd4VC] Job 1a726ff4-5a0b-4070-bc45-0552cb387f8f timed out. Re-enqueueing.
[Midd4VCServer] Assigning job 1a726ff4-5a0b-4070-bc45-0552cb387f8f to vehicle veh28
[Midd4VCServer] Assigning job 88418a7a-cfca-472a-82d0-d375ce26feb1 to vehicle veh16
[Midd4VCServer] Assigning job 51ea8d51-922d-4593-b9c0-9508cbad62eb to vehicle veh7
[Midd4VCServer] job 88418a7a-cfca-472a-82d0-d375ce26feb1 completed by vehicle veh16
[Midd4VCServer] job 51ea8d51-922d-4593-b9c0-9508cbad62eb completed by vehicle veh7
[Midd4VCServer] job received: 12856667-7f66-423d-9f4d-a5dadd39abb5
[Midd4VCServer] Assigning job 12856667-7f66-423d-9f4d-a5dadd39abb5 to vehicle veh16
[Midd4VCServer] job 12856667-7f66-423d-9f4d-a5dadd39abb5 completed by vehicle veh16
[Midd4VCServer] Vehicle veh40 already registered.
[Midd4VCServer] Vehicle veh20 already registered.
[Midd4VCServer] job received: 1aeb7439-45a5-4c71-b74c-09b29c547089
[Midd4VCServer] Assigning job 1aeb7439-45a5-4c71-b74c-09b29c547089 to vehicle veh14
[Midd4VCServer] job 1aeb7439-45a5-4c71-b74c-09b29c547089 completed by vehicle veh14
[Midd4VCServer] Vehicle veh6 already registered.
[Midd4VCServer] job received: c5b286fd-8f22-404b-879e-26fd272908f1
[Midd4VC] Job cef726bb-1d1e-4a4a-a71a-4289bdc7ca56 timed out. Re-enqueueing.
[Midd4VC] Job 01cf188e-4dde-4ada-86c7-0fe61af3ec8c timed out. Re-enqueueing.
[Midd4VC] Job be37db27-1738-446d-bebb-75a24e01c0d1 timed out. Re-enqueueing.
[Midd4VCServer] Assigning job be37db27-1738-446d-bebb-75a24e01c0d1 to vehicle veh26
[Midd4VCServer] Assigning job 01cf188e-4dde-4ada-86c7-0fe61af3ec8c to vehicle veh34
[Midd4VCServer] Assigning job cef726bb-1d1e-4a4a-a71a-4289bdc7ca56 to vehicle veh25
[Midd4VCServer] Assigning job c5b286fd-8f22-404b-879e-26fd272908f1 to vehicle veh1
[Midd4VCServer] job received: 7d1396a8-4ee0-4889-ac2f-708ccd959297
[Midd4VCServer] Assigning job 7d1396a8-4ee0-4889-ac2f-708ccd959297 to vehicle veh18
[Midd4VCServer] Vehicle veh30 already registered.
[Midd4VCServer] job received: f4a3069b-9659-45a8-8bfc-9e98145a89d1
[Midd4VC] Job 019e3a74-c213-4035-8f56-8232fc8f2215 timed out. Re-enqueueing.
[Midd4VCServer] Assigning job 019e3a74-c213-4035-8f56-8232fc8f2215 to vehicle veh8
[Midd4VCServer] Assigning job f4a3069b-9659-45a8-8bfc-9e98145a89d1 to vehicle veh17
[Midd4VCServer] job f4a3069b-9659-45a8-8bfc-9e98145a89d1 completed by vehicle veh17
[Midd4VCServer] job received: 1e832fbf-06a1-472d-bac4-c6b0dcf8e2d3
[Midd4VCServer] Assigning job 1e832fbf-06a1-472d-bac4-c6b0dcf8e2d3 to vehicle veh16
[Midd4VCServer] job 1e832fbf-06a1-472d-bac4-c6b0dcf8e2d3 completed by vehicle veh16
[Midd4VCServer] Vehicle veh40 already registered.
[Midd4VCServer] Vehicle veh20 already registered.
[Midd4VCServer] job received: 91e84ee1-2780-4bb3-b97b-a022d628e973
[Midd4VCServer] Assigning job 91e84ee1-2780-4bb3-b97b-a022d628e973 to vehicle veh30
[Midd4VCServer] job 91e84ee1-2780-4bb3-b97b-a022d628e973 completed by vehicle veh30
[Midd4VCServer] Vehicle veh9 already registered.
[Midd4VCServer] job received: 93b38b3f-6603-49b7-b7c8-b25712558827
[Midd4VCServer] Assigning job 93b38b3f-6603-49b7-b7c8-b25712558827 to vehicle veh2
[Midd4VCServer] Vehicle veh31 already registered.
[Midd4VCServer] job received: f5d6289e-c7ac-4236-9d8f-c1e2ef00aa99
[Midd4VCServer] Assigning job f5d6289e-c7ac-4236-9d8f-c1e2ef00aa99 to vehicle veh32
[Midd4VCServer] Vehicle veh10 already registered.
[Midd4VCServer] job received: 8b9d80ed-9489-4b2b-8133-3b9f869964e0
[Midd4VCServer] Assigning job 8b9d80ed-9489-4b2b-8133-3b9f869964e0 to vehicle veh15
[Midd4VCServer] Vehicle veh2 already registered.
[Midd4VCServer] Vehicle veh4 already registered.
[Midd4VCServer] Vehicle veh38 already registered.
[Midd4VCServer] Vehicle veh12 already registered.
[Midd4VCServer] job received: b37669b9-de05-4a31-9266-693ba13873f7
[Midd4VCServer] Assigning job b37669b9-de05-4a31-9266-693ba13873f7 to vehicle veh7
[Midd4VCServer] job received: d6ed134e-3c0e-4cd0-a2a6-9da61c20b031
[Midd4VC] Job 129a1b06-0a79-44b9-b043-6a314d5d5855 timed out. Re-enqueueing.
[Midd4VCServer] Assigning job 129a1b06-0a79-44b9-b043-6a314d5d5855 to vehicle veh35
[Midd4VCServer] Assigning job d6ed134e-3c0e-4cd0-a2a6-9da61c20b031 to vehicle veh14
[Midd4VCServer] job received: 990a5959-f920-4101-965c-dbf299749d8f
[Midd4VCServer] Assigning job 990a5959-f920-4101-965c-dbf299749d8f to vehicle veh19
[Midd4VCServer] Vehicle veh37 already registered.
[Midd4VCServer] job received: 786ac82d-9a64-442a-94e4-0b170a7436c1
[Midd4VCServer] Assigning job 786ac82d-9a64-442a-94e4-0b170a7436c1 to vehicle veh33
[Midd4VCServer] job received: 30ac9136-fdf1-4c04-bab6-04b850f47599
[Midd4VCServer] Assigning job 30ac9136-fdf1-4c04-bab6-04b850f47599 to vehicle veh20
[Midd4VCServer] job 30ac9136-fdf1-4c04-bab6-04b850f47599 completed by vehicle veh20
[Midd4VCServer] job received: 9bf0515d-8571-47ca-8cbf-3d8082a435f9
[Midd4VCServer] Assigning job 9bf0515d-8571-47ca-8cbf-3d8082a435f9 to vehicle veh17
[Midd4VCServer] Vehicle veh34 already registered.
[Midd4VCServer] Vehicle veh21 already registered.
[Midd4VCServer] Vehicle veh29 already registered.
[Midd4VCServer] job received: 90ac834f-61d4-4b52-bea2-338b7876aef4
[Midd4VC] Job 822322d2-4fa8-46d2-9a01-473d189e1805 timed out. Re-enqueueing.
[Midd4VC] Job 16c00aa4-cebc-43c5-883e-7ca8e8e88e4b timed out. Re-enqueueing.
[Midd4VC] Job 4972b8b6-dc1a-496a-848f-67eef4084a64 timed out. Re-enqueueing.
[Midd4VC] Job e3c4df94-373d-4a03-bc41-2ec2541f84d4 timed out. Re-enqueueing.
[Midd4VC] Job 64d4c3f6-2ca6-4521-afdd-c5c9133e8b5a timed out. Re-enqueueing.
[Midd4VCServer] Assigning job 64d4c3f6-2ca6-4521-afdd-c5c9133e8b5a to vehicle veh12
[Midd4VCServer] Assigning job e3c4df94-373d-4a03-bc41-2ec2541f84d4 to vehicle veh40
[Midd4VCServer] Assigning job 4972b8b6-dc1a-496a-848f-67eef4084a64 to vehicle veh5
[Midd4VCServer] Assigning job 16c00aa4-cebc-43c5-883e-7ca8e8e88e4b to vehicle veh6
[Midd4VCServer] Assigning job 822322d2-4fa8-46d2-9a01-473d189e1805 to vehicle veh21
[Midd4VCServer] Assigning job 90ac834f-61d4-4b52-bea2-338b7876aef4 to vehicle veh16
[Midd4VCServer] job 16c00aa4-cebc-43c5-883e-7ca8e8e88e4b completed by vehicle veh6
[Midd4VCServer] job 822322d2-4fa8-46d2-9a01-473d189e1805 completed by vehicle veh21
[Midd4VCServer] job e3c4df94-373d-4a03-bc41-2ec2541f84d4 completed by vehicle veh40
[Midd4VCServer] job received: c373acaa-f3fc-45bb-bd4d-10252fb8c482
[Midd4VCServer] Assigning job c373acaa-f3fc-45bb-bd4d-10252fb8c482 to vehicle veh40
[Midd4VCServer] job c373acaa-f3fc-45bb-bd4d-10252fb8c482 completed by vehicle veh40
[Midd4VCServer] Vehicle veh35 already registered.
[Midd4VCServer] Vehicle veh40 already registered.
[Midd4VCServer] Vehicle veh39 already registered.
[Midd4VCServer] job received: c664a49b-cf6e-4b14-8421-98c268de353e
[Midd4VCServer] Assigning job c664a49b-cf6e-4b14-8421-98c268de353e to vehicle veh40
[Midd4VCServer] job c664a49b-cf6e-4b14-8421-98c268de353e completed by vehicle veh40
[Midd4VCServer] job received: 3bbfa2f5-2a43-4eca-a76f-2836e58d8d5b
[Midd4VCServer] Assigning job 3bbfa2f5-2a43-4eca-a76f-2836e58d8d5b to vehicle veh40
[Midd4VCServer] job 3bbfa2f5-2a43-4eca-a76f-2836e58d8d5b completed by vehicle veh40
[Midd4VCServer] job received: 15fb485c-9cf7-49ac-9929-e67a9a87b4fc
[Midd4VC] Job 70fd6a1f-e06e-448a-b39d-bb95338beb49 timed out. Re-enqueueing.
[Midd4VCServer] Assigning job 70fd6a1f-e06e-448a-b39d-bb95338beb49 to vehicle veh6
[Midd4VCServer] Assigning job 15fb485c-9cf7-49ac-9929-e67a9a87b4fc to vehicle veh11
[Midd4VCServer] job 70fd6a1f-e06e-448a-b39d-bb95338beb49 completed by vehicle veh6
[Midd4VCServer] Vehicle veh1 already registered.
[Midd4VCServer] job received: 4ae9a7a6-692b-4747-9882-32c4b80465fe
[Midd4VCServer] Assigning job 4ae9a7a6-692b-4747-9882-32c4b80465fe to vehicle veh40
[Midd4VCServer] job 4ae9a7a6-692b-4747-9882-32c4b80465fe completed by vehicle veh40
[Midd4VCServer] Vehicle veh24 already registered.
[Midd4VCServer] Vehicle veh32 already registered.
[Midd4VCServer] Vehicle veh5 already registered.
[Midd4VCServer] Vehicle veh17 already registered.
[Midd4VCServer] Vehicle veh33 already registered.
[Midd4VCServer] job received: 3aa7c6bb-0ac7-4633-8e59-b7dcac796d1d
[Midd4VC] Job ff56fb22-bed9-4c9f-9614-27addb23458c timed out. Re-enqueueing.
[Midd4VC] Job 76c2b78f-9ec4-418f-8bee-239740f5ad1e timed out. Re-enqueueing.
[Midd4VC] Job 74d490e6-5a69-411d-9c5d-12bd79a60d7d timed out. Re-enqueueing.
[Midd4VC] Job 2ed6db53-f495-4aa5-b1b9-63f83898cb0d timed out. Re-enqueueing.
[Midd4VCServer] Assigning job 2ed6db53-f495-4aa5-b1b9-63f83898cb0d to vehicle veh13
[Midd4VCServer] Assigning job 74d490e6-5a69-411d-9c5d-12bd79a60d7d to vehicle veh4
[Midd4VCServer] Assigning job 76c2b78f-9ec4-418f-8bee-239740f5ad1e to vehicle veh3
[Midd4VCServer] Assigning job ff56fb22-bed9-4c9f-9614-27addb23458c to vehicle veh29
[Midd4VCServer] Assigning job 3aa7c6bb-0ac7-4633-8e59-b7dcac796d1d to vehicle veh6
[Midd4VCServer] job 3aa7c6bb-0ac7-4633-8e59-b7dcac796d1d completed by vehicle veh6
[Midd4VCServer] job received: e3293b8e-dad6-45af-aadf-6f9c19a0f9de
[Midd4VCServer] Assigning job e3293b8e-dad6-45af-aadf-6f9c19a0f9de to vehicle veh40
[Midd4VCServer] job e3293b8e-dad6-45af-aadf-6f9c19a0f9de completed by vehicle veh40
[Midd4VCServer] job received: 80806709-6175-4a46-8054-a96f52593b2f
[Midd4VCServer] Assigning job 80806709-6175-4a46-8054-a96f52593b2f to vehicle veh6
[Midd4VCServer] job 80806709-6175-4a46-8054-a96f52593b2f completed by vehicle veh6
[Midd4VCServer] job received: 4c755cf4-825d-4d4f-be57-f1f5a04c0e8e
[Midd4VC] Job 332e7480-8c4d-4317-a7eb-f3a21f18da02 timed out. Re-enqueueing.
[Midd4VC] Job d77d08f7-ac09-461a-b871-c4b9d51b5d98 timed out. Re-enqueueing.
[Midd4VCServer] Assigning job d77d08f7-ac09-461a-b871-c4b9d51b5d98 to vehicle veh9
[Midd4VCServer] Assigning job 332e7480-8c4d-4317-a7eb-f3a21f18da02 to vehicle veh27
[Midd4VCServer] Assigning job 4c755cf4-825d-4d4f-be57-f1f5a04c0e8e to vehicle veh21
[Midd4VCServer] job 4c755cf4-825d-4d4f-be57-f1f5a04c0e8e completed by vehicle veh21
[Midd4VCServer] Vehicle veh2 already registered.
[Midd4VCServer] job received: 335055e5-5c43-4ff3-9017-912b1791e68a
[Midd4VCServer] Assigning job 335055e5-5c43-4ff3-9017-912b1791e68a to vehicle veh40
[Midd4VCServer] job received: c7793921-ef25-437e-be8e-d79a23bf802a
[Midd4VC] Job 785bfb6c-d0e0-4d14-8b95-9d57b8a038e5 timed out. Re-enqueueing.
[Midd4VC] Job f9e11f18-809d-4287-ba1b-4e03599c665a timed out. Re-enqueueing.
[Midd4VCServer] Assigning job f9e11f18-809d-4287-ba1b-4e03599c665a to vehicle veh38
[Midd4VCServer] Assigning job 785bfb6c-d0e0-4d14-8b95-9d57b8a038e5 to vehicle veh37
[Midd4VCServer] Assigning job c7793921-ef25-437e-be8e-d79a23bf802a to vehicle veh6
[Midd4VCServer] job c7793921-ef25-437e-be8e-d79a23bf802a completed by vehicle veh6
[Midd4VCServer] Vehicle veh29 already registered.
[Midd4VCServer] job received: 26cc0424-77ab-41a0-b356-89be25bc3ddf
[Midd4VCServer] Assigning job 26cc0424-77ab-41a0-b356-89be25bc3ddf to vehicle veh30
[Midd4VCServer] job received: cf729bad-a6de-443c-9b8f-10a9a2e3e9e5
[Midd4VCServer] Assigning job cf729bad-a6de-443c-9b8f-10a9a2e3e9e5 to vehicle veh21
[Midd4VCServer] job cf729bad-a6de-443c-9b8f-10a9a2e3e9e5 completed by vehicle veh21
[Midd4VCServer] Vehicle veh15 already registered.
[Midd4VCServer] Vehicle veh16 already registered.
[Midd4VCServer] Vehicle veh18 already registered.
[Midd4VCServer] Vehicle veh37 already registered.
[Midd4VCServer] job received: 31ce715b-d729-4633-9e1c-ccb896e7966d
[Midd4VCServer] Assigning job 31ce715b-d729-4633-9e1c-ccb896e7966d to vehicle veh20
[Midd4VCServer] Vehicle veh5 already registered.
[Midd4VCServer] job received: 77769904-3ae8-4e73-8170-07f001c289d5
[Midd4VCServer] Assigning job 77769904-3ae8-4e73-8170-07f001c289d5 to vehicle veh6
[Midd4VCServer] Vehicle veh8 already registered.
[Midd4VCServer] job received: 0cd7ab62-61d3-4bc4-80f0-b9e120856662
[Midd4VCServer] Assigning job 0cd7ab62-61d3-4bc4-80f0-b9e120856662 to vehicle veh21
[Midd4VCServer] Vehicle veh19 already registered.
[Midd4VCServer] job received: abca5704-362a-4e37-b6d0-a061b732756f
[Midd4VCServer] Vehicle veh39 already registered.
[Midd4VCServer] Vehicle veh32 already registered.
[Midd4VCServer] job received: 6339a8b5-2bc2-4961-bd3a-aef7c8b2d5d6
[Midd4VC] Job 082b88b3-7193-49c1-a444-e15861e78a5a timed out. Re-enqueueing.
[Midd4VC] Job 983540a4-a039-45de-b193-00a216cc8787 timed out. Re-enqueueing.
[Midd4VC] Job 8dc0d011-f295-4e18-8974-cc503232cd1e timed out. Re-enqueueing.
[Midd4VC] Job 354fc1dc-4129-4921-bdbb-d959642fe36c timed out. Re-enqueueing.
[Midd4VCServer] Assigning job 354fc1dc-4129-4921-bdbb-d959642fe36c to vehicle veh39
[Midd4VCServer] Assigning job 8dc0d011-f295-4e18-8974-cc503232cd1e to vehicle veh31
[Midd4VCServer] Assigning job 983540a4-a039-45de-b193-00a216cc8787 to vehicle veh23
[Midd4VCServer] Assigning job 082b88b3-7193-49c1-a444-e15861e78a5a to vehicle veh24
[Midd4VCServer] job 354fc1dc-4129-4921-bdbb-d959642fe36c completed by vehicle veh39
[Midd4VCServer] Assigning job abca5704-362a-4e37-b6d0-a061b732756f to vehicle veh39
[Midd4VCServer] job 8dc0d011-f295-4e18-8974-cc503232cd1e completed by vehicle veh31
[Midd4VCServer] Assigning job 6339a8b5-2bc2-4961-bd3a-aef7c8b2d5d6 to vehicle veh31
[Midd4VCServer] job 082b88b3-7193-49c1-a444-e15861e78a5a completed by vehicle veh24
[Midd4VCServer] job abca5704-362a-4e37-b6d0-a061b732756f completed by vehicle veh39
[Midd4VCServer] job 6339a8b5-2bc2-4961-bd3a-aef7c8b2d5d6 completed by vehicle veh31
[Midd4VCServer] Vehicle veh28 already registered.
[Midd4VCServer] Vehicle veh31 already registered.
[Midd4VCServer] Vehicle veh2 already registered.
[Midd4VCServer] Vehicle veh25 already registered.
[Midd4VCServer] job received: 6f4476bb-87a5-41a3-990f-fa3fdda5844a
[Midd4VCServer] Assigning job 6f4476bb-87a5-41a3-990f-fa3fdda5844a to vehicle veh39
[Midd4VCServer] job 6f4476bb-87a5-41a3-990f-fa3fdda5844a completed by vehicle veh39
[Midd4VCServer] Vehicle veh23 already registered.
[Midd4VCServer] job received: ca42d9ce-d0a5-4f5c-8f09-31f1dfeeb9dc
[Midd4VC] Job 516ddcf1-6d00-4671-8f2f-100999746a0b timed out. Re-enqueueing.
[Midd4VC] Job bd6bfb33-0e46-4742-bfe5-64a0fd4d660b timed out. Re-enqueueing.
[Midd4VCServer] Assigning job bd6bfb33-0e46-4742-bfe5-64a0fd4d660b to vehicle veh39
[Midd4VCServer] Assigning job 516ddcf1-6d00-4671-8f2f-100999746a0b to vehicle veh31
[Midd4VCServer] Assigning job ca42d9ce-d0a5-4f5c-8f09-31f1dfeeb9dc to vehicle veh36
[Midd4VCServer] job ca42d9ce-d0a5-4f5c-8f09-31f1dfeeb9dc completed by vehicle veh36
[Midd4VCServer] job bd6bfb33-0e46-4742-bfe5-64a0fd4d660b completed by vehicle veh39
[Midd4VCServer] job 516ddcf1-6d00-4671-8f2f-100999746a0b completed by vehicle veh31
[Midd4VCServer] Vehicle veh20 already registered.
[Midd4VCServer] job received: 5ddc88e8-f1c2-40d6-b90d-c4ea3a90ddca
[Midd4VC] Job 2aa94f13-e570-4b10-a1e1-094e2a795823 timed out. Re-enqueueing.
[Midd4VCServer] Assigning job 2aa94f13-e570-4b10-a1e1-094e2a795823 to vehicle veh39
[Midd4VCServer] Assigning job 5ddc88e8-f1c2-40d6-b90d-c4ea3a90ddca to vehicle veh31
[Midd4VCServer] Vehicle veh36 already registered.
[Midd4VCServer] job 5ddc88e8-f1c2-40d6-b90d-c4ea3a90ddca completed by vehicle veh31
[Midd4VCServer] Vehicle veh26 already registered.
[Midd4VCServer] Vehicle veh17 already registered.
[Midd4VCServer] job received: f3678f48-f42d-44e6-b1c2-be9584bc31cf
[Midd4VCServer] Assigning job f3678f48-f42d-44e6-b1c2-be9584bc31cf to vehicle veh31
[Midd4VCServer] job f3678f48-f42d-44e6-b1c2-be9584bc31cf completed by vehicle veh31
[Midd4VCServer] Vehicle veh38 already registered.
[Midd4VCServer] job received: c871ec60-9afa-4057-b679-ce4a10645c14
[Midd4VC] Job 1a726ff4-5a0b-4070-bc45-0552cb387f8f timed out. Re-enqueueing.
[Midd4VCServer] Assigning job 1a726ff4-5a0b-4070-bc45-0552cb387f8f to vehicle veh22
[Midd4VCServer] Assigning job c871ec60-9afa-4057-b679-ce4a10645c14 to vehicle veh28
[Midd4VCServer] job c871ec60-9afa-4057-b679-ce4a10645c14 completed by vehicle veh28
[Midd4VCServer] job received: ed6fb9bf-3d8b-4160-9947-394a34d6682f
[Midd4VCServer] Assigning job ed6fb9bf-3d8b-4160-9947-394a34d6682f to vehicle veh31
[Midd4VCServer] job ed6fb9bf-3d8b-4160-9947-394a34d6682f completed by vehicle veh31
[Midd4VCServer] Vehicle veh12 already registered.
[Midd4VCServer] Vehicle veh8 already registered.
[Midd4VCServer] job received: 83bb6602-26a8-45ff-94df-a94ef2acc923
[Midd4VCServer] Assigning job 83bb6602-26a8-45ff-94df-a94ef2acc923 to vehicle veh28
[Midd4VCServer] job 83bb6602-26a8-45ff-94df-a94ef2acc923 completed by vehicle veh28
[Midd4VCServer] Vehicle veh13 already registered.
[Midd4VCServer] job received: e40f1a14-26a4-4562-bb3c-a0ed006fb8f2
[Midd4VCServer] Assigning job e40f1a14-26a4-4562-bb3c-a0ed006fb8f2 to vehicle veh31
[Midd4VCServer] job e40f1a14-26a4-4562-bb3c-a0ed006fb8f2 completed by vehicle veh31
[Midd4VCServer] Vehicle veh10 already registered.
[Midd4VCServer] job received: 6f8e8e03-d5b6-4cfc-be6c-20d982264f55
[Midd4VCServer] Assigning job 6f8e8e03-d5b6-4cfc-be6c-20d982264f55 to vehicle veh24
[Midd4VCServer] job 6f8e8e03-d5b6-4cfc-be6c-20d982264f55 completed by vehicle veh24
[Midd4VCServer] Vehicle veh6 already registered.
[Midd4VCServer] job received: e0b591ed-d0dd-4085-b9fa-2859937feeb1
[Midd4VC] Job be37db27-1738-446d-bebb-75a24e01c0d1 timed out. Re-enqueueing.
[Midd4VC] Job 01cf188e-4dde-4ada-86c7-0fe61af3ec8c timed out. Re-enqueueing.
[Midd4VC] Job cef726bb-1d1e-4a4a-a71a-4289bdc7ca56 timed out. Re-enqueueing.
[Midd4VC] Job c5b286fd-8f22-404b-879e-26fd272908f1 timed out. Re-enqueueing.
[Midd4VC] Job 7d1396a8-4ee0-4889-ac2f-708ccd959297 timed out. Re-enqueueing.
[Midd4VCServer] Assigning job 7d1396a8-4ee0-4889-ac2f-708ccd959297 to vehicle veh26
[Midd4VCServer] Assigning job c5b286fd-8f22-404b-879e-26fd272908f1 to vehicle veh34
[Midd4VCServer] Assigning job cef726bb-1d1e-4a4a-a71a-4289bdc7ca56 to vehicle veh25
[Midd4VCServer] Assigning job 01cf188e-4dde-4ada-86c7-0fe61af3ec8c to vehicle veh28
[Midd4VCServer] Assigning job be37db27-1738-446d-bebb-75a24e01c0d1 to vehicle veh10
[Midd4VCServer] Assigning job e0b591ed-d0dd-4085-b9fa-2859937feeb1 to vehicle veh36
[Midd4VCServer] job 7d1396a8-4ee0-4889-ac2f-708ccd959297 completed by vehicle veh26
[Midd4VCServer] job 01cf188e-4dde-4ada-86c7-0fe61af3ec8c completed by vehicle veh28
[Midd4VCServer] job be37db27-1738-446d-bebb-75a24e01c0d1 completed by vehicle veh10
[Midd4VCServer] job e0b591ed-d0dd-4085-b9fa-2859937feeb1 completed by vehicle veh36
[Midd4VCServer] job cef726bb-1d1e-4a4a-a71a-4289bdc7ca56 completed by vehicle veh25
[Midd4VCServer] Vehicle veh7 already registered.
[Midd4VCServer] job received: 29286ae4-148a-4b70-a9c1-a500f87ebcb6
[Midd4VC] Job 019e3a74-c213-4035-8f56-8232fc8f2215 timed out. Re-enqueueing.
[Midd4VCServer] Assigning job 019e3a74-c213-4035-8f56-8232fc8f2215 to vehicle veh26
[Midd4VCServer] Assigning job 29286ae4-148a-4b70-a9c1-a500f87ebcb6 to vehicle veh8
[Midd4VCServer] job 019e3a74-c213-4035-8f56-8232fc8f2215 completed by vehicle veh26
[Midd4VCServer] job received: 7609665d-85ca-485c-abe6-74f57e72c8dd
[Midd4VC] Job 93b38b3f-6603-49b7-b7c8-b25712558827 timed out. Re-enqueueing.
[Midd4VCServer] Assigning job 93b38b3f-6603-49b7-b7c8-b25712558827 to vehicle veh26
[Midd4VCServer] Assigning job 7609665d-85ca-485c-abe6-74f57e72c8dd to vehicle veh31
[Midd4VCServer] job 93b38b3f-6603-49b7-b7c8-b25712558827 completed by vehicle veh26
[Midd4VCServer] job 7609665d-85ca-485c-abe6-74f57e72c8dd completed by vehicle veh31
[Midd4VCServer] job received: 9f7341f7-1005-4d44-8d5d-9d093a453412
[Midd4VC] Job f5d6289e-c7ac-4236-9d8f-c1e2ef00aa99 timed out. Re-enqueueing.
[Midd4VCServer] Assigning job f5d6289e-c7ac-4236-9d8f-c1e2ef00aa99 to vehicle veh26
[Midd4VCServer] Assigning job 9f7341f7-1005-4d44-8d5d-9d093a453412 to vehicle veh24
[Midd4VCServer] job 9f7341f7-1005-4d44-8d5d-9d093a453412 completed by vehicle veh24
[Midd4VCServer] job f5d6289e-c7ac-4236-9d8f-c1e2ef00aa99 completed by vehicle veh26
[Midd4VCServer] Vehicle veh2 already registered.
[Midd4VCServer] job received: 7ceaf18a-fa46-4698-b571-33668c015dfc
[Midd4VC] Job 8b9d80ed-9489-4b2b-8133-3b9f869964e0 timed out. Re-enqueueing.
[Midd4VCServer] Assigning job 8b9d80ed-9489-4b2b-8133-3b9f869964e0 to vehicle veh26
[Midd4VCServer] Assigning job 7ceaf18a-fa46-4698-b571-33668c015dfc to vehicle veh25
[Midd4VCServer] job 8b9d80ed-9489-4b2b-8133-3b9f869964e0 completed by vehicle veh26
[Midd4VCServer] job received: a059bc94-f872-464e-863c-c84a571b94e0
[Midd4VCServer] Assigning job a059bc94-f872-464e-863c-c84a571b94e0 to vehicle veh26
[Midd4VCServer] job a059bc94-f872-464e-863c-c84a571b94e0 completed by vehicle veh26
[Midd4VCServer] job received: 19a93b9b-d905-4cf6-a26c-b0cce2803d66
[Midd4VCServer] Assigning job 19a93b9b-d905-4cf6-a26c-b0cce2803d66 to vehicle veh1
[Midd4VCServer] Vehicle veh23 already registered.
[Midd4VCServer] job received: 378141c5-ffbe-41ab-933f-1fb855107876
[Midd4VCServer] Assigning job 378141c5-ffbe-41ab-933f-1fb855107876 to vehicle veh18
[Midd4VCServer] job received: 5d6fbde3-e1e3-4d0f-ad8f-6272a10c57d6
[Midd4VCServer] Assigning job 5d6fbde3-e1e3-4d0f-ad8f-6272a10c57d6 to vehicle veh28
[Midd4VCServer] job 5d6fbde3-e1e3-4d0f-ad8f-6272a10c57d6 completed by vehicle veh28
[Midd4VCServer] Vehicle veh11 already registered.
[Midd4VCServer] Vehicle veh3 already registered.
[Midd4VCServer] Vehicle veh6 already registered.
[Midd4VCServer] job received: d6d9eb70-9085-4a52-bcd8-1ac37884c691
[Midd4VC] Job b37669b9-de05-4a31-9266-693ba13873f7 timed out. Re-enqueueing.
[Midd4VC] Job 129a1b06-0a79-44b9-b043-6a314d5d5855 timed out. Re-enqueueing.
[Midd4VC] Job d6ed134e-3c0e-4cd0-a2a6-9da61c20b031 timed out. Re-enqueueing.
[Midd4VC] Job 990a5959-f920-4101-965c-dbf299749d8f timed out. Re-enqueueing.
[Midd4VCServer] Assigning job 990a5959-f920-4101-965c-dbf299749d8f to vehicle veh35
[Midd4VCServer] Assigning job d6ed134e-3c0e-4cd0-a2a6-9da61c20b031 to vehicle veh26
[Midd4VCServer] Assigning job 129a1b06-0a79-44b9-b043-6a314d5d5855 to vehicle veh10
[Midd4VCServer] Assigning job b37669b9-de05-4a31-9266-693ba13873f7 to vehicle veh2
[Midd4VCServer] Assigning job d6d9eb70-9085-4a52-bcd8-1ac37884c691 to vehicle veh32
[Midd4VCServer] job d6ed134e-3c0e-4cd0-a2a6-9da61c20b031 completed by vehicle veh26
[Midd4VCServer] job 129a1b06-0a79-44b9-b043-6a314d5d5855 completed by vehicle veh10
[Midd4VCServer] job d6d9eb70-9085-4a52-bcd8-1ac37884c691 completed by vehicle veh32
[Midd4VCServer] job b37669b9-de05-4a31-9266-693ba13873f7 completed by vehicle veh2
[Midd4VCServer] job received: b772fac9-66f6-4fd1-9960-4f622a1060a3
[Midd4VC] Job 786ac82d-9a64-442a-94e4-0b170a7436c1 timed out. Re-enqueueing.
[Midd4VC] Job 9bf0515d-8571-47ca-8cbf-3d8082a435f9 timed out. Re-enqueueing.
[Midd4VCServer] Assigning job 9bf0515d-8571-47ca-8cbf-3d8082a435f9 to vehicle veh15
[Midd4VCServer] Assigning job 786ac82d-9a64-442a-94e4-0b170a7436c1 to vehicle veh7
[Midd4VCServer] Assigning job b772fac9-66f6-4fd1-9960-4f622a1060a3 to vehicle veh36
[Midd4VCServer] job 786ac82d-9a64-442a-94e4-0b170a7436c1 completed by vehicle veh7
[Midd4VCServer] job b772fac9-66f6-4fd1-9960-4f622a1060a3 completed by vehicle veh36
[Midd4VCServer] Vehicle veh9 already registered.
[Midd4VCServer] Vehicle veh40 already registered.
[Midd4VCServer] Vehicle veh4 already registered.
[Midd4VCServer] job received: bc854beb-b163-4d14-98b3-83e0a883fe71
[Midd4VCServer] Assigning job bc854beb-b163-4d14-98b3-83e0a883fe71 to vehicle veh14
[Midd4VCServer] job received: c5f6d8c9-9c2d-4cd7-9329-9dd3e6d38d80
[Midd4VC] Job 64d4c3f6-2ca6-4521-afdd-c5c9133e8b5a timed out. Re-enqueueing.
[Midd4VC] Job 4972b8b6-dc1a-496a-848f-67eef4084a64 timed out. Re-enqueueing.
[Midd4VC] Job 90ac834f-61d4-4b52-bea2-338b7876aef4 timed out. Re-enqueueing.
[Midd4VCServer] Assigning job 90ac834f-61d4-4b52-bea2-338b7876aef4 to vehicle veh12
[Midd4VCServer] Assigning job 4972b8b6-dc1a-496a-848f-67eef4084a64 to vehicle veh5
[Midd4VCServer] Assigning job 64d4c3f6-2ca6-4521-afdd-c5c9133e8b5a to vehicle veh19
[Midd4VCServer] Assigning job c5f6d8c9-9c2d-4cd7-9329-9dd3e6d38d80 to vehicle veh31
[Midd4VCServer] job 90ac834f-61d4-4b52-bea2-338b7876aef4 completed by vehicle veh12
[Midd4VCServer] job c5f6d8c9-9c2d-4cd7-9329-9dd3e6d38d80 completed by vehicle veh31
[Midd4VCServer] job 64d4c3f6-2ca6-4521-afdd-c5c9133e8b5a completed by vehicle veh19
[Midd4VCServer] job received: ba920061-fade-42d3-a60f-159061bd3cd3
[Midd4VCServer] Assigning job ba920061-fade-42d3-a60f-159061bd3cd3 to vehicle veh12
[Midd4VCServer] job ba920061-fade-42d3-a60f-159061bd3cd3 completed by vehicle veh12
[Midd4VCServer] Vehicle veh23 already registered.
[Midd4VCServer] job received: 27be485b-c0ad-49dd-9978-2f64ca1774c8
[Midd4VCServer] Assigning job 27be485b-c0ad-49dd-9978-2f64ca1774c8 to vehicle veh12
[Midd4VCServer] job 27be485b-c0ad-49dd-9978-2f64ca1774c8 completed by vehicle veh12
[Midd4VCServer] job received: aec2717d-e368-47fb-8f87-951da248ef2b
[Midd4VC] Job 15fb485c-9cf7-49ac-9929-e67a9a87b4fc timed out. Re-enqueueing.
[Midd4VCServer] Assigning job 15fb485c-9cf7-49ac-9929-e67a9a87b4fc to vehicle veh12
[Midd4VCServer] Assigning job aec2717d-e368-47fb-8f87-951da248ef2b to vehicle veh11
[Midd4VCServer] job 15fb485c-9cf7-49ac-9929-e67a9a87b4fc completed by vehicle veh12
[Midd4VCServer] job aec2717d-e368-47fb-8f87-951da248ef2b completed by vehicle veh11
[Midd4VCServer] job received: 3356445a-aae3-4b54-9352-0c2b20e6cd6a
[Midd4VCServer] Assigning job 3356445a-aae3-4b54-9352-0c2b20e6cd6a to vehicle veh12
[Midd4VCServer] Vehicle veh1 already registered.
[Midd4VCServer] Vehicle veh9 already registered.
[Midd4VCServer] job received: 6c5b6f32-c5ce-4318-b5c1-8c755eebe534
[Midd4VCServer] Assigning job 6c5b6f32-c5ce-4318-b5c1-8c755eebe534 to vehicle veh11
[Midd4VCServer] job 6c5b6f32-c5ce-4318-b5c1-8c755eebe534 completed by vehicle veh11
[Midd4VCServer] job received: ae088c42-6db6-479b-a6f4-20337caee26a
[Midd4VCServer] Assigning job ae088c42-6db6-479b-a6f4-20337caee26a to vehicle veh11
[Midd4VCServer] job ae088c42-6db6-479b-a6f4-20337caee26a completed by vehicle veh11
[Midd4VCServer] Vehicle veh18 already registered.
[Midd4VCServer] job received: 50b5dcb9-8b17-4b30-beab-d4cefd7a07ce
[Midd4VCServer] Assigning job 50b5dcb9-8b17-4b30-beab-d4cefd7a07ce to vehicle veh33
[Midd4VCServer] Vehicle veh34 already registered.
[Midd4VCServer] job received: 0fee5b92-8909-4957-8dc6-0863c2231866
[Midd4VC] Job 2ed6db53-f495-4aa5-b1b9-63f83898cb0d timed out. Re-enqueueing.
[Midd4VC] Job 74d490e6-5a69-411d-9c5d-12bd79a60d7d timed out. Re-enqueueing.
[Midd4VC] Job 76c2b78f-9ec4-418f-8bee-239740f5ad1e timed out. Re-enqueueing.
[Midd4VC] Job ff56fb22-bed9-4c9f-9614-27addb23458c timed out. Re-enqueueing.
[Midd4VCServer] Assigning job ff56fb22-bed9-4c9f-9614-27addb23458c to vehicle veh13
[Midd4VCServer] Assigning job 76c2b78f-9ec4-418f-8bee-239740f5ad1e to vehicle veh4
[Midd4VCServer] Assigning job 74d490e6-5a69-411d-9c5d-12bd79a60d7d to vehicle veh3
[Midd4VCServer] Assigning job 2ed6db53-f495-4aa5-b1b9-63f83898cb0d to vehicle veh29
[Midd4VCServer] Assigning job 0fee5b92-8909-4957-8dc6-0863c2231866 to vehicle veh24
[Midd4VCServer] job 0fee5b92-8909-4957-8dc6-0863c2231866 completed by vehicle veh24
[Midd4VCServer] job 74d490e6-5a69-411d-9c5d-12bd79a60d7d completed by vehicle veh3
[Midd4VCServer] Vehicle veh38 already registered.
[Midd4VCServer] Vehicle veh25 already registered.
[Midd4VCServer] Vehicle veh20 already registered.
[Midd4VCServer] Vehicle veh31 already registered.
[Midd4VCServer] Vehicle veh8 already registered.
[Midd4VCServer] Vehicle veh37 already registered.
[Midd4VCServer] job received: 14a89c6f-a901-40a4-ad51-17f55c97e491
[Midd4VC] Job d77d08f7-ac09-461a-b871-c4b9d51b5d98 timed out. Re-enqueueing.
[Midd4VC] Job 332e7480-8c4d-4317-a7eb-f3a21f18da02 timed out. Re-enqueueing.
[Midd4VC] Job 335055e5-5c43-4ff3-9017-912b1791e68a timed out. Re-enqueueing.
[Midd4VC] Job f9e11f18-809d-4287-ba1b-4e03599c665a timed out. Re-enqueueing.
[Midd4VC] Job 785bfb6c-d0e0-4d14-8b95-9d57b8a038e5 timed out. Re-enqueueing.
[Midd4VC] Job 26cc0424-77ab-41a0-b356-89be25bc3ddf timed out. Re-enqueueing.
[Midd4VCServer] Assigning job 26cc0424-77ab-41a0-b356-89be25bc3ddf to vehicle veh38
[Midd4VCServer] Assigning job 785bfb6c-d0e0-4d14-8b95-9d57b8a038e5 to vehicle veh37
[Midd4VCServer] Assigning job f9e11f18-809d-4287-ba1b-4e03599c665a to vehicle veh9
[Midd4VCServer] Assigning job 335055e5-5c43-4ff3-9017-912b1791e68a to vehicle veh27
[Midd4VCServer] Assigning job 332e7480-8c4d-4317-a7eb-f3a21f18da02 to vehicle veh3
[Midd4VCServer] Assigning job d77d08f7-ac09-461a-b871-c4b9d51b5d98 to vehicle veh40
[Midd4VCServer] Assigning job 14a89c6f-a901-40a4-ad51-17f55c97e491 to vehicle veh28
[Midd4VCServer] job 26cc0424-77ab-41a0-b356-89be25bc3ddf completed by vehicle veh38
[Midd4VCServer] job 785bfb6c-d0e0-4d14-8b95-9d57b8a038e5 completed by vehicle veh37
[Midd4VCServer] job 332e7480-8c4d-4317-a7eb-f3a21f18da02 completed by vehicle veh3
[Midd4VCServer] job received: dcfad052-34ef-4f05-a656-1f83b4bde210
[Midd4VCServer] Assigning job dcfad052-34ef-4f05-a656-1f83b4bde210 to vehicle veh38
[Midd4VCServer] job dcfad052-34ef-4f05-a656-1f83b4bde210 completed by vehicle veh38
[Midd4VCServer] job received: d02e541c-c146-4657-a648-db9e7b855949
[Midd4VCServer] Assigning job d02e541c-c146-4657-a648-db9e7b855949 to vehicle veh38
[Midd4VCServer] job d02e541c-c146-4657-a648-db9e7b855949 completed by vehicle veh38
[Midd4VCServer] job received: 9fcf2ae9-9db1-4f3a-8c60-5c63ca291309
[Midd4VC] Job 31ce715b-d729-4633-9e1c-ccb896e7966d timed out. Re-enqueueing.
[Midd4VCServer] Assigning job 31ce715b-d729-4633-9e1c-ccb896e7966d to vehicle veh38
[Midd4VCServer] Assigning job 9fcf2ae9-9db1-4f3a-8c60-5c63ca291309 to vehicle veh37
[Midd4VCServer] job 9fcf2ae9-9db1-4f3a-8c60-5c63ca291309 completed by vehicle veh37
[Midd4VCServer] job 31ce715b-d729-4633-9e1c-ccb896e7966d completed by vehicle veh38
[Midd4VCServer] Vehicle veh39 already registered.
[Midd4VCServer] job received: c4f5be3b-c4d8-4ec2-8bc2-7240c7ffa142
[Midd4VCServer] Assigning job c4f5be3b-c4d8-4ec2-8bc2-7240c7ffa142 to vehicle veh38
[Midd4VCServer] job c4f5be3b-c4d8-4ec2-8bc2-7240c7ffa142 completed by vehicle veh38
[Midd4VCServer] Vehicle veh2 already registered.
[Midd4VCServer] job received: 7aca57cd-2bcb-424e-bedd-ad9d33f42e8c
[Midd4VC] Job 77769904-3ae8-4e73-8170-07f001c289d5 timed out. Re-enqueueing.
[Midd4VCServer] Assigning job 77769904-3ae8-4e73-8170-07f001c289d5 to vehicle veh38
[Midd4VCServer] Assigning job 7aca57cd-2bcb-424e-bedd-ad9d33f42e8c to vehicle veh37
[Midd4VCServer] job 77769904-3ae8-4e73-8170-07f001c289d5 completed by vehicle veh38
[Midd4VCServer] Disconnected with result code 7
[Midd4VCServer] Connected with result code 0
[Midd4VCServer] Disconnected with result code 7
[Midd4VCServer] Connected with result code 0
