[Midd4VCServer] Connected with result code 0
[Midd4VCServer] Server started and subscribed to topics.
[Midd4VCServer] Starting fault injection on broker...
[Midd4VCServer] Disconnected with result code 7
[Midd4VCServer] Connected with result code 0
[Midd4VCServer] Disconnected with result code 7
[Midd4VCServer] Connected with result code 0
[Midd4VCServer] Disconnected with result code 7
[Midd4VCServer] Connected with result code 0
[Midd4VCServer] Disconnected with result code 0
[Midd4VCServer] Server stopped.
[Midd4VCServer] Connected with result code 0
[Midd4VCServer] Server started and subscribed to topics.
[Midd4VCServer] Vehicle registered: veh38
[Midd4VCServer] Vehicle registered: veh40
[Midd4VCServer] job received: 2323cb5a-1219-46ee-9d30-4ff2f3bc07bf
[Midd4VCServer] Assigning job 2323cb5a-1219-46ee-9d30-4ff2f3bc07bf to vehicle veh38
[Midd4VCServer] job 2323cb5a-1219-46ee-9d30-4ff2f3bc07bf completed by vehicle veh38
[Midd4VCServer] Vehicle registered: veh39
[Midd4VCServer] Vehicle registered: veh22
[Midd4VCServer] job received: 78dabce4-d702-4ac3-adbb-c6e0a362658e
[Midd4VCServer] Assigning job 78dabce4-d702-4ac3-adbb-c6e0a362658e to vehicle veh40
[Midd4VCServer] job 78dabce4-d702-4ac3-adbb-c6e0a362658e completed by vehicle veh40
[Midd4VCServer] Vehicle registered: veh3
[Midd4VCServer] job received: 23f4ae26-9cf8-41ff-b347-11e8a4876e24
[Midd4VCServer] Assigning job 23f4ae26-9cf8-41ff-b347-11e8a4876e24 to vehicle veh39
[Midd4VCServer] job 23f4ae26-9cf8-41ff-b347-11e8a4876e24 completed by vehicle veh39
[Midd4VCServer] Vehicle registered: veh16
[Midd4VCServer] Vehicle registered: veh19
[Midd4VCServer] job received: d38f4c30-f8b3-4a84-b6f7-385bc857e204
[Midd4VCServer] Assigning job d38f4c30-f8b3-4a84-b6f7-385bc857e204 to vehicle veh22
[Midd4VCServer] job d38f4c30-f8b3-4a84-b6f7-385bc857e204 completed by vehicle veh22
[Midd4VCServer] Vehicle registered: veh24
[Midd4VCServer] job received: 511ba48c-af83-4774-9dd6-69aaa69f9f32
[Midd4VCServer] Assigning job 511ba48c-af83-4774-9dd6-69aaa69f9f32 to vehicle veh3
[Midd4VCServer] job 511ba48c-af83-4774-9dd6-69aaa69f9f32 completed by vehicle veh3
[Midd4VCServer] Vehicle registered: veh27
[Midd4VCServer] job received: 25298f3b-9067-4e60-a7af-211bcf3f7c3d
[Midd4VCServer] Assigning job 25298f3b-9067-4e60-a7af-211bcf3f7c3d to vehicle veh16
[Midd4VCServer] job 25298f3b-9067-4e60-a7af-211bcf3f7c3d completed by vehicle veh16
[Midd4VCServer] Vehicle registered: veh36
[Midd4VCServer] Vehicle registered: veh29
[Midd4VCServer] job received: 756acb2e-8f12-4ad1-8754-3133752036dc
[Midd4VCServer] Assigning job 756acb2e-8f12-4ad1-8754-3133752036dc to vehicle veh19
[Midd4VCServer] job 756acb2e-8f12-4ad1-8754-3133752036dc completed by vehicle veh19
[Midd4VCServer] job received: c4fa0143-2531-4be6-8138-77ea21b91ca6
[Midd4VCServer] Assigning job c4fa0143-2531-4be6-8138-77ea21b91ca6 to vehicle veh24
[Midd4VCServer] job c4fa0143-2531-4be6-8138-77ea21b91ca6 completed by vehicle veh24
[Midd4VCServer] Vehicle registered: veh5
[Midd4VCServer] Vehicle registered: veh9
[Midd4VCServer] Vehicle registered: veh37
[Midd4VCServer] job received: db9ee012-15f9-45ea-b9b0-e978469f2a82
[Midd4VCServer] Assigning job db9ee012-15f9-45ea-b9b0-e978469f2a82 to vehicle veh27
[Midd4VCServer] job db9ee012-15f9-45ea-b9b0-e978469f2a82 completed by vehicle veh27
[Midd4VCServer] job received: 194fe54d-2759-4f9f-a976-1394287596eb
[Midd4VCServer] Assigning job 194fe54d-2759-4f9f-a976-1394287596eb to vehicle veh36
[Midd4VCServer] job 194fe54d-2759-4f9f-a976-1394287596eb completed by vehicle veh36
[Midd4VCServer] Vehicle registered: veh23
[Midd4VCServer] Vehicle registered: veh20
[Midd4VCServer] job received: 72965e01-6c95-48e6-8858-b48136ba7215
[Midd4VCServer] Assigning job 72965e01-6c95-48e6-8858-b48136ba7215 to vehicle veh29
[Midd4VCServer] job 72965e01-6c95-48e6-8858-b48136ba7215 completed by vehicle veh29
[Midd4VCServer] job received: 5d2fb574-e324-43dc-8f83-6f0d4bb478a4
[Midd4VCServer] Assigning job 5d2fb574-e324-43dc-8f83-6f0d4bb478a4 to vehicle veh5
[Midd4VCServer] job received: 6d72ec4b-7f91-42fb-b7dc-998b79fb9e8e
[Midd4VCServer] Assigning job 6d72ec4b-7f91-42fb-b7dc-998b79fb9e8e to vehicle veh9
[Midd4VCServer] job 6d72ec4b-7f91-42fb-b7dc-998b79fb9e8e completed by vehicle veh9
[Midd4VCServer] Vehicle veh38 already registered.
[Midd4VCServer] Vehicle registered: veh4
[Midd4VCServer] job received: 12c1211e-ac0b-42cb-9ab0-013c39773a41
[Midd4VCServer] Assigning job 12c1211e-ac0b-42cb-9ab0-013c39773a41 to vehicle veh37
[Midd4VCServer] job 12c1211e-ac0b-42cb-9ab0-013c39773a41 completed by vehicle veh37
[Midd4VCServer] job received: 29460f71-b9b3-40af-a205-a3d16fd6e2d4
[Midd4VCServer] Assigning job 29460f71-b9b3-40af-a205-a3d16fd6e2d4 to vehicle veh23
[Midd4VCServer] Vehicle registered: veh33
[Midd4VCServer] job received: 45ef3444-eee3-410c-9441-f5cefe345cfd
[Midd4VCServer] Assigning job 45ef3444-eee3-410c-9441-f5cefe345cfd to vehicle veh20
[Midd4VCServer] job 45ef3444-eee3-410c-9441-f5cefe345cfd completed by vehicle veh20
[Midd4VCServer] job received: b72b95e5-efcf-4922-a914-08c1d939d315
[Midd4VCServer] Assigning job b72b95e5-efcf-4922-a914-08c1d939d315 to vehicle veh4
[Midd4VCServer] job b72b95e5-efcf-4922-a914-08c1d939d315 completed by vehicle veh4
[Midd4VCServer] job received: 994a5f62-1a49-4c3d-baf8-965996671c3b
[Midd4VCServer] Assigning job 994a5f62-1a49-4c3d-baf8-965996671c3b to vehicle veh33
[Midd4VCServer] job 994a5f62-1a49-4c3d-baf8-965996671c3b completed by vehicle veh33
[Midd4VCServer] job received: b20687f4-4a4c-4a1e-8d20-6f41e6b88e15
[Midd4VCServer] Assigning job b20687f4-4a4c-4a1e-8d20-6f41e6b88e15 to vehicle veh38
[Midd4VCServer] job b20687f4-4a4c-4a1e-8d20-6f41e6b88e15 completed by vehicle veh38
[Midd4VCServer] job received: 3e25451e-486a-41f6-9dc7-66fb17a7e351
[Midd4VCServer] Assigning job 3e25451e-486a-41f6-9dc7-66fb17a7e351 to vehicle veh40
[Midd4VCServer] Vehicle veh3 already registered.
[Midd4VCServer] Vehicle registered: veh34
[Midd4VCServer] Vehicle registered: veh30
[Midd4VCServer] job received: 7a1cb65a-85c1-4d15-a53f-552fc48991c6
[Midd4VCServer] Assigning job 7a1cb65a-85c1-4d15-a53f-552fc48991c6 to vehicle veh34
[Midd4VCServer] job 7a1cb65a-85c1-4d15-a53f-552fc48991c6 completed by vehicle veh34
[Midd4VCServer] job received: 5eaebb36-14ff-48e2-a704-9f6111714371
[Midd4VCServer] Assigning job 5eaebb36-14ff-48e2-a704-9f6111714371 to vehicle veh30
[Midd4VCServer] job 5eaebb36-14ff-48e2-a704-9f6111714371 completed by vehicle veh30
[Midd4VCServer] job received: 24cb03ae-669d-49c3-8107-a7a13c3e0679
[Midd4VCServer] Assigning job 24cb03ae-669d-49c3-8107-a7a13c3e0679 to vehicle veh39
[Midd4VCServer] job 24cb03ae-669d-49c3-8107-a7a13c3e0679 completed by vehicle veh39
[Midd4VCServer] job received: b4a9b8ba-0724-43a4-94bb-a5816047f54d
[Midd4VCServer] Assigning job b4a9b8ba-0724-43a4-94bb-a5816047f54d to vehicle veh22
[Midd4VCServer] job b4a9b8ba-0724-43a4-94bb-a5816047f54d completed by vehicle veh22
[Midd4VCServer] job received: aa2191de-0212-4610-8143-e32be977f16e
[Midd4VCServer] Assigning job aa2191de-0212-4610-8143-e32be977f16e to vehicle veh3
[Midd4VCServer] job aa2191de-0212-4610-8143-e32be977f16e completed by vehicle veh3
[Midd4VCServer] job received: 65cabc1f-8799-4004-9237-5ef459280533
[Midd4VCServer] Assigning job 65cabc1f-8799-4004-9237-5ef459280533 to vehicle veh16
[Midd4VCServer] Vehicle veh29 already registered.
[Midd4VCServer] Vehicle veh4 already registered.
[Midd4VCServer] job received: 07e619fd-2843-4520-8968-e8a0e53b876f
[Midd4VCServer] Assigning job 07e619fd-2843-4520-8968-e8a0e53b876f to vehicle veh19
[Midd4VCServer] job 07e619fd-2843-4520-8968-e8a0e53b876f completed by vehicle veh19
[Midd4VCServer] job received: 64ef8281-a576-459c-a4e9-cc7802701a03
[Midd4VCServer] Assigning job 64ef8281-a576-459c-a4e9-cc7802701a03 to vehicle veh24
[Midd4VCServer] job received: b74f2d67-ced6-4e27-b3d1-f4c6508d4e1a
[Midd4VCServer] Assigning job b74f2d67-ced6-4e27-b3d1-f4c6508d4e1a to vehicle veh27
[Midd4VCServer] job received: 882a7783-bd5a-4005-a853-32425e0e89bb
[Midd4VCServer] Assigning job 882a7783-bd5a-4005-a853-32425e0e89bb to vehicle veh36
[Midd4VCServer] job 882a7783-bd5a-4005-a853-32425e0e89bb completed by vehicle veh36
[Midd4VCServer] job received: cc8861bb-2cc5-4ddb-b674-e7e5aaadb207
[Midd4VCServer] Assigning job cc8861bb-2cc5-4ddb-b674-e7e5aaadb207 to vehicle veh29
[Midd4VCServer] job cc8861bb-2cc5-4ddb-b674-e7e5aaadb207 completed by vehicle veh29
[Midd4VCServer] job received: 425d8177-7a20-401b-9a81-24c2cc4af4e9
[Midd4VCServer] Assigning job 425d8177-7a20-401b-9a81-24c2cc4af4e9 to vehicle veh9
[Midd4VCServer] Vehicle veh16 already registered.
[Midd4VCServer] job received: e30092cf-a8ef-4226-ae7c-36202e7d386c
[Midd4VCServer] Assigning job e30092cf-a8ef-4226-ae7c-36202e7d386c to vehicle veh37
[Midd4VCServer] job e30092cf-a8ef-4226-ae7c-36202e7d386c completed by vehicle veh37
[Midd4VCServer] Vehicle veh24 already registered.
[Midd4VCServer] Vehicle registered: veh17
[Midd4VCServer] Vehicle registered: veh8
[Midd4VCServer] Vehicle veh22 already registered.
[Midd4VCServer] Vehicle registered: veh15
[Midd4VCServer] job received: 697825ce-36fc-456c-8704-e3c360e094d3
[Midd4VCServer] Assigning job 697825ce-36fc-456c-8704-e3c360e094d3 to vehicle veh17
[Midd4VCServer] job 697825ce-36fc-456c-8704-e3c360e094d3 completed by vehicle veh17
[Midd4VCServer] Vehicle veh4 already registered.
[Midd4VCServer] job received: 970f9d93-5d1f-4d20-b623-c7cc743b7c62
[Midd4VCServer] Assigning job 970f9d93-5d1f-4d20-b623-c7cc743b7c62 to vehicle veh8
[Midd4VCServer] job 970f9d93-5d1f-4d20-b623-c7cc743b7c62 completed by vehicle veh8
[Midd4VCServer] Vehicle veh34 already registered.
[Midd4VCServer] Vehicle veh29 already registered.
[Midd4VCServer] Vehicle registered: veh25
[Midd4VCServer] job received: 3b15ac4f-5763-4ca5-827b-378f3d09c515
[Midd4VCServer] Assigning job 3b15ac4f-5763-4ca5-827b-378f3d09c515 to vehicle veh15
[Midd4VCServer] job received: ebcf2b1a-6584-4b8c-888f-5af87a208ca2
[Midd4VCServer] Assigning job ebcf2b1a-6584-4b8c-888f-5af87a208ca2 to vehicle veh25
[Midd4VCServer] job ebcf2b1a-6584-4b8c-888f-5af87a208ca2 completed by vehicle veh25
[Midd4VCServer] job received: 760f2810-2240-41ec-8cf3-74382d29833b
[Midd4VCServer] Assigning job 760f2810-2240-41ec-8cf3-74382d29833b to vehicle veh20
[Midd4VCServer] Vehicle veh40 already registered.
[Midd4VCServer] Vehicle veh27 already registered.
[Midd4VCServer] Vehicle registered: veh14
[Midd4VCServer] job received: 666a57b0-33ac-4068-87af-02a690865c46
[Midd4VCServer] Assigning job 666a57b0-33ac-4068-87af-02a690865c46 to vehicle veh14
[Midd4VCServer] job 666a57b0-33ac-4068-87af-02a690865c46 completed by vehicle veh14
[Midd4VCServer] job received: b80a0acd-fd91-4775-83bf-de23ebf6aa65
[Midd4VCServer] Assigning job b80a0acd-fd91-4775-83bf-de23ebf6aa65 to vehicle veh4
[Midd4VCServer] job received: 11df7156-bffe-45dc-a4db-e96b901ba3d2
[Midd4VCServer] Assigning job 11df7156-bffe-45dc-a4db-e96b901ba3d2 to vehicle veh33
[Midd4VCServer] job 11df7156-bffe-45dc-a4db-e96b901ba3d2 completed by vehicle veh33
[Midd4VCServer] job received: 0bc2e6dd-0416-41ef-b848-38f1f8862be8
[Midd4VCServer] Assigning job 0bc2e6dd-0416-41ef-b848-38f1f8862be8 to vehicle veh34
[Midd4VCServer] Vehicle registered: veh32
[Midd4VCServer] Vehicle registered: veh2
[Midd4VCServer] Vehicle veh15 already registered.
[Midd4VCServer] Vehicle registered: veh31
[Midd4VCServer] Vehicle registered: veh6
[Midd4VCServer] job received: 35b33a55-a0b7-4e53-af92-e58e1b2a318d
[Midd4VCServer] Assigning job 35b33a55-a0b7-4e53-af92-e58e1b2a318d to vehicle veh32
[Midd4VCServer] job 35b33a55-a0b7-4e53-af92-e58e1b2a318d completed by vehicle veh32
[Midd4VCServer] job received: b1df2cc7-8125-4b42-96aa-8d5a19e53a94
[Midd4VCServer] Assigning job b1df2cc7-8125-4b42-96aa-8d5a19e53a94 to vehicle veh2
[Midd4VCServer] job b1df2cc7-8125-4b42-96aa-8d5a19e53a94 completed by vehicle veh2
[Midd4VCServer] job received: fe9aa7d0-4fb1-4df2-96c5-2f29825b4993
[Midd4VCServer] Assigning job fe9aa7d0-4fb1-4df2-96c5-2f29825b4993 to vehicle veh31
[Midd4VCServer] job fe9aa7d0-4fb1-4df2-96c5-2f29825b4993 completed by vehicle veh31
[Midd4VCServer] job received: 6f569ed8-81f0-4711-b116-176e61c64336
[Midd4VCServer] Assigning job 6f569ed8-81f0-4711-b116-176e61c64336 to vehicle veh6
[Midd4VCServer] job 6f569ed8-81f0-4711-b116-176e61c64336 completed by vehicle veh6
[Midd4VCServer] job received: 28284c75-13c7-418a-8e87-40e90461c543
[Midd4VCServer] Assigning job 28284c75-13c7-418a-8e87-40e90461c543 to vehicle veh30
[Midd4VCServer] job 28284c75-13c7-418a-8e87-40e90461c543 completed by vehicle veh30
[Midd4VCServer] Vehicle registered: veh35
[Midd4VCServer] job received: 78541c2e-9fb9-434c-9bd5-9c0d3222f487
[Midd4VCServer] Assigning job 78541c2e-9fb9-434c-9bd5-9c0d3222f487 to vehicle veh35
[Midd4VCServer] job 78541c2e-9fb9-434c-9bd5-9c0d3222f487 completed by vehicle veh35
[Midd4VCServer] Vehicle veh8 already registered.
[Midd4VCServer] job received: 461cdfad-841e-40d6-9d9e-5de4f4119248
[Midd4VCServer] Assigning job 461cdfad-841e-40d6-9d9e-5de4f4119248 to vehicle veh17
[Midd4VCServer] job received: d42ce444-e6f6-439d-a160-2c36acf5406c
[Midd4VCServer] Assigning job d42ce444-e6f6-439d-a160-2c36acf5406c to vehicle veh8
[Midd4VCServer] job d42ce444-e6f6-439d-a160-2c36acf5406c completed by vehicle veh8
[Midd4VCServer] job received: 4d5ad429-2364-4a18-b9a4-479bb3e66d4f
[Midd4VCServer] Assigning job 4d5ad429-2364-4a18-b9a4-479bb3e66d4f to vehicle veh25
[Midd4VCServer] Vehicle registered: veh28
[Midd4VCServer] job received: cfb64a5e-e6f6-49a2-9506-0427721f125e
[Midd4VCServer] Assigning job cfb64a5e-e6f6-49a2-9506-0427721f125e to vehicle veh28
[Midd4VCServer] job cfb64a5e-e6f6-49a2-9506-0427721f125e completed by vehicle veh28
[Midd4VCServer] Vehicle registered: veh13
[Midd4VCServer] Vehicle registered: veh12
[Midd4VC] Job 5d2fb574-e324-43dc-8f83-6f0d4bb478a4 timed out. Re-enqueueing.
[Midd4VCServer] Assigning job 5d2fb574-e324-43dc-8f83-6f0d4bb478a4 to vehicle veh5
[Midd4VCServer] job received: d9a35ebf-3a3f-4f2f-8c64-ad717f5c734c
[Midd4VCServer] Assigning job d9a35ebf-3a3f-4f2f-8c64-ad717f5c734c to vehicle veh13
[Midd4VCServer] job d9a35ebf-3a3f-4f2f-8c64-ad717f5c734c completed by vehicle veh13
[Midd4VCServer] Vehicle veh17 already registered.
[Midd4VCServer] job received: 3c544eb6-4396-4e36-8065-46fc8f0cab9a
[Midd4VCServer] Assigning job 3c544eb6-4396-4e36-8065-46fc8f0cab9a to vehicle veh12
[Midd4VCServer] job 3c544eb6-4396-4e36-8065-46fc8f0cab9a completed by vehicle veh12
[Midd4VCServer] Vehicle registered: veh26
[Midd4VCServer] job received: b12f880d-1a0d-4eb3-88f5-5e9d1811af25
[Midd4VCServer] Assigning job b12f880d-1a0d-4eb3-88f5-5e9d1811af25 to vehicle veh26
[Midd4VCServer] job b12f880d-1a0d-4eb3-88f5-5e9d1811af25 completed by vehicle veh26
[Midd4VCServer] Vehicle registered: veh11
[Midd4VCServer] Vehicle veh37 already registered.
[Midd4VCServer] job received: b9a0c773-2a34-465b-b01d-91971422557c
[Midd4VCServer] Assigning job b9a0c773-2a34-465b-b01d-91971422557c to vehicle veh11
[Midd4VCServer] job b9a0c773-2a34-465b-b01d-91971422557c completed by vehicle veh11
[Midd4VCServer] job received: c8c6eccc-e26a-4d1f-b95c-7f02eeef55d5
[Midd4VCServer] Assigning job c8c6eccc-e26a-4d1f-b95c-7f02eeef55d5 to vehicle veh14
[Midd4VCServer] Vehicle veh40 already registered.
[Midd4VCServer] Vehicle veh9 already registered.
[Midd4VCServer] Vehicle veh32 already registered.
[Midd4VCServer] Vehicle registered: veh21
[Midd4VC] Job 29460f71-b9b3-40af-a205-a3d16fd6e2d4 timed out. Re-enqueueing.
[Midd4VCServer] Assigning job 29460f71-b9b3-40af-a205-a3d16fd6e2d4 to vehicle veh23
[Midd4VCServer] job received: 94073411-aee9-429a-a2a5-0e935a589e2c
[Midd4VCServer] Assigning job 94073411-aee9-429a-a2a5-0e935a589e2c to vehicle veh21
[Midd4VCServer] job 94073411-aee9-429a-a2a5-0e935a589e2c completed by vehicle veh21
[Midd4VCServer] job received: 0d30d5a0-1164-43d2-9d06-d343eb6fc3c1
[Midd4VCServer] Assigning job 0d30d5a0-1164-43d2-9d06-d343eb6fc3c1 to vehicle veh32
[Midd4VCServer] job 0d30d5a0-1164-43d2-9d06-d343eb6fc3c1 completed by vehicle veh32
[Midd4VCServer] Vehicle veh28 already registered.
[Midd4VCServer] Vehicle registered: veh10
[Midd4VCServer] job received: 3d73efc4-cc80-45bb-96ea-983691bc91c0
[Midd4VCServer] Assigning job 3d73efc4-cc80-45bb-96ea-983691bc91c0 to vehicle veh10
[Midd4VCServer] job 3d73efc4-cc80-45bb-96ea-983691bc91c0 completed by vehicle veh10
[Midd4VCServer] job received: d06eaa66-2b26-4f93-9925-cea3bc3669d6
[Midd4VC] Job 3e25451e-486a-41f6-9dc7-66fb17a7e351 timed out. Re-enqueueing.
[Midd4VCServer] Assigning job 3e25451e-486a-41f6-9dc7-66fb17a7e351 to vehicle veh40
[Midd4VCServer] Assigning job d06eaa66-2b26-4f93-9925-cea3bc3669d6 to vehicle veh2
[Midd4VCServer] job 3e25451e-486a-41f6-9dc7-66fb17a7e351 completed by vehicle veh40
[Midd4VCServer] job d06eaa66-2b26-4f93-9925-cea3bc3669d6 completed by vehicle veh2
[Midd4VCServer] job received: 5f43419c-d4de-45ff-bbab-f6d2c9b08109
[Midd4VCServer] Assigning job 5f43419c-d4de-45ff-bbab-f6d2c9b08109 to vehicle veh31
[Midd4VCServer] job 5f43419c-d4de-45ff-bbab-f6d2c9b08109 completed by vehicle veh31
[Midd4VCServer] Vehicle veh29 already registered.
[Midd4VCServer] job received: 2c4046ab-6540-4c53-a252-db9fb1610bc1
[Midd4VCServer] Assigning job 2c4046ab-6540-4c53-a252-db9fb1610bc1 to vehicle veh6
[Midd4VCServer] Vehicle veh4 already registered.
[Midd4VCServer] job received: fc453e5e-e66f-41a8-bc14-3eb34289dc37
[Midd4VCServer] Assigning job fc453e5e-e66f-41a8-bc14-3eb34289dc37 to vehicle veh35
[Midd4VCServer] job fc453e5e-e66f-41a8-bc14-3eb34289dc37 completed by vehicle veh35
[Midd4VCServer] Vehicle veh3 already registered.
[Midd4VCServer] Vehicle veh39 already registered.
[Midd4VCServer] Vehicle veh6 already registered.
[Midd4VCServer] job received: 9bc07be6-7b2e-40a1-992a-ca0f4ef9a5ed
[Midd4VCServer] Assigning job 9bc07be6-7b2e-40a1-992a-ca0f4ef9a5ed to vehicle veh28
[Midd4VCServer] Vehicle veh36 already registered.
[Midd4VCServer] job received: 7137623b-8f03-4986-8b8d-32f9964f3511
[Midd4VCServer] Assigning job 7137623b-8f03-4986-8b8d-32f9964f3511 to vehicle veh13
[Midd4VCServer] job 7137623b-8f03-4986-8b8d-32f9964f3511 completed by vehicle veh13
[Midd4VCServer] job received: 8344b50b-1aa7-48d5-9cde-326930ca8a95
[Midd4VCServer] Assigning job 8344b50b-1aa7-48d5-9cde-326930ca8a95 to vehicle veh12
[Midd4VCServer] job received: 778867b6-3405-4245-814f-33eb990dd669
[Midd4VCServer] Assigning job 778867b6-3405-4245-814f-33eb990dd669 to vehicle veh26
[Midd4VCServer] job 778867b6-3405-4245-814f-33eb990dd669 completed by vehicle veh26
[Midd4VCServer] Vehicle veh5 already registered.
[Midd4VCServer] job received: 047acc89-ea87-4eef-905c-4a83fc534197
[Midd4VCServer] Assigning job 047acc89-ea87-4eef-905c-4a83fc534197 to vehicle veh11
[Midd4VCServer] job received: 551db031-2efb-4230-9763-9a8b62ab6649
[Midd4VC] Job 65cabc1f-8799-4004-9237-5ef459280533 timed out. Re-enqueueing.
[Midd4VCServer] Assigning job 65cabc1f-8799-4004-9237-5ef459280533 to vehicle veh16
[Midd4VCServer] Assigning job 551db031-2efb-4230-9763-9a8b62ab6649 to vehicle veh21
[Midd4VCServer] job 551db031-2efb-4230-9763-9a8b62ab6649 completed by vehicle veh21
[Midd4VCServer] Vehicle veh22 already registered.
[Midd4VCServer] Vehicle veh25 already registered.
[Midd4VCServer] job received: 1f63b994-941e-4518-8f5c-1a38f41eb95d
[Midd4VCServer] Assigning job 1f63b994-941e-4518-8f5c-1a38f41eb95d to vehicle veh10
[Midd4VCServer] Vehicle veh23 already registered.
[Midd4VCServer] Vehicle veh35 already registered.
[Midd4VCServer] Vehicle veh10 already registered.
[Midd4VCServer] job received: 6585e341-00b6-44f1-b792-4ca9e95b805c
[Midd4VC] Job 64ef8281-a576-459c-a4e9-cc7802701a03 timed out. Re-enqueueing.
[Midd4VC] Job b74f2d67-ced6-4e27-b3d1-f4c6508d4e1a timed out. Re-enqueueing.
[Midd4VCServer] Assigning job b74f2d67-ced6-4e27-b3d1-f4c6508d4e1a to vehicle veh24
[Midd4VCServer] Assigning job 64ef8281-a576-459c-a4e9-cc7802701a03 to vehicle veh27
[Midd4VCServer] Assigning job 6585e341-00b6-44f1-b792-4ca9e95b805c to vehicle veh38
[Midd4VCServer] job received: fa2cfa9d-4de8-4e9c-9ff8-2f08d0d2f141
[Midd4VC] Job 425d8177-7a20-401b-9a81-24c2cc4af4e9 timed out. Re-enqueueing.
[Midd4VCServer] Assigning job 425d8177-7a20-401b-9a81-24c2cc4af4e9 to vehicle veh9
[Midd4VCServer] Assigning job fa2cfa9d-4de8-4e9c-9ff8-2f08d0d2f141 to vehicle veh40
[Midd4VCServer] job fa2cfa9d-4de8-4e9c-9ff8-2f08d0d2f141 completed by vehicle veh40
[Midd4VCServer] Vehicle veh37 already registered.
[Midd4VCServer] Vehicle veh34 already registered.
[Midd4VCServer] Vehicle veh28 already registered.
[Midd4VCServer] job received: 44d6fdc3-714a-44bd-9daa-9489541dbc03
[Midd4VCServer] Assigning job 44d6fdc3-714a-44bd-9daa-9489541dbc03 to vehicle veh39
[Midd4VCServer] job 44d6fdc3-714a-44bd-9daa-9489541dbc03 completed by vehicle veh39
[Midd4VCServer] job received: 25e9d28f-52cb-4848-86cc-a6299085de65
[Midd4VCServer] Assigning job 25e9d28f-52cb-4848-86cc-a6299085de65 to vehicle veh22
[Midd4VCServer] job 25e9d28f-52cb-4848-86cc-a6299085de65 completed by vehicle veh22
[Midd4VCServer] Vehicle veh31 already registered.
[Midd4VCServer] Vehicle veh12 already registered.
[Midd4VCServer] job received: 260bce46-8b15-4eb1-b099-68146d44c59b
[Midd4VCServer] Assigning job 260bce46-8b15-4eb1-b099-68146d44c59b to vehicle veh3
[Midd4VCServer] job 260bce46-8b15-4eb1-b099-68146d44c59b completed by vehicle veh3
[Midd4VCServer] job received: 591c8f04-f7ae-4995-81fb-453d00254014
[Midd4VCServer] Assigning job 591c8f04-f7ae-4995-81fb-453d00254014 to vehicle veh19
[Midd4VCServer] job received: c3918687-2716-4235-9e79-b33558a19f86
[Midd4VCServer] Assigning job c3918687-2716-4235-9e79-b33558a19f86 to vehicle veh36
[Midd4VCServer] job received: 976b728e-6080-4471-a4e2-48022cdbbd1b
[Midd4VCServer] Assigning job 976b728e-6080-4471-a4e2-48022cdbbd1b to vehicle veh29
[Midd4VCServer] job received: 51c26986-85ff-4212-bc9d-4c9994a295f0
[Midd4VCServer] Assigning job 51c26986-85ff-4212-bc9d-4c9994a295f0 to vehicle veh37
[Midd4VCServer] job 51c26986-85ff-4212-bc9d-4c9994a295f0 completed by vehicle veh37
[Midd4VCServer] Vehicle registered: veh7
[Midd4VC] Job 3b15ac4f-5763-4ca5-827b-378f3d09c515 timed out. Re-enqueueing.
[Midd4VCServer] Assigning job 3b15ac4f-5763-4ca5-827b-378f3d09c515 to vehicle veh15
[Midd4VCServer] job 3b15ac4f-5763-4ca5-827b-378f3d09c515 completed by vehicle veh15
[Midd4VCServer] Vehicle veh14 already registered.
[Midd4VCServer] Vehicle veh19 already registered.
[Midd4VCServer] Vehicle registered: veh1
[Midd4VC] Job 760f2810-2240-41ec-8cf3-74382d29833b timed out. Re-enqueueing.
[Midd4VC] Job b80a0acd-fd91-4775-83bf-de23ebf6aa65 timed out. Re-enqueueing.
[Midd4VCServer] Assigning job b80a0acd-fd91-4775-83bf-de23ebf6aa65 to vehicle veh7
[Midd4VCServer] Assigning job 760f2810-2240-41ec-8cf3-74382d29833b to vehicle veh1
[Midd4VCServer] job b80a0acd-fd91-4775-83bf-de23ebf6aa65 completed by vehicle veh7
[Midd4VCServer] job 760f2810-2240-41ec-8cf3-74382d29833b completed by vehicle veh1
[Midd4VCServer] Vehicle veh25 already registered.
[Midd4VCServer] job received: 73ec3b98-492b-443b-b0fd-0a30f9a2c635
[Midd4VC] Job 0bc2e6dd-0416-41ef-b848-38f1f8862be8 timed out. Re-enqueueing.
[Midd4VCServer] Assigning job 0bc2e6dd-0416-41ef-b848-38f1f8862be8 to vehicle veh20
[Midd4VCServer] Assigning job 73ec3b98-492b-443b-b0fd-0a30f9a2c635 to vehicle veh4
[Midd4VCServer] Vehicle veh38 already registered.
[Midd4VCServer] job received: eb4d8eb6-b3e0-4cda-8d78-96e3ebf0997b
[Midd4VCServer] Assigning job eb4d8eb6-b3e0-4cda-8d78-96e3ebf0997b to vehicle veh34
[Midd4VCServer] job eb4d8eb6-b3e0-4cda-8d78-96e3ebf0997b completed by vehicle veh34
[Midd4VCServer] Vehicle veh34 already registered.
[Midd4VCServer] job received: c9293856-4244-41c7-99e9-761e50041f9d
[Midd4VCServer] Assigning job c9293856-4244-41c7-99e9-761e50041f9d to vehicle veh15
[Midd4VCServer] job c9293856-4244-41c7-99e9-761e50041f9d completed by vehicle veh15
[Midd4VCServer] job received: 957439e6-280b-450c-bd0a-40804a1567b9
[Midd4VCServer] Assigning job 957439e6-280b-450c-bd0a-40804a1567b9 to vehicle veh7
[Midd4VCServer] job 957439e6-280b-450c-bd0a-40804a1567b9 completed by vehicle veh7
[Midd4VCServer] job received: dd8648ca-83e1-47c1-9955-2f2a14044aa1
[Midd4VCServer] Assigning job dd8648ca-83e1-47c1-9955-2f2a14044aa1 to vehicle veh1
[Midd4VCServer] job dd8648ca-83e1-47c1-9955-2f2a14044aa1 completed by vehicle veh1
[Midd4VCServer] Vehicle veh21 already registered.
[Midd4VCServer] job received: 6becd80f-14c0-414f-90cd-8a5f56dbd9d0
[Midd4VCServer] Assigning job 6becd80f-14c0-414f-90cd-8a5f56dbd9d0 to vehicle veh33
[Midd4VCServer] job 6becd80f-14c0-414f-90cd-8a5f56dbd9d0 completed by vehicle veh33
[Midd4VCServer] Vehicle registered: veh18
[Midd4VCServer] job received: 0ea2502c-fd3e-429d-8782-beb16ebe1ab4
[Midd4VCServer] Assigning job 0ea2502c-fd3e-429d-8782-beb16ebe1ab4 to vehicle veh18
[Midd4VCServer] job 0ea2502c-fd3e-429d-8782-beb16ebe1ab4 completed by vehicle veh18
[Midd4VCServer] Vehicle veh20 already registered.
[Midd4VCServer] job received: 48179176-2330-4d32-96eb-0d28943f242a
[Midd4VCServer] Assigning job 48179176-2330-4d32-96eb-0d28943f242a to vehicle veh18
[Midd4VCServer] job 48179176-2330-4d32-96eb-0d28943f242a completed by vehicle veh18
[Midd4VCServer] Vehicle veh8 already registered.
[Midd4VCServer] Vehicle veh32 already registered.
[Midd4VCServer] job received: 9209b575-807d-46f3-904f-c5c81275a234
[Midd4VCServer] Assigning job 9209b575-807d-46f3-904f-c5c81275a234 to vehicle veh34
[Midd4VCServer] job 9209b575-807d-46f3-904f-c5c81275a234 completed by vehicle veh34
[Midd4VCServer] Vehicle veh19 already registered.
[Midd4VCServer] Vehicle veh5 already registered.
[Midd4VCServer] job received: c81cee12-a35b-4d8e-a3b7-f59db5028321
[Midd4VCServer] Assigning job c81cee12-a35b-4d8e-a3b7-f59db5028321 to vehicle veh30
[Midd4VCServer] Vehicle veh11 already registered.
[Midd4VCServer] Vehicle veh31 already registered.
[Midd4VCServer] job received: 01438396-4b89-4fc1-b5a2-6afd26abf496
[Midd4VC] Job 461cdfad-841e-40d6-9d9e-5de4f4119248 timed out. Re-enqueueing.
[Midd4VCServer] Assigning job 461cdfad-841e-40d6-9d9e-5de4f4119248 to vehicle veh17
[Midd4VCServer] Assigning job 01438396-4b89-4fc1-b5a2-6afd26abf496 to vehicle veh8
[Midd4VCServer] job 01438396-4b89-4fc1-b5a2-6afd26abf496 completed by vehicle veh8
[Midd4VCServer] job received: e10fde78-f445-4d76-9d04-a21232072dcd
[Midd4VC] Job 4d5ad429-2364-4a18-b9a4-479bb3e66d4f timed out. Re-enqueueing.
[Midd4VCServer] Assigning job 4d5ad429-2364-4a18-b9a4-479bb3e66d4f to vehicle veh25
[Midd4VCServer] Assigning job e10fde78-f445-4d76-9d04-a21232072dcd to vehicle veh15
[Midd4VCServer] job e10fde78-f445-4d76-9d04-a21232072dcd completed by vehicle veh15
[Midd4VCServer] Vehicle veh24 already registered.
[Midd4VCServer] Vehicle veh15 already registered.
[Midd4VCServer] Vehicle veh27 already registered.
[Midd4VCServer] Vehicle veh38 already registered.
[Midd4VCServer] Vehicle veh26 already registered.
[Midd4VCServer] job received: a874387b-e661-454e-bc8c-0f32f1bf82fc
[Midd4VCServer] Assigning job a874387b-e661-454e-bc8c-0f32f1bf82fc to vehicle veh32
[Midd4VCServer] job received: 1a06017e-ab0a-4418-ac9d-9e53d053094b
[Midd4VCServer] Assigning job 1a06017e-ab0a-4418-ac9d-9e53d053094b to vehicle veh2
[Midd4VCServer] Vehicle veh39 already registered.
[Midd4VCServer] job received: 7c80ad2e-2fa1-4f8e-8df8-a4a07e87afb2
[Midd4VC] Job 5d2fb574-e324-43dc-8f83-6f0d4bb478a4 timed out. Re-enqueueing.
[Midd4VCServer] Assigning job 5d2fb574-e324-43dc-8f83-6f0d4bb478a4 to vehicle veh5
[Midd4VCServer] Assigning job 7c80ad2e-2fa1-4f8e-8df8-a4a07e87afb2 to vehicle veh31
[Midd4VCServer] job 5d2fb574-e324-43dc-8f83-6f0d4bb478a4 completed by vehicle veh5
[Midd4VCServer] job 7c80ad2e-2fa1-4f8e-8df8-a4a07e87afb2 completed by vehicle veh31
[Midd4VCServer] Vehicle veh17 already registered.
[Midd4VCServer] Vehicle veh26 already registered.
[Midd4VCServer] job received: 2fe52a29-b60d-4757-825e-4df20a30b0f3
[Midd4VCServer] Assigning job 2fe52a29-b60d-4757-825e-4df20a30b0f3 to vehicle veh5
[Midd4VCServer] job 2fe52a29-b60d-4757-825e-4df20a30b0f3 completed by vehicle veh5
[Midd4VCServer] job received: e9adb421-a270-419a-a42a-236889214488
[Midd4VCServer] Assigning job e9adb421-a270-419a-a42a-236889214488 to vehicle veh5
[Midd4VCServer] job e9adb421-a270-419a-a42a-236889214488 completed by vehicle veh5
[Midd4VCServer] job received: 0cd087ec-2f24-492d-b149-a377c187f49e
[Midd4VC] Job c8c6eccc-e26a-4d1f-b95c-7f02eeef55d5 timed out. Re-enqueueing.
[Midd4VCServer] Assigning job c8c6eccc-e26a-4d1f-b95c-7f02eeef55d5 to vehicle veh14
[Midd4VCServer] Assigning job 0cd087ec-2f24-492d-b149-a377c187f49e to vehicle veh35
[Midd4VCServer] job c8c6eccc-e26a-4d1f-b95c-7f02eeef55d5 completed by vehicle veh14
[Midd4VCServer] job received: 2f4a2765-7dd9-464d-a2d9-555dc1cf47a5
[Midd4VCServer] Assigning job 2f4a2765-7dd9-464d-a2d9-555dc1cf47a5 to vehicle veh14
[Midd4VCServer] job 2f4a2765-7dd9-464d-a2d9-555dc1cf47a5 completed by vehicle veh14
[Midd4VCServer] Vehicle veh33 already registered.
[Midd4VCServer] job received: 2a1a144c-f23e-4267-9156-a2fcce8864f4
[Midd4VCServer] Assigning job 2a1a144c-f23e-4267-9156-a2fcce8864f4 to vehicle veh13
[Midd4VCServer] job received: a23d5eab-7f2d-4f2c-b2aa-1edfeef778ce
[Midd4VCServer] Assigning job a23d5eab-7f2d-4f2c-b2aa-1edfeef778ce to vehicle veh26
[Midd4VCServer] job a23d5eab-7f2d-4f2c-b2aa-1edfeef778ce completed by vehicle veh26
[Midd4VCServer] Vehicle veh37 already registered.
[Midd4VCServer] Vehicle veh22 already registered.
[Midd4VCServer] Vehicle veh2 already registered.
[Midd4VCServer] job received: e5143d04-5886-4142-9c7a-f6144343ea0f
[Midd4VC] Job 29460f71-b9b3-40af-a205-a3d16fd6e2d4 timed out. Re-enqueueing.
[Midd4VCServer] Assigning job 29460f71-b9b3-40af-a205-a3d16fd6e2d4 to vehicle veh23
[Midd4VCServer] Assigning job e5143d04-5886-4142-9c7a-f6144343ea0f to vehicle veh21
[Midd4VCServer] job e5143d04-5886-4142-9c7a-f6144343ea0f completed by vehicle veh21
[Midd4VCServer] Vehicle veh3 already registered.
[Midd4VCServer] Vehicle veh8 already registered.
[Midd4VCServer] job received: 5ac671bd-b3a2-4d09-9b00-15c16664099d
[Midd4VC] Job 2c4046ab-6540-4c53-a252-db9fb1610bc1 timed out. Re-enqueueing.
[Midd4VCServer] Assigning job 2c4046ab-6540-4c53-a252-db9fb1610bc1 to vehicle veh6
[Midd4VCServer] Assigning job 5ac671bd-b3a2-4d09-9b00-15c16664099d to vehicle veh7
[Midd4VCServer] Vehicle veh14 already registered.
[Midd4VCServer] job received: f7838b7c-bb92-4f5f-84d4-01cb154cce11
[Midd4VCServer] Assigning job f7838b7c-bb92-4f5f-84d4-01cb154cce11 to vehicle veh1
[Midd4VCServer] Vehicle veh35 already registered.
[Midd4VCServer] job received: 8bb1cbcf-2e62-4c2a-907e-93b5bb77ae59
[Midd4VCServer] Assigning job 8bb1cbcf-2e62-4c2a-907e-93b5bb77ae59 to vehicle veh18
[Midd4VCServer] Vehicle veh23 already registered.
[Midd4VCServer] Vehicle veh10 already registered.
[Midd4VCServer] Vehicle veh38 already registered.
[Midd4VCServer] job received: 765462a4-3f1d-43a0-bf01-7533a4e3b87a
[Midd4VCServer] Assigning job 765462a4-3f1d-43a0-bf01-7533a4e3b87a to vehicle veh40
[Midd4VCServer] job received: a8138e40-55dc-4295-8d2d-8f8d5cfbf384
[Midd4VCServer] Assigning job a8138e40-55dc-4295-8d2d-8f8d5cfbf384 to vehicle veh39
[Midd4VCServer] job a8138e40-55dc-4295-8d2d-8f8d5cfbf384 completed by vehicle veh39
[Midd4VCServer] job received: ec213271-1020-4770-818f-5d2f87d24edf
[Midd4VC] Job 9bc07be6-7b2e-40a1-992a-ca0f4ef9a5ed timed out. Re-enqueueing.
[Midd4VCServer] Assigning job 9bc07be6-7b2e-40a1-992a-ca0f4ef9a5ed to vehicle veh28
[Midd4VCServer] Assigning job ec213271-1020-4770-818f-5d2f87d24edf to vehicle veh22
[Midd4VCServer] job 9bc07be6-7b2e-40a1-992a-ca0f4ef9a5ed completed by vehicle veh28
[Midd4VCServer] job received: d78ff220-9a88-4b41-8f7f-71b1f8b047c9
[Midd4VC] Job 8344b50b-1aa7-48d5-9cde-326930ca8a95 timed out. Re-enqueueing.
[Midd4VCServer] Assigning job 8344b50b-1aa7-48d5-9cde-326930ca8a95 to vehicle veh12
[Midd4VCServer] Assigning job d78ff220-9a88-4b41-8f7f-71b1f8b047c9 to vehicle veh28
[Midd4VCServer] job d78ff220-9a88-4b41-8f7f-71b1f8b047c9 completed by vehicle veh28
[Midd4VCServer] Vehicle veh18 already registered.
[Midd4VCServer] Vehicle veh40 already registered.
[Midd4VCServer] job received: 7948722f-b499-4d40-b812-436f67e8551f
[Midd4VC] Job 047acc89-ea87-4eef-905c-4a83fc534197 timed out. Re-enqueueing.
[Midd4VCServer] Assigning job 047acc89-ea87-4eef-905c-4a83fc534197 to vehicle veh11
[Midd4VCServer] Assigning job 7948722f-b499-4d40-b812-436f67e8551f to vehicle veh3
[Midd4VCServer] job 047acc89-ea87-4eef-905c-4a83fc534197 completed by vehicle veh11
[Midd4VCServer] job 7948722f-b499-4d40-b812-436f67e8551f completed by vehicle veh3
[Midd4VCServer] Vehicle veh16 already registered.
[Midd4VCServer] Vehicle veh17 already registered.
[Midd4VCServer] job received: defda6a4-b657-4f5e-9f17-b13027f2da4f
[Midd4VC] Job 65cabc1f-8799-4004-9237-5ef459280533 timed out. Re-enqueueing.
[Midd4VC] Job 1f63b994-941e-4518-8f5c-1a38f41eb95d timed out. Re-enqueueing.
[Midd4VCServer] Assigning job 1f63b994-941e-4518-8f5c-1a38f41eb95d to vehicle veh16
[Midd4VCServer] Assigning job 65cabc1f-8799-4004-9237-5ef459280533 to vehicle veh10
[Midd4VCServer] Assigning job defda6a4-b657-4f5e-9f17-b13027f2da4f to vehicle veh11
[Midd4VCServer] job 1f63b994-941e-4518-8f5c-1a38f41eb95d completed by vehicle veh16
[Midd4VCServer] job 65cabc1f-8799-4004-9237-5ef459280533 completed by vehicle veh10
[Midd4VCServer] job defda6a4-b657-4f5e-9f17-b13027f2da4f completed by vehicle veh11
[Midd4VCServer] job received: 348c321b-c639-4b9f-b85b-8f5b240262aa
[Midd4VCServer] Assigning job 348c321b-c639-4b9f-b85b-8f5b240262aa to vehicle veh16
[Midd4VCServer] job 348c321b-c639-4b9f-b85b-8f5b240262aa completed by vehicle veh16
[Midd4VCServer] job received: 20971f60-0923-499c-8e68-dffe937a40e1
[Midd4VCServer] Assigning job 20971f60-0923-499c-8e68-dffe937a40e1 to vehicle veh10
[Midd4VCServer] job 20971f60-0923-499c-8e68-dffe937a40e1 completed by vehicle veh10
[Midd4VCServer] job received: f8d3fe60-3879-4c6e-80ff-323dfdb4dfaa
[Midd4VCServer] Assigning job f8d3fe60-3879-4c6e-80ff-323dfdb4dfaa to vehicle veh16
[Midd4VCServer] job f8d3fe60-3879-4c6e-80ff-323dfdb4dfaa completed by vehicle veh16
[Midd4VCServer] job received: 0d5e90a5-8584-47bb-8bdf-4e9ac59cf1fb
[Midd4VC] Job b74f2d67-ced6-4e27-b3d1-f4c6508d4e1a timed out. Re-enqueueing.
[Midd4VC] Job 64ef8281-a576-459c-a4e9-cc7802701a03 timed out. Re-enqueueing.
[Midd4VC] Job 6585e341-00b6-44f1-b792-4ca9e95b805c timed out. Re-enqueueing.
[Midd4VCServer] Assigning job 6585e341-00b6-44f1-b792-4ca9e95b805c to vehicle veh24
[Midd4VCServer] Assigning job 64ef8281-a576-459c-a4e9-cc7802701a03 to vehicle veh27
[Midd4VCServer] Assigning job b74f2d67-ced6-4e27-b3d1-f4c6508d4e1a to vehicle veh38
[Midd4VCServer] Assigning job 0d5e90a5-8584-47bb-8bdf-4e9ac59cf1fb to vehicle veh5
[Midd4VCServer] job b74f2d67-ced6-4e27-b3d1-f4c6508d4e1a completed by vehicle veh38
[Midd4VCServer] job 6585e341-00b6-44f1-b792-4ca9e95b805c completed by vehicle veh24
[Midd4VCServer] job 0d5e90a5-8584-47bb-8bdf-4e9ac59cf1fb completed by vehicle veh5
[Midd4VCServer] Vehicle veh34 already registered.
[Midd4VCServer] Vehicle veh19 already registered.
[Midd4VCServer] Vehicle veh14 already registered.
[Midd4VCServer] Vehicle veh5 already registered.
[Midd4VCServer] job received: 9f7a2f05-8480-4b97-b731-9b4523c22147
[Midd4VC] Job 425d8177-7a20-401b-9a81-24c2cc4af4e9 timed out. Re-enqueueing.
[Midd4VCServer] Assigning job 425d8177-7a20-401b-9a81-24c2cc4af4e9 to vehicle veh9
[Midd4VCServer] Assigning job 9f7a2f05-8480-4b97-b731-9b4523c22147 to vehicle veh24
[Midd4VCServer] job 9f7a2f05-8480-4b97-b731-9b4523c22147 completed by vehicle veh24
[Midd4VCServer] job received: be56c900-a25c-4808-99df-3364784c48b4
[Midd4VCServer] Assigning job be56c900-a25c-4808-99df-3364784c48b4 to vehicle veh38
[Midd4VCServer] job be56c900-a25c-4808-99df-3364784c48b4 completed by vehicle veh38
[Midd4VCServer] job received: fe3923a7-418b-43ab-a23a-e3e7f1e7d760
[Midd4VCServer] Assigning job fe3923a7-418b-43ab-a23a-e3e7f1e7d760 to vehicle veh24
[Midd4VCServer] job fe3923a7-418b-43ab-a23a-e3e7f1e7d760 completed by vehicle veh24
[Midd4VCServer] Vehicle veh27 already registered.
[Midd4VCServer] job received: 02dfc44e-3f45-4af9-9cd0-92aa24a2b49d
[Midd4VC] Job 591c8f04-f7ae-4995-81fb-453d00254014 timed out. Re-enqueueing.
[Midd4VCServer] Assigning job 591c8f04-f7ae-4995-81fb-453d00254014 to vehicle veh19
[Midd4VCServer] Assigning job 02dfc44e-3f45-4af9-9cd0-92aa24a2b49d to vehicle veh37
[Midd4VCServer] Vehicle veh30 already registered.
[Midd4VCServer] job received: 7fbdf1db-57db-4079-8f7a-a4837122c029
[Midd4VCServer] Assigning job 7fbdf1db-57db-4079-8f7a-a4837122c029 to vehicle veh33
[Midd4VCServer] Vehicle veh40 already registered.
[Midd4VCServer] job received: bc1f1b89-afa4-4553-b9ca-170530e8eef9
[Midd4VC] Job c3918687-2716-4235-9e79-b33558a19f86 timed out. Re-enqueueing.
[Midd4VC] Job 976b728e-6080-4471-a4e2-48022cdbbd1b timed out. Re-enqueueing.
[Midd4VCServer] Assigning job 976b728e-6080-4471-a4e2-48022cdbbd1b to vehicle veh36
[Midd4VCServer] Assigning job c3918687-2716-4235-9e79-b33558a19f86 to vehicle veh29
[Midd4VCServer] Assigning job bc1f1b89-afa4-4553-b9ca-170530e8eef9 to vehicle veh34
[Midd4VCServer] job c3918687-2716-4235-9e79-b33558a19f86 completed by vehicle veh29
[Midd4VCServer] job bc1f1b89-afa4-4553-b9ca-170530e8eef9 completed by vehicle veh34
[Midd4VCServer] job received: ec908dbe-a168-496c-a245-2403c6eb247d
[Midd4VCServer] Assigning job ec908dbe-a168-496c-a245-2403c6eb247d to vehicle veh29
[Midd4VCServer] job ec908dbe-a168-496c-a245-2403c6eb247d completed by vehicle veh29
[Midd4VCServer] job received: c130e581-ed06-4e02-a17f-a2791422a694
[Midd4VCServer] Assigning job c130e581-ed06-4e02-a17f-a2791422a694 to vehicle veh8
[Midd4VCServer] Vehicle veh37 already registered.
[Midd4VCServer] Vehicle veh29 already registered.
[Midd4VCServer] Vehicle veh21 already registered.
[Midd4VCServer] Vehicle veh31 already registered.
[Midd4VCServer] Vehicle veh36 already registered.
[Midd4VCServer] Vehicle veh16 already registered.
[Midd4VCServer] job received: dd8d5e3e-c92a-4850-a976-d61988404c1a
[Midd4VCServer] Assigning job dd8d5e3e-c92a-4850-a976-d61988404c1a to vehicle veh15
[Midd4VCServer] job received: a32b9d69-abf5-4c85-9634-1be502e1b5e1
[Midd4VC] Job 0bc2e6dd-0416-41ef-b848-38f1f8862be8 timed out. Re-enqueueing.
[Midd4VC] Job 73ec3b98-492b-443b-b0fd-0a30f9a2c635 timed out. Re-enqueueing.
[Midd4VCServer] Assigning job 73ec3b98-492b-443b-b0fd-0a30f9a2c635 to vehicle veh20
[Midd4VCServer] Assigning job 0bc2e6dd-0416-41ef-b848-38f1f8862be8 to vehicle veh4
[Midd4VCServer] Assigning job a32b9d69-abf5-4c85-9634-1be502e1b5e1 to vehicle veh14
[Midd4VCServer] job a32b9d69-abf5-4c85-9634-1be502e1b5e1 completed by vehicle veh14
[Midd4VCServer] Vehicle veh8 already registered.
[Midd4VCServer] job received: 83ed9b76-1fd1-4525-be02-b586de09718f
[Midd4VCServer] Assigning job 83ed9b76-1fd1-4525-be02-b586de09718f to vehicle veh31
[Midd4VCServer] Vehicle veh11 already registered.
[Midd4VCServer] job received: 31dbe6e4-d697-445c-8343-fe5a0c840c38
[Midd4VCServer] Assigning job 31dbe6e4-d697-445c-8343-fe5a0c840c38 to vehicle veh28
[Midd4VCServer] job 31dbe6e4-d697-445c-8343-fe5a0c840c38 completed by vehicle veh28
[Midd4VCServer] Vehicle veh18 already registered.
[Midd4VCServer] job received: 55dafa6e-3c67-4aaa-9128-2ae37d01d6aa
[Midd4VCServer] Assigning job 55dafa6e-3c67-4aaa-9128-2ae37d01d6aa to vehicle veh26
[Midd4VCServer] job received: ce9edbac-8282-4b62-8b43-cd97238dcbe9
[Midd4VCServer] Assigning job ce9edbac-8282-4b62-8b43-cd97238dcbe9 to vehicle veh11
[Midd4VCServer] Vehicle veh33 already registered.
[Midd4VCServer] Vehicle veh6 already registered.
[Midd4VCServer] job received: 5cff2170-9312-4819-9704-69fb498d2087
[Midd4VCServer] Assigning job 5cff2170-9312-4819-9704-69fb498d2087 to vehicle veh21
[Midd4VCServer] job 5cff2170-9312-4819-9704-69fb498d2087 completed by vehicle veh21
[Midd4VCServer] job received: 7d1007a2-0f08-4114-a29e-2556bc44480e
[Midd4VCServer] Assigning job 7d1007a2-0f08-4114-a29e-2556bc44480e to vehicle veh10
[Midd4VCServer] job 7d1007a2-0f08-4114-a29e-2556bc44480e completed by vehicle veh10
[Midd4VCServer] Vehicle veh25 already registered.
[Midd4VCServer] job received: a160ee9f-491f-42a4-8406-89f7f7bde510
[Midd4VC] Job c81cee12-a35b-4d8e-a3b7-f59db5028321 timed out. Re-enqueueing.
[Midd4VCServer] Assigning job c81cee12-a35b-4d8e-a3b7-f59db5028321 to vehicle veh30
[Midd4VCServer] Assigning job a160ee9f-491f-42a4-8406-89f7f7bde510 to vehicle veh38
[Midd4VCServer] job c81cee12-a35b-4d8e-a3b7-f59db5028321 completed by vehicle veh30
[Midd4VCServer] Vehicle veh35 already registered.
[Midd4VCServer] Vehicle veh4 already registered.
[Midd4VCServer] job received: 704f0e8e-48b8-4cc6-a90b-9427ab10984b
[Midd4VCServer] Assigning job 704f0e8e-48b8-4cc6-a90b-9427ab10984b to vehicle veh30
[Midd4VCServer] job 704f0e8e-48b8-4cc6-a90b-9427ab10984b completed by vehicle veh30
[Midd4VCServer] Vehicle veh11 already registered.
[Midd4VCServer] Vehicle veh15 already registered.
[Midd4VCServer] Vehicle veh27 already registered.
[Midd4VCServer] job received: 04b4a05b-dd9d-4073-ab2e-2738532fbd63
[Midd4VC] Job 461cdfad-841e-40d6-9d9e-5de4f4119248 timed out. Re-enqueueing.
[Midd4VCServer] Assigning job 461cdfad-841e-40d6-9d9e-5de4f4119248 to vehicle veh17
[Midd4VCServer] Assigning job 04b4a05b-dd9d-4073-ab2e-2738532fbd63 to vehicle veh39
[Midd4VCServer] job received: 8ba37407-00cb-4260-8a01-71d58c24318e
[Midd4VC] Job 4d5ad429-2364-4a18-b9a4-479bb3e66d4f timed out. Re-enqueueing.
[Midd4VCServer] Assigning job 4d5ad429-2364-4a18-b9a4-479bb3e66d4f to vehicle veh25
[Midd4VCServer] Assigning job 8ba37407-00cb-4260-8a01-71d58c24318e to vehicle veh3
[Midd4VCServer] job 4d5ad429-2364-4a18-b9a4-479bb3e66d4f completed by vehicle veh25
[Midd4VCServer] Vehicle veh20 already registered.
[Midd4VCServer] job received: f44cac34-6f01-49a7-8365-dc6ec37e3bdd
[Midd4VC] Job a874387b-e661-454e-bc8c-0f32f1bf82fc timed out. Re-enqueueing.
[Midd4VC] Job 1a06017e-ab0a-4418-ac9d-9e53d053094b timed out. Re-enqueueing.
[Midd4VCServer] Assigning job 1a06017e-ab0a-4418-ac9d-9e53d053094b to vehicle veh25
[Midd4VCServer] Assigning job a874387b-e661-454e-bc8c-0f32f1bf82fc to vehicle veh32
[Midd4VCServer] Assigning job f44cac34-6f01-49a7-8365-dc6ec37e3bdd to vehicle veh2
[Midd4VCServer] job 1a06017e-ab0a-4418-ac9d-9e53d053094b completed by vehicle veh25
[Midd4VCServer] Vehicle veh22 already registered.
[Midd4VCServer] Vehicle veh17 already registered.
[Midd4VCServer] job received: 953ccf1e-e00a-42a0-8bc4-a0f166be3df4
[Midd4VCServer] Assigning job 953ccf1e-e00a-42a0-8bc4-a0f166be3df4 to vehicle veh25
[Midd4VCServer] job 953ccf1e-e00a-42a0-8bc4-a0f166be3df4 completed by vehicle veh25
[Midd4VCServer] Vehicle veh31 already registered.
[Midd4VCServer] job received: 3cce7f20-91a5-40b7-a0ff-302089f78605
[Midd4VCServer] Assigning job 3cce7f20-91a5-40b7-a0ff-302089f78605 to vehicle veh16
[Midd4VCServer] Vehicle veh38 already registered.
[Midd4VCServer] job received: a367a102-1b2f-4f3b-98da-8055e11f9cf2
[Midd4VC] Job 0cd087ec-2f24-492d-b149-a377c187f49e timed out. Re-enqueueing.
[Midd4VCServer] Assigning job 0cd087ec-2f24-492d-b149-a377c187f49e to vehicle veh35
[Midd4VCServer] Assigning job a367a102-1b2f-4f3b-98da-8055e11f9cf2 to vehicle veh24
[Midd4VCServer] job received: bbbe62e3-706f-402a-a7c5-45345ce12812
[Midd4VCServer] Assigning job bbbe62e3-706f-402a-a7c5-45345ce12812 to vehicle veh29
[Midd4VCServer] job 0cd087ec-2f24-492d-b149-a377c187f49e completed by vehicle veh35
[Midd4VCServer] job bbbe62e3-706f-402a-a7c5-45345ce12812 completed by vehicle veh29
[Midd4VCServer] Vehicle veh19 already registered.
[Midd4VCServer] job received: 8aeee927-c6a4-48e9-a042-5ab2c65a809c
[Midd4VC] Job 2a1a144c-f23e-4267-9156-a2fcce8864f4 timed out. Re-enqueueing.
[Midd4VCServer] Assigning job 2a1a144c-f23e-4267-9156-a2fcce8864f4 to vehicle veh13
[Midd4VCServer] Assigning job 8aeee927-c6a4-48e9-a042-5ab2c65a809c to vehicle veh35
[Midd4VCServer] job 8aeee927-c6a4-48e9-a042-5ab2c65a809c completed by vehicle veh35
[Midd4VCServer] job received: 452a67dd-38ea-49b1-aac4-053eeb90420c
[Midd4VCServer] Assigning job 452a67dd-38ea-49b1-aac4-053eeb90420c to vehicle veh5
[Midd4VCServer] job 452a67dd-38ea-49b1-aac4-053eeb90420c completed by vehicle veh5
[Midd4VCServer] job received: a3d319ea-f713-4810-817c-03f4f4382cd4
[Midd4VCServer] Assigning job a3d319ea-f713-4810-817c-03f4f4382cd4 to vehicle veh34
[Midd4VCServer] job received: 1a336aaf-156b-471a-841d-278e6ca24849
[Midd4VCServer] Assigning job 1a336aaf-156b-471a-841d-278e6ca24849 to vehicle veh30
[Midd4VCServer] job received: c65ac7b1-d867-484c-b3b7-3bdfeb3b9e17
[Midd4VC] Job 29460f71-b9b3-40af-a205-a3d16fd6e2d4 timed out. Re-enqueueing.
[Midd4VC] Job 2c4046ab-6540-4c53-a252-db9fb1610bc1 timed out. Re-enqueueing.
[Midd4VC] Job 5ac671bd-b3a2-4d09-9b00-15c16664099d timed out. Re-enqueueing.
[Midd4VC] Job f7838b7c-bb92-4f5f-84d4-01cb154cce11 timed out. Re-enqueueing.
[Midd4VCServer] Assigning job f7838b7c-bb92-4f5f-84d4-01cb154cce11 to vehicle veh23
[Midd4VCServer] Assigning job 5ac671bd-b3a2-4d09-9b00-15c16664099d to vehicle veh6
[Midd4VCServer] Assigning job 2c4046ab-6540-4c53-a252-db9fb1610bc1 to vehicle veh7
[Midd4VCServer] Assigning job 29460f71-b9b3-40af-a205-a3d16fd6e2d4 to vehicle veh1
[Midd4VCServer] Assigning job c65ac7b1-d867-484c-b3b7-3bdfeb3b9e17 to vehicle veh25
[Midd4VCServer] job 5ac671bd-b3a2-4d09-9b00-15c16664099d completed by vehicle veh6
[Midd4VCServer] job 29460f71-b9b3-40af-a205-a3d16fd6e2d4 completed by vehicle veh1
[Midd4VCServer] Vehicle veh24 already registered.
[Midd4VCServer] job received: 3ed1fa0e-ba5c-4f9b-a61c-68b95d03e5d0
[Midd4VC] Job 8bb1cbcf-2e62-4c2a-907e-93b5bb77ae59 timed out. Re-enqueueing.
[Midd4VCServer] Assigning job 8bb1cbcf-2e62-4c2a-907e-93b5bb77ae59 to vehicle veh6
[Midd4VCServer] Assigning job 3ed1fa0e-ba5c-4f9b-a61c-68b95d03e5d0 to vehicle veh18
[Midd4VCServer] job 8bb1cbcf-2e62-4c2a-907e-93b5bb77ae59 completed by vehicle veh6
[Midd4VCServer] job 3ed1fa0e-ba5c-4f9b-a61c-68b95d03e5d0 completed by vehicle veh18
[Midd4VCServer] job received: 7bf1ab86-0789-4eca-ad8f-87636bfa470a
[Midd4VCServer] Assigning job 7bf1ab86-0789-4eca-ad8f-87636bfa470a to vehicle veh6
[Midd4VCServer] job 7bf1ab86-0789-4eca-ad8f-87636bfa470a completed by vehicle veh6
[Midd4VCServer] Vehicle veh14 already registered.
[Midd4VCServer] Vehicle veh1 already registered.
[Midd4VCServer] Vehicle veh12 already registered.
[Midd4VCServer] Vehicle veh25 already registered.
[Midd4VCServer] Vehicle veh15 already registered.
[Midd4VCServer] Vehicle veh23 already registered.
[Midd4VCServer] Vehicle veh39 already registered.
[Midd4VCServer] job received: 54332b72-7347-416c-956e-5bd742404f5d
[Midd4VC] Job 765462a4-3f1d-43a0-bf01-7533a4e3b87a timed out. Re-enqueueing.
[Midd4VCServer] Assigning job 765462a4-3f1d-43a0-bf01-7533a4e3b87a to vehicle veh40
[Midd4VCServer] Assigning job 54332b72-7347-416c-956e-5bd742404f5d to vehicle veh1
[Midd4VCServer] job 54332b72-7347-416c-956e-5bd742404f5d completed by vehicle veh1
[Midd4VCServer] Vehicle veh36 already registered.
[Midd4VCServer] job received: 69e2eb01-9b63-4aa4-9499-49909657ab54
[Midd4VC] Job ec213271-1020-4770-818f-5d2f87d24edf timed out. Re-enqueueing.
[Midd4VC] Job 8344b50b-1aa7-48d5-9cde-326930ca8a95 timed out. Re-enqueueing.
[Midd4VCServer] Assigning job 8344b50b-1aa7-48d5-9cde-326930ca8a95 to vehicle veh12
[Midd4VCServer] Assigning job ec213271-1020-4770-818f-5d2f87d24edf to vehicle veh22
[Midd4VCServer] Assigning job 69e2eb01-9b63-4aa4-9499-49909657ab54 to vehicle veh18
[Midd4VCServer] job 69e2eb01-9b63-4aa4-9499-49909657ab54 completed by vehicle veh18
[Midd4VCServer] job 8344b50b-1aa7-48d5-9cde-326930ca8a95 completed by vehicle veh12
[Midd4VCServer] job received: 352b995d-3a1f-4ac9-9f0b-822f400b3c72
[Midd4VCServer] Assigning job 352b995d-3a1f-4ac9-9f0b-822f400b3c72 to vehicle veh12
[Midd4VCServer] job 352b995d-3a1f-4ac9-9f0b-822f400b3c72 completed by vehicle veh12
[Midd4VCServer] Vehicle veh11 already registered.
[Midd4VCServer] Vehicle veh19 already registered.
[Midd4VCServer] job received: c2097457-a848-4d9d-807f-9fda5889d11f
[Midd4VCServer] Assigning job c2097457-a848-4d9d-807f-9fda5889d11f to vehicle veh12
[Midd4VCServer] job c2097457-a848-4d9d-807f-9fda5889d11f completed by vehicle veh12
[Midd4VCServer] Vehicle veh15 already registered.
[Midd4VCServer] Vehicle veh5 already registered.
[Midd4VCServer] job received: 42872a54-1e79-4067-b883-536bdbdca6e2
[Midd4VCServer] Assigning job 42872a54-1e79-4067-b883-536bdbdca6e2 to vehicle veh14
[Midd4VCServer] job 42872a54-1e79-4067-b883-536bdbdca6e2 completed by vehicle veh14
[Midd4VCServer] Vehicle veh33 already registered.
[Midd4VCServer] job received: e4bfa6cb-1ac4-42fa-9887-207bd7862ea5
[Midd4VCServer] Assigning job e4bfa6cb-1ac4-42fa-9887-207bd7862ea5 to vehicle veh6
[Midd4VCServer] job received: 674574a0-b8a6-4b0b-a556-f7b5b5007f04
[Midd4VCServer] Assigning job 674574a0-b8a6-4b0b-a556-f7b5b5007f04 to vehicle veh35
[Midd4VCServer] job 674574a0-b8a6-4b0b-a556-f7b5b5007f04 completed by vehicle veh35
[Midd4VCServer] Vehicle veh2 already registered.
[Midd4VCServer] job received: 39ffbf06-1895-4e76-b532-2cae1524923a
[Midd4VCServer] Assigning job 39ffbf06-1895-4e76-b532-2cae1524923a to vehicle veh28
[Midd4VCServer] job received: cc8e1231-2969-4c4c-b208-01c03ffa46f4
[Midd4VC] Job 64ef8281-a576-459c-a4e9-cc7802701a03 timed out. Re-enqueueing.
[Midd4VCServer] Assigning job 64ef8281-a576-459c-a4e9-cc7802701a03 to vehicle veh27
[Midd4VCServer] Assigning job cc8e1231-2969-4c4c-b208-01c03ffa46f4 to vehicle veh12
[Midd4VCServer] Vehicle veh7 already registered.
[Midd4VCServer] job received: 6c82e7f0-2e6d-46a1-ae8e-b784c85fc23d
[Midd4VC] Job 425d8177-7a20-401b-9a81-24c2cc4af4e9 timed out. Re-enqueueing.
[Midd4VCServer] Assigning job 425d8177-7a20-401b-9a81-24c2cc4af4e9 to vehicle veh9
[Midd4VCServer] Assigning job 6c82e7f0-2e6d-46a1-ae8e-b784c85fc23d to vehicle veh21
[Midd4VCServer] Vehicle veh4 already registered.
[Midd4VCServer] Vehicle veh28 already registered.
[Midd4VCServer] job received: e5bc8c51-d033-47c3-9f44-8938ec3ed233
[Midd4VCServer] Assigning job e5bc8c51-d033-47c3-9f44-8938ec3ed233 to vehicle veh10
[Midd4VCServer] job received: 5d892dbc-99e0-4068-9ef1-8a5af8a7670c
[Midd4VC] Job 591c8f04-f7ae-4995-81fb-453d00254014 timed out. Re-enqueueing.
[Midd4VC] Job 02dfc44e-3f45-4af9-9cd0-92aa24a2b49d timed out. Re-enqueueing.
[Midd4VCServer] Assigning job 02dfc44e-3f45-4af9-9cd0-92aa24a2b49d to vehicle veh19
[Midd4VCServer] Assigning job 591c8f04-f7ae-4995-81fb-453d00254014 to vehicle veh37
[Midd4VCServer] Assigning job 5d892dbc-99e0-4068-9ef1-8a5af8a7670c to vehicle veh1
[Midd4VCServer] job 02dfc44e-3f45-4af9-9cd0-92aa24a2b49d completed by vehicle veh19
[Midd4VCServer] job 5d892dbc-99e0-4068-9ef1-8a5af8a7670c completed by vehicle veh1
[Midd4VCServer] Vehicle veh37 already registered.
[Midd4VCServer] Vehicle veh36 already registered.
[Midd4VCServer] Vehicle veh18 already registered.
[Midd4VCServer] Vehicle veh16 already registered.
[Midd4VCServer] job received: de436950-d3a3-4f9a-a6bf-1eb0d15276ec
[Midd4VC] Job 7fbdf1db-57db-4079-8f7a-a4837122c029 timed out. Re-enqueueing.
[Midd4VC] Job 976b728e-6080-4471-a4e2-48022cdbbd1b timed out. Re-enqueueing.
[Midd4VC] Job c130e581-ed06-4e02-a17f-a2791422a694 timed out. Re-enqueueing.
[Midd4VCServer] Assigning job c130e581-ed06-4e02-a17f-a2791422a694 to vehicle veh36
[Midd4VCServer] Assigning job 976b728e-6080-4471-a4e2-48022cdbbd1b to vehicle veh19
[Midd4VCServer] Assigning job 7fbdf1db-57db-4079-8f7a-a4837122c029 to vehicle veh33
[Midd4VCServer] Assigning job de436950-d3a3-4f9a-a6bf-1eb0d15276ec to vehicle veh8
[Midd4VCServer] job c130e581-ed06-4e02-a17f-a2791422a694 completed by vehicle veh36
[Midd4VCServer] job 7fbdf1db-57db-4079-8f7a-a4837122c029 completed by vehicle veh33
[Midd4VCServer] job 976b728e-6080-4471-a4e2-48022cdbbd1b completed by vehicle veh19
[Midd4VCServer] Vehicle veh6 already registered.
[Midd4VCServer] job received: a44e2b59-166d-4ce4-bcfd-65876af3e36d
[Midd4VCServer] Assigning job a44e2b59-166d-4ce4-bcfd-65876af3e36d to vehicle veh36
[Midd4VCServer] job a44e2b59-166d-4ce4-bcfd-65876af3e36d completed by vehicle veh36
[Midd4VCServer] Vehicle veh13 already registered.
[Midd4VCServer] job received: d72ec186-da79-446e-9704-251a627b81c3
[Midd4VCServer] Assigning job d72ec186-da79-446e-9704-251a627b81c3 to vehicle veh19
[Midd4VCServer] job d72ec186-da79-446e-9704-251a627b81c3 completed by vehicle veh19
[Midd4VCServer] job received: d8ad0ab4-1796-4e25-b625-7ea31714dbb2
[Midd4VC] Job dd8d5e3e-c92a-4850-a976-d61988404c1a timed out. Re-enqueueing.
[Midd4VCServer] Assigning job dd8d5e3e-c92a-4850-a976-d61988404c1a to vehicle veh15
[Midd4VCServer] Assigning job d8ad0ab4-1796-4e25-b625-7ea31714dbb2 to vehicle veh36
[Midd4VCServer] job d8ad0ab4-1796-4e25-b625-7ea31714dbb2 completed by vehicle veh36
[Midd4VCServer] Vehicle veh24 already registered.
[Midd4VCServer] job received: b1e335ce-0719-4630-b23d-8c1f1bca4201
[Midd4VCServer] Assigning job b1e335ce-0719-4630-b23d-8c1f1bca4201 to vehicle veh33
[Midd4VCServer] job b1e335ce-0719-4630-b23d-8c1f1bca4201 completed by vehicle veh33
[Midd4VCServer] job received: 4df51d6d-6548-48ff-bb68-3d02cd5f54ba
[Midd4VCServer] Assigning job 4df51d6d-6548-48ff-bb68-3d02cd5f54ba to vehicle veh18
[Midd4VCServer] job 4df51d6d-6548-48ff-bb68-3d02cd5f54ba completed by vehicle veh18
[Midd4VCServer] job received: d1e40c62-abcd-44bb-a809-2c9e291c2ee2
[Midd4VC] Job 73ec3b98-492b-443b-b0fd-0a30f9a2c635 timed out. Re-enqueueing.
[Midd4VC] Job 0bc2e6dd-0416-41ef-b848-38f1f8862be8 timed out. Re-enqueueing.
[Midd4VCServer] Assigning job 0bc2e6dd-0416-41ef-b848-38f1f8862be8 to vehicle veh20
[Midd4VCServer] Assigning job 73ec3b98-492b-443b-b0fd-0a30f9a2c635 to vehicle veh4
[Midd4VCServer] Assigning job d1e40c62-abcd-44bb-a809-2c9e291c2ee2 to vehicle veh19
[Midd4VCServer] job 73ec3b98-492b-443b-b0fd-0a30f9a2c635 completed by vehicle veh4
[Midd4VCServer] job d1e40c62-abcd-44bb-a809-2c9e291c2ee2 completed by vehicle veh19
[Midd4VCServer] job received: 59d09767-a6b4-4d68-8eb1-feb00acd2615
[Midd4VCServer] Assigning job 59d09767-a6b4-4d68-8eb1-feb00acd2615 to vehicle veh4
[Midd4VCServer] job 59d09767-a6b4-4d68-8eb1-feb00acd2615 completed by vehicle veh4
[Midd4VCServer] Vehicle veh4 already registered.
[Midd4VCServer] job received: 7ce9e4f8-7047-48ef-8551-7962e8dcaacc
[Midd4VC] Job 83ed9b76-1fd1-4525-be02-b586de09718f timed out. Re-enqueueing.
[Midd4VCServer] Assigning job 83ed9b76-1fd1-4525-be02-b586de09718f to vehicle veh4
[Midd4VCServer] Assigning job 7ce9e4f8-7047-48ef-8551-7962e8dcaacc to vehicle veh31
[Midd4VCServer] job 83ed9b76-1fd1-4525-be02-b586de09718f completed by vehicle veh4
[Midd4VCServer] Vehicle veh22 already registered.
[Midd4VCServer] Vehicle veh17 already registered.
[Midd4VCServer] Vehicle veh19 already registered.
[Midd4VCServer] job received: c69b3c44-2461-4606-bb4a-7fab1a73f37f
[Midd4VCServer] Assigning job c69b3c44-2461-4606-bb4a-7fab1a73f37f to vehicle veh4
[Midd4VCServer] Vehicle veh12 already registered.
[Midd4VCServer] job received: a068bd7f-b322-40d5-b8d9-5e5c3415ac79
[Midd4VC] Job 55dafa6e-3c67-4aaa-9128-2ae37d01d6aa timed out. Re-enqueueing.
[Midd4VC] Job ce9edbac-8282-4b62-8b43-cd97238dcbe9 timed out. Re-enqueueing.
[Midd4VCServer] Assigning job ce9edbac-8282-4b62-8b43-cd97238dcbe9 to vehicle veh26
[Midd4VCServer] Assigning job 55dafa6e-3c67-4aaa-9128-2ae37d01d6aa to vehicle veh11
[Midd4VCServer] Assigning job a068bd7f-b322-40d5-b8d9-5e5c3415ac79 to vehicle veh36
[Midd4VCServer] job a068bd7f-b322-40d5-b8d9-5e5c3415ac79 completed by vehicle veh36
[Midd4VCServer] Vehicle veh35 already registered.
[Midd4VCServer] Vehicle veh34 already registered.
[Midd4VCServer] job received: 470f35f2-61a9-49e4-b93b-c359c9dd5849
[Midd4VCServer] Assigning job 470f35f2-61a9-49e4-b93b-c359c9dd5849 to vehicle veh29
[Midd4VCServer] job received: 4827ea82-baca-48b6-8088-8cb2849e8c03
[Midd4VCServer] Assigning job 4827ea82-baca-48b6-8088-8cb2849e8c03 to vehicle veh5
[Midd4VCServer] job 4827ea82-baca-48b6-8088-8cb2849e8c03 completed by vehicle veh5
[Midd4VCServer] job received: 5edeba4e-b734-4f62-873c-a1a8a9cc449e
[Midd4VCServer] Assigning job 5edeba4e-b734-4f62-873c-a1a8a9cc449e to vehicle veh33
[Midd4VCServer] job 5edeba4e-b734-4f62-873c-a1a8a9cc449e completed by vehicle veh33
[Midd4VCServer] Vehicle veh4 already registered.
[Midd4VCServer] Vehicle veh2 already registered.
[Midd4VCServer] job received: f9953dcf-3f39-46d6-b93d-927a3a50768d
[Midd4VC] Job a160ee9f-491f-42a4-8406-89f7f7bde510 timed out. Re-enqueueing.
[Midd4VC] Job 461cdfad-841e-40d6-9d9e-5de4f4119248 timed out. Re-enqueueing.
[Midd4VC] Job 04b4a05b-dd9d-4073-ab2e-2738532fbd63 timed out. Re-enqueueing.
[Midd4VCServer] Assigning job 04b4a05b-dd9d-4073-ab2e-2738532fbd63 to vehicle veh17
[Midd4VCServer] Assigning job 461cdfad-841e-40d6-9d9e-5de4f4119248 to vehicle veh38
[Midd4VCServer] Assigning job a160ee9f-491f-42a4-8406-89f7f7bde510 to vehicle veh39
[Midd4VCServer] Assigning job f9953dcf-3f39-46d6-b93d-927a3a50768d to vehicle veh14
[Midd4VCServer] job a160ee9f-491f-42a4-8406-89f7f7bde510 completed by vehicle veh39
[Midd4VCServer] job f9953dcf-3f39-46d6-b93d-927a3a50768d completed by vehicle veh14
[Midd4VCServer] job received: dab97ed9-a091-40ea-a931-5aef90f49673
[Midd4VCServer] Assigning job dab97ed9-a091-40ea-a931-5aef90f49673 to vehicle veh39
[Midd4VCServer] job dab97ed9-a091-40ea-a931-5aef90f49673 completed by vehicle veh39
[Midd4VCServer] job received: e5b365f2-adfd-4cf7-90e3-7a194f3d1be1
[Midd4VC] Job 8ba37407-00cb-4260-8a01-71d58c24318e timed out. Re-enqueueing.
[Midd4VCServer] Assigning job 8ba37407-00cb-4260-8a01-71d58c24318e to vehicle veh3
[Midd4VCServer] Assigning job e5b365f2-adfd-4cf7-90e3-7a194f3d1be1 to vehicle veh35
[Midd4VCServer] job e5b365f2-adfd-4cf7-90e3-7a194f3d1be1 completed by vehicle veh35
[Midd4VCServer] Vehicle veh27 already registered.
[Midd4VCServer] job received: 947b8d74-18af-4a78-a12f-7c4f65c14115
[Midd4VC] Job a874387b-e661-454e-bc8c-0f32f1bf82fc timed out. Re-enqueueing.
[Midd4VC] Job f44cac34-6f01-49a7-8365-dc6ec37e3bdd timed out. Re-enqueueing.
[Midd4VCServer] Assigning job f44cac34-6f01-49a7-8365-dc6ec37e3bdd to vehicle veh32
[Midd4VCServer] Assigning job a874387b-e661-454e-bc8c-0f32f1bf82fc to vehicle veh2
[Midd4VCServer] Assigning job 947b8d74-18af-4a78-a12f-7c4f65c14115 to vehicle veh1
[Midd4VCServer] job a874387b-e661-454e-bc8c-0f32f1bf82fc completed by vehicle veh2
[Midd4VCServer] job 947b8d74-18af-4a78-a12f-7c4f65c14115 completed by vehicle veh1
[Midd4VCServer] Vehicle veh40 already registered.
[Midd4VCServer] Vehicle veh13 already registered.
[Midd4VCServer] job received: e9ac4780-0c2b-415d-bba2-52fff64d2770
[Midd4VCServer] Assigning job e9ac4780-0c2b-415d-bba2-52fff64d2770 to vehicle veh2
[Midd4VCServer] job e9ac4780-0c2b-415d-bba2-52fff64d2770 completed by vehicle veh2
[Midd4VCServer] job received: 74a40986-a668-44b3-9aec-8d3ea82750c7
[Midd4VCServer] Assigning job 74a40986-a668-44b3-9aec-8d3ea82750c7 to vehicle veh2
[Midd4VCServer] job 74a40986-a668-44b3-9aec-8d3ea82750c7 completed by vehicle veh2
[Midd4VCServer] job received: 6224c291-f453-4b57-bb79-1bcfda0614d2
[Midd4VCServer] Assigning job 6224c291-f453-4b57-bb79-1bcfda0614d2 to vehicle veh2
[Midd4VCServer] job 6224c291-f453-4b57-bb79-1bcfda0614d2 completed by vehicle veh2
[Midd4VCServer] job received: 5d5f2ecd-911a-49dd-9a41-6114e70e95f7
[Midd4VCServer] Assigning job 5d5f2ecd-911a-49dd-9a41-6114e70e95f7 to vehicle veh18
[Midd4VCServer] job 5d5f2ecd-911a-49dd-9a41-6114e70e95f7 completed by vehicle veh18
[Midd4VCServer] Vehicle veh30 already registered.
[Midd4VCServer] Vehicle veh10 already registered.
[Midd4VCServer] job received: c1cda7e1-840d-48f6-9f97-204d93b21e03
[Midd4VC] Job 3cce7f20-91a5-40b7-a0ff-302089f78605 timed out. Re-enqueueing.
[Midd4VCServer] Assigning job 3cce7f20-91a5-40b7-a0ff-302089f78605 to vehicle veh16
[Midd4VCServer] Assigning job c1cda7e1-840d-48f6-9f97-204d93b21e03 to vehicle veh39
[Midd4VCServer] Vehicle veh23 already registered.
[Midd4VCServer] Vehicle veh5 already registered.
[Midd4VCServer] job received: 89cad352-ce2c-4297-91a7-8f1de868a78f
[Midd4VC] Job a367a102-1b2f-4f3b-98da-8055e11f9cf2 timed out. Re-enqueueing.
[Midd4VCServer] Assigning job a367a102-1b2f-4f3b-98da-8055e11f9cf2 to vehicle veh24
[Midd4VCServer] Assigning job 89cad352-ce2c-4297-91a7-8f1de868a78f to vehicle veh19
[Midd4VCServer] Vehicle veh8 already registered.
[Midd4VCServer] Vehicle veh3 already registered.
[Midd4VCServer] job received: 7487cce7-2e1c-4ef5-9d3b-74c901c3419d
[Midd4VC] Job 2a1a144c-f23e-4267-9156-a2fcce8864f4 timed out. Re-enqueueing.
[Midd4VC] Job a3d319ea-f713-4810-817c-03f4f4382cd4 timed out. Re-enqueueing.
[Midd4VC] Job 1a336aaf-156b-471a-841d-278e6ca24849 timed out. Re-enqueueing.
[Midd4VCServer] Assigning job 1a336aaf-156b-471a-841d-278e6ca24849 to vehicle veh13
[Midd4VCServer] Assigning job a3d319ea-f713-4810-817c-03f4f4382cd4 to vehicle veh34
[Midd4VCServer] Assigning job 2a1a144c-f23e-4267-9156-a2fcce8864f4 to vehicle veh30
[Midd4VCServer] Assigning job 7487cce7-2e1c-4ef5-9d3b-74c901c3419d to vehicle veh36
[Midd4VCServer] job 1a336aaf-156b-471a-841d-278e6ca24849 completed by vehicle veh13
[Midd4VCServer] job 2a1a144c-f23e-4267-9156-a2fcce8864f4 completed by vehicle veh30
[Midd4VCServer] Vehicle veh27 already registered.
[Midd4VCServer] job received: c6a789c1-f10a-4b0f-be7d-9a99b4977fd4
[Midd4VCServer] Assigning job c6a789c1-f10a-4b0f-be7d-9a99b4977fd4 to vehicle veh13
[Midd4VCServer] job c6a789c1-f10a-4b0f-be7d-9a99b4977fd4 completed by vehicle veh13
[Midd4VCServer] Vehicle veh9 already registered.
[Midd4VCServer] job received: 0253dd18-e194-4322-851a-2cede542de14
[Midd4VCServer] Assigning job 0253dd18-e194-4322-851a-2cede542de14 to vehicle veh13
[Midd4VCServer] job 0253dd18-e194-4322-851a-2cede542de14 completed by vehicle veh13
[Midd4VCServer] job received: e78ae356-7cd7-4ccd-bde4-b2dd9281a403
[Midd4VC] Job f7838b7c-bb92-4f5f-84d4-01cb154cce11 timed out. Re-enqueueing.
[Midd4VC] Job 2c4046ab-6540-4c53-a252-db9fb1610bc1 timed out. Re-enqueueing.
[Midd4VC] Job c65ac7b1-d867-484c-b3b7-3bdfeb3b9e17 timed out. Re-enqueueing.
[Midd4VCServer] Assigning job c65ac7b1-d867-484c-b3b7-3bdfeb3b9e17 to vehicle veh23
[Midd4VCServer] Assigning job 2c4046ab-6540-4c53-a252-db9fb1610bc1 to vehicle veh7
[Midd4VCServer] Assigning job f7838b7c-bb92-4f5f-84d4-01cb154cce11 to vehicle veh25
[Midd4VCServer] Assigning job e78ae356-7cd7-4ccd-bde4-b2dd9281a403 to vehicle veh30
[Midd4VCServer] job e78ae356-7cd7-4ccd-bde4-b2dd9281a403 completed by vehicle veh30
[Midd4VCServer] job c65ac7b1-d867-484c-b3b7-3bdfeb3b9e17 completed by vehicle veh23
[Midd4VCServer] job f7838b7c-bb92-4f5f-84d4-01cb154cce11 completed by vehicle veh25
[Midd4VCServer] Vehicle veh12 already registered.
[Midd4VCServer] job received: b6b55740-b931-4ef4-a916-b4048a6e6595
[Midd4VCServer] Assigning job b6b55740-b931-4ef4-a916-b4048a6e6595 to vehicle veh23
[Midd4VCServer] job b6b55740-b931-4ef4-a916-b4048a6e6595 completed by vehicle veh23
[Midd4VCServer] Vehicle veh4 already registered.
[Midd4VCServer] Vehicle veh40 already registered.
[Midd4VCServer] job received: cf361660-988a-4f52-8b97-723c5564d414
[Midd4VCServer] Assigning job cf361660-988a-4f52-8b97-723c5564d414 to vehicle veh23
[Midd4VCServer] job cf361660-988a-4f52-8b97-723c5564d414 completed by vehicle veh23
[Midd4VCServer] job received: a777910f-1bc1-4751-aca6-124f505f968e
[Midd4VCServer] Assigning job a777910f-1bc1-4751-aca6-124f505f968e to vehicle veh23
[Midd4VCServer] job a777910f-1bc1-4751-aca6-124f505f968e completed by vehicle veh23
[Midd4VCServer] Vehicle veh15 already registered.
[Midd4VCServer] Vehicle veh16 already registered.
[Midd4VCServer] job received: fd19e717-041b-4f31-b145-a4e087aba736
[Midd4VC] Job 765462a4-3f1d-43a0-bf01-7533a4e3b87a timed out. Re-enqueueing.
[Midd4VCServer] Assigning job 765462a4-3f1d-43a0-bf01-7533a4e3b87a to vehicle veh40
[Midd4VCServer] Assigning job fd19e717-041b-4f31-b145-a4e087aba736 to vehicle veh23
[Midd4VCServer] job 765462a4-3f1d-43a0-bf01-7533a4e3b87a completed by vehicle veh40
[Midd4VCServer] job fd19e717-041b-4f31-b145-a4e087aba736 completed by vehicle veh23
[Midd4VCServer] job received: 56794e1a-993b-4e02-96d8-c74eeb01a19a
[Midd4VCServer] Assigning job 56794e1a-993b-4e02-96d8-c74eeb01a19a to vehicle veh40
[Midd4VCServer] job 56794e1a-993b-4e02-96d8-c74eeb01a19a completed by vehicle veh40
[Midd4VCServer] Vehicle veh8 already registered.
[Midd4VCServer] Vehicle veh11 already registered.
[Midd4VCServer] Vehicle veh32 already registered.
[Midd4VCServer] job received: ab545de8-ff63-4949-81d7-0112a57c15ea
[Midd4VC] Job ec213271-1020-4770-818f-5d2f87d24edf timed out. Re-enqueueing.
[Midd4VCServer] Assigning job ec213271-1020-4770-818f-5d2f87d24edf to vehicle veh22
[Midd4VCServer] Assigning job ab545de8-ff63-4949-81d7-0112a57c15ea to vehicle veh40
[Midd4VCServer] job ec213271-1020-4770-818f-5d2f87d24edf completed by vehicle veh22
[Midd4VCServer] job ab545de8-ff63-4949-81d7-0112a57c15ea completed by vehicle veh40
[Midd4VCServer] Vehicle veh39 already registered.
[Midd4VCServer] Vehicle veh35 already registered.
[Midd4VCServer] Vehicle veh21 already registered.
[Midd4VCServer] job received: 3e6b6aa9-07b3-4acd-9e87-d6d5d35cd6af
[Midd4VC] Job e4bfa6cb-1ac4-42fa-9887-207bd7862ea5 timed out. Re-enqueueing.
[Midd4VCServer] Assigning job e4bfa6cb-1ac4-42fa-9887-207bd7862ea5 to vehicle veh22
[Midd4VCServer] Assigning job 3e6b6aa9-07b3-4acd-9e87-d6d5d35cd6af to vehicle veh6
[Midd4VCServer] job e4bfa6cb-1ac4-42fa-9887-207bd7862ea5 completed by vehicle veh22
[Midd4VCServer] Vehicle veh5 already registered.
[Midd4VCServer] job received: 28f135c7-7e20-4164-a03e-7cb0c5718cb4
[Midd4VC] Job 39ffbf06-1895-4e76-b532-2cae1524923a timed out. Re-enqueueing.
[Midd4VCServer] Assigning job 39ffbf06-1895-4e76-b532-2cae1524923a to vehicle veh28
[Midd4VCServer] Assigning job 28f135c7-7e20-4164-a03e-7cb0c5718cb4 to vehicle veh22
[Midd4VCServer] job 28f135c7-7e20-4164-a03e-7cb0c5718cb4 completed by vehicle veh22
[Midd4VCServer] job received: 8242a933-6c7d-482a-8911-3851e8ad7581
[Midd4VCServer] Assigning job 8242a933-6c7d-482a-8911-3851e8ad7581 to vehicle veh23
[Midd4VCServer] job 8242a933-6c7d-482a-8911-3851e8ad7581 completed by vehicle veh23
[Midd4VCServer] job received: d72ab650-b4a8-444e-952b-7ba00732316d
[Midd4VCServer] Assigning job d72ab650-b4a8-444e-952b-7ba00732316d to vehicle veh25
[Midd4VCServer] job received: 275777cb-e4b1-4b7c-b441-420f7523b330
[Midd4VCServer] Assigning job 275777cb-e4b1-4b7c-b441-420f7523b330 to vehicle veh13
[Midd4VCServer] job 275777cb-e4b1-4b7c-b441-420f7523b330 completed by vehicle veh13
[Midd4VCServer] job received: 6edb98dc-3c55-4545-baa5-dca5d3797ae0
[Midd4VCServer] Assigning job 6edb98dc-3c55-4545-baa5-dca5d3797ae0 to vehicle veh40
[Midd4VCServer] job 6edb98dc-3c55-4545-baa5-dca5d3797ae0 completed by vehicle veh40
[Midd4VCServer] job received: a26dd864-a54b-4acb-8be1-2532777c7cec
[Midd4VCServer] Assigning job a26dd864-a54b-4acb-8be1-2532777c7cec to vehicle veh22
[Midd4VCServer] job a26dd864-a54b-4acb-8be1-2532777c7cec completed by vehicle veh22
[Midd4VCServer] Vehicle veh18 already registered.
[Midd4VCServer] Vehicle veh21 already registered.
[Midd4VCServer] job received: cda61cb5-2881-4fe7-91ac-196dbf3a6c24
[Midd4VC] Job 64ef8281-a576-459c-a4e9-cc7802701a03 timed out. Re-enqueueing.
[Midd4VC] Job cc8e1231-2969-4c4c-b208-01c03ffa46f4 timed out. Re-enqueueing.
[Midd4VC] Job 425d8177-7a20-401b-9a81-24c2cc4af4e9 timed out. Re-enqueueing.
[Midd4VC] Job 6c82e7f0-2e6d-46a1-ae8e-b784c85fc23d timed out. Re-enqueueing.
[Midd4VCServer] Assigning job 6c82e7f0-2e6d-46a1-ae8e-b784c85fc23d to vehicle veh27
[Midd4VCServer] Assigning job 425d8177-7a20-401b-9a81-24c2cc4af4e9 to vehicle veh9
[Midd4VCServer] Assigning job cc8e1231-2969-4c4c-b208-01c03ffa46f4 to vehicle veh12
[Midd4VCServer] Assigning job 64ef8281-a576-459c-a4e9-cc7802701a03 to vehicle veh21
[Midd4VCServer] Assigning job cda61cb5-2881-4fe7-91ac-196dbf3a6c24 to vehicle veh5
[Midd4VCServer] job 425d8177-7a20-401b-9a81-24c2cc4af4e9 completed by vehicle veh9
[Midd4VCServer] job cda61cb5-2881-4fe7-91ac-196dbf3a6c24 completed by vehicle veh5
[Midd4VCServer] job 64ef8281-a576-459c-a4e9-cc7802701a03 completed by vehicle veh21
[Midd4VCServer] job cc8e1231-2969-4c4c-b208-01c03ffa46f4 completed by vehicle veh12
[Midd4VCServer] job received: 04679e9f-b6b6-4571-8798-7b2593520844
[Midd4VCServer] Assigning job 04679e9f-b6b6-4571-8798-7b2593520844 to vehicle veh9
[Midd4VCServer] job 04679e9f-b6b6-4571-8798-7b2593520844 completed by vehicle veh9
[Midd4VCServer] Vehicle veh39 already registered.
[Midd4VCServer] Vehicle veh16 already registered.
[Midd4VCServer] job received: 9b362a0b-575d-4092-ab7d-1add2ceeebea
[Midd4VC] Job e5bc8c51-d033-47c3-9f44-8938ec3ed233 timed out. Re-enqueueing.
[Midd4VC] Job 591c8f04-f7ae-4995-81fb-453d00254014 timed out. Re-enqueueing.
[Midd4VCServer] Assigning job 591c8f04-f7ae-4995-81fb-453d00254014 to vehicle veh9
[Midd4VCServer] Assigning job e5bc8c51-d033-47c3-9f44-8938ec3ed233 to vehicle veh37
[Midd4VCServer] Assigning job 9b362a0b-575d-4092-ab7d-1add2ceeebea to vehicle veh10
[Midd4VCServer] job 591c8f04-f7ae-4995-81fb-453d00254014 completed by vehicle veh9
[Midd4VCServer] job 9b362a0b-575d-4092-ab7d-1add2ceeebea completed by vehicle veh10
[Midd4VCServer] Vehicle veh25 already registered.
[Midd4VCServer] job received: 0e11868d-d5d3-4f07-9609-607c8ac1f094
[Midd4VCServer] Assigning job 0e11868d-d5d3-4f07-9609-607c8ac1f094 to vehicle veh9
[Midd4VCServer] job 0e11868d-d5d3-4f07-9609-607c8ac1f094 completed by vehicle veh9
[Midd4VCServer] Vehicle veh14 already registered.
[Midd4VCServer] Vehicle veh3 already registered.
[Midd4VCServer] Vehicle veh7 already registered.
[Midd4VCServer] Vehicle veh15 already registered.
[Midd4VCServer] Vehicle veh33 already registered.
[Midd4VCServer] job received: 82ac4846-3840-4d66-8fb9-a8feb18ac5af
[Midd4VC] Job de436950-d3a3-4f9a-a6bf-1eb0d15276ec timed out. Re-enqueueing.
[Midd4VCServer] Assigning job de436950-d3a3-4f9a-a6bf-1eb0d15276ec to vehicle veh8
[Midd4VCServer] Assigning job 82ac4846-3840-4d66-8fb9-a8feb18ac5af to vehicle veh9
[Midd4VCServer] job 82ac4846-3840-4d66-8fb9-a8feb18ac5af completed by vehicle veh9
[Midd4VCServer] job received: 9afb59c8-aef4-49d1-ad43-edcc3ab357c3
[Midd4VCServer] Assigning job 9afb59c8-aef4-49d1-ad43-edcc3ab357c3 to vehicle veh12
[Midd4VCServer] job 9afb59c8-aef4-49d1-ad43-edcc3ab357c3 completed by vehicle veh12
[Midd4VCServer] Vehicle veh29 already registered.
[Midd4VCServer] job received: aa0c0687-5ebf-42bb-b05f-47234eb86789
[Midd4VC] Job dd8d5e3e-c92a-4850-a976-d61988404c1a timed out. Re-enqueueing.
[Midd4VCServer] Assigning job dd8d5e3e-c92a-4850-a976-d61988404c1a to vehicle veh15
[Midd4VCServer] Assigning job aa0c0687-5ebf-42bb-b05f-47234eb86789 to vehicle veh21
[Midd4VCServer] job dd8d5e3e-c92a-4850-a976-d61988404c1a completed by vehicle veh15
[Midd4VCServer] job received: cf444e61-672f-4390-8e12-d7df137d5497
[Midd4VC] Job 0bc2e6dd-0416-41ef-b848-38f1f8862be8 timed out. Re-enqueueing.
[Midd4VCServer] Assigning job 0bc2e6dd-0416-41ef-b848-38f1f8862be8 to vehicle veh20
[Midd4VCServer] Assigning job cf444e61-672f-4390-8e12-d7df137d5497 to vehicle veh15
[Midd4VCServer] job 0bc2e6dd-0416-41ef-b848-38f1f8862be8 completed by vehicle veh20
[Midd4VCServer] job cf444e61-672f-4390-8e12-d7df137d5497 completed by vehicle veh15
[Midd4VCServer] job received: 30518291-e6f1-4e97-b1aa-be18ea9924a0
[Midd4VCServer] Assigning job 30518291-e6f1-4e97-b1aa-be18ea9924a0 to vehicle veh20
[Midd4VCServer] job 30518291-e6f1-4e97-b1aa-be18ea9924a0 completed by vehicle veh20
[Midd4VCServer] Vehicle veh20 already registered.
[Midd4VCServer] job received: ae8d1921-b6ed-403b-8323-1b9a7acbe46c
[Midd4VC] Job 7ce9e4f8-7047-48ef-8551-7962e8dcaacc timed out. Re-enqueueing.
[Midd4VCServer] Assigning job 7ce9e4f8-7047-48ef-8551-7962e8dcaacc to vehicle veh20
[Midd4VCServer] Assigning job ae8d1921-b6ed-403b-8323-1b9a7acbe46c to vehicle veh31
[Midd4VCServer] job 7ce9e4f8-7047-48ef-8551-7962e8dcaacc completed by vehicle veh20
[Midd4VCServer] Vehicle veh1 already registered.
[Midd4VCServer] Vehicle veh28 already registered.
[Midd4VCServer] job received: d936bc72-fa71-4b92-8afa-aae364880d36
[Midd4VCServer] Assigning job d936bc72-fa71-4b92-8afa-aae364880d36 to vehicle veh20
[Midd4VCServer] job d936bc72-fa71-4b92-8afa-aae364880d36 completed by vehicle veh20
[Midd4VCServer] Vehicle veh8 already registered.
[Midd4VCServer] job received: 15fb93e5-3952-40c7-9394-47d7c9fb43d5
[Midd4VCServer] Assigning job 15fb93e5-3952-40c7-9394-47d7c9fb43d5 to vehicle veh20
[Midd4VCServer] job 15fb93e5-3952-40c7-9394-47d7c9fb43d5 completed by vehicle veh20
[Midd4VCServer] job received: 2cbfc1ae-d969-4644-98da-ce01391e1e00
[Midd4VCServer] Assigning job 2cbfc1ae-d969-4644-98da-ce01391e1e00 to vehicle veh15
[Midd4VCServer] job 2cbfc1ae-d969-4644-98da-ce01391e1e00 completed by vehicle veh15
[Midd4VCServer] Vehicle veh25 already registered.
[Midd4VCServer] Vehicle veh31 already registered.
[Midd4VCServer] job received: 1077a4c9-950d-4aac-90f3-a79c74a9c10c
[Midd4VC] Job c69b3c44-2461-4606-bb4a-7fab1a73f37f timed out. Re-enqueueing.
[Midd4VC] Job ce9edbac-8282-4b62-8b43-cd97238dcbe9 timed out. Re-enqueueing.
[Midd4VC] Job 55dafa6e-3c67-4aaa-9128-2ae37d01d6aa timed out. Re-enqueueing.
[Midd4VCServer] Assigning job 55dafa6e-3c67-4aaa-9128-2ae37d01d6aa to vehicle veh26
[Midd4VCServer] Assigning job ce9edbac-8282-4b62-8b43-cd97238dcbe9 to vehicle veh11
[Midd4VCServer] Assigning job c69b3c44-2461-4606-bb4a-7fab1a73f37f to vehicle veh4
[Midd4VCServer] Assigning job 1077a4c9-950d-4aac-90f3-a79c74a9c10c to vehicle veh10
[Midd4VCServer] job 1077a4c9-950d-4aac-90f3-a79c74a9c10c completed by vehicle veh10
[Midd4VCServer] job received: 5118bc07-2091-4e01-9024-f4775b9ba995
[Midd4VCServer] Assigning job 5118bc07-2091-4e01-9024-f4775b9ba995 to vehicle veh9
[Midd4VCServer] Vehicle veh36 already registered.
[Midd4VCServer] job received: 1f73ef15-b2aa-40e7-af1f-6d2b7f07f786
[Midd4VC] Job 470f35f2-61a9-49e4-b93b-c359c9dd5849 timed out. Re-enqueueing.
[Midd4VCServer] Assigning job 470f35f2-61a9-49e4-b93b-c359c9dd5849 to vehicle veh29
[Midd4VCServer] Assigning job 1f73ef15-b2aa-40e7-af1f-6d2b7f07f786 to vehicle veh23
[Midd4VCServer] job 470f35f2-61a9-49e4-b93b-c359c9dd5849 completed by vehicle veh29
[Midd4VCServer] Vehicle veh7 already registered.
[Midd4VCServer] Vehicle veh14 already registered.
[Midd4VCServer] job received: ac0328df-0203-462a-8ec1-dc71ee5ec50a
[Midd4VC] Job 04b4a05b-dd9d-4073-ab2e-2738532fbd63 timed out. Re-enqueueing.
[Midd4VC] Job 461cdfad-841e-40d6-9d9e-5de4f4119248 timed out. Re-enqueueing.
[Midd4VC] Job 8ba37407-00cb-4260-8a01-71d58c24318e timed out. Re-enqueueing.
[Midd4VCServer] Assigning job 8ba37407-00cb-4260-8a01-71d58c24318e to vehicle veh17
[Midd4VCServer] Assigning job 461cdfad-841e-40d6-9d9e-5de4f4119248 to vehicle veh38
[Midd4VCServer] Assigning job 04b4a05b-dd9d-4073-ab2e-2738532fbd63 to vehicle veh3
[Midd4VCServer] Assigning job ac0328df-0203-462a-8ec1-dc71ee5ec50a to vehicle veh29
[Midd4VCServer] Vehicle veh6 already registered.
[Midd4VCServer] job received: a40d4920-90f2-4dd9-86a8-366875ffda6b
[Midd4VCServer] Assigning job a40d4920-90f2-4dd9-86a8-366875ffda6b to vehicle veh20
[Midd4VCServer] Vehicle veh4 already registered.
[Midd4VCServer] Vehicle veh30 already registered.
[Midd4VCServer] job received: ec843574-e66e-43f9-8d1a-3e4956056ae7
[Midd4VC] Job f44cac34-6f01-49a7-8365-dc6ec37e3bdd timed out. Re-enqueueing.
[Midd4VCServer] Assigning job f44cac34-6f01-49a7-8365-dc6ec37e3bdd to vehicle veh32
[Midd4VCServer] Assigning job ec843574-e66e-43f9-8d1a-3e4956056ae7 to vehicle veh33
[Midd4VCServer] job f44cac34-6f01-49a7-8365-dc6ec37e3bdd completed by vehicle veh32
[Midd4VCServer] job ec843574-e66e-43f9-8d1a-3e4956056ae7 completed by vehicle veh33
[Midd4VCServer] Vehicle veh27 already registered.
[Midd4VCServer] job received: 95a48aad-7a32-4368-9d48-859540b0371d
[Midd4VCServer] Assigning job 95a48aad-7a32-4368-9d48-859540b0371d to vehicle veh32
[Midd4VCServer] job 95a48aad-7a32-4368-9d48-859540b0371d completed by vehicle veh32
[Midd4VCServer] Vehicle veh32 already registered.
[Midd4VCServer] Vehicle veh25 already registered.
[Midd4VCServer] job received: d158be41-32a1-4e01-b152-d58113ec36c8
[Midd4VCServer] Assigning job d158be41-32a1-4e01-b152-d58113ec36c8 to vehicle veh32
[Midd4VCServer] job d158be41-32a1-4e01-b152-d58113ec36c8 completed by vehicle veh32
[Midd4VCServer] job received: c9c7fd3e-52a7-46ed-8a18-e02767ddddce
[Midd4VCServer] Assigning job c9c7fd3e-52a7-46ed-8a18-e02767ddddce to vehicle veh32
[Midd4VCServer] job c9c7fd3e-52a7-46ed-8a18-e02767ddddce completed by vehicle veh32
[Midd4VCServer] Vehicle veh29 already registered.
[Midd4VCServer] Vehicle veh37 already registered.
[Midd4VCServer] job received: 33add379-c8f6-430d-831c-22917b1a0f26
[Midd4VC] Job 3cce7f20-91a5-40b7-a0ff-302089f78605 timed out. Re-enqueueing.
[Midd4VC] Job c1cda7e1-840d-48f6-9f97-204d93b21e03 timed out. Re-enqueueing.
[Midd4VCServer] Assigning job c1cda7e1-840d-48f6-9f97-204d93b21e03 to vehicle veh16
[Midd4VCServer] Assigning job 3cce7f20-91a5-40b7-a0ff-302089f78605 to vehicle veh39
[Midd4VCServer] Assigning job 33add379-c8f6-430d-831c-22917b1a0f26 to vehicle veh30
[Midd4VCServer] job c1cda7e1-840d-48f6-9f97-204d93b21e03 completed by vehicle veh16
[Midd4VCServer] job 33add379-c8f6-430d-831c-22917b1a0f26 completed by vehicle veh30
[Midd4VCServer] Vehicle veh11 already registered.
[Midd4VCServer] Vehicle veh2 already registered.
[Midd4VCServer] Vehicle veh17 already registered.
[Midd4VCServer] Vehicle veh38 already registered.
[Midd4VCServer] job received: 5ce0476b-fa7a-4704-9651-c6a051bfbba0
[Midd4VC] Job a367a102-1b2f-4f3b-98da-8055e11f9cf2 timed out. Re-enqueueing.
[Midd4VC] Job 89cad352-ce2c-4297-91a7-8f1de868a78f timed out. Re-enqueueing.
[Midd4VCServer] Assigning job 89cad352-ce2c-4297-91a7-8f1de868a78f to vehicle veh24
[Midd4VCServer] Assigning job a367a102-1b2f-4f3b-98da-8055e11f9cf2 to vehicle veh16
[Midd4VCServer] Assigning job 5ce0476b-fa7a-4704-9651-c6a051bfbba0 to vehicle veh19
[Midd4VCServer] job a367a102-1b2f-4f3b-98da-8055e11f9cf2 completed by vehicle veh16
[Midd4VCServer] job received: f8f52c8a-6318-4d4e-9a3c-9cd02f59e687
[Midd4VCServer] Assigning job f8f52c8a-6318-4d4e-9a3c-9cd02f59e687 to vehicle veh16
[Midd4VCServer] job f8f52c8a-6318-4d4e-9a3c-9cd02f59e687 completed by vehicle veh16
[Midd4VCServer] Vehicle veh33 already registered.
[Midd4VCServer] job received: 96b43167-6997-45ef-845a-9abfc2b903bd
[Midd4VCServer] Assigning job 96b43167-6997-45ef-845a-9abfc2b903bd to vehicle veh15
[Midd4VCServer] job 96b43167-6997-45ef-845a-9abfc2b903bd completed by vehicle veh15
[Midd4VCServer] Vehicle veh1 already registered.
[Midd4VCServer] job received: a09a538a-211b-486d-9d22-e452ae322b0d
[Midd4VC] Job a3d319ea-f713-4810-817c-03f4f4382cd4 timed out. Re-enqueueing.
[Midd4VC] Job 7487cce7-2e1c-4ef5-9d3b-74c901c3419d timed out. Re-enqueueing.
[Midd4VCServer] Assigning job 7487cce7-2e1c-4ef5-9d3b-74c901c3419d to vehicle veh34
[Midd4VCServer] Assigning job a3d319ea-f713-4810-817c-03f4f4382cd4 to vehicle veh36
[Midd4VCServer] Assigning job a09a538a-211b-486d-9d22-e452ae322b0d to vehicle veh14
[Midd4VCServer] job received: 756db797-f047-44ef-b7f8-df179b9e9e6a
[Midd4VCServer] Assigning job 756db797-f047-44ef-b7f8-df179b9e9e6a to vehicle veh32
[Midd4VCServer] job 756db797-f047-44ef-b7f8-df179b9e9e6a completed by vehicle veh32
[Midd4VCServer] Vehicle veh26 already registered.
[Midd4VCServer] Vehicle veh30 already registered.
[Midd4VCServer] Vehicle veh20 already registered.
[Midd4VCServer] job received: e71f9b91-b42a-49f8-83bf-08ccba0f78c9
[Midd4VC] Job 2c4046ab-6540-4c53-a252-db9fb1610bc1 timed out. Re-enqueueing.
[Midd4VCServer] Assigning job 2c4046ab-6540-4c53-a252-db9fb1610bc1 to vehicle veh7
[Midd4VCServer] Assigning job e71f9b91-b42a-49f8-83bf-08ccba0f78c9 to vehicle veh2
[Midd4VCServer] job e71f9b91-b42a-49f8-83bf-08ccba0f78c9 completed by vehicle veh2
[Midd4VCServer] job received: 90b0f77b-a946-4ac9-bde5-b860e1624725
[Midd4VCServer] Assigning job 90b0f77b-a946-4ac9-bde5-b860e1624725 to vehicle veh35
[Midd4VCServer] Vehicle veh9 already registered.
[Midd4VCServer] Vehicle veh5 already registered.
[Midd4VCServer] Vehicle veh36 already registered.
[Midd4VCServer] Vehicle veh11 already registered.
[Midd4VCServer] Vehicle veh18 already registered.
[Midd4VCServer] job received: 8be0f33e-a320-497d-8813-a5d067e73b72
[Midd4VCServer] Assigning job 8be0f33e-a320-497d-8813-a5d067e73b72 to vehicle veh13
[Midd4VCServer] job received: 16fef267-923a-4720-b569-bf79ad9f23e3
[Midd4VCServer] Assigning job 16fef267-923a-4720-b569-bf79ad9f23e3 to vehicle veh12
[Midd4VCServer] job 16fef267-923a-4720-b569-bf79ad9f23e3 completed by vehicle veh12
[Midd4VCServer] Vehicle veh15 already registered.
[Midd4VCServer] Vehicle veh31 already registered.
[Midd4VCServer] job received: 31bc13cd-ae00-4458-8455-bff8f20e52f8
[Midd4VCServer] Assigning job 31bc13cd-ae00-4458-8455-bff8f20e52f8 to vehicle veh10
[Midd4VCServer] Vehicle veh14 already registered.
[Midd4VCServer] job received: 28707ed8-a1fa-4d9c-a54e-7e560b550432
[Midd4VCServer] Assigning job 28707ed8-a1fa-4d9c-a54e-7e560b550432 to vehicle veh1
[Midd4VCServer] Vehicle veh23 already registered.
[Midd4VCServer] job received: e144fd85-e28e-4dce-9d19-ebd5decce5bd
[Midd4VCServer] Assigning job e144fd85-e28e-4dce-9d19-ebd5decce5bd to vehicle veh18
[Midd4VCServer] job e144fd85-e28e-4dce-9d19-ebd5decce5bd completed by vehicle veh18
[Midd4VCServer] Vehicle veh40 already registered.
[Midd4VCServer] Vehicle veh24 already registered.
[Midd4VCServer] job received: 486da5e1-a2ca-43f7-b853-6944a1a09058
[Midd4VC] Job 3e6b6aa9-07b3-4acd-9e87-d6d5d35cd6af timed out. Re-enqueueing.
[Midd4VCServer] Assigning job 3e6b6aa9-07b3-4acd-9e87-d6d5d35cd6af to vehicle veh6
[Midd4VCServer] Assigning job 486da5e1-a2ca-43f7-b853-6944a1a09058 to vehicle veh40
[Midd4VCServer] job 486da5e1-a2ca-43f7-b853-6944a1a09058 completed by vehicle veh40
[Midd4VCServer] Vehicle veh19 already registered.
[Midd4VCServer] job received: 5500d4b0-debc-4a5d-8293-b01f26e26aaf
[Midd4VCServer] Assigning job 5500d4b0-debc-4a5d-8293-b01f26e26aaf to vehicle veh22
[Midd4VCServer] Vehicle veh10 already registered.
[Midd4VCServer] job received: c3c1ce01-8a52-4333-af22-a2fe9b6e8f22
[Midd4VC] Job 39ffbf06-1895-4e76-b532-2cae1524923a timed out. Re-enqueueing.
[Midd4VC] Job d72ab650-b4a8-444e-952b-7ba00732316d timed out. Re-enqueueing.
[Midd4VCServer] Assigning job d72ab650-b4a8-444e-952b-7ba00732316d to vehicle veh28
[Midd4VCServer] Assigning job 39ffbf06-1895-4e76-b532-2cae1524923a to vehicle veh25
[Midd4VCServer] Assigning job c3c1ce01-8a52-4333-af22-a2fe9b6e8f22 to vehicle veh16
[Midd4VCServer] Vehicle veh8 already registered.
[Midd4VCServer] Vehicle veh35 already registered.
[Midd4VCServer] job received: d13d36b3-ae72-4c7c-aa5c-4b953b8b5711
[Midd4VCServer] Assigning job d13d36b3-ae72-4c7c-aa5c-4b953b8b5711 to vehicle veh5
[Midd4VCServer] job d13d36b3-ae72-4c7c-aa5c-4b953b8b5711 completed by vehicle veh5
[Midd4VCServer] Vehicle veh24 already registered.
[Midd4VCServer] job received: 7a6845e6-321a-4053-b6f4-ff9c4cd29ca7
[Midd4VCServer] Assigning job 7a6845e6-321a-4053-b6f4-ff9c4cd29ca7 to vehicle veh33
[Midd4VCServer] Vehicle veh15 already registered.
[Midd4VCServer] job received: 1f752100-70d0-42ac-9717-06030b5b7e26
[Midd4VCServer] Assigning job 1f752100-70d0-42ac-9717-06030b5b7e26 to vehicle veh30
[Midd4VCServer] job 1f752100-70d0-42ac-9717-06030b5b7e26 completed by vehicle veh30
[Midd4VCServer] job received: c81e9d11-4502-4902-9d7a-d15507bc158a
[Midd4VCServer] Assigning job c81e9d11-4502-4902-9d7a-d15507bc158a to vehicle veh15
[Midd4VCServer] job c81e9d11-4502-4902-9d7a-d15507bc158a completed by vehicle veh15
[Midd4VCServer] Vehicle veh21 already registered.
[Midd4VCServer] job received: b64d6369-bed4-471d-9c9b-23e6de3d25b3
[Midd4VC] Job 6c82e7f0-2e6d-46a1-ae8e-b784c85fc23d timed out. Re-enqueueing.
[Midd4VC] Job e5bc8c51-d033-47c3-9f44-8938ec3ed233 timed out. Re-enqueueing.
[Midd4VCServer] Assigning job e5bc8c51-d033-47c3-9f44-8938ec3ed233 to vehicle veh27
[Midd4VCServer] Assigning job 6c82e7f0-2e6d-46a1-ae8e-b784c85fc23d to vehicle veh37
[Midd4VCServer] Assigning job b64d6369-bed4-471d-9c9b-23e6de3d25b3 to vehicle veh32
[Midd4VCServer] job e5bc8c51-d033-47c3-9f44-8938ec3ed233 completed by vehicle veh27
[Midd4VCServer] job b64d6369-bed4-471d-9c9b-23e6de3d25b3 completed by vehicle veh32
[Midd4VCServer] job received: d41f6716-0f1f-4d77-af23-c06ce10795bc
[Midd4VCServer] Assigning job d41f6716-0f1f-4d77-af23-c06ce10795bc to vehicle veh27
[Midd4VCServer] job d41f6716-0f1f-4d77-af23-c06ce10795bc completed by vehicle veh27
[Midd4VCServer] job received: 4e139c14-1f49-4129-9710-425a0b54c775
[Midd4VCServer] Assigning job 4e139c14-1f49-4129-9710-425a0b54c775 to vehicle veh27
[Midd4VCServer] job 4e139c14-1f49-4129-9710-425a0b54c775 completed by vehicle veh27
[Midd4VCServer] Vehicle veh4 already registered.
[Midd4VCServer] Vehicle veh2 already registered.
[Midd4VCServer] Vehicle veh34 already registered.
[Midd4VCServer] job received: 08104130-0715-4585-bd79-f9ab6feee373
[Midd4VCServer] Assigning job 08104130-0715-4585-bd79-f9ab6feee373 to vehicle veh27
[Midd4VCServer] job 08104130-0715-4585-bd79-f9ab6feee373 completed by vehicle veh27
[Midd4VCServer] Vehicle veh25 already registered.
[Midd4VCServer] job received: 242d6739-d64c-4c19-9e7b-2f6637d76d78
[Midd4VC] Job de436950-d3a3-4f9a-a6bf-1eb0d15276ec timed out. Re-enqueueing.
[Midd4VC] Job aa0c0687-5ebf-42bb-b05f-47234eb86789 timed out. Re-enqueueing.
[Midd4VCServer] Assigning job aa0c0687-5ebf-42bb-b05f-47234eb86789 to vehicle veh8
[Midd4VCServer] Assigning job de436950-d3a3-4f9a-a6bf-1eb0d15276ec to vehicle veh27
[Midd4VCServer] Assigning job 242d6739-d64c-4c19-9e7b-2f6637d76d78 to vehicle veh21
[Midd4VCServer] job aa0c0687-5ebf-42bb-b05f-47234eb86789 completed by vehicle veh8
[Midd4VCServer] job de436950-d3a3-4f9a-a6bf-1eb0d15276ec completed by vehicle veh27
[Midd4VCServer] job 242d6739-d64c-4c19-9e7b-2f6637d76d78 completed by vehicle veh21
[Midd4VCServer] job received: 1c80123d-4052-4fdc-9001-b79ffa6b5faa
[Midd4VCServer] Assigning job 1c80123d-4052-4fdc-9001-b79ffa6b5faa to vehicle veh8
[Midd4VCServer] job 1c80123d-4052-4fdc-9001-b79ffa6b5faa completed by vehicle veh8
[Midd4VCServer] job received: 9ae7bbba-9d03-4960-b7e9-567f6ac96464
[Midd4VCServer] Assigning job 9ae7bbba-9d03-4960-b7e9-567f6ac96464 to vehicle veh8
[Midd4VCServer] job 9ae7bbba-9d03-4960-b7e9-567f6ac96464 completed by vehicle veh8
[Midd4VCServer] job received: f43fe530-e174-4b09-b098-bd1cb0b7f1f8
[Midd4VCServer] Assigning job f43fe530-e174-4b09-b098-bd1cb0b7f1f8 to vehicle veh27
[Midd4VCServer] job f43fe530-e174-4b09-b098-bd1cb0b7f1f8 completed by vehicle veh27
[Midd4VCServer] job received: 3646f4ab-f204-4f91-9262-017d2c31384e
[Midd4VC] Job ae8d1921-b6ed-403b-8323-1b9a7acbe46c timed out. Re-enqueueing.
[Midd4VCServer] Assigning job ae8d1921-b6ed-403b-8323-1b9a7acbe46c to vehicle veh31
[Midd4VCServer] Assigning job 3646f4ab-f204-4f91-9262-017d2c31384e to vehicle veh8
[Midd4VCServer] job ae8d1921-b6ed-403b-8323-1b9a7acbe46c completed by vehicle veh31
[Midd4VCServer] job 3646f4ab-f204-4f91-9262-017d2c31384e completed by vehicle veh8
[Midd4VCServer] job received: 475d4ea6-4c50-4293-8fdf-23eceba6b02b
[Midd4VCServer] Assigning job 475d4ea6-4c50-4293-8fdf-23eceba6b02b to vehicle veh31
[Midd4VCServer] job 475d4ea6-4c50-4293-8fdf-23eceba6b02b completed by vehicle veh31
[Midd4VCServer] Vehicle veh38 already registered.
[Midd4VCServer] Vehicle veh15 already registered.
[Midd4VCServer] Vehicle veh12 already registered.
[Midd4VCServer] job received: 1345edd9-2039-44c8-a1aa-93042411f3be
[Midd4VCServer] Assigning job 1345edd9-2039-44c8-a1aa-93042411f3be to vehicle veh31
[Midd4VCServer] job 1345edd9-2039-44c8-a1aa-93042411f3be completed by vehicle veh31
[Midd4VCServer] Vehicle veh35 already registered.
[Midd4VCServer] job received: a64f826b-ddda-4b4c-90ff-0bdf8c34fd45
[Midd4VCServer] Assigning job a64f826b-ddda-4b4c-90ff-0bdf8c34fd45 to vehicle veh31
[Midd4VCServer] job a64f826b-ddda-4b4c-90ff-0bdf8c34fd45 completed by vehicle veh31
[Midd4VCServer] job received: 3d675a59-5c1e-41c2-964c-47c925759a54
[Midd4VC] Job 55dafa6e-3c67-4aaa-9128-2ae37d01d6aa timed out. Re-enqueueing.
[Midd4VC] Job ce9edbac-8282-4b62-8b43-cd97238dcbe9 timed out. Re-enqueueing.
[Midd4VC] Job c69b3c44-2461-4606-bb4a-7fab1a73f37f timed out. Re-enqueueing.
[Midd4VCServer] Assigning job c69b3c44-2461-4606-bb4a-7fab1a73f37f to vehicle veh26
[Midd4VCServer] Assigning job ce9edbac-8282-4b62-8b43-cd97238dcbe9 to vehicle veh11
[Midd4VCServer] Assigning job 55dafa6e-3c67-4aaa-9128-2ae37d01d6aa to vehicle veh4
[Midd4VCServer] Assigning job 3d675a59-5c1e-41c2-964c-47c925759a54 to vehicle veh21
[Midd4VCServer] job 55dafa6e-3c67-4aaa-9128-2ae37d01d6aa completed by vehicle veh4
[Midd4VCServer] job 3d675a59-5c1e-41c2-964c-47c925759a54 completed by vehicle veh21
[Midd4VCServer] job received: ea8a5c65-5008-45ac-a6c6-5f5243c0824f
[Midd4VC] Job 5118bc07-2091-4e01-9024-f4775b9ba995 timed out. Re-enqueueing.
[Midd4VC] Job 1f73ef15-b2aa-40e7-af1f-6d2b7f07f786 timed out. Re-enqueueing.
[Midd4VCServer] Assigning job 1f73ef15-b2aa-40e7-af1f-6d2b7f07f786 to vehicle veh4
[Midd4VCServer] Assigning job 5118bc07-2091-4e01-9024-f4775b9ba995 to vehicle veh9
[Midd4VCServer] Assigning job ea8a5c65-5008-45ac-a6c6-5f5243c0824f to vehicle veh23
[Midd4VCServer] job 1f73ef15-b2aa-40e7-af1f-6d2b7f07f786 completed by vehicle veh4
[Midd4VCServer] job ea8a5c65-5008-45ac-a6c6-5f5243c0824f completed by vehicle veh23
[Midd4VCServer] Vehicle veh22 already registered.
[Midd4VCServer] job received: e885ee15-1788-48fe-9e2a-8308b9bc6e39
[Midd4VCServer] Assigning job e885ee15-1788-48fe-9e2a-8308b9bc6e39 to vehicle veh4
[Midd4VCServer] job e885ee15-1788-48fe-9e2a-8308b9bc6e39 completed by vehicle veh4
[Midd4VCServer] Vehicle veh23 already registered.
[Midd4VCServer] job received: 90d39d1b-0fc8-487c-9439-eb39e6df8f14
[Midd4VCServer] Assigning job 90d39d1b-0fc8-487c-9439-eb39e6df8f14 to vehicle veh27
[Midd4VCServer] job 90d39d1b-0fc8-487c-9439-eb39e6df8f14 completed by vehicle veh27
[Midd4VCServer] job received: d5726f09-6ee0-4f53-b23c-09fae80f9e0d
[Midd4VC] Job 8ba37407-00cb-4260-8a01-71d58c24318e timed out. Re-enqueueing.
[Midd4VC] Job 461cdfad-841e-40d6-9d9e-5de4f4119248 timed out. Re-enqueueing.
[Midd4VC] Job 04b4a05b-dd9d-4073-ab2e-2738532fbd63 timed out. Re-enqueueing.
[Midd4VC] Job ac0328df-0203-462a-8ec1-dc71ee5ec50a timed out. Re-enqueueing.
[Midd4VCServer] Assigning job ac0328df-0203-462a-8ec1-dc71ee5ec50a to vehicle veh17
[Midd4VCServer] Assigning job 04b4a05b-dd9d-4073-ab2e-2738532fbd63 to vehicle veh38
[Midd4VCServer] Assigning job 461cdfad-841e-40d6-9d9e-5de4f4119248 to vehicle veh3
[Midd4VCServer] Assigning job 8ba37407-00cb-4260-8a01-71d58c24318e to vehicle veh29
[Midd4VCServer] Assigning job d5726f09-6ee0-4f53-b23c-09fae80f9e0d to vehicle veh23
[Midd4VCServer] job 04b4a05b-dd9d-4073-ab2e-2738532fbd63 completed by vehicle veh38
[Midd4VCServer] job d5726f09-6ee0-4f53-b23c-09fae80f9e0d completed by vehicle veh23
[Midd4VCServer] job received: 2939c909-4c8b-4871-b9e1-2748bbf39481
[Midd4VCServer] Assigning job 2939c909-4c8b-4871-b9e1-2748bbf39481 to vehicle veh38
[Midd4VCServer] job 2939c909-4c8b-4871-b9e1-2748bbf39481 completed by vehicle veh38
[Midd4VCServer] job received: 210c725c-35ba-4059-94ec-549efdc5927b
[Midd4VCServer] Assigning job 210c725c-35ba-4059-94ec-549efdc5927b to vehicle veh38
[Midd4VCServer] job 210c725c-35ba-4059-94ec-549efdc5927b completed by vehicle veh38
[Midd4VCServer] Vehicle veh1 already registered.
[Midd4VCServer] Vehicle veh9 already registered.
[Midd4VCServer] Vehicle veh5 already registered.
[Midd4VCServer] Vehicle veh24 already registered.
[Midd4VCServer] job received: 3417f8b6-ef63-47ae-a1de-75d115a53fa7
[Midd4VC] Job a40d4920-90f2-4dd9-86a8-366875ffda6b timed out. Re-enqueueing.
[Midd4VCServer] Assigning job a40d4920-90f2-4dd9-86a8-366875ffda6b to vehicle veh20
[Midd4VCServer] Assigning job 3417f8b6-ef63-47ae-a1de-75d115a53fa7 to vehicle veh38
[Midd4VCServer] job 3417f8b6-ef63-47ae-a1de-75d115a53fa7 completed by vehicle veh38
[Midd4VCServer] job received: 10216eae-8da8-444d-a0bb-5d4dbb83e8f4
[Midd4VC] Job 3cce7f20-91a5-40b7-a0ff-302089f78605 timed out. Re-enqueueing.
[Midd4VCServer] Assigning job 3cce7f20-91a5-40b7-a0ff-302089f78605 to vehicle veh39
[Midd4VCServer] Assigning job 10216eae-8da8-444d-a0bb-5d4dbb83e8f4 to vehicle veh4
[Midd4VCServer] job received: f4db0902-1db3-4ab9-bf65-efc5e3cc0c0c
[Midd4VCServer] Assigning job f4db0902-1db3-4ab9-bf65-efc5e3cc0c0c to vehicle veh8
[Midd4VCServer] job f4db0902-1db3-4ab9-bf65-efc5e3cc0c0c completed by vehicle veh8
[Midd4VCServer] Vehicle veh17 already registered.
[Midd4VCServer] job received: 48a5a667-076c-4fa3-b79c-b41faeca8c34
[Midd4VC] Job 89cad352-ce2c-4297-91a7-8f1de868a78f timed out. Re-enqueueing.
[Midd4VC] Job 5ce0476b-fa7a-4704-9651-c6a051bfbba0 timed out. Re-enqueueing.
[Midd4VCServer] Assigning job 5ce0476b-fa7a-4704-9651-c6a051bfbba0 to vehicle veh24
[Midd4VCServer] Assigning job 89cad352-ce2c-4297-91a7-8f1de868a78f to vehicle veh19
[Midd4VCServer] Assigning job 48a5a667-076c-4fa3-b79c-b41faeca8c34 to vehicle veh2
[Midd4VCServer] job 89cad352-ce2c-4297-91a7-8f1de868a78f completed by vehicle veh19
[Midd4VCServer] job received: 21b6217b-dd8d-4f73-8e66-a8e29d85335c
[Midd4VCServer] Assigning job 21b6217b-dd8d-4f73-8e66-a8e29d85335c to vehicle veh19
[Midd4VCServer] job 21b6217b-dd8d-4f73-8e66-a8e29d85335c completed by vehicle veh19
[Midd4VCServer] Vehicle veh16 already registered.
[Midd4VCServer] Vehicle veh7 already registered.
[Midd4VCServer] Vehicle veh6 already registered.
[Midd4VCServer] Vehicle veh11 already registered.
[Midd4VCServer] job received: 653eb903-4b48-4e66-899a-7bb043362eb3
[Midd4VC] Job 7487cce7-2e1c-4ef5-9d3b-74c901c3419d timed out. Re-enqueueing.
[Midd4VC] Job a3d319ea-f713-4810-817c-03f4f4382cd4 timed out. Re-enqueueing.
[Midd4VC] Job a09a538a-211b-486d-9d22-e452ae322b0d timed out. Re-enqueueing.
[Midd4VCServer] Assigning job a09a538a-211b-486d-9d22-e452ae322b0d to vehicle veh34
[Midd4VCServer] Assigning job a3d319ea-f713-4810-817c-03f4f4382cd4 to vehicle veh36
[Midd4VCServer] Assigning job 7487cce7-2e1c-4ef5-9d3b-74c901c3419d to vehicle veh14
[Midd4VCServer] Assigning job 653eb903-4b48-4e66-899a-7bb043362eb3 to vehicle veh31
[Midd4VCServer] Vehicle veh39 already registered.
[Midd4VCServer] job received: b23ef5c6-1160-4706-8158-7bbc475c8d34
[Midd4VCServer] Assigning job b23ef5c6-1160-4706-8158-7bbc475c8d34 to vehicle veh12
[Midd4VCServer] job b23ef5c6-1160-4706-8158-7bbc475c8d34 completed by vehicle veh12
[Midd4VCServer] Vehicle veh8 already registered.
[Midd4VCServer] Vehicle veh13 already registered.
[Midd4VCServer] Vehicle veh20 already registered.
[Midd4VCServer] job received: b8c8503d-1c70-440b-845f-6eae4122c0ad
[Midd4VC] Job 2c4046ab-6540-4c53-a252-db9fb1610bc1 timed out. Re-enqueueing.
[Midd4VC] Job 90b0f77b-a946-4ac9-bde5-b860e1624725 timed out. Re-enqueueing.
[Midd4VCServer] Assigning job 90b0f77b-a946-4ac9-bde5-b860e1624725 to vehicle veh7
[Midd4VCServer] Assigning job 2c4046ab-6540-4c53-a252-db9fb1610bc1 to vehicle veh35
[Midd4VCServer] Assigning job b8c8503d-1c70-440b-845f-6eae4122c0ad to vehicle veh21
[Midd4VCServer] job 90b0f77b-a946-4ac9-bde5-b860e1624725 completed by vehicle veh7
[Midd4VCServer] job received: 7445e08e-a065-4974-8c62-e0bf73e56d18
[Midd4VCServer] Assigning job 7445e08e-a065-4974-8c62-e0bf73e56d18 to vehicle veh7
[Midd4VCServer] job 7445e08e-a065-4974-8c62-e0bf73e56d18 completed by vehicle veh7
[Midd4VCServer] job received: 1b29ae0b-c1c7-49c7-87f9-0cadb2df03a4
[Midd4VCServer] Assigning job 1b29ae0b-c1c7-49c7-87f9-0cadb2df03a4 to vehicle veh7
[Midd4VCServer] job 1b29ae0b-c1c7-49c7-87f9-0cadb2df03a4 completed by vehicle veh7
[Midd4VCServer] job received: 61b756de-7e43-41c2-afcc-05cae30d4c65
[Midd4VCServer] Assigning job 61b756de-7e43-41c2-afcc-05cae30d4c65 to vehicle veh7
[Midd4VCServer] job 61b756de-7e43-41c2-afcc-05cae30d4c65 completed by vehicle veh7
[Midd4VCServer] Vehicle veh3 already registered.
[Midd4VCServer] Vehicle veh30 already registered.
[Midd4VCServer] job received: 9fba81cd-fec1-4805-8de4-d247d154ae8f
[Midd4VC] Job 8be0f33e-a320-497d-8813-a5d067e73b72 timed out. Re-enqueueing.
[Midd4VC] Job 31bc13cd-ae00-4458-8455-bff8f20e52f8 timed out. Re-enqueueing.
[Midd4VCServer] Assigning job 31bc13cd-ae00-4458-8455-bff8f20e52f8 to vehicle veh13
[Midd4VCServer] Assigning job 8be0f33e-a320-497d-8813-a5d067e73b72 to vehicle veh10
[Midd4VCServer] Assigning job 9fba81cd-fec1-4805-8de4-d247d154ae8f to vehicle veh7
[Midd4VCServer] job 9fba81cd-fec1-4805-8de4-d247d154ae8f completed by vehicle veh7
[Midd4VCServer] job received: c1c86c65-6545-4b58-b8c3-a7d53d9873c3
[Midd4VC] Job 28707ed8-a1fa-4d9c-a54e-7e560b550432 timed out. Re-enqueueing.
[Midd4VCServer] Assigning job 28707ed8-a1fa-4d9c-a54e-7e560b550432 to vehicle veh1
[Midd4VCServer] Assigning job c1c86c65-6545-4b58-b8c3-a7d53d9873c3 to vehicle veh7
[Midd4VCServer] Vehicle veh17 already registered.
[Midd4VCServer] job received: 7a584503-fb28-461a-852d-4c2ba269298a
[Midd4VCServer] Assigning job 7a584503-fb28-461a-852d-4c2ba269298a to vehicle veh18
[Midd4VCServer] Vehicle veh34 already registered.
[Midd4VCServer] Vehicle veh10 already registered.
[Midd4VCServer] job received: 4160e99c-81ac-4131-8077-06b77404ba3a
[Midd4VCServer] Assigning job 4160e99c-81ac-4131-8077-06b77404ba3a to vehicle veh38
[Midd4VCServer] Vehicle veh24 already registered.
[Midd4VCServer] Vehicle veh29 already registered.
[Midd4VCServer] Vehicle veh18 already registered.
[Midd4VCServer] job received: 00a89217-73f7-4d50-9eca-c820a5815141
[Midd4VC] Job 3e6b6aa9-07b3-4acd-9e87-d6d5d35cd6af timed out. Re-enqueueing.
[Midd4VC] Job 5500d4b0-debc-4a5d-8293-b01f26e26aaf timed out. Re-enqueueing.
[Midd4VCServer] Assigning job 5500d4b0-debc-4a5d-8293-b01f26e26aaf to vehicle veh6
[Midd4VCServer] Assigning job 3e6b6aa9-07b3-4acd-9e87-d6d5d35cd6af to vehicle veh22
[Midd4VCServer] Assigning job 00a89217-73f7-4d50-9eca-c820a5815141 to vehicle veh40
[Midd4VCServer] job 5500d4b0-debc-4a5d-8293-b01f26e26aaf completed by vehicle veh6
[Midd4VCServer] job 00a89217-73f7-4d50-9eca-c820a5815141 completed by vehicle veh40
[Midd4VCServer] job received: 5f692c31-897c-490c-8702-7bdff0fa1a14
[Midd4VCServer] Assigning job 5f692c31-897c-490c-8702-7bdff0fa1a14 to vehicle veh6
[Midd4VCServer] job 5f692c31-897c-490c-8702-7bdff0fa1a14 completed by vehicle veh6
[Midd4VCServer] Vehicle veh26 already registered.
[Midd4VCServer] job received: eb090043-9bf6-43df-8f12-f6c9c33aebbc
[Midd4VCServer] Assigning job eb090043-9bf6-43df-8f12-f6c9c33aebbc to vehicle veh6
[Midd4VCServer] job eb090043-9bf6-43df-8f12-f6c9c33aebbc completed by vehicle veh6
[Midd4VCServer] job received: faca8066-086a-4237-ba69-fb95474c6e08
[Midd4VCServer] Assigning job faca8066-086a-4237-ba69-fb95474c6e08 to vehicle veh6
[Midd4VCServer] job faca8066-086a-4237-ba69-fb95474c6e08 completed by vehicle veh6
[Midd4VCServer] Vehicle veh10 already registered.
[Midd4VCServer] Vehicle veh11 already registered.
[Midd4VCServer] Vehicle veh31 already registered.
[Midd4VCServer] Vehicle veh9 already registered.
[Midd4VCServer] Vehicle veh22 already registered.
[Midd4VCServer] Vehicle veh25 already registered.
[Midd4VCServer] job received: d897871d-dccc-416c-ad17-e4d607f06375
[Midd4VC] Job d72ab650-b4a8-444e-952b-7ba00732316d timed out. Re-enqueueing.
[Midd4VC] Job 39ffbf06-1895-4e76-b532-2cae1524923a timed out. Re-enqueueing.
[Midd4VC] Job c3c1ce01-8a52-4333-af22-a2fe9b6e8f22 timed out. Re-enqueueing.
[Midd4VC] Job 7a6845e6-321a-4053-b6f4-ff9c4cd29ca7 timed out. Re-enqueueing.
[Midd4VCServer] Assigning job 7a6845e6-321a-4053-b6f4-ff9c4cd29ca7 to vehicle veh28
[Midd4VCServer] Assigning job c3c1ce01-8a52-4333-af22-a2fe9b6e8f22 to vehicle veh25
[Midd4VCServer] Assigning job 39ffbf06-1895-4e76-b532-2cae1524923a to vehicle veh16
[Midd4VCServer] Assigning job d72ab650-b4a8-444e-952b-7ba00732316d to vehicle veh33
[Midd4VCServer] Assigning job d897871d-dccc-416c-ad17-e4d607f06375 to vehicle veh19
[Midd4VCServer] job c3c1ce01-8a52-4333-af22-a2fe9b6e8f22 completed by vehicle veh25
[Midd4VCServer] job received: 665f5797-d037-4f17-99a4-d150c1f6d730
[Midd4VCServer] Assigning job 665f5797-d037-4f17-99a4-d150c1f6d730 to vehicle veh25
[Midd4VCServer] job 665f5797-d037-4f17-99a4-d150c1f6d730 completed by vehicle veh25
[Midd4VCServer] job received: 6b4a0a41-ffe1-4864-81b2-02b8f15fb2d5
[Midd4VCServer] Assigning job 6b4a0a41-ffe1-4864-81b2-02b8f15fb2d5 to vehicle veh25
[Midd4VCServer] job 6b4a0a41-ffe1-4864-81b2-02b8f15fb2d5 completed by vehicle veh25
[Midd4VCServer] Vehicle veh15 already registered.
[Midd4VCServer] job received: e96eb3eb-ee55-45d6-b94a-77a03edd40e5
[Midd4VCServer] Assigning job e96eb3eb-ee55-45d6-b94a-77a03edd40e5 to vehicle veh27
[Midd4VCServer] Vehicle veh13 already registered.
[Midd4VCServer] Vehicle veh17 already registered.
[Midd4VCServer] job received: 16cac5e7-5d55-4a9a-81ab-cc7198391408
[Midd4VC] Job 6c82e7f0-2e6d-46a1-ae8e-b784c85fc23d timed out. Re-enqueueing.
[Midd4VCServer] Assigning job 6c82e7f0-2e6d-46a1-ae8e-b784c85fc23d to vehicle veh37
[Midd4VCServer] Assigning job 16cac5e7-5d55-4a9a-81ab-cc7198391408 to vehicle veh5
[Midd4VCServer] Vehicle veh16 already registered.
[Midd4VCServer] Vehicle veh30 already registered.
[Midd4VCServer] job received: fee88513-6e9b-4a54-9f61-cd034efcb764
[Midd4VCServer] Assigning job fee88513-6e9b-4a54-9f61-cd034efcb764 to vehicle veh23
[Midd4VCServer] job fee88513-6e9b-4a54-9f61-cd034efcb764 completed by vehicle veh23
[Midd4VCServer] Vehicle veh14 already registered.
[Midd4VCServer] job received: 32e9f4c9-387a-4f87-80b9-69ec9c06be2f
[Midd4VCServer] Assigning job 32e9f4c9-387a-4f87-80b9-69ec9c06be2f to vehicle veh30
[Midd4VCServer] job 32e9f4c9-387a-4f87-80b9-69ec9c06be2f completed by vehicle veh30
[Midd4VCServer] job received: f1a194e1-9f4a-48dc-925f-d5a06bc31d76
[Midd4VCServer] Assigning job f1a194e1-9f4a-48dc-925f-d5a06bc31d76 to vehicle veh8
[Midd4VCServer] job received: 1bdd3e12-c19e-49a1-bf34-449957a142e4
[Midd4VCServer] Assigning job 1bdd3e12-c19e-49a1-bf34-449957a142e4 to vehicle veh15
[Midd4VCServer] job 1bdd3e12-c19e-49a1-bf34-449957a142e4 completed by vehicle veh15
[Midd4VCServer] Vehicle veh26 already registered.
[Midd4VCServer] job received: fe907853-010e-4757-bd35-c03da17c93cc
[Midd4VCServer] Assigning job fe907853-010e-4757-bd35-c03da17c93cc to vehicle veh25
[Midd4VCServer] job received: 5d1ecffa-8b40-476b-9c06-23963ee55fbe
[Midd4VCServer] Assigning job 5d1ecffa-8b40-476b-9c06-23963ee55fbe to vehicle veh32
[Midd4VCServer] Vehicle veh37 already registered.
[Midd4VCServer] Vehicle veh5 already registered.
[Midd4VCServer] job received: 60a02b77-e7c8-48f3-b733-649bf27acb68
[Midd4VCServer] Assigning job 60a02b77-e7c8-48f3-b733-649bf27acb68 to vehicle veh6
[Midd4VCServer] Vehicle veh1 already registered.
[Midd4VCServer] job received: 9cf0daf7-2c34-42e8-8a91-3fab89cdd388
[Midd4VCServer] Assigning job 9cf0daf7-2c34-42e8-8a91-3fab89cdd388 to vehicle veh12
[Midd4VCServer] job 9cf0daf7-2c34-42e8-8a91-3fab89cdd388 completed by vehicle veh12
[Midd4VCServer] job received: d0156e9e-a28e-4606-9eae-b4ed3de1c36d
[Midd4VCServer] Assigning job d0156e9e-a28e-4606-9eae-b4ed3de1c36d to vehicle veh40
[Midd4VCServer] Vehicle veh23 already registered.
[Midd4VCServer] job received: a30eef51-3fcf-457f-a735-b3e58d2d985f
[Midd4VC] Job c69b3c44-2461-4606-bb4a-7fab1a73f37f timed out. Re-enqueueing.
[Midd4VC] Job ce9edbac-8282-4b62-8b43-cd97238dcbe9 timed out. Re-enqueueing.
[Midd4VCServer] Assigning job ce9edbac-8282-4b62-8b43-cd97238dcbe9 to vehicle veh26
[Midd4VCServer] Assigning job c69b3c44-2461-4606-bb4a-7fab1a73f37f to vehicle veh11
[Midd4VCServer] Assigning job a30eef51-3fcf-457f-a735-b3e58d2d985f to vehicle veh23
[Midd4VCServer] job ce9edbac-8282-4b62-8b43-cd97238dcbe9 completed by vehicle veh26
[Midd4VCServer] job a30eef51-3fcf-457f-a735-b3e58d2d985f completed by vehicle veh23
[Midd4VCServer] job received: b76858b7-abee-4868-82d2-d318ee677740
[Midd4VC] Job 5118bc07-2091-4e01-9024-f4775b9ba995 timed out. Re-enqueueing.
[Midd4VCServer] Assigning job 5118bc07-2091-4e01-9024-f4775b9ba995 to vehicle veh26
[Midd4VCServer] Assigning job b76858b7-abee-4868-82d2-d318ee677740 to vehicle veh9
[Midd4VCServer] job 5118bc07-2091-4e01-9024-f4775b9ba995 completed by vehicle veh26
[Midd4VCServer] job received: 791bdec6-1741-45ea-8d8c-cdcb72cb34b3
[Midd4VCServer] Assigning job 791bdec6-1741-45ea-8d8c-cdcb72cb34b3 to vehicle veh26
[Midd4VCServer] job 791bdec6-1741-45ea-8d8c-cdcb72cb34b3 completed by vehicle veh26
[Midd4VCServer] Vehicle veh19 already registered.
[Midd4VCServer] job received: ebc71c8c-1938-4837-b873-9fad0d6fea28
[Midd4VCServer] Assigning job ebc71c8c-1938-4837-b873-9fad0d6fea28 to vehicle veh26
[Midd4VCServer] job ebc71c8c-1938-4837-b873-9fad0d6fea28 completed by vehicle veh26
[Midd4VCServer] job received: 8f10a8d7-8c36-4d76-adba-3fdd5e3ee73a
[Midd4VCServer] Assigning job 8f10a8d7-8c36-4d76-adba-3fdd5e3ee73a to vehicle veh26
[Midd4VCServer] job 8f10a8d7-8c36-4d76-adba-3fdd5e3ee73a completed by vehicle veh26
[Midd4VCServer] Vehicle veh8 already registered.
[Midd4VCServer] Vehicle veh38 already registered.
[Midd4VCServer] Vehicle veh22 already registered.
[Midd4VCServer] job received: e7af66f0-d8aa-4590-af03-303f6ef97f8d
[Midd4VC] Job ac0328df-0203-462a-8ec1-dc71ee5ec50a timed out. Re-enqueueing.
[Midd4VC] Job 461cdfad-841e-40d6-9d9e-5de4f4119248 timed out. Re-enqueueing.
[Midd4VC] Job 8ba37407-00cb-4260-8a01-71d58c24318e timed out. Re-enqueueing.
[Midd4VCServer] Assigning job 8ba37407-00cb-4260-8a01-71d58c24318e to vehicle veh17
[Midd4VCServer] Assigning job 461cdfad-841e-40d6-9d9e-5de4f4119248 to vehicle veh3
[Midd4VCServer] Assigning job ac0328df-0203-462a-8ec1-dc71ee5ec50a to vehicle veh29
[Midd4VCServer] Assigning job e7af66f0-d8aa-4590-af03-303f6ef97f8d to vehicle veh26
[Midd4VCServer] job 8ba37407-00cb-4260-8a01-71d58c24318e completed by vehicle veh17
[Midd4VCServer] job e7af66f0-d8aa-4590-af03-303f6ef97f8d completed by vehicle veh26
[Midd4VCServer] Vehicle veh18 already registered.
[Midd4VCServer] job received: 0b3703bb-27ba-4521-816f-d073e0157451
[Midd4VCServer] Assigning job 0b3703bb-27ba-4521-816f-d073e0157451 to vehicle veh17
[Midd4VCServer] job 0b3703bb-27ba-4521-816f-d073e0157451 completed by vehicle veh17
[Midd4VCServer] Vehicle veh24 already registered.
[Midd4VCServer] Vehicle veh17 already registered.
[Midd4VCServer] Vehicle veh7 already registered.
[Midd4VCServer] job received: f01fb3f4-5408-4c00-937e-7a6d1c496caa
[Midd4VC] Job a40d4920-90f2-4dd9-86a8-366875ffda6b timed out. Re-enqueueing.
[Midd4VCServer] Assigning job a40d4920-90f2-4dd9-86a8-366875ffda6b to vehicle veh17
[Midd4VCServer] Assigning job f01fb3f4-5408-4c00-937e-7a6d1c496caa to vehicle veh20
[Midd4VCServer] job a40d4920-90f2-4dd9-86a8-366875ffda6b completed by vehicle veh17
[Midd4VCServer] Vehicle veh4 already registered.
[Midd4VCServer] Vehicle veh21 already registered.
[Midd4VCServer] Vehicle veh20 already registered.
[Midd4VCServer] Vehicle veh25 already registered.
[Midd4VCServer] job received: 499403ca-7dd1-4e00-ae8b-78a84ac3653e
[Midd4VC] Job 3cce7f20-91a5-40b7-a0ff-302089f78605 timed out. Re-enqueueing.
[Midd4VC] Job 10216eae-8da8-444d-a0bb-5d4dbb83e8f4 timed out. Re-enqueueing.
[Midd4VCServer] Assigning job 10216eae-8da8-444d-a0bb-5d4dbb83e8f4 to vehicle veh17
[Midd4VCServer] Assigning job 3cce7f20-91a5-40b7-a0ff-302089f78605 to vehicle veh39
[Midd4VCServer] Assigning job 499403ca-7dd1-4e00-ae8b-78a84ac3653e to vehicle veh4
[Midd4VCServer] job 10216eae-8da8-444d-a0bb-5d4dbb83e8f4 completed by vehicle veh17
[Midd4VCServer] job 499403ca-7dd1-4e00-ae8b-78a84ac3653e completed by vehicle veh4
[Midd4VCServer] job received: 9aefd9ee-b4ed-46a6-84fb-f5af404823df
[Midd4VCServer] Assigning job 9aefd9ee-b4ed-46a6-84fb-f5af404823df to vehicle veh17
[Midd4VCServer] job 9aefd9ee-b4ed-46a6-84fb-f5af404823df completed by vehicle veh17
[Midd4VCServer] Vehicle veh32 already registered.
[Midd4VCServer] job received: 0cbe2b94-600f-4717-9860-77674b1ee849
[Midd4VCServer] Assigning job 0cbe2b94-600f-4717-9860-77674b1ee849 to vehicle veh17
[Midd4VCServer] job 0cbe2b94-600f-4717-9860-77674b1ee849 completed by vehicle veh17
[Midd4VCServer] job received: b93ce9b6-90ab-4508-a7b6-20d944152be7
[Midd4VCServer] Assigning job b93ce9b6-90ab-4508-a7b6-20d944152be7 to vehicle veh17
[Midd4VCServer] job b93ce9b6-90ab-4508-a7b6-20d944152be7 completed by vehicle veh17
[Midd4VCServer] job received: bb948921-b3cc-4a3c-b710-893191afa74d
[Midd4VCServer] Assigning job bb948921-b3cc-4a3c-b710-893191afa74d to vehicle veh4
[Midd4VCServer] job bb948921-b3cc-4a3c-b710-893191afa74d completed by vehicle veh4
[Midd4VCServer] job received: af431cb8-a10e-4681-9695-acbd66fc986f
[Midd4VC] Job 5ce0476b-fa7a-4704-9651-c6a051bfbba0 timed out. Re-enqueueing.
[Midd4VC] Job 48a5a667-076c-4fa3-b79c-b41faeca8c34 timed out. Re-enqueueing.
[Midd4VCServer] Assigning job 48a5a667-076c-4fa3-b79c-b41faeca8c34 to vehicle veh24
[Midd4VCServer] Assigning job 5ce0476b-fa7a-4704-9651-c6a051bfbba0 to vehicle veh2
[Midd4VCServer] Assigning job af431cb8-a10e-4681-9695-acbd66fc986f to vehicle veh17
[Midd4VCServer] job 48a5a667-076c-4fa3-b79c-b41faeca8c34 completed by vehicle veh24
[Midd4VCServer] job af431cb8-a10e-4681-9695-acbd66fc986f completed by vehicle veh17
[Midd4VCServer] job received: 2728970d-96f8-4c29-a25b-5f0dd8ca1439
[Midd4VCServer] Assigning job 2728970d-96f8-4c29-a25b-5f0dd8ca1439 to vehicle veh24
[Midd4VCServer] job 2728970d-96f8-4c29-a25b-5f0dd8ca1439 completed by vehicle veh24
[Midd4VCServer] Vehicle veh38 already registered.
[Midd4VCServer] job received: d23ad441-78e7-4db3-9418-58ce7eae878a
[Midd4VC] Job a09a538a-211b-486d-9d22-e452ae322b0d timed out. Re-enqueueing.
[Midd4VC] Job a3d319ea-f713-4810-817c-03f4f4382cd4 timed out. Re-enqueueing.
[Midd4VC] Job 7487cce7-2e1c-4ef5-9d3b-74c901c3419d timed out. Re-enqueueing.
[Midd4VC] Job 653eb903-4b48-4e66-899a-7bb043362eb3 timed out. Re-enqueueing.
[Midd4VC] Job 2c4046ab-6540-4c53-a252-db9fb1610bc1 timed out. Re-enqueueing.
[Midd4VC] Job b8c8503d-1c70-440b-845f-6eae4122c0ad timed out. Re-enqueueing.
[Midd4VCServer] Assigning job b8c8503d-1c70-440b-845f-6eae4122c0ad to vehicle veh34
[Midd4VCServer] Assigning job 2c4046ab-6540-4c53-a252-db9fb1610bc1 to vehicle veh24
[Midd4VCServer] Assigning job 653eb903-4b48-4e66-899a-7bb043362eb3 to vehicle veh36
[Midd4VCServer] Assigning job 7487cce7-2e1c-4ef5-9d3b-74c901c3419d to vehicle veh14
[Midd4VCServer] Assigning job a3d319ea-f713-4810-817c-03f4f4382cd4 to vehicle veh35
[Midd4VCServer] Assigning job a09a538a-211b-486d-9d22-e452ae322b0d to vehicle veh31
[Midd4VCServer] Assigning job d23ad441-78e7-4db3-9418-58ce7eae878a to vehicle veh21
[Midd4VCServer] job 2c4046ab-6540-4c53-a252-db9fb1610bc1 completed by vehicle veh24
[Midd4VCServer] job 7487cce7-2e1c-4ef5-9d3b-74c901c3419d completed by vehicle veh14
[Midd4VCServer] job d23ad441-78e7-4db3-9418-58ce7eae878a completed by vehicle veh21
[Midd4VCServer] Vehicle veh37 already registered.
[Midd4VCServer] Vehicle veh26 already registered.
[Midd4VCServer] Vehicle veh6 already registered.
[Midd4VCServer] job received: 07a300d6-b3a8-40a8-b8eb-55eeeb03596a
[Midd4VCServer] Assigning job 07a300d6-b3a8-40a8-b8eb-55eeeb03596a to vehicle veh24
[Midd4VCServer] job 07a300d6-b3a8-40a8-b8eb-55eeeb03596a completed by vehicle veh24
[Midd4VCServer] job received: 105f0c81-fb2d-43eb-b37d-76132545f715
[Midd4VCServer] Assigning job 105f0c81-fb2d-43eb-b37d-76132545f715 to vehicle veh14
[Midd4VCServer] job 105f0c81-fb2d-43eb-b37d-76132545f715 completed by vehicle veh14
[Midd4VCServer] job received: 318d5a06-e458-47cd-9cae-b17225ac644a
[Midd4VCServer] Assigning job 318d5a06-e458-47cd-9cae-b17225ac644a to vehicle veh24
[Midd4VCServer] job 318d5a06-e458-47cd-9cae-b17225ac644a completed by vehicle veh24
[Midd4VCServer] Vehicle veh25 already registered.
[Midd4VCServer] job received: 7521d0be-5b80-4fc9-9a06-b6ec846467ed
[Midd4VCServer] Assigning job 7521d0be-5b80-4fc9-9a06-b6ec846467ed to vehicle veh14
[Midd4VCServer] job 7521d0be-5b80-4fc9-9a06-b6ec846467ed completed by vehicle veh14
[Midd4VCServer] Vehicle veh32 already registered.
[Midd4VCServer] job received: 1301d833-04dc-4d07-92bd-92600fa7b861
[Midd4VC] Job 31bc13cd-ae00-4458-8455-bff8f20e52f8 timed out. Re-enqueueing.
[Midd4VC] Job 8be0f33e-a320-497d-8813-a5d067e73b72 timed out. Re-enqueueing.
[Midd4VCServer] Assigning job 8be0f33e-a320-497d-8813-a5d067e73b72 to vehicle veh13
[Midd4VCServer] Assigning job 31bc13cd-ae00-4458-8455-bff8f20e52f8 to vehicle veh10
[Midd4VCServer] Assigning job 1301d833-04dc-4d07-92bd-92600fa7b861 to vehicle veh21
[Midd4VCServer] job 8be0f33e-a320-497d-8813-a5d067e73b72 completed by vehicle veh13
[Midd4VCServer] job 1301d833-04dc-4d07-92bd-92600fa7b861 completed by vehicle veh21
[Midd4VCServer] Vehicle veh9 already registered.
[Midd4VCServer] job received: 2764b9e0-8560-4fce-92e1-18432dd31a0f
[Midd4VCServer] Assigning job 2764b9e0-8560-4fce-92e1-18432dd31a0f to vehicle veh13
[Midd4VCServer] job 2764b9e0-8560-4fce-92e1-18432dd31a0f completed by vehicle veh13
[Midd4VCServer] job received: a3407b5e-dcae-447e-ab31-490e9fdb8776
[Midd4VC] Job 28707ed8-a1fa-4d9c-a54e-7e560b550432 timed out. Re-enqueueing.
[Midd4VC] Job c1c86c65-6545-4b58-b8c3-a7d53d9873c3 timed out. Re-enqueueing.
[Midd4VCServer] Assigning job c1c86c65-6545-4b58-b8c3-a7d53d9873c3 to vehicle veh1
[Midd4VCServer] Assigning job 28707ed8-a1fa-4d9c-a54e-7e560b550432 to vehicle veh7
[Midd4VCServer] Assigning job a3407b5e-dcae-447e-ab31-490e9fdb8776 to vehicle veh13
[Midd4VCServer] job 28707ed8-a1fa-4d9c-a54e-7e560b550432 completed by vehicle veh7
[Midd4VCServer] job a3407b5e-dcae-447e-ab31-490e9fdb8776 completed by vehicle veh13
[Midd4VCServer] job received: 4a3c4554-e34e-4ce4-be4f-3a52a7fa578f
[Midd4VC] Job 7a584503-fb28-461a-852d-4c2ba269298a timed out. Re-enqueueing.
[Midd4VCServer] Assigning job 7a584503-fb28-461a-852d-4c2ba269298a to vehicle veh18
[Midd4VCServer] Assigning job 4a3c4554-e34e-4ce4-be4f-3a52a7fa578f to vehicle veh7
[Midd4VCServer] job 4a3c4554-e34e-4ce4-be4f-3a52a7fa578f completed by vehicle veh7
[Midd4VCServer] Vehicle veh34 already registered.
[Midd4VCServer] Vehicle veh17 already registered.
[Midd4VCServer] Vehicle veh16 already registered.
[Midd4VCServer] Vehicle veh15 already registered.
[Midd4VCServer] job received: f68da64b-3885-4bbc-b875-4cf124d2201e
[Midd4VC] Job 4160e99c-81ac-4131-8077-06b77404ba3a timed out. Re-enqueueing.
[Midd4VCServer] Assigning job 4160e99c-81ac-4131-8077-06b77404ba3a to vehicle veh38
[Midd4VCServer] Assigning job f68da64b-3885-4bbc-b875-4cf124d2201e to vehicle veh24
[Midd4VCServer] job f68da64b-3885-4bbc-b875-4cf124d2201e completed by vehicle veh24
[Midd4VCServer] Vehicle veh36 already registered.
[Midd4VCServer] Vehicle veh12 already registered.
[Midd4VCServer] job received: f7abaa85-0f0c-471a-a981-3eaa47bd32cd
[Midd4VC] Job 3e6b6aa9-07b3-4acd-9e87-d6d5d35cd6af timed out. Re-enqueueing.
[Midd4VCServer] Assigning job 3e6b6aa9-07b3-4acd-9e87-d6d5d35cd6af to vehicle veh22
[Midd4VCServer] Assigning job f7abaa85-0f0c-471a-a981-3eaa47bd32cd to vehicle veh4
[Midd4VCServer] job 3e6b6aa9-07b3-4acd-9e87-d6d5d35cd6af completed by vehicle veh22
[Midd4VCServer] Vehicle veh29 already registered.
[Midd4VCServer] Vehicle veh27 already registered.
[Midd4VCServer] job received: 962c4d9f-c82c-4a6b-b997-3e10475799cc
[Midd4VCServer] Assigning job 962c4d9f-c82c-4a6b-b997-3e10475799cc to vehicle veh22
[Midd4VCServer] job 962c4d9f-c82c-4a6b-b997-3e10475799cc completed by vehicle veh22
[Midd4VCServer] Vehicle veh28 already registered.
[Midd4VCServer] Vehicle veh39 already registered.
[Midd4VCServer] job received: 66a72e02-2c87-477f-aa5d-fc993265494c
[Midd4VCServer] Assigning job 66a72e02-2c87-477f-aa5d-fc993265494c to vehicle veh22
[Midd4VCServer] job 66a72e02-2c87-477f-aa5d-fc993265494c completed by vehicle veh22
[Midd4VCServer] Vehicle veh14 already registered.
[Midd4VCServer] Vehicle veh1 already registered.
[Midd4VCServer] job received: e385d650-eae3-4650-9c70-b2ff5c9ff52b
[Midd4VC] Job 7a6845e6-321a-4053-b6f4-ff9c4cd29ca7 timed out. Re-enqueueing.
[Midd4VC] Job 39ffbf06-1895-4e76-b532-2cae1524923a timed out. Re-enqueueing.
[Midd4VC] Job d72ab650-b4a8-444e-952b-7ba00732316d timed out. Re-enqueueing.
[Midd4VC] Job d897871d-dccc-416c-ad17-e4d607f06375 timed out. Re-enqueueing.
[Midd4VCServer] Assigning job d897871d-dccc-416c-ad17-e4d607f06375 to vehicle veh28
[Midd4VCServer] Assigning job d72ab650-b4a8-444e-952b-7ba00732316d to vehicle veh16
[Midd4VCServer] Assigning job 39ffbf06-1895-4e76-b532-2cae1524923a to vehicle veh33
[Midd4VCServer] Assigning job 7a6845e6-321a-4053-b6f4-ff9c4cd29ca7 to vehicle veh19
[Midd4VCServer] Assigning job e385d650-eae3-4650-9c70-b2ff5c9ff52b to vehicle veh30
[Midd4VCServer] job d897871d-dccc-416c-ad17-e4d607f06375 completed by vehicle veh28
[Midd4VCServer] job received: d7165dcb-f990-4bf0-b5a7-67db5d8cd6a2
[Midd4VC] Job e96eb3eb-ee55-45d6-b94a-77a03edd40e5 timed out. Re-enqueueing.
[Midd4VCServer] Assigning job e96eb3eb-ee55-45d6-b94a-77a03edd40e5 to vehicle veh28
[Midd4VCServer] Assigning job d7165dcb-f990-4bf0-b5a7-67db5d8cd6a2 to vehicle veh27
[Midd4VCServer] job e96eb3eb-ee55-45d6-b94a-77a03edd40e5 completed by vehicle veh28
[Midd4VCServer] job d7165dcb-f990-4bf0-b5a7-67db5d8cd6a2 completed by vehicle veh27
[Midd4VCServer] job received: 569d3e6f-3b80-45ad-ad90-4ab376068943
[Midd4VCServer] Assigning job 569d3e6f-3b80-45ad-ad90-4ab376068943 to vehicle veh28
[Midd4VCServer] job 569d3e6f-3b80-45ad-ad90-4ab376068943 completed by vehicle veh28
[Midd4VCServer] job received: a52a8d64-c92e-4dcc-9a68-dc5e5a561f5a
[Midd4VCServer] Assigning job a52a8d64-c92e-4dcc-9a68-dc5e5a561f5a to vehicle veh28
[Midd4VCServer] job a52a8d64-c92e-4dcc-9a68-dc5e5a561f5a completed by vehicle veh28
[Midd4VCServer] job received: afc1eca3-0c8d-4cb9-b5ce-8dffc65cb2c4
[Midd4VCServer] Assigning job afc1eca3-0c8d-4cb9-b5ce-8dffc65cb2c4 to vehicle veh28
[Midd4VCServer] Vehicle veh7 already registered.
[Midd4VCServer] job received: 4206f08b-7c60-4030-ad2d-994cdc12831c
[Midd4VC] Job 6c82e7f0-2e6d-46a1-ae8e-b784c85fc23d timed out. Re-enqueueing.
[Midd4VC] Job 16cac5e7-5d55-4a9a-81ab-cc7198391408 timed out. Re-enqueueing.
[Midd4VCServer] Assigning job 16cac5e7-5d55-4a9a-81ab-cc7198391408 to vehicle veh37
[Midd4VCServer] Assigning job 6c82e7f0-2e6d-46a1-ae8e-b784c85fc23d to vehicle veh5
[Midd4VCServer] Assigning job 4206f08b-7c60-4030-ad2d-994cdc12831c to vehicle veh27
[Midd4VCServer] job received: e16d0531-7aec-4b69-a374-23d86f072a77
[Midd4VCServer] Assigning job e16d0531-7aec-4b69-a374-23d86f072a77 to vehicle veh17
[Midd4VCServer] job e16d0531-7aec-4b69-a374-23d86f072a77 completed by vehicle veh17
[Midd4VCServer] Vehicle veh35 already registered.
[Midd4VCServer] Vehicle veh39 already registered.
[Midd4VCServer] job received: 2a5b529b-b97c-4b43-8644-927d2af430f6
[Midd4VCServer] Assigning job 2a5b529b-b97c-4b43-8644-927d2af430f6 to vehicle veh15
[Midd4VCServer] job 2a5b529b-b97c-4b43-8644-927d2af430f6 completed by vehicle veh15
[Midd4VCServer] Vehicle veh28 already registered.
[Midd4VCServer] job received: 287c34dc-dfbb-4209-b075-3099263f4899
[Midd4VC] Job f1a194e1-9f4a-48dc-925f-d5a06bc31d76 timed out. Re-enqueueing.
[Midd4VC] Job fe907853-010e-4757-bd35-c03da17c93cc timed out. Re-enqueueing.
[Midd4VCServer] Assigning job fe907853-010e-4757-bd35-c03da17c93cc to vehicle veh8
[Midd4VCServer] Assigning job f1a194e1-9f4a-48dc-925f-d5a06bc31d76 to vehicle veh25
[Midd4VCServer] Assigning job 287c34dc-dfbb-4209-b075-3099263f4899 to vehicle veh14
[Midd4VCServer] job f1a194e1-9f4a-48dc-925f-d5a06bc31d76 completed by vehicle veh25
[Midd4VCServer] job 287c34dc-dfbb-4209-b075-3099263f4899 completed by vehicle veh14
[Midd4VCServer] Vehicle veh16 already registered.
[Midd4VCServer] job received: 17ef5e61-9130-4ad3-82d4-7deac9ec4600
[Midd4VCServer] Assigning job 17ef5e61-9130-4ad3-82d4-7deac9ec4600 to vehicle veh25
[Midd4VCServer] job 17ef5e61-9130-4ad3-82d4-7deac9ec4600 completed by vehicle veh25
[Midd4VCServer] Vehicle veh40 already registered.
[Midd4VCServer] Vehicle veh25 already registered.
[Midd4VCServer] Vehicle veh14 already registered.
[Midd4VCServer] Vehicle veh12 already registered.
[Midd4VCServer] Vehicle veh11 already registered.
[Midd4VCServer] job received: 77d0f47b-a88e-43cc-af57-bc086a1cd765
[Midd4VC] Job 5d1ecffa-8b40-476b-9c06-23963ee55fbe timed out. Re-enqueueing.
[Midd4VC] Job 60a02b77-e7c8-48f3-b733-649bf27acb68 timed out. Re-enqueueing.
[Midd4VCServer] Assigning job 60a02b77-e7c8-48f3-b733-649bf27acb68 to vehicle veh32
[Midd4VCServer] Assigning job 5d1ecffa-8b40-476b-9c06-23963ee55fbe to vehicle veh6
[Midd4VCServer] Assigning job 77d0f47b-a88e-43cc-af57-bc086a1cd765 to vehicle veh13
[Midd4VCServer] job 60a02b77-e7c8-48f3-b733-649bf27acb68 completed by vehicle veh32
[Midd4VCServer] job 77d0f47b-a88e-43cc-af57-bc086a1cd765 completed by vehicle veh13
[Midd4VCServer] job received: bf35908d-15d4-4a2a-985c-f710c6dde2c5
[Midd4VCServer] Assigning job bf35908d-15d4-4a2a-985c-f710c6dde2c5 to vehicle veh32
[Midd4VCServer] job bf35908d-15d4-4a2a-985c-f710c6dde2c5 completed by vehicle veh32
[Midd4VCServer] job received: 66142699-a420-4bb0-911b-d85d0945b5ca
[Midd4VCServer] Assigning job 66142699-a420-4bb0-911b-d85d0945b5ca to vehicle veh12
[Midd4VCServer] job 66142699-a420-4bb0-911b-d85d0945b5ca completed by vehicle veh12
[Midd4VCServer] Vehicle veh1 already registered.
[Midd4VCServer] job received: 1a708406-3552-4085-b8c8-d591a19f8821
[Midd4VC] Job d0156e9e-a28e-4606-9eae-b4ed3de1c36d timed out. Re-enqueueing.
[Midd4VCServer] Assigning job d0156e9e-a28e-4606-9eae-b4ed3de1c36d to vehicle veh40
[Midd4VCServer] Assigning job 1a708406-3552-4085-b8c8-d591a19f8821 to vehicle veh26
[Midd4VCServer] Vehicle veh4 already registered.
[Midd4VCServer] job received: 15d0cda0-f6ba-4d1f-aa11-6efb77e45539
[Midd4VCServer] Assigning job 15d0cda0-f6ba-4d1f-aa11-6efb77e45539 to vehicle veh21
[Midd4VCServer] job 15d0cda0-f6ba-4d1f-aa11-6efb77e45539 completed by vehicle veh21
[Midd4VCServer] Vehicle veh30 already registered.
[Midd4VCServer] Vehicle veh16 already registered.
[Midd4VCServer] job received: 5dc8c6d1-6d86-4e0d-8297-886e5bb45c89
[Midd4VCServer] Assigning job 5dc8c6d1-6d86-4e0d-8297-886e5bb45c89 to vehicle veh7
[Midd4VCServer] Vehicle veh23 already registered.
[Midd4VCServer] job received: efe65f8d-09ef-4a21-a0f4-c06e17f4368e
[Midd4VC] Job c69b3c44-2461-4606-bb4a-7fab1a73f37f timed out. Re-enqueueing.
[Midd4VC] Job b76858b7-abee-4868-82d2-d318ee677740 timed out. Re-enqueueing.
[Midd4VCServer] Assigning job b76858b7-abee-4868-82d2-d318ee677740 to vehicle veh11
[Midd4VCServer] Assigning job c69b3c44-2461-4606-bb4a-7fab1a73f37f to vehicle veh9
[Midd4VCServer] Assigning job efe65f8d-09ef-4a21-a0f4-c06e17f4368e to vehicle veh22
[Midd4VCServer] job b76858b7-abee-4868-82d2-d318ee677740 completed by vehicle veh11
[Midd4VCServer] job c69b3c44-2461-4606-bb4a-7fab1a73f37f completed by vehicle veh9
[Midd4VCServer] job efe65f8d-09ef-4a21-a0f4-c06e17f4368e completed by vehicle veh22
[Midd4VCServer] Vehicle veh18 already registered.
[Midd4VCServer] job received: e11bf13c-482e-4de8-b6d2-a1dc9468bdc0
[Midd4VCServer] Assigning job e11bf13c-482e-4de8-b6d2-a1dc9468bdc0 to vehicle veh11
[Midd4VCServer] job e11bf13c-482e-4de8-b6d2-a1dc9468bdc0 completed by vehicle veh11
[Midd4VCServer] Vehicle veh19 already registered.
[Midd4VCServer] job received: 815eaa65-e1da-48fa-963f-07fd4eafd2cf
[Midd4VC] Job 461cdfad-841e-40d6-9d9e-5de4f4119248 timed out. Re-enqueueing.
[Midd4VC] Job ac0328df-0203-462a-8ec1-dc71ee5ec50a timed out. Re-enqueueing.
[Midd4VCServer] Assigning job ac0328df-0203-462a-8ec1-dc71ee5ec50a to vehicle veh3
[Midd4VCServer] Assigning job 461cdfad-841e-40d6-9d9e-5de4f4119248 to vehicle veh11
[Midd4VCServer] Assigning job 815eaa65-e1da-48fa-963f-07fd4eafd2cf to vehicle veh29
[Midd4VCServer] Vehicle veh33 already registered.
[Midd4VCServer] job received: 9cb6e3ac-bccf-4eec-ad0d-7d8cc3f52199
[Midd4VC] Job f01fb3f4-5408-4c00-937e-7a6d1c496caa timed out. Re-enqueueing.
[Midd4VCServer] Assigning job f01fb3f4-5408-4c00-937e-7a6d1c496caa to vehicle veh20
[Midd4VCServer] Assigning job 9cb6e3ac-bccf-4eec-ad0d-7d8cc3f52199 to vehicle veh9
[Midd4VCServer] job 9cb6e3ac-bccf-4eec-ad0d-7d8cc3f52199 completed by vehicle veh9
[Midd4VCServer] job received: f04e55a3-f769-46f4-8d04-7ae1b529b977
[Midd4VCServer] Assigning job f04e55a3-f769-46f4-8d04-7ae1b529b977 to vehicle veh9
[Midd4VCServer] job f04e55a3-f769-46f4-8d04-7ae1b529b977 completed by vehicle veh9
[Midd4VCServer] Vehicle veh36 already registered.
[Midd4VCServer] Vehicle veh6 already registered.
[Midd4VCServer] job received: 75e11a81-c595-4ca3-bc18-5b502c4d60ee
[Midd4VCServer] Assigning job 75e11a81-c595-4ca3-bc18-5b502c4d60ee to vehicle veh9
[Midd4VCServer] job 75e11a81-c595-4ca3-bc18-5b502c4d60ee completed by vehicle veh9
[Midd4VCServer] job received: df74ad98-7dfd-44f9-a262-1f47f272bdbd
[Midd4VC] Job 3cce7f20-91a5-40b7-a0ff-302089f78605 timed out. Re-enqueueing.
[Midd4VCServer] Assigning job 3cce7f20-91a5-40b7-a0ff-302089f78605 to vehicle veh39
[Midd4VCServer] Assigning job df74ad98-7dfd-44f9-a262-1f47f272bdbd to vehicle veh24
[Midd4VCServer] job 3cce7f20-91a5-40b7-a0ff-302089f78605 completed by vehicle veh39
[Midd4VCServer] Vehicle veh22 already registered.
[Midd4VCServer] Vehicle veh3 already registered.
[Midd4VCServer] Vehicle veh40 already registered.
[Midd4VCServer] job received: a059b3ff-901f-4653-9c54-6cc8dba14078
[Midd4VC] Job 5ce0476b-fa7a-4704-9651-c6a051bfbba0 timed out. Re-enqueueing.
[Midd4VCServer] Assigning job 5ce0476b-fa7a-4704-9651-c6a051bfbba0 to vehicle veh39
[Midd4VCServer] Assigning job a059b3ff-901f-4653-9c54-6cc8dba14078 to vehicle veh2
[Midd4VCServer] job 5ce0476b-fa7a-4704-9651-c6a051bfbba0 completed by vehicle veh39
[Midd4VCServer] job received: 858b703a-fa7f-4b0d-9dd3-355b38d7a2e3
[Midd4VCServer] Assigning job 858b703a-fa7f-4b0d-9dd3-355b38d7a2e3 to vehicle veh39
[Midd4VCServer] job 858b703a-fa7f-4b0d-9dd3-355b38d7a2e3 completed by vehicle veh39
[Midd4VCServer] job received: ebe12d39-18f2-429d-bf8b-5e952947d16e
[Midd4VCServer] Assigning job ebe12d39-18f2-429d-bf8b-5e952947d16e to vehicle veh39
[Midd4VCServer] job ebe12d39-18f2-429d-bf8b-5e952947d16e completed by vehicle veh39
[Midd4VCServer] job received: 52128c6e-e2bb-49b0-a3d1-e8914b5bec20
[Midd4VCServer] Assigning job 52128c6e-e2bb-49b0-a3d1-e8914b5bec20 to vehicle veh39
[Midd4VCServer] job 52128c6e-e2bb-49b0-a3d1-e8914b5bec20 completed by vehicle veh39
[Midd4VCServer] job received: cf672a5f-f510-457b-93d5-cbd87f30d3c2
[Midd4VCServer] Assigning job cf672a5f-f510-457b-93d5-cbd87f30d3c2 to vehicle veh9
[Midd4VCServer] job cf672a5f-f510-457b-93d5-cbd87f30d3c2 completed by vehicle veh9
[Midd4VCServer] job received: 1eaf1c24-20c8-4b99-b7de-10ae642f852b
[Midd4VCServer] Assigning job 1eaf1c24-20c8-4b99-b7de-10ae642f852b to vehicle veh23
[Midd4VCServer] Vehicle veh38 already registered.
[Midd4VCServer] Vehicle veh30 already registered.
[Midd4VCServer] Vehicle veh10 already registered.
[Midd4VCServer] Vehicle veh27 already registered.
[Midd4VCServer] Vehicle veh23 already registered.
[Midd4VCServer] job received: 108ddf68-ed16-4973-8d4c-a413f8fc48b2
[Midd4VC] Job b8c8503d-1c70-440b-845f-6eae4122c0ad timed out. Re-enqueueing.
[Midd4VC] Job 653eb903-4b48-4e66-899a-7bb043362eb3 timed out. Re-enqueueing.
[Midd4VC] Job a3d319ea-f713-4810-817c-03f4f4382cd4 timed out. Re-enqueueing.
[Midd4VC] Job a09a538a-211b-486d-9d22-e452ae322b0d timed out. Re-enqueueing.
[Midd4VCServer] Assigning job a09a538a-211b-486d-9d22-e452ae322b0d to vehicle veh34
[Midd4VCServer] Assigning job a3d319ea-f713-4810-817c-03f4f4382cd4 to vehicle veh36
[Midd4VCServer] Assigning job 653eb903-4b48-4e66-899a-7bb043362eb3 to vehicle veh35
[Midd4VCServer] Assigning job b8c8503d-1c70-440b-845f-6eae4122c0ad to vehicle veh31
[Midd4VCServer] Assigning job 108ddf68-ed16-4973-8d4c-a413f8fc48b2 to vehicle veh17
[Midd4VCServer] job 653eb903-4b48-4e66-899a-7bb043362eb3 completed by vehicle veh35
[Midd4VCServer] job received: 00507d2b-acd3-4e97-9db2-085cdde3cef4
[Midd4VCServer] Assigning job 00507d2b-acd3-4e97-9db2-085cdde3cef4 to vehicle veh35
[Midd4VCServer] job 00507d2b-acd3-4e97-9db2-085cdde3cef4 completed by vehicle veh35
[Midd4VCServer] job received: 0d475e3d-8d9d-47bb-8728-ad4d26751fe3
[Midd4VC] Job 31bc13cd-ae00-4458-8455-bff8f20e52f8 timed out. Re-enqueueing.
[Midd4VCServer] Assigning job 31bc13cd-ae00-4458-8455-bff8f20e52f8 to vehicle veh10
[Midd4VCServer] Assigning job 0d475e3d-8d9d-47bb-8728-ad4d26751fe3 to vehicle veh35
[Midd4VCServer] job 0d475e3d-8d9d-47bb-8728-ad4d26751fe3 completed by vehicle veh35
[Midd4VCServer] job 31bc13cd-ae00-4458-8455-bff8f20e52f8 completed by vehicle veh10
[Midd4VCServer] Vehicle veh20 already registered.
[Midd4VCServer] Vehicle veh7 already registered.
[Midd4VCServer] job received: d667029c-ee00-4690-a2cd-99f60bdce8c6
[Midd4VC] Job c1c86c65-6545-4b58-b8c3-a7d53d9873c3 timed out. Re-enqueueing.
[Midd4VC] Job 7a584503-fb28-461a-852d-4c2ba269298a timed out. Re-enqueueing.
[Midd4VCServer] Assigning job 7a584503-fb28-461a-852d-4c2ba269298a to vehicle veh1
[Midd4VCServer] Assigning job c1c86c65-6545-4b58-b8c3-a7d53d9873c3 to vehicle veh10
[Midd4VCServer] Assigning job d667029c-ee00-4690-a2cd-99f60bdce8c6 to vehicle veh18
[Midd4VCServer] job c1c86c65-6545-4b58-b8c3-a7d53d9873c3 completed by vehicle veh10
[Midd4VCServer] job received: cc48cdca-8fc9-450f-884b-6c0f17e79752
[Midd4VCServer] Assigning job cc48cdca-8fc9-450f-884b-6c0f17e79752 to vehicle veh10
[Midd4VCServer] job cc48cdca-8fc9-450f-884b-6c0f17e79752 completed by vehicle veh10
[Midd4VCServer] Vehicle veh33 already registered.
[Midd4VCServer] Vehicle veh5 already registered.
[Midd4VCServer] Vehicle veh31 already registered.
[Midd4VCServer] job received: ef65394f-9c6f-4903-94fd-f785d4147cd3
[Midd4VCServer] Assigning job ef65394f-9c6f-4903-94fd-f785d4147cd3 to vehicle veh35
[Midd4VCServer] job ef65394f-9c6f-4903-94fd-f785d4147cd3 completed by vehicle veh35
[Midd4VCServer] job received: 5b57a05f-55ed-4d8c-81d9-004c5b3b38ae
[Midd4VCServer] Assigning job 5b57a05f-55ed-4d8c-81d9-004c5b3b38ae to vehicle veh10
[Midd4VCServer] job 5b57a05f-55ed-4d8c-81d9-004c5b3b38ae completed by vehicle veh10
[Midd4VCServer] job received: 7c269d32-9478-4905-a30a-5431746115dc
[Midd4VC] Job 4160e99c-81ac-4131-8077-06b77404ba3a timed out. Re-enqueueing.
[Midd4VCServer] Assigning job 4160e99c-81ac-4131-8077-06b77404ba3a to vehicle veh38
[Midd4VCServer] Assigning job 7c269d32-9478-4905-a30a-5431746115dc to vehicle veh15
[Midd4VCServer] job 4160e99c-81ac-4131-8077-06b77404ba3a completed by vehicle veh38
[Midd4VCServer] job 7c269d32-9478-4905-a30a-5431746115dc completed by vehicle veh15
[Midd4VCServer] job received: e3dd7dc8-28f0-4e96-bb87-7bbe6b4f306a
[Midd4VCServer] Assigning job e3dd7dc8-28f0-4e96-bb87-7bbe6b4f306a to vehicle veh38
[Midd4VCServer] job e3dd7dc8-28f0-4e96-bb87-7bbe6b4f306a completed by vehicle veh38
[Midd4VCServer] Vehicle veh11 already registered.
[Midd4VCServer] job received: d6c19fa4-181c-4e9a-87b4-44610487cc65
[Midd4VCServer] Assigning job d6c19fa4-181c-4e9a-87b4-44610487cc65 to vehicle veh38
[Midd4VCServer] job d6c19fa4-181c-4e9a-87b4-44610487cc65 completed by vehicle veh38
[Midd4VCServer] Vehicle veh9 already registered.
[Midd4VCServer] Vehicle veh24 already registered.
[Midd4VCServer] Vehicle veh25 already registered.
[Midd4VCServer] Vehicle veh4 already registered.
[Midd4VCServer] Vehicle veh17 already registered.
[Midd4VCServer] Vehicle veh29 already registered.
[Midd4VCServer] job received: 52a32069-5975-492d-9380-23ec23860d91
[Midd4VC] Job f7abaa85-0f0c-471a-a981-3eaa47bd32cd timed out. Re-enqueueing.
[Midd4VCServer] Assigning job f7abaa85-0f0c-471a-a981-3eaa47bd32cd to vehicle veh4
[Midd4VCServer] Assigning job 52a32069-5975-492d-9380-23ec23860d91 to vehicle veh25
[Midd4VCServer] job f7abaa85-0f0c-471a-a981-3eaa47bd32cd completed by vehicle veh4
[Midd4VCServer] job 52a32069-5975-492d-9380-23ec23860d91 completed by vehicle veh25
[Midd4VCServer] Vehicle veh35 already registered.
[Midd4VCServer] job received: 89ae1029-9865-440b-9ba2-9d9dbdc308f8
[Midd4VC] Job d72ab650-b4a8-444e-952b-7ba00732316d timed out. Re-enqueueing.
[Midd4VC] Job 39ffbf06-1895-4e76-b532-2cae1524923a timed out. Re-enqueueing.
[Midd4VC] Job 7a6845e6-321a-4053-b6f4-ff9c4cd29ca7 timed out. Re-enqueueing.
[Midd4VC] Job e385d650-eae3-4650-9c70-b2ff5c9ff52b timed out. Re-enqueueing.
[Midd4VCServer] Assigning job e385d650-eae3-4650-9c70-b2ff5c9ff52b to vehicle veh16
[Midd4VCServer] Assigning job 7a6845e6-321a-4053-b6f4-ff9c4cd29ca7 to vehicle veh33
[Midd4VCServer] Assigning job 39ffbf06-1895-4e76-b532-2cae1524923a to vehicle veh19
[Midd4VCServer] Assigning job d72ab650-b4a8-444e-952b-7ba00732316d to vehicle veh30
[Midd4VCServer] Assigning job 89ae1029-9865-440b-9ba2-9d9dbdc308f8 to vehicle veh4
[Midd4VCServer] job 7a6845e6-321a-4053-b6f4-ff9c4cd29ca7 completed by vehicle veh33
[Midd4VCServer] job e385d650-eae3-4650-9c70-b2ff5c9ff52b completed by vehicle veh16
[Midd4VCServer] job received: b4f3485d-1959-4489-9bda-67d6fe5eea71
[Midd4VCServer] Assigning job b4f3485d-1959-4489-9bda-67d6fe5eea71 to vehicle veh16
[Midd4VCServer] job b4f3485d-1959-4489-9bda-67d6fe5eea71 completed by vehicle veh16
[Midd4VCServer] job received: 25464298-44ef-433c-bfcb-744070dee0ce
[Midd4VC] Job afc1eca3-0c8d-4cb9-b5ce-8dffc65cb2c4 timed out. Re-enqueueing.
[Midd4VCServer] Assigning job afc1eca3-0c8d-4cb9-b5ce-8dffc65cb2c4 to vehicle veh33
[Midd4VCServer] Assigning job 25464298-44ef-433c-bfcb-744070dee0ce to vehicle veh28
[Midd4VCServer] job afc1eca3-0c8d-4cb9-b5ce-8dffc65cb2c4 completed by vehicle veh33
[Midd4VCServer] job received: 0579ff06-eaff-4658-a58b-53e11b4bb1b0
[Midd4VCServer] Assigning job 0579ff06-eaff-4658-a58b-53e11b4bb1b0 to vehicle veh16
[Midd4VCServer] job 0579ff06-eaff-4658-a58b-53e11b4bb1b0 completed by vehicle veh16
[Midd4VCServer] Vehicle veh9 already registered.
[Midd4VCServer] Vehicle veh12 already registered.
[Midd4VCServer] job received: f8d20b61-f89c-4e0a-a3b0-f5c31925d526
[Midd4VC] Job 16cac5e7-5d55-4a9a-81ab-cc7198391408 timed out. Re-enqueueing.
[Midd4VC] Job 6c82e7f0-2e6d-46a1-ae8e-b784c85fc23d timed out. Re-enqueueing.
[Midd4VC] Job 4206f08b-7c60-4030-ad2d-994cdc12831c timed out. Re-enqueueing.
[Midd4VCServer] Assigning job 4206f08b-7c60-4030-ad2d-994cdc12831c to vehicle veh37
[Midd4VCServer] Assigning job 6c82e7f0-2e6d-46a1-ae8e-b784c85fc23d to vehicle veh5
[Midd4VCServer] Assigning job 16cac5e7-5d55-4a9a-81ab-cc7198391408 to vehicle veh27
[Midd4VCServer] Assigning job f8d20b61-f89c-4e0a-a3b0-f5c31925d526 to vehicle veh33
[Midd4VCServer] job 6c82e7f0-2e6d-46a1-ae8e-b784c85fc23d completed by vehicle veh5
[Midd4VCServer] job f8d20b61-f89c-4e0a-a3b0-f5c31925d526 completed by vehicle veh33
[Midd4VCServer] job received: 6bb46731-4941-4363-9a08-a6d0f6cde3ba
[Midd4VCServer] Assigning job 6bb46731-4941-4363-9a08-a6d0f6cde3ba to vehicle veh5
[Midd4VCServer] job 6bb46731-4941-4363-9a08-a6d0f6cde3ba completed by vehicle veh5
[Midd4VCServer] Vehicle veh8 already registered.
[Midd4VCServer] Vehicle veh21 already registered.
[Midd4VCServer] Vehicle veh20 already registered.
[Midd4VCServer] job received: e5f42249-3fc8-4395-a6f6-0b284e35d98b
[Midd4VCServer] Assigning job e5f42249-3fc8-4395-a6f6-0b284e35d98b to vehicle veh16
[Midd4VCServer] job e5f42249-3fc8-4395-a6f6-0b284e35d98b completed by vehicle veh16
[Midd4VCServer] job received: 847f4668-83fe-49e6-a30f-360e0e552e99
[Midd4VCServer] Assigning job 847f4668-83fe-49e6-a30f-360e0e552e99 to vehicle veh5
[Midd4VCServer] job 847f4668-83fe-49e6-a30f-360e0e552e99 completed by vehicle veh5
[Midd4VCServer] Vehicle veh34 already registered.
[Midd4VCServer] Vehicle veh13 already registered.
[Midd4VCServer] Vehicle veh3 already registered.
[Midd4VCServer] job received: 100e5504-3526-41b0-b9d3-8d90f35aca58
[Midd4VC] Job fe907853-010e-4757-bd35-c03da17c93cc timed out. Re-enqueueing.
[Midd4VCServer] Assigning job fe907853-010e-4757-bd35-c03da17c93cc to vehicle veh8
[Midd4VCServer] Assigning job 100e5504-3526-41b0-b9d3-8d90f35aca58 to vehicle veh33
[Midd4VCServer] job 100e5504-3526-41b0-b9d3-8d90f35aca58 completed by vehicle veh33
[Midd4VCServer] Vehicle veh24 already registered.
[Midd4VCServer] Vehicle veh21 already registered.
[Midd4VCServer] job received: 4fc6f926-0ce7-4b0f-88bb-80c2cfe64373
[Midd4VCServer] Assigning job 4fc6f926-0ce7-4b0f-88bb-80c2cfe64373 to vehicle veh14
[Midd4VCServer] Vehicle veh4 already registered.
[Midd4VCServer] Vehicle veh2 already registered.
[Midd4VCServer] job received: 3f726aa5-f3bc-4d45-a29e-1f1147a7b6b6
[Midd4VC] Job 5d1ecffa-8b40-476b-9c06-23963ee55fbe timed out. Re-enqueueing.
[Midd4VCServer] Assigning job 5d1ecffa-8b40-476b-9c06-23963ee55fbe to vehicle veh6
[Midd4VCServer] Assigning job 3f726aa5-f3bc-4d45-a29e-1f1147a7b6b6 to vehicle veh32
[Midd4VCServer] Vehicle veh8 already registered.
[Midd4VCServer] Vehicle veh36 already registered.
[Midd4VCServer] job received: 47fb4cfa-62c4-4a9d-afe1-ce7c2040ea2c
[Midd4VCServer] Assigning job 47fb4cfa-62c4-4a9d-afe1-ce7c2040ea2c to vehicle veh35
[Midd4VCServer] job received: 2ba43034-55a8-4912-bf44-6cc698e6988d
[Midd4VC] Job d0156e9e-a28e-4606-9eae-b4ed3de1c36d timed out. Re-enqueueing.
[Midd4VC] Job 1a708406-3552-4085-b8c8-d591a19f8821 timed out. Re-enqueueing.
[Midd4VCServer] Assigning job 1a708406-3552-4085-b8c8-d591a19f8821 to vehicle veh40
[Midd4VCServer] Assigning job d0156e9e-a28e-4606-9eae-b4ed3de1c36d to vehicle veh26
[Midd4VCServer] Assigning job 2ba43034-55a8-4912-bf44-6cc698e6988d to vehicle veh13
[Midd4VCServer] job 2ba43034-55a8-4912-bf44-6cc698e6988d completed by vehicle veh13
[Midd4VCServer] Vehicle veh25 already registered.
[Midd4VCServer] job received: 387534e6-b496-4f9c-86d0-6b029a1dffe4
[Midd4VCServer] Assigning job 387534e6-b496-4f9c-86d0-6b029a1dffe4 to vehicle veh12
[Midd4VCServer] job received: e394d797-1d5c-4014-8885-d3099313ff52
[Midd4VC] Job 5dc8c6d1-6d86-4e0d-8297-886e5bb45c89 timed out. Re-enqueueing.
[Midd4VCServer] Assigning job 5dc8c6d1-6d86-4e0d-8297-886e5bb45c89 to vehicle veh7
[Midd4VCServer] Assigning job e394d797-1d5c-4014-8885-d3099313ff52 to vehicle veh21
[Midd4VCServer] job received: 7136a111-1980-4b1a-a5a9-0ea9bf2e115b
[Midd4VCServer] Assigning job 7136a111-1980-4b1a-a5a9-0ea9bf2e115b to vehicle veh10
[Midd4VCServer] job 7136a111-1980-4b1a-a5a9-0ea9bf2e115b completed by vehicle veh10
[Midd4VCServer] job received: 44576537-6164-413d-a28b-834c605f6b82
[Midd4VCServer] Assigning job 44576537-6164-413d-a28b-834c605f6b82 to vehicle veh38
[Midd4VCServer] Vehicle veh14 already registered.
[Midd4VCServer] job received: 55d76840-d341-459e-8219-8c1692feec79
[Midd4VCServer] Assigning job 55d76840-d341-459e-8219-8c1692feec79 to vehicle veh39
[Midd4VCServer] Vehicle veh33 already registered.
[Midd4VCServer] Vehicle veh9 already registered.
[Midd4VCServer] Vehicle veh27 already registered.
[Midd4VCServer] Vehicle veh32 already registered.
[Midd4VCServer] job received: 5c1d9bc8-2183-4419-b299-dc6a7ff8443a
[Midd4VC] Job ac0328df-0203-462a-8ec1-dc71ee5ec50a timed out. Re-enqueueing.
[Midd4VC] Job 461cdfad-841e-40d6-9d9e-5de4f4119248 timed out. Re-enqueueing.
[Midd4VC] Job 815eaa65-e1da-48fa-963f-07fd4eafd2cf timed out. Re-enqueueing.
[Midd4VC] Job f01fb3f4-5408-4c00-937e-7a6d1c496caa timed out. Re-enqueueing.
[Midd4VCServer] Assigning job f01fb3f4-5408-4c00-937e-7a6d1c496caa to vehicle veh3
[Midd4VCServer] Assigning job 815eaa65-e1da-48fa-963f-07fd4eafd2cf to vehicle veh11
[Midd4VCServer] Assigning job 461cdfad-841e-40d6-9d9e-5de4f4119248 to vehicle veh29
[Midd4VCServer] Assigning job ac0328df-0203-462a-8ec1-dc71ee5ec50a to vehicle veh20
[Midd4VCServer] Assigning job 5c1d9bc8-2183-4419-b299-dc6a7ff8443a to vehicle veh22
[Midd4VCServer] job ac0328df-0203-462a-8ec1-dc71ee5ec50a completed by vehicle veh20
[Midd4VCServer] job received: 5df8b593-2b88-46f6-aae8-87be7f5bdab4
[Midd4VCServer] Assigning job 5df8b593-2b88-46f6-aae8-87be7f5bdab4 to vehicle veh20
[Midd4VCServer] job 5df8b593-2b88-46f6-aae8-87be7f5bdab4 completed by vehicle veh20
[Midd4VCServer] job received: ac370382-300a-47aa-90f0-59f86e9b713b
[Midd4VC] Job df74ad98-7dfd-44f9-a262-1f47f272bdbd timed out. Re-enqueueing.
[Midd4VCServer] Assigning job df74ad98-7dfd-44f9-a262-1f47f272bdbd to vehicle veh20
[Midd4VCServer] Assigning job ac370382-300a-47aa-90f0-59f86e9b713b to vehicle veh24
[Midd4VCServer] job df74ad98-7dfd-44f9-a262-1f47f272bdbd completed by vehicle veh20
[Midd4VCServer] job ac370382-300a-47aa-90f0-59f86e9b713b completed by vehicle veh24
[Midd4VCServer] job received: cb08faa9-0000-4e1a-b61a-44b23380b646
[Midd4VCServer] Assigning job cb08faa9-0000-4e1a-b61a-44b23380b646 to vehicle veh20
[Midd4VCServer] job cb08faa9-0000-4e1a-b61a-44b23380b646 completed by vehicle veh20
[Midd4VCServer] job received: fdf85cc7-5703-42fc-80c4-da5edf5b0408
[Midd4VCServer] Assigning job fdf85cc7-5703-42fc-80c4-da5edf5b0408 to vehicle veh20
[Midd4VCServer] job fdf85cc7-5703-42fc-80c4-da5edf5b0408 completed by vehicle veh20
[Midd4VCServer] job received: cc523ee5-0b1e-45a7-9ecb-6a86a0d5667f
[Midd4VCServer] Assigning job cc523ee5-0b1e-45a7-9ecb-6a86a0d5667f to vehicle veh16
[Midd4VCServer] Vehicle veh17 already registered.
[Midd4VCServer] job received: 2a61fbbe-7db0-4676-8a8e-b48e93b01eea
[Midd4VC] Job a059b3ff-901f-4653-9c54-6cc8dba14078 timed out. Re-enqueueing.
[Midd4VCServer] Assigning job a059b3ff-901f-4653-9c54-6cc8dba14078 to vehicle veh2
[Midd4VCServer] Assigning job 2a61fbbe-7db0-4676-8a8e-b48e93b01eea to vehicle veh24
[Midd4VCServer] job 2a61fbbe-7db0-4676-8a8e-b48e93b01eea completed by vehicle veh24
[Midd4VCServer] Vehicle veh28 already registered.
[Midd4VCServer] Vehicle veh11 already registered.
[Midd4VCServer] job received: 88baca74-8336-4f4b-bfab-54fbb086f754
[Midd4VCServer] Assigning job 88baca74-8336-4f4b-bfab-54fbb086f754 to vehicle veh5
[Midd4VCServer] job received: 2e98e6c1-09c5-4fbb-b5ab-9fc5320f7f3f
[Midd4VC] Job 1eaf1c24-20c8-4b99-b7de-10ae642f852b timed out. Re-enqueueing.
[Midd4VCServer] Assigning job 1eaf1c24-20c8-4b99-b7de-10ae642f852b to vehicle veh23
[Midd4VCServer] Assigning job 2e98e6c1-09c5-4fbb-b5ab-9fc5320f7f3f to vehicle veh9
[Midd4VCServer] job 2e98e6c1-09c5-4fbb-b5ab-9fc5320f7f3f completed by vehicle veh9
[Midd4VCServer] Vehicle veh1 already registered.
[Midd4VCServer] Vehicle veh15 already registered.
[Midd4VCServer] Vehicle veh6 already registered.
[Midd4VCServer] Vehicle veh40 already registered.
[Midd4VCServer] Vehicle veh23 already registered.
[Midd4VCServer] job received: d195bab5-6c3e-4be9-8377-d72c5ee35422
[Midd4VCServer] Assigning job d195bab5-6c3e-4be9-8377-d72c5ee35422 to vehicle veh20
[Midd4VCServer] job d195bab5-6c3e-4be9-8377-d72c5ee35422 completed by vehicle veh20
[Midd4VCServer] job received: 5779f552-d423-403c-87c3-83cf1d9372a7
[Midd4VCServer] Assigning job 5779f552-d423-403c-87c3-83cf1d9372a7 to vehicle veh33
[Midd4VCServer] job 5779f552-d423-403c-87c3-83cf1d9372a7 completed by vehicle veh33
[Midd4VCServer] Vehicle veh14 already registered.
[Midd4VCServer] Vehicle veh31 already registered.
[Midd4VCServer] job received: 1f4d7c97-ebb3-4e59-b488-a42cf8832a3b
[Midd4VC] Job a09a538a-211b-486d-9d22-e452ae322b0d timed out. Re-enqueueing.
[Midd4VC] Job a3d319ea-f713-4810-817c-03f4f4382cd4 timed out. Re-enqueueing.
[Midd4VC] Job b8c8503d-1c70-440b-845f-6eae4122c0ad timed out. Re-enqueueing.
[Midd4VC] Job 108ddf68-ed16-4973-8d4c-a413f8fc48b2 timed out. Re-enqueueing.
[Midd4VCServer] Assigning job 108ddf68-ed16-4973-8d4c-a413f8fc48b2 to vehicle veh34
[Midd4VCServer] Assigning job b8c8503d-1c70-440b-845f-6eae4122c0ad to vehicle veh36
[Midd4VCServer] Assigning job a3d319ea-f713-4810-817c-03f4f4382cd4 to vehicle veh31
[Midd4VCServer] Assigning job a09a538a-211b-486d-9d22-e452ae322b0d to vehicle veh17
[Midd4VCServer] Assigning job 1f4d7c97-ebb3-4e59-b488-a42cf8832a3b to vehicle veh15
[Midd4VCServer] job a09a538a-211b-486d-9d22-e452ae322b0d completed by vehicle veh17
[Midd4VCServer] job 108ddf68-ed16-4973-8d4c-a413f8fc48b2 completed by vehicle veh34
[Midd4VCServer] Vehicle veh29 already registered.
[Midd4VCServer] job a3d319ea-f713-4810-817c-03f4f4382cd4 completed by vehicle veh31
[Midd4VCServer] job 1f4d7c97-ebb3-4e59-b488-a42cf8832a3b completed by vehicle veh15
[Midd4VCServer] job received: ab75f9fe-1b8e-44a7-81b6-e6cf62d38cef
[Midd4VCServer] Assigning job ab75f9fe-1b8e-44a7-81b6-e6cf62d38cef to vehicle veh34
[Midd4VCServer] job ab75f9fe-1b8e-44a7-81b6-e6cf62d38cef completed by vehicle veh34
[Midd4VCServer] job received: ddd0c234-dd0b-4e27-b70f-e3fcbc57b26d
[Midd4VCServer] Assigning job ddd0c234-dd0b-4e27-b70f-e3fcbc57b26d to vehicle veh34
[Midd4VCServer] job ddd0c234-dd0b-4e27-b70f-e3fcbc57b26d completed by vehicle veh34
[Midd4VCServer] job received: dfa8e20c-369a-4108-9551-e91b4d30e289
[Midd4VCServer] Assigning job dfa8e20c-369a-4108-9551-e91b4d30e289 to vehicle veh34
[Midd4VCServer] job dfa8e20c-369a-4108-9551-e91b4d30e289 completed by vehicle veh34
[Midd4VCServer] job received: d558d69d-3245-4f63-be9a-71ba6cc77e37
[Midd4VCServer] Assigning job d558d69d-3245-4f63-be9a-71ba6cc77e37 to vehicle veh34
[Midd4VCServer] job d558d69d-3245-4f63-be9a-71ba6cc77e37 completed by vehicle veh34
[Midd4VCServer] job received: 6f6a5363-9796-43e7-ba8b-323ad2a9abd0
[Midd4VCServer] Assigning job 6f6a5363-9796-43e7-ba8b-323ad2a9abd0 to vehicle veh31
[Midd4VCServer] job 6f6a5363-9796-43e7-ba8b-323ad2a9abd0 completed by vehicle veh31
[Midd4VCServer] Vehicle veh19 already registered.
[Midd4VCServer] job received: 4d09ffba-de9f-440f-bc96-90a31388f508
[Midd4VC] Job 7a584503-fb28-461a-852d-4c2ba269298a timed out. Re-enqueueing.
[Midd4VC] Job d667029c-ee00-4690-a2cd-99f60bdce8c6 timed out. Re-enqueueing.
[Midd4VCServer] Assigning job d667029c-ee00-4690-a2cd-99f60bdce8c6 to vehicle veh1
[Midd4VCServer] Assigning job 7a584503-fb28-461a-852d-4c2ba269298a to vehicle veh18
[Midd4VCServer] Assigning job 4d09ffba-de9f-440f-bc96-90a31388f508 to vehicle veh34
[Midd4VCServer] job 4d09ffba-de9f-440f-bc96-90a31388f508 completed by vehicle veh34
[Midd4VCServer] job d667029c-ee00-4690-a2cd-99f60bdce8c6 completed by vehicle veh1
[Midd4VCServer] Vehicle veh16 already registered.
[Midd4VCServer] job received: fac3ad89-ba64-47a9-a198-df3a08aed7e9
[Midd4VCServer] Assigning job fac3ad89-ba64-47a9-a198-df3a08aed7e9 to vehicle veh1
[Midd4VCServer] job fac3ad89-ba64-47a9-a198-df3a08aed7e9 completed by vehicle veh1
[Midd4VCServer] Vehicle veh6 already registered.
[Midd4VCServer] Vehicle veh11 already registered.
[Midd4VCServer] Vehicle veh14 already registered.
[Midd4VCServer] Vehicle veh26 already registered.
[Midd4VCServer] job received: 267633ed-097a-46fd-af5a-0c8b251ce5e7
[Midd4VCServer] Assigning job 267633ed-097a-46fd-af5a-0c8b251ce5e7 to vehicle veh1
[Midd4VCServer] Vehicle veh10 already registered.
[Midd4VCServer] job received: b29d03e4-4c1f-4009-a55b-b9b244dbea48
[Midd4VCServer] Assigning job b29d03e4-4c1f-4009-a55b-b9b244dbea48 to vehicle veh31
[Midd4VCServer] job b29d03e4-4c1f-4009-a55b-b9b244dbea48 completed by vehicle veh31
[Midd4VCServer] Vehicle veh30 already registered.
[Midd4VCServer] job received: 4213ef05-4dbc-4e4c-b1ae-c137ed322215
[Midd4VCServer] Assigning job 4213ef05-4dbc-4e4c-b1ae-c137ed322215 to vehicle veh34
[Midd4VCServer] job received: cdba631d-fc3c-47f9-a689-e0c4221ca770
[Midd4VCServer] Assigning job cdba631d-fc3c-47f9-a689-e0c4221ca770 to vehicle veh31
[Midd4VCServer] job cdba631d-fc3c-47f9-a689-e0c4221ca770 completed by vehicle veh31
[Midd4VCServer] Vehicle veh3 already registered.
[Midd4VCServer] job received: 2645b6bf-8319-4dbe-a048-311c6473c762
[Midd4VC] Job 39ffbf06-1895-4e76-b532-2cae1524923a timed out. Re-enqueueing.
[Midd4VC] Job d72ab650-b4a8-444e-952b-7ba00732316d timed out. Re-enqueueing.
[Midd4VC] Job 89ae1029-9865-440b-9ba2-9d9dbdc308f8 timed out. Re-enqueueing.
[Midd4VCServer] Assigning job 89ae1029-9865-440b-9ba2-9d9dbdc308f8 to vehicle veh19
[Midd4VCServer] Assigning job d72ab650-b4a8-444e-952b-7ba00732316d to vehicle veh30
[Midd4VCServer] Assigning job 39ffbf06-1895-4e76-b532-2cae1524923a to vehicle veh4
[Midd4VCServer] Assigning job 2645b6bf-8319-4dbe-a048-311c6473c762 to vehicle veh17
[Midd4VCServer] job 89ae1029-9865-440b-9ba2-9d9dbdc308f8 completed by vehicle veh19
[Midd4VCServer] job d72ab650-b4a8-444e-952b-7ba00732316d completed by vehicle veh30
[Midd4VCServer] job 2645b6bf-8319-4dbe-a048-311c6473c762 completed by vehicle veh17
[Midd4VCServer] job received: fb9091ce-8be7-4b06-aa2c-e118eed7977c
[Midd4VCServer] Assigning job fb9091ce-8be7-4b06-aa2c-e118eed7977c to vehicle veh19
[Midd4VCServer] job fb9091ce-8be7-4b06-aa2c-e118eed7977c completed by vehicle veh19
[Midd4VCServer] job received: aaf9bbe4-39aa-4748-b725-ac0f8d1a54f0
[Midd4VC] Job 25464298-44ef-433c-bfcb-744070dee0ce timed out. Re-enqueueing.
[Midd4VCServer] Assigning job 25464298-44ef-433c-bfcb-744070dee0ce to vehicle veh28
[Midd4VCServer] Assigning job aaf9bbe4-39aa-4748-b725-ac0f8d1a54f0 to vehicle veh19
[Midd4VCServer] job 25464298-44ef-433c-bfcb-744070dee0ce completed by vehicle veh28
[Midd4VCServer] job aaf9bbe4-39aa-4748-b725-ac0f8d1a54f0 completed by vehicle veh19
[Midd4VCServer] job received: e977f6b2-6fcd-4ca2-993d-058fcf41effb
[Midd4VCServer] Assigning job e977f6b2-6fcd-4ca2-993d-058fcf41effb to vehicle veh28
[Midd4VCServer] job e977f6b2-6fcd-4ca2-993d-058fcf41effb completed by vehicle veh28
[Midd4VCServer] Vehicle veh7 already registered.
[Midd4VCServer] job received: 80c036e6-45f4-48ee-bdb5-5ba0febad419
[Midd4VC] Job 4206f08b-7c60-4030-ad2d-994cdc12831c timed out. Re-enqueueing.
[Midd4VC] Job 16cac5e7-5d55-4a9a-81ab-cc7198391408 timed out. Re-enqueueing.
[Midd4VCServer] Assigning job 16cac5e7-5d55-4a9a-81ab-cc7198391408 to vehicle veh37
[Midd4VCServer] Assigning job 4206f08b-7c60-4030-ad2d-994cdc12831c to vehicle veh27
[Midd4VCServer] Assigning job 80c036e6-45f4-48ee-bdb5-5ba0febad419 to vehicle veh30
[Midd4VCServer] job 80c036e6-45f4-48ee-bdb5-5ba0febad419 completed by vehicle veh30
[Midd4VCServer] job received: ad8da708-5bc0-4b8b-9321-50ca2af5851f
[Midd4VCServer] Assigning job ad8da708-5bc0-4b8b-9321-50ca2af5851f to vehicle veh28
[Midd4VCServer] job ad8da708-5bc0-4b8b-9321-50ca2af5851f completed by vehicle veh28
[Midd4VCServer] Vehicle veh13 already registered.
[Midd4VCServer] Vehicle veh14 already registered.
[Midd4VCServer] Vehicle veh1 already registered.
[Midd4VCServer] Vehicle veh37 already registered.
[Midd4VCServer] job received: 435d56ce-ab39-435e-acb8-b0d4c92143a4
[Midd4VCServer] Assigning job 435d56ce-ab39-435e-acb8-b0d4c92143a4 to vehicle veh19
[Midd4VCServer] Vehicle veh34 already registered.
[Midd4VCServer] Vehicle veh2 already registered.
[Midd4VCServer] Vehicle veh18 already registered.
[Midd4VCServer] Vehicle veh16 already registered.
[Midd4VCServer] Vehicle veh25 already registered.
[Midd4VCServer] Vehicle veh23 already registered.
[Midd4VCServer] job received: 93fbb824-b8fb-4c42-81a7-a8e7dd186f72
[Midd4VC] Job fe907853-010e-4757-bd35-c03da17c93cc timed out. Re-enqueueing.
[Midd4VC] Job 4fc6f926-0ce7-4b0f-88bb-80c2cfe64373 timed out. Re-enqueueing.
[Midd4VCServer] Assigning job 4fc6f926-0ce7-4b0f-88bb-80c2cfe64373 to vehicle veh8
[Midd4VCServer] Assigning job fe907853-010e-4757-bd35-c03da17c93cc to vehicle veh14
[Midd4VCServer] Assigning job 93fbb824-b8fb-4c42-81a7-a8e7dd186f72 to vehicle veh30
[Midd4VCServer] job fe907853-010e-4757-bd35-c03da17c93cc completed by vehicle veh14
[Midd4VCServer] Vehicle veh4 already registered.
[Midd4VCServer] job received: 7999a792-0591-4adf-b273-1fc094ff085a
[Midd4VCServer] Assigning job 7999a792-0591-4adf-b273-1fc094ff085a to vehicle veh25
[Midd4VCServer] job 7999a792-0591-4adf-b273-1fc094ff085a completed by vehicle veh25
[Midd4VCServer] Vehicle veh32 already registered.
[Midd4VCServer] Vehicle veh29 already registered.
[Midd4VCServer] job received: 4f95abaa-e313-4d37-8d68-81c5d19ef03a
[Midd4VC] Job 5d1ecffa-8b40-476b-9c06-23963ee55fbe timed out. Re-enqueueing.
[Midd4VC] Job 3f726aa5-f3bc-4d45-a29e-1f1147a7b6b6 timed out. Re-enqueueing.
[Midd4VCServer] Assigning job 3f726aa5-f3bc-4d45-a29e-1f1147a7b6b6 to vehicle veh6
[Midd4VCServer] Assigning job 5d1ecffa-8b40-476b-9c06-23963ee55fbe to vehicle veh32
[Midd4VCServer] Assigning job 4f95abaa-e313-4d37-8d68-81c5d19ef03a to vehicle veh14
[Midd4VCServer] job 3f726aa5-f3bc-4d45-a29e-1f1147a7b6b6 completed by vehicle veh6
[Midd4VCServer] job 5d1ecffa-8b40-476b-9c06-23963ee55fbe completed by vehicle veh32
[Midd4VCServer] job 4f95abaa-e313-4d37-8d68-81c5d19ef03a completed by vehicle veh14
[Midd4VCServer] Vehicle veh19 already registered.
[Midd4VCServer] Vehicle veh38 already registered.
[Midd4VCServer] job received: ca2c8dc2-faaf-4cf9-8ec1-1a3ca3cf64de
[Midd4VC] Job 47fb4cfa-62c4-4a9d-afe1-ce7c2040ea2c timed out. Re-enqueueing.
[Midd4VC] Job 1a708406-3552-4085-b8c8-d591a19f8821 timed out. Re-enqueueing.
[Midd4VC] Job d0156e9e-a28e-4606-9eae-b4ed3de1c36d timed out. Re-enqueueing.
[Midd4VC] Job 387534e6-b496-4f9c-86d0-6b029a1dffe4 timed out. Re-enqueueing.
[Midd4VC] Job 5dc8c6d1-6d86-4e0d-8297-886e5bb45c89 timed out. Re-enqueueing.
[Midd4VC] Job e394d797-1d5c-4014-8885-d3099313ff52 timed out. Re-enqueueing.
[Midd4VCServer] Assigning job e394d797-1d5c-4014-8885-d3099313ff52 to vehicle veh40
[Midd4VCServer] Assigning job 5dc8c6d1-6d86-4e0d-8297-886e5bb45c89 to vehicle veh6
[Midd4VCServer] Assigning job 387534e6-b496-4f9c-86d0-6b029a1dffe4 to vehicle veh26
[Midd4VCServer] Assigning job d0156e9e-a28e-4606-9eae-b4ed3de1c36d to vehicle veh7
[Midd4VCServer] Assigning job 1a708406-3552-4085-b8c8-d591a19f8821 to vehicle veh35
[Midd4VCServer] Assigning job 47fb4cfa-62c4-4a9d-afe1-ce7c2040ea2c to vehicle veh12
[Midd4VCServer] Assigning job ca2c8dc2-faaf-4cf9-8ec1-1a3ca3cf64de to vehicle veh21
[Midd4VCServer] Vehicle veh30 already registered.
[Midd4VCServer] job e394d797-1d5c-4014-8885-d3099313ff52 completed by vehicle veh40
[Midd4VCServer] job 5dc8c6d1-6d86-4e0d-8297-886e5bb45c89 completed by vehicle veh6
[Midd4VCServer] job received: cfb00a17-8a98-443f-8820-cd84e5d0ff55
[Midd4VCServer] Assigning job cfb00a17-8a98-443f-8820-cd84e5d0ff55 to vehicle veh40
[Midd4VCServer] job cfb00a17-8a98-443f-8820-cd84e5d0ff55 completed by vehicle veh40
[Midd4VCServer] job received: f3a3d2fc-e994-4f1f-b131-a3a5b8168297
[Midd4VCServer] Assigning job f3a3d2fc-e994-4f1f-b131-a3a5b8168297 to vehicle veh6
[Midd4VCServer] job f3a3d2fc-e994-4f1f-b131-a3a5b8168297 completed by vehicle veh6
[Midd4VCServer] job received: fcfdc541-f070-4047-a163-876a76323f3b
[Midd4VCServer] Assigning job fcfdc541-f070-4047-a163-876a76323f3b to vehicle veh40
[Midd4VCServer] job fcfdc541-f070-4047-a163-876a76323f3b completed by vehicle veh40
[Midd4VCServer] job received: 10c48099-6c06-47b7-8aab-aa01d8a9fe71
[Midd4VCServer] Assigning job 10c48099-6c06-47b7-8aab-aa01d8a9fe71 to vehicle veh32
[Midd4VCServer] job 10c48099-6c06-47b7-8aab-aa01d8a9fe71 completed by vehicle veh32
[Midd4VCServer] Vehicle veh39 already registered.
[Midd4VCServer] Vehicle veh28 already registered.
[Midd4VCServer] Vehicle veh7 already registered.
[Midd4VCServer] job received: 8fa56fa0-771f-4f31-9f27-59cedf1dce12
[Midd4VC] Job 44576537-6164-413d-a28b-834c605f6b82 timed out. Re-enqueueing.
[Midd4VCServer] Assigning job 44576537-6164-413d-a28b-834c605f6b82 to vehicle veh38
[Midd4VCServer] Assigning job 8fa56fa0-771f-4f31-9f27-59cedf1dce12 to vehicle veh31
[Midd4VCServer] job 44576537-6164-413d-a28b-834c605f6b82 completed by vehicle veh38
[Midd4VCServer] Vehicle veh27 already registered.
[Midd4VCServer] Vehicle veh8 already registered.
[Midd4VCServer] job received: 0a17696d-6fa4-4910-ad1f-bc740289e3de
[Midd4VC] Job 55d76840-d341-459e-8219-8c1692feec79 timed out. Re-enqueueing.
[Midd4VCServer] Assigning job 55d76840-d341-459e-8219-8c1692feec79 to vehicle veh39
[Midd4VCServer] Assigning job 0a17696d-6fa4-4910-ad1f-bc740289e3de to vehicle veh6
[Midd4VCServer] job 0a17696d-6fa4-4910-ad1f-bc740289e3de completed by vehicle veh6
[Midd4VCServer] job 55d76840-d341-459e-8219-8c1692feec79 completed by vehicle veh39
[Midd4VCServer] job received: 2e2c500a-0174-4002-a206-e38015611323
[Midd4VCServer] Assigning job 2e2c500a-0174-4002-a206-e38015611323 to vehicle veh28
[Midd4VCServer] Vehicle veh21 already registered.
[Midd4VCServer] Vehicle veh17 already registered.
[Midd4VCServer] job received: c483f2c9-63a4-462f-b6cf-80b55d18b1f7
[Midd4VCServer] Assigning job c483f2c9-63a4-462f-b6cf-80b55d18b1f7 to vehicle veh13
[Midd4VCServer] Vehicle veh36 already registered.
[Midd4VCServer] Vehicle veh18 already registered.
[Midd4VCServer] Vehicle veh3 already registered.
[Midd4VCServer] Vehicle veh24 already registered.
[Midd4VCServer] job received: 473d28a1-b845-47f2-99c4-106a26f07f3c
[Midd4VC] Job f01fb3f4-5408-4c00-937e-7a6d1c496caa timed out. Re-enqueueing.
[Midd4VC] Job 815eaa65-e1da-48fa-963f-07fd4eafd2cf timed out. Re-enqueueing.
[Midd4VC] Job 461cdfad-841e-40d6-9d9e-5de4f4119248 timed out. Re-enqueueing.
[Midd4VC] Job 5c1d9bc8-2183-4419-b299-dc6a7ff8443a timed out. Re-enqueueing.
[Midd4VCServer] Assigning job 5c1d9bc8-2183-4419-b299-dc6a7ff8443a to vehicle veh3
[Midd4VCServer] Assigning job 461cdfad-841e-40d6-9d9e-5de4f4119248 to vehicle veh11
[Midd4VCServer] Assigning job 815eaa65-e1da-48fa-963f-07fd4eafd2cf to vehicle veh29
[Midd4VCServer] Assigning job f01fb3f4-5408-4c00-937e-7a6d1c496caa to vehicle veh22
[Midd4VCServer] Assigning job 473d28a1-b845-47f2-99c4-106a26f07f3c to vehicle veh10
[Midd4VCServer] job 815eaa65-e1da-48fa-963f-07fd4eafd2cf completed by vehicle veh29
[Midd4VCServer] job 461cdfad-841e-40d6-9d9e-5de4f4119248 completed by vehicle veh11
[Midd4VCServer] job 5c1d9bc8-2183-4419-b299-dc6a7ff8443a completed by vehicle veh3
[Midd4VCServer] job received: cff4bf53-7863-4b83-ba39-dc34c469d66a
[Midd4VCServer] Assigning job cff4bf53-7863-4b83-ba39-dc34c469d66a to vehicle veh3
[Midd4VCServer] job cff4bf53-7863-4b83-ba39-dc34c469d66a completed by vehicle veh3
[Midd4VCServer] job received: 1a0597f1-aa1a-4bcc-9a2a-eecb9bfb1629
[Midd4VC] Job cc523ee5-0b1e-45a7-9ecb-6a86a0d5667f timed out. Re-enqueueing.
[Midd4VCServer] Assigning job cc523ee5-0b1e-45a7-9ecb-6a86a0d5667f to vehicle veh3
[Midd4VCServer] Assigning job 1a0597f1-aa1a-4bcc-9a2a-eecb9bfb1629 to vehicle veh11
[Midd4VCServer] job cc523ee5-0b1e-45a7-9ecb-6a86a0d5667f completed by vehicle veh3
[Midd4VCServer] Vehicle veh13 already registered.
[Midd4VCServer] job received: 7b3a3129-126c-4df0-9ae9-d32b5a48ddee
[Midd4VCServer] Assigning job 7b3a3129-126c-4df0-9ae9-d32b5a48ddee to vehicle veh3
[Midd4VCServer] Vehicle veh1 already registered.
[Midd4VCServer] job received: 91bb63a1-3ee5-4397-929d-7269ea3e507a
[Midd4VC] Job a059b3ff-901f-4653-9c54-6cc8dba14078 timed out. Re-enqueueing.
[Midd4VCServer] Assigning job a059b3ff-901f-4653-9c54-6cc8dba14078 to vehicle veh29
[Midd4VCServer] Assigning job 91bb63a1-3ee5-4397-929d-7269ea3e507a to vehicle veh2
[Midd4VCServer] job a059b3ff-901f-4653-9c54-6cc8dba14078 completed by vehicle veh29
[Midd4VCServer] job 91bb63a1-3ee5-4397-929d-7269ea3e507a completed by vehicle veh2
[Midd4VCServer] Vehicle veh39 already registered.
[Midd4VCServer] Vehicle veh31 already registered.
[Midd4VCServer] job received: 2dc81a9f-3668-409e-b2ad-18471b12277d
[Midd4VCServer] Assigning job 2dc81a9f-3668-409e-b2ad-18471b12277d to vehicle veh29
[Midd4VCServer] job 2dc81a9f-3668-409e-b2ad-18471b12277d completed by vehicle veh29
[Midd4VCServer] Vehicle veh12 already registered.
[Midd4VCServer] job received: def720ac-cfb0-41f8-829a-3a5855ee2f6b
[Midd4VC] Job 88baca74-8336-4f4b-bfab-54fbb086f754 timed out. Re-enqueueing.
[Midd4VC] Job 1eaf1c24-20c8-4b99-b7de-10ae642f852b timed out. Re-enqueueing.
[Midd4VCServer] Assigning job 1eaf1c24-20c8-4b99-b7de-10ae642f852b to vehicle veh2
[Midd4VCServer] Assigning job 88baca74-8336-4f4b-bfab-54fbb086f754 to vehicle veh29
[Midd4VCServer] Assigning job def720ac-cfb0-41f8-829a-3a5855ee2f6b to vehicle veh23
[Midd4VCServer] job 1eaf1c24-20c8-4b99-b7de-10ae642f852b completed by vehicle veh2
[Midd4VCServer] job 88baca74-8336-4f4b-bfab-54fbb086f754 completed by vehicle veh29
[Midd4VCServer] job received: 09fae4fe-35d1-4f62-a545-4a32c71a6e00
[Midd4VCServer] Assigning job 09fae4fe-35d1-4f62-a545-4a32c71a6e00 to vehicle veh2
[Midd4VCServer] job 09fae4fe-35d1-4f62-a545-4a32c71a6e00 completed by vehicle veh2
[Midd4VCServer] Vehicle veh19 already registered.
[Midd4VCServer] job received: ef02299a-2e44-468b-bf75-68afa0d30093
[Midd4VCServer] Assigning job ef02299a-2e44-468b-bf75-68afa0d30093 to vehicle veh29
[Midd4VCServer] Vehicle veh28 already registered.
[Midd4VCServer] job received: 92266f02-573d-43b6-a5f4-e465a34905c7
[Midd4VCServer] Assigning job 92266f02-573d-43b6-a5f4-e465a34905c7 to vehicle veh2
[Midd4VCServer] job 92266f02-573d-43b6-a5f4-e465a34905c7 completed by vehicle veh2
[Midd4VCServer] job received: 9a6570c2-64fa-4a1a-ad92-893d1d67b8b5
[Midd4VCServer] Assigning job 9a6570c2-64fa-4a1a-ad92-893d1d67b8b5 to vehicle veh16
[Midd4VCServer] Vehicle veh9 already registered.
[Midd4VCServer] job received: 5eeedfe8-1808-45e2-9ce0-c234e8d21c0d
[Midd4VC] Job b8c8503d-1c70-440b-845f-6eae4122c0ad timed out. Re-enqueueing.
[Midd4VCServer] Assigning job b8c8503d-1c70-440b-845f-6eae4122c0ad to vehicle veh36
[Midd4VCServer] Assigning job 5eeedfe8-1808-45e2-9ce0-c234e8d21c0d to vehicle veh5
[Midd4VCServer] job b8c8503d-1c70-440b-845f-6eae4122c0ad completed by vehicle veh36
[Midd4VCServer] job received: 2dd243ef-7f43-4237-be07-75799952b0c4
[Midd4VCServer] Assigning job 2dd243ef-7f43-4237-be07-75799952b0c4 to vehicle veh36
[Midd4VCServer] job 2dd243ef-7f43-4237-be07-75799952b0c4 completed by vehicle veh36
[Midd4VCServer] job received: 63270b97-dd1a-4ead-9e44-e4c51cde912d
[Midd4VCServer] Assigning job 63270b97-dd1a-4ead-9e44-e4c51cde912d to vehicle veh36
[Midd4VCServer] job 63270b97-dd1a-4ead-9e44-e4c51cde912d completed by vehicle veh36
[Midd4VCServer] Vehicle veh18 already registered.
[Midd4VCServer] job received: 53453325-d20b-4565-8403-ce598621a0f9
[Midd4VC] Job 7a584503-fb28-461a-852d-4c2ba269298a timed out. Re-enqueueing.
[Midd4VCServer] Assigning job 7a584503-fb28-461a-852d-4c2ba269298a to vehicle veh18
[Midd4VCServer] Assigning job 53453325-d20b-4565-8403-ce598621a0f9 to vehicle veh36
[Midd4VCServer] job 7a584503-fb28-461a-852d-4c2ba269298a completed by vehicle veh18
[Midd4VCServer] job 53453325-d20b-4565-8403-ce598621a0f9 completed by vehicle veh36
[Midd4VCServer] Vehicle veh26 already registered.
[Midd4VCServer] Vehicle veh39 already registered.
[Midd4VCServer] job received: d47822f6-2bc8-4da7-ad79-2f5eda30fda7
[Midd4VCServer] Assigning job d47822f6-2bc8-4da7-ad79-2f5eda30fda7 to vehicle veh18
[Midd4VCServer] job d47822f6-2bc8-4da7-ad79-2f5eda30fda7 completed by vehicle veh18
[Midd4VCServer] job received: ffa83143-7242-4b3f-ac81-fdfd05c86dba
[Midd4VCServer] Assigning job ffa83143-7242-4b3f-ac81-fdfd05c86dba to vehicle veh18
[Midd4VCServer] job ffa83143-7242-4b3f-ac81-fdfd05c86dba completed by vehicle veh18
[Midd4VCServer] Vehicle veh20 already registered.
[Midd4VCServer] job received: ada51557-6bc1-421c-9d13-e57532c12b2c
[Midd4VCServer] Assigning job ada51557-6bc1-421c-9d13-e57532c12b2c to vehicle veh36
[Midd4VCServer] job ada51557-6bc1-421c-9d13-e57532c12b2c completed by vehicle veh36
[Midd4VCServer] job received: 61f5e34f-8643-4084-9d95-5183004ef80f
[Midd4VCServer] Assigning job 61f5e34f-8643-4084-9d95-5183004ef80f to vehicle veh18
[Midd4VCServer] job 61f5e34f-8643-4084-9d95-5183004ef80f completed by vehicle veh18
[Midd4VCServer] job received: 266e749a-4ad9-4dfd-b825-e751955c8671
[Midd4VCServer] Assigning job 266e749a-4ad9-4dfd-b825-e751955c8671 to vehicle veh36
[Midd4VCServer] job 266e749a-4ad9-4dfd-b825-e751955c8671 completed by vehicle veh36
[Midd4VCServer] Vehicle veh38 already registered.
[Midd4VCServer] job received: 0943fbe8-e660-4504-9247-8c434bfc3ba4
[Midd4VC] Job 267633ed-097a-46fd-af5a-0c8b251ce5e7 timed out. Re-enqueueing.
[Midd4VC] Job 4213ef05-4dbc-4e4c-b1ae-c137ed322215 timed out. Re-enqueueing.
[Midd4VCServer] Assigning job 4213ef05-4dbc-4e4c-b1ae-c137ed322215 to vehicle veh1
[Midd4VCServer] Assigning job 267633ed-097a-46fd-af5a-0c8b251ce5e7 to vehicle veh34
[Midd4VCServer] Assigning job 0943fbe8-e660-4504-9247-8c434bfc3ba4 to vehicle veh2
[Midd4VCServer] job received: ed47469e-cc84-423e-bd9e-21d5606424f2
[Midd4VCServer] Assigning job ed47469e-cc84-423e-bd9e-21d5606424f2 to vehicle veh18
[Midd4VCServer] job ed47469e-cc84-423e-bd9e-21d5606424f2 completed by vehicle veh18
[Midd4VCServer] Vehicle veh22 already registered.
[Midd4VCServer] Vehicle veh10 already registered.
[Midd4VCServer] Vehicle veh29 already registered.
[Midd4VCServer] Vehicle veh3 already registered.
[Midd4VCServer] Vehicle veh17 already registered.
[Midd4VCServer] Vehicle veh20 already registered.
[Midd4VCServer] job received: ce205064-89e5-4991-be9c-bfa8eb208e5e
[Midd4VC] Job 39ffbf06-1895-4e76-b532-2cae1524923a timed out. Re-enqueueing.
[Midd4VCServer] Assigning job 39ffbf06-1895-4e76-b532-2cae1524923a to vehicle veh4
[Midd4VCServer] Assigning job ce205064-89e5-4991-be9c-bfa8eb208e5e to vehicle veh38
[Midd4VCServer] job ce205064-89e5-4991-be9c-bfa8eb208e5e completed by vehicle veh38
[Midd4VCServer] Vehicle veh34 already registered.
[Midd4VCServer] Vehicle veh8 already registered.
[Midd4VCServer] Vehicle veh21 already registered.
[Midd4VCServer] job received: d5c8ab84-271b-4c3f-ac99-026a5cdfefe4
[Midd4VCServer] Assigning job d5c8ab84-271b-4c3f-ac99-026a5cdfefe4 to vehicle veh40
[Midd4VCServer] job d5c8ab84-271b-4c3f-ac99-026a5cdfefe4 completed by vehicle veh40
[Midd4VCServer] job received: 35c27a21-647b-49ec-b8cd-95f36ee4d112
[Midd4VCServer] Assigning job 35c27a21-647b-49ec-b8cd-95f36ee4d112 to vehicle veh39
[Midd4VCServer] job 35c27a21-647b-49ec-b8cd-95f36ee4d112 completed by vehicle veh39
[Midd4VCServer] job received: 9acece00-2ac8-46c6-8505-2cc243e4e3d1
[Midd4VC] Job 16cac5e7-5d55-4a9a-81ab-cc7198391408 timed out. Re-enqueueing.
[Midd4VC] Job 4206f08b-7c60-4030-ad2d-994cdc12831c timed out. Re-enqueueing.
[Midd4VCServer] Assigning job 4206f08b-7c60-4030-ad2d-994cdc12831c to vehicle veh37
[Midd4VCServer] Assigning job 16cac5e7-5d55-4a9a-81ab-cc7198391408 to vehicle veh27
[Midd4VCServer] Assigning job 9acece00-2ac8-46c6-8505-2cc243e4e3d1 to vehicle veh24
[Midd4VCServer] job 9acece00-2ac8-46c6-8505-2cc243e4e3d1 completed by vehicle veh24
[Midd4VCServer] Vehicle veh1 already registered.
[Midd4VCServer] job received: 23e0675e-c4ff-4942-9242-05ef911300c7
[Midd4VCServer] Assigning job 23e0675e-c4ff-4942-9242-05ef911300c7 to vehicle veh36
[Midd4VCServer] job 23e0675e-c4ff-4942-9242-05ef911300c7 completed by vehicle veh36
[Midd4VCServer] Vehicle veh2 already registered.
[Midd4VCServer] job received: 1459b216-b91e-40bc-bb56-22f699c2641b
[Midd4VCServer] Assigning job 1459b216-b91e-40bc-bb56-22f699c2641b to vehicle veh9
[Midd4VCServer] Vehicle veh19 already registered.
[Midd4VCServer] Vehicle veh23 already registered.
[Midd4VCServer] Vehicle veh9 already registered.
[Midd4VCServer] job received: 7cd9177a-0cad-49b7-b4a1-20a2c642c359
[Midd4VC] Job 435d56ce-ab39-435e-acb8-b0d4c92143a4 timed out. Re-enqueueing.
[Midd4VCServer] Assigning job 435d56ce-ab39-435e-acb8-b0d4c92143a4 to vehicle veh19
[Midd4VCServer] Assigning job 7cd9177a-0cad-49b7-b4a1-20a2c642c359 to vehicle veh20
[Midd4VCServer] job 435d56ce-ab39-435e-acb8-b0d4c92143a4 completed by vehicle veh19
[Midd4VCServer] job 7cd9177a-0cad-49b7-b4a1-20a2c642c359 completed by vehicle veh20
[Midd4VCServer] job received: 09529d3c-26e0-4b3f-98a5-cc62544c3af4
[Midd4VCServer] Assigning job 09529d3c-26e0-4b3f-98a5-cc62544c3af4 to vehicle veh19
[Midd4VCServer] job 09529d3c-26e0-4b3f-98a5-cc62544c3af4 completed by vehicle veh19
[Midd4VCServer] Vehicle veh5 already registered.
[Midd4VCServer] Vehicle veh11 already registered.
[Midd4VCServer] Vehicle veh25 already registered.
[Midd4VCServer] Vehicle veh31 already registered.
[Midd4VCServer] job received: 14ff2ebd-d700-498e-8b7a-776f6570f7ef
[Midd4VC] Job 4fc6f926-0ce7-4b0f-88bb-80c2cfe64373 timed out. Re-enqueueing.
[Midd4VC] Job 93fbb824-b8fb-4c42-81a7-a8e7dd186f72 timed out. Re-enqueueing.
[Midd4VCServer] Assigning job 93fbb824-b8fb-4c42-81a7-a8e7dd186f72 to vehicle veh8
[Midd4VCServer] Assigning job 4fc6f926-0ce7-4b0f-88bb-80c2cfe64373 to vehicle veh30
[Midd4VCServer] Assigning job 14ff2ebd-d700-498e-8b7a-776f6570f7ef to vehicle veh33
[Midd4VCServer] job 93fbb824-b8fb-4c42-81a7-a8e7dd186f72 completed by vehicle veh8
[Midd4VCServer] job received: 096cbc87-8257-4521-8bba-97610b2070ce
[Midd4VCServer] Assigning job 096cbc87-8257-4521-8bba-97610b2070ce to vehicle veh8
[Midd4VCServer] job 096cbc87-8257-4521-8bba-97610b2070ce completed by vehicle veh8
[Midd4VCServer] Vehicle veh7 already registered.
[Midd4VCServer] job received: b94f2eba-2c40-4740-802e-255f0030931d
[Midd4VCServer] Assigning job b94f2eba-2c40-4740-802e-255f0030931d to vehicle veh8
[Midd4VCServer] job b94f2eba-2c40-4740-802e-255f0030931d completed by vehicle veh8
[Midd4VCServer] job received: b6611c80-7dc8-4de7-9a16-9634eb1be795
[Midd4VCServer] Assigning job b6611c80-7dc8-4de7-9a16-9634eb1be795 to vehicle veh8
[Midd4VCServer] job received: 97c49296-b530-4710-ad3b-e4e3bd047d9c
[Midd4VCServer] Assigning job 97c49296-b530-4710-ad3b-e4e3bd047d9c to vehicle veh17
[Midd4VCServer] job 97c49296-b530-4710-ad3b-e4e3bd047d9c completed by vehicle veh17
[Midd4VCServer] Vehicle veh35 already registered.
[Midd4VCServer] Vehicle veh1 already registered.
[Midd4VCServer] job received: 7f3a35ee-c9f4-41cd-a2e1-025f90816365
[Midd4VC] Job 387534e6-b496-4f9c-86d0-6b029a1dffe4 timed out. Re-enqueueing.
[Midd4VC] Job d0156e9e-a28e-4606-9eae-b4ed3de1c36d timed out. Re-enqueueing.
[Midd4VC] Job 1a708406-3552-4085-b8c8-d591a19f8821 timed out. Re-enqueueing.
[Midd4VC] Job 47fb4cfa-62c4-4a9d-afe1-ce7c2040ea2c timed out. Re-enqueueing.
[Midd4VC] Job ca2c8dc2-faaf-4cf9-8ec1-1a3ca3cf64de timed out. Re-enqueueing.
[Midd4VCServer] Assigning job ca2c8dc2-faaf-4cf9-8ec1-1a3ca3cf64de to vehicle veh26
[Midd4VCServer] Assigning job 47fb4cfa-62c4-4a9d-afe1-ce7c2040ea2c to vehicle veh7
[Midd4VCServer] Assigning job 1a708406-3552-4085-b8c8-d591a19f8821 to vehicle veh35
[Midd4VCServer] Assigning job d0156e9e-a28e-4606-9eae-b4ed3de1c36d to vehicle veh12
[Midd4VCServer] Assigning job 387534e6-b496-4f9c-86d0-6b029a1dffe4 to vehicle veh21
[Midd4VCServer] Assigning job 7f3a35ee-c9f4-41cd-a2e1-025f90816365 to vehicle veh15
[Midd4VCServer] job 47fb4cfa-62c4-4a9d-afe1-ce7c2040ea2c completed by vehicle veh7
[Midd4VCServer] job 1a708406-3552-4085-b8c8-d591a19f8821 completed by vehicle veh35
[Midd4VCServer] Vehicle veh8 already registered.
[Midd4VCServer] job received: d1cf7c54-a461-4690-9fb7-de0bc89c9c78
[Midd4VC] Job 8fa56fa0-771f-4f31-9f27-59cedf1dce12 timed out. Re-enqueueing.
[Midd4VCServer] Assigning job 8fa56fa0-771f-4f31-9f27-59cedf1dce12 to vehicle veh7
[Midd4VCServer] Assigning job d1cf7c54-a461-4690-9fb7-de0bc89c9c78 to vehicle veh31
[Midd4VCServer] job 8fa56fa0-771f-4f31-9f27-59cedf1dce12 completed by vehicle veh7
[Midd4VCServer] job d1cf7c54-a461-4690-9fb7-de0bc89c9c78 completed by vehicle veh31
[Midd4VCServer] job received: 3f3e919f-8206-4a91-8ee3-80073592ed45
[Midd4VCServer] Assigning job 3f3e919f-8206-4a91-8ee3-80073592ed45 to vehicle veh35
[Midd4VCServer] job 3f3e919f-8206-4a91-8ee3-80073592ed45 completed by vehicle veh35
[Midd4VCServer] job received: 0c55fe02-d096-47c8-b98b-5aa5331e6d7e
[Midd4VC] Job 2e2c500a-0174-4002-a206-e38015611323 timed out. Re-enqueueing.
[Midd4VCServer] Assigning job 2e2c500a-0174-4002-a206-e38015611323 to vehicle veh28
[Midd4VCServer] Assigning job 0c55fe02-d096-47c8-b98b-5aa5331e6d7e to vehicle veh7
[Midd4VCServer] job 0c55fe02-d096-47c8-b98b-5aa5331e6d7e completed by vehicle veh7
[Midd4VCServer] job received: 74a99085-e4b2-4c4a-8c31-a955f5664d14
[Midd4VCServer] Assigning job 74a99085-e4b2-4c4a-8c31-a955f5664d14 to vehicle veh25
[Midd4VCServer] job received: 12ff0e92-68ad-4a3c-9a2c-cb04417ebffc
[Midd4VC] Job c483f2c9-63a4-462f-b6cf-80b55d18b1f7 timed out. Re-enqueueing.
[Midd4VCServer] Assigning job c483f2c9-63a4-462f-b6cf-80b55d18b1f7 to vehicle veh13
[Midd4VCServer] Assigning job 12ff0e92-68ad-4a3c-9a2c-cb04417ebffc to vehicle veh14
[Midd4VCServer] Vehicle veh20 already registered.
[Midd4VCServer] Vehicle veh28 already registered.
[Midd4VCServer] Vehicle veh18 already registered.
[Midd4VCServer] job received: 1ff54bf5-9165-4804-aa57-431a8605bab3
[Midd4VCServer] Assigning job 1ff54bf5-9165-4804-aa57-431a8605bab3 to vehicle veh32
[Midd4VCServer] job received: 6e93432e-6158-459b-b51e-b561ec5e4c8b
[Midd4VCServer] Assigning job 6e93432e-6158-459b-b51e-b561ec5e4c8b to vehicle veh31
[Midd4VCServer] Vehicle veh38 already registered.
[Midd4VCServer] Vehicle veh32 already registered.
[Midd4VCServer] Vehicle veh33 already registered.
[Midd4VCServer] Vehicle veh30 already registered.
[Midd4VCServer] job received: a7e7752a-087f-4e3a-aeb2-c2e2903ac2bb
[Midd4VC] Job f01fb3f4-5408-4c00-937e-7a6d1c496caa timed out. Re-enqueueing.
[Midd4VC] Job 473d28a1-b845-47f2-99c4-106a26f07f3c timed out. Re-enqueueing.
[Midd4VC] Job 1a0597f1-aa1a-4bcc-9a2a-eecb9bfb1629 timed out. Re-enqueueing.
[Midd4VC] Job 7b3a3129-126c-4df0-9ae9-d32b5a48ddee timed out. Re-enqueueing.
[Midd4VCServer] Assigning job 7b3a3129-126c-4df0-9ae9-d32b5a48ddee to vehicle veh11
[Midd4VCServer] Assigning job 1a0597f1-aa1a-4bcc-9a2a-eecb9bfb1629 to vehicle veh3
[Midd4VCServer] Assigning job 473d28a1-b845-47f2-99c4-106a26f07f3c to vehicle veh22
[Midd4VCServer] Assigning job f01fb3f4-5408-4c00-937e-7a6d1c496caa to vehicle veh10
[Midd4VCServer] Assigning job a7e7752a-087f-4e3a-aeb2-c2e2903ac2bb to vehicle veh6
[Midd4VCServer] job 473d28a1-b845-47f2-99c4-106a26f07f3c completed by vehicle veh22
[Midd4VCServer] job received: 4916b1ae-8da7-4f89-b153-2b615d640832
[Midd4VCServer] Assigning job 4916b1ae-8da7-4f89-b153-2b615d640832 to vehicle veh22
[Midd4VCServer] job 4916b1ae-8da7-4f89-b153-2b615d640832 completed by vehicle veh22
[Midd4VCServer] job received: 736e9f31-06a4-4f81-bcde-f5a1b4d3f04f
[Midd4VCServer] Assigning job 736e9f31-06a4-4f81-bcde-f5a1b4d3f04f to vehicle veh35
[Midd4VCServer] job 736e9f31-06a4-4f81-bcde-f5a1b4d3f04f completed by vehicle veh35
[Midd4VCServer] Vehicle veh9 already registered.
[Midd4VCServer] job received: 78c641c3-b909-4c39-9fca-d20e43bff031
[Midd4VC] Job def720ac-cfb0-41f8-829a-3a5855ee2f6b timed out. Re-enqueueing.
[Midd4VCServer] Assigning job def720ac-cfb0-41f8-829a-3a5855ee2f6b to vehicle veh23
[Midd4VCServer] Assigning job 78c641c3-b909-4c39-9fca-d20e43bff031 to vehicle veh7
[Midd4VCServer] job def720ac-cfb0-41f8-829a-3a5855ee2f6b completed by vehicle veh23
[Midd4VCServer] job received: da9a2ef5-682f-4b99-a9cf-e81c519c4263
[Midd4VCServer] Assigning job da9a2ef5-682f-4b99-a9cf-e81c519c4263 to vehicle veh23
[Midd4VCServer] job da9a2ef5-682f-4b99-a9cf-e81c519c4263 completed by vehicle veh23
[Midd4VCServer] job received: 7019d98d-fe9b-488c-a3e2-a5b9243c8b0c
[Midd4VCServer] Assigning job 7019d98d-fe9b-488c-a3e2-a5b9243c8b0c to vehicle veh23
[Midd4VCServer] job 7019d98d-fe9b-488c-a3e2-a5b9243c8b0c completed by vehicle veh23
[Midd4VCServer] job received: 7225bd91-1275-4acc-8a04-843b8ba4f93d
[Midd4VCServer] Assigning job 7225bd91-1275-4acc-8a04-843b8ba4f93d to vehicle veh18
[Midd4VCServer] job 7225bd91-1275-4acc-8a04-843b8ba4f93d completed by vehicle veh18
[Midd4VCServer] job received: 2d51fa60-43f4-4073-9b59-027a4d1b0981
[Midd4VCServer] Assigning job 2d51fa60-43f4-4073-9b59-027a4d1b0981 to vehicle veh38
[Midd4VCServer] job 2d51fa60-43f4-4073-9b59-027a4d1b0981 completed by vehicle veh38
[Midd4VCServer] job received: 9e599421-9cf9-40b1-8795-08fecf12cf84
[Midd4VCServer] Assigning job 9e599421-9cf9-40b1-8795-08fecf12cf84 to vehicle veh40
[Midd4VCServer] job 9e599421-9cf9-40b1-8795-08fecf12cf84 completed by vehicle veh40
[Midd4VCServer] Vehicle veh38 already registered.
[Midd4VCServer] Vehicle veh24 already registered.
[Midd4VCServer] job received: 41f8dcd4-7a0e-4a98-9361-0c19ec1b0ba2
[Midd4VC] Job ef02299a-2e44-468b-bf75-68afa0d30093 timed out. Re-enqueueing.
[Midd4VC] Job 9a6570c2-64fa-4a1a-ad92-893d1d67b8b5 timed out. Re-enqueueing.
[Midd4VCServer] Assigning job 9a6570c2-64fa-4a1a-ad92-893d1d67b8b5 to vehicle veh29
[Midd4VCServer] Assigning job ef02299a-2e44-468b-bf75-68afa0d30093 to vehicle veh16
[Midd4VCServer] Assigning job 41f8dcd4-7a0e-4a98-9361-0c19ec1b0ba2 to vehicle veh39
[Midd4VCServer] job 41f8dcd4-7a0e-4a98-9361-0c19ec1b0ba2 completed by vehicle veh39
[Midd4VCServer] job received: 70646ae4-2131-4909-b237-fb8827c4474c
[Midd4VCServer] Assigning job 70646ae4-2131-4909-b237-fb8827c4474c to vehicle veh22
[Midd4VCServer] job 70646ae4-2131-4909-b237-fb8827c4474c completed by vehicle veh22
[Midd4VCServer] Vehicle veh25 already registered.
[Midd4VCServer] Vehicle veh7 already registered.
[Midd4VCServer] Vehicle veh5 already registered.
[Midd4VCServer] Vehicle veh8 already registered.
[Midd4VCServer] Vehicle veh39 already registered.
[Midd4VCServer] job received: e07a229e-84a4-4970-9217-2a647ae0c0dd
[Midd4VC] Job 5eeedfe8-1808-45e2-9ce0-c234e8d21c0d timed out. Re-enqueueing.
[Midd4VCServer] Assigning job 5eeedfe8-1808-45e2-9ce0-c234e8d21c0d to vehicle veh5
[Midd4VCServer] Assigning job e07a229e-84a4-4970-9217-2a647ae0c0dd to vehicle veh19
[Midd4VCServer] Vehicle veh14 already registered.
[Midd4VCServer] Vehicle veh16 already registered.
[Midd4VCServer] job received: 807f588f-d34d-4d77-bb2b-e86b45438c80
[Midd4VCServer] Assigning job 807f588f-d34d-4d77-bb2b-e86b45438c80 to vehicle veh24
[Midd4VCServer] Vehicle veh24 already registered.
[Midd4VCServer] Vehicle veh35 already registered.
[Midd4VCServer] job received: 4556ea90-858b-44d8-be6b-18b1b71b0970
[Midd4VCServer] Assigning job 4556ea90-858b-44d8-be6b-18b1b71b0970 to vehicle veh36
[Midd4VCServer] job received: 6daca0f5-8f41-4383-8bf6-f3dc305b9dc6
[Midd4VCServer] Assigning job 6daca0f5-8f41-4383-8bf6-f3dc305b9dc6 to vehicle veh23
[Midd4VCServer] job 6daca0f5-8f41-4383-8bf6-f3dc305b9dc6 completed by vehicle veh23
[Midd4VCServer] job received: 67836247-99a5-4926-ae21-17e2e0b2be1e
[Midd4VCServer] Assigning job 67836247-99a5-4926-ae21-17e2e0b2be1e to vehicle veh20
[Midd4VCServer] Vehicle veh13 already registered.
[Midd4VCServer] job received: 8f99533e-345f-4cf7-bb01-98cce57f39e3
[Midd4VCServer] Assigning job 8f99533e-345f-4cf7-bb01-98cce57f39e3 to vehicle veh17
[Midd4VCServer] Vehicle veh3 already registered.
[Midd4VCServer] job received: 2d9eb5f3-fc50-4c01-9732-6a87118b619f
[Midd4VCServer] Assigning job 2d9eb5f3-fc50-4c01-9732-6a87118b619f to vehicle veh35
[Midd4VCServer] job 2d9eb5f3-fc50-4c01-9732-6a87118b619f completed by vehicle veh35
[Midd4VCServer] job received: e396fd11-8c35-479d-a555-22f750d7e3b3
[Midd4VC] Job 4213ef05-4dbc-4e4c-b1ae-c137ed322215 timed out. Re-enqueueing.
[Midd4VC] Job 267633ed-097a-46fd-af5a-0c8b251ce5e7 timed out. Re-enqueueing.
[Midd4VC] Job 0943fbe8-e660-4504-9247-8c434bfc3ba4 timed out. Re-enqueueing.
[Midd4VCServer] Assigning job 0943fbe8-e660-4504-9247-8c434bfc3ba4 to vehicle veh1
[Midd4VCServer] Assigning job 267633ed-097a-46fd-af5a-0c8b251ce5e7 to vehicle veh34
[Midd4VCServer] Assigning job 4213ef05-4dbc-4e4c-b1ae-c137ed322215 to vehicle veh2
[Midd4VCServer] Assigning job e396fd11-8c35-479d-a555-22f750d7e3b3 to vehicle veh18
[Midd4VCServer] job received: 0c8c06d9-746b-42db-8d5e-824ccf3800b2
[Midd4VCServer] Assigning job 0c8c06d9-746b-42db-8d5e-824ccf3800b2 to vehicle veh38
[Midd4VCServer] job 267633ed-097a-46fd-af5a-0c8b251ce5e7 completed by vehicle veh34
[Midd4VCServer] job e396fd11-8c35-479d-a555-22f750d7e3b3 completed by vehicle veh18
[Midd4VCServer] job received: b1e1c370-7f70-472e-a873-3aa9644d2148
[Midd4VCServer] Assigning job b1e1c370-7f70-472e-a873-3aa9644d2148 to vehicle veh34
[Midd4VCServer] job b1e1c370-7f70-472e-a873-3aa9644d2148 completed by vehicle veh34
[Midd4VCServer] Vehicle veh11 already registered.
[Midd4VCServer] Vehicle veh27 already registered.
[Midd4VCServer] Vehicle veh37 already registered.
[Midd4VCServer] Vehicle veh36 already registered.
[Midd4VCServer] job received: 69852dff-b248-47d4-9738-d756f244f9ea
[Midd4VC] Job 39ffbf06-1895-4e76-b532-2cae1524923a timed out. Re-enqueueing.
[Midd4VCServer] Assigning job 39ffbf06-1895-4e76-b532-2cae1524923a to vehicle veh4
[Midd4VCServer] Assigning job 69852dff-b248-47d4-9738-d756f244f9ea to vehicle veh34
[Midd4VCServer] job 69852dff-b248-47d4-9738-d756f244f9ea completed by vehicle veh34
[Midd4VCServer] Vehicle veh8 already registered.
[Midd4VCServer] Vehicle veh20 already registered.
[Midd4VCServer] Vehicle veh17 already registered.
[Midd4VCServer] job received: 21c32e23-a566-441b-a670-af6d2812f653
[Midd4VCServer] Assigning job 21c32e23-a566-441b-a670-af6d2812f653 to vehicle veh34
[Midd4VCServer] job 21c32e23-a566-441b-a670-af6d2812f653 completed by vehicle veh34
[Midd4VCServer] Vehicle veh26 already registered.
[Midd4VCServer] Vehicle veh19 already registered.
[Midd4VCServer] Vehicle veh32 already registered.
[Midd4VCServer] Vehicle veh25 already registered.
[Midd4VCServer] Vehicle veh38 already registered.
[Midd4VCServer] job received: 59a29843-279a-416f-834b-d0423d25a1a7
[Midd4VC] Job 4206f08b-7c60-4030-ad2d-994cdc12831c timed out. Re-enqueueing.
[Midd4VC] Job 16cac5e7-5d55-4a9a-81ab-cc7198391408 timed out. Re-enqueueing.
[Midd4VC] Job 1459b216-b91e-40bc-bb56-22f699c2641b timed out. Re-enqueueing.
[Midd4VCServer] Assigning job 1459b216-b91e-40bc-bb56-22f699c2641b to vehicle veh37
[Midd4VCServer] Assigning job 16cac5e7-5d55-4a9a-81ab-cc7198391408 to vehicle veh27
[Midd4VCServer] Assigning job 4206f08b-7c60-4030-ad2d-994cdc12831c to vehicle veh9
[Midd4VCServer] Assigning job 59a29843-279a-416f-834b-d0423d25a1a7 to vehicle veh40
[Midd4VCServer] job 1459b216-b91e-40bc-bb56-22f699c2641b completed by vehicle veh37
[Midd4VCServer] job 16cac5e7-5d55-4a9a-81ab-cc7198391408 completed by vehicle veh27
[Midd4VCServer] Vehicle veh18 already registered.
[Midd4VCServer] job received: b143c740-b6aa-4e2c-8f99-c875976aa1f4
[Midd4VCServer] Assigning job b143c740-b6aa-4e2c-8f99-c875976aa1f4 to vehicle veh37
[Midd4VCServer] job b143c740-b6aa-4e2c-8f99-c875976aa1f4 completed by vehicle veh37
[Midd4VCServer] job received: e1aa7607-8f05-45cd-a8a2-74bfb4dc64ad
[Midd4VCServer] Assigning job e1aa7607-8f05-45cd-a8a2-74bfb4dc64ad to vehicle veh37
[Midd4VCServer] job e1aa7607-8f05-45cd-a8a2-74bfb4dc64ad completed by vehicle veh37
[Midd4VCServer] job received: 273874f2-4138-4b2a-a3ac-c2b71826bc1e
[Midd4VCServer] Assigning job 273874f2-4138-4b2a-a3ac-c2b71826bc1e to vehicle veh37
[Midd4VCServer] job 273874f2-4138-4b2a-a3ac-c2b71826bc1e completed by vehicle veh37
[Midd4VCServer] Vehicle veh1 already registered.
[Midd4VCServer] job received: d19985e4-d6d3-4cdc-90e7-5658210112dd
[Midd4VCServer] Assigning job d19985e4-d6d3-4cdc-90e7-5658210112dd to vehicle veh37
[Midd4VCServer] job d19985e4-d6d3-4cdc-90e7-5658210112dd completed by vehicle veh37
[Midd4VCServer] Vehicle veh11 already registered.
[Midd4VCServer] job received: a2d3110b-319e-4a63-b1e5-e71de1f31de0
[Midd4VCServer] Assigning job a2d3110b-319e-4a63-b1e5-e71de1f31de0 to vehicle veh37
[Midd4VCServer] job a2d3110b-319e-4a63-b1e5-e71de1f31de0 completed by vehicle veh37
[Midd4VCServer] job received: 216ec660-1964-430b-a137-3e2054ec30e5
[Midd4VCServer] Assigning job 216ec660-1964-430b-a137-3e2054ec30e5 to vehicle veh37
[Midd4VCServer] job 216ec660-1964-430b-a137-3e2054ec30e5 completed by vehicle veh37
[Midd4VCServer] job received: 885bb99a-953d-4089-a385-efc1e4887a63
[Midd4VCServer] Assigning job 885bb99a-953d-4089-a385-efc1e4887a63 to vehicle veh27
[Midd4VCServer] job 885bb99a-953d-4089-a385-efc1e4887a63 completed by vehicle veh27
[Midd4VCServer] Vehicle veh15 already registered.
[Midd4VCServer] Vehicle veh30 already registered.
[Midd4VCServer] Vehicle veh12 already registered.
[Midd4VCServer] Vehicle veh6 already registered.
[Midd4VCServer] Vehicle veh21 already registered.
[Midd4VCServer] job received: 414d96ed-d1b3-4dc1-a527-dd6fcdb048be
[Midd4VC] Job 4fc6f926-0ce7-4b0f-88bb-80c2cfe64373 timed out. Re-enqueueing.
[Midd4VC] Job 14ff2ebd-d700-498e-8b7a-776f6570f7ef timed out. Re-enqueueing.
[Midd4VCServer] Assigning job 14ff2ebd-d700-498e-8b7a-776f6570f7ef to vehicle veh37
[Midd4VCServer] Assigning job 4fc6f926-0ce7-4b0f-88bb-80c2cfe64373 to vehicle veh27
[Midd4VCServer] Assigning job 414d96ed-d1b3-4dc1-a527-dd6fcdb048be to vehicle veh30
[Midd4VCServer] job 414d96ed-d1b3-4dc1-a527-dd6fcdb048be completed by vehicle veh30
[Midd4VCServer] job 4fc6f926-0ce7-4b0f-88bb-80c2cfe64373 completed by vehicle veh27
[Midd4VCServer] Vehicle veh5 already registered.
[Midd4VCServer] Vehicle veh12 already registered.
[Midd4VCServer] job received: 63392433-93fe-486e-8aed-17db08ca5b26
[Midd4VC] Job b6611c80-7dc8-4de7-9a16-9634eb1be795 timed out. Re-enqueueing.
[Midd4VC] Job ca2c8dc2-faaf-4cf9-8ec1-1a3ca3cf64de timed out. Re-enqueueing.
[Midd4VC] Job d0156e9e-a28e-4606-9eae-b4ed3de1c36d timed out. Re-enqueueing.
[Midd4VC] Job 387534e6-b496-4f9c-86d0-6b029a1dffe4 timed out. Re-enqueueing.
[Midd4VC] Job 7f3a35ee-c9f4-41cd-a2e1-025f90816365 timed out. Re-enqueueing.
[Midd4VCServer] Assigning job 7f3a35ee-c9f4-41cd-a2e1-025f90816365 to vehicle veh26
[Midd4VCServer] Assigning job 387534e6-b496-4f9c-86d0-6b029a1dffe4 to vehicle veh12
[Midd4VCServer] Assigning job d0156e9e-a28e-4606-9eae-b4ed3de1c36d to vehicle veh21
[Midd4VCServer] Assigning job ca2c8dc2-faaf-4cf9-8ec1-1a3ca3cf64de to vehicle veh8
[Midd4VCServer] Assigning job b6611c80-7dc8-4de7-9a16-9634eb1be795 to vehicle veh27
[Midd4VCServer] Assigning job 63392433-93fe-486e-8aed-17db08ca5b26 to vehicle veh33
[Midd4VCServer] job b6611c80-7dc8-4de7-9a16-9634eb1be795 completed by vehicle veh27
[Midd4VCServer] job d0156e9e-a28e-4606-9eae-b4ed3de1c36d completed by vehicle veh21
[Midd4VCServer] job 387534e6-b496-4f9c-86d0-6b029a1dffe4 completed by vehicle veh12
[Midd4VCServer] job ca2c8dc2-faaf-4cf9-8ec1-1a3ca3cf64de completed by vehicle veh8
[Midd4VCServer] job 63392433-93fe-486e-8aed-17db08ca5b26 completed by vehicle veh33
[Midd4VCServer] job received: c0a2b7aa-0ae7-4ef1-8c02-86106a0bdef6
[Midd4VCServer] Assigning job c0a2b7aa-0ae7-4ef1-8c02-86106a0bdef6 to vehicle veh12
[Midd4VCServer] job c0a2b7aa-0ae7-4ef1-8c02-86106a0bdef6 completed by vehicle veh12
[Midd4VCServer] Vehicle veh18 already registered.
[Midd4VCServer] job received: 6005955a-983a-422d-98f2-9dee7a383e75
[Midd4VCServer] Assigning job 6005955a-983a-422d-98f2-9dee7a383e75 to vehicle veh21
[Midd4VCServer] job 6005955a-983a-422d-98f2-9dee7a383e75 completed by vehicle veh21
[Midd4VCServer] Vehicle veh33 already registered.
[Midd4VCServer] job received: 45b4a608-7c4f-418f-9953-aca40b9087a4
[Midd4VCServer] Assigning job 45b4a608-7c4f-418f-9953-aca40b9087a4 to vehicle veh30
[Midd4VCServer] job 45b4a608-7c4f-418f-9953-aca40b9087a4 completed by vehicle veh30
[Midd4VCServer] Vehicle veh35 already registered.
[Midd4VCServer] Vehicle veh21 already registered.
[Midd4VCServer] job received: b070c4ad-7a1c-4f19-836a-98e4cf5ce7a3
[Midd4VC] Job 2e2c500a-0174-4002-a206-e38015611323 timed out. Re-enqueueing.
[Midd4VC] Job 74a99085-e4b2-4c4a-8c31-a955f5664d14 timed out. Re-enqueueing.
[Midd4VCServer] Assigning job 74a99085-e4b2-4c4a-8c31-a955f5664d14 to vehicle veh28
[Midd4VCServer] Assigning job 2e2c500a-0174-4002-a206-e38015611323 to vehicle veh8
[Midd4VCServer] Assigning job b070c4ad-7a1c-4f19-836a-98e4cf5ce7a3 to vehicle veh15
[Midd4VCServer] job 2e2c500a-0174-4002-a206-e38015611323 completed by vehicle veh8
[Midd4VCServer] job received: eded7357-1eb0-4020-a1b0-1ae3ff9f1864
[Midd4VCServer] Assigning job eded7357-1eb0-4020-a1b0-1ae3ff9f1864 to vehicle veh25
[Midd4VCServer] job received: 2bc01b72-8b52-405a-bc91-caf2152397c9
[Midd4VCServer] Assigning job 2bc01b72-8b52-405a-bc91-caf2152397c9 to vehicle veh12
[Midd4VCServer] job 2bc01b72-8b52-405a-bc91-caf2152397c9 completed by vehicle veh12
[Midd4VCServer] job received: 6ffb9a34-0dce-4311-9c85-e26b8296a60a
[Midd4VC] Job c483f2c9-63a4-462f-b6cf-80b55d18b1f7 timed out. Re-enqueueing.
[Midd4VC] Job 12ff0e92-68ad-4a3c-9a2c-cb04417ebffc timed out. Re-enqueueing.
[Midd4VCServer] Assigning job 12ff0e92-68ad-4a3c-9a2c-cb04417ebffc to vehicle veh13
[Midd4VCServer] Assigning job c483f2c9-63a4-462f-b6cf-80b55d18b1f7 to vehicle veh14
[Midd4VCServer] Assigning job 6ffb9a34-0dce-4311-9c85-e26b8296a60a to vehicle veh21
[Midd4VCServer] job 6ffb9a34-0dce-4311-9c85-e26b8296a60a completed by vehicle veh21
[Midd4VCServer] job received: b202484b-fcfe-49ad-9171-723a5615103b
[Midd4VC] Job 1ff54bf5-9165-4804-aa57-431a8605bab3 timed out. Re-enqueueing.
[Midd4VC] Job 6e93432e-6158-459b-b51e-b561ec5e4c8b timed out. Re-enqueueing.
[Midd4VCServer] Assigning job 6e93432e-6158-459b-b51e-b561ec5e4c8b to vehicle veh32
[Midd4VCServer] Assigning job 1ff54bf5-9165-4804-aa57-431a8605bab3 to vehicle veh31
[Midd4VCServer] Assigning job b202484b-fcfe-49ad-9171-723a5615103b to vehicle veh27
[Midd4VCServer] job b202484b-fcfe-49ad-9171-723a5615103b completed by vehicle veh27
[Midd4VCServer] Vehicle veh25 already registered.
[Midd4VCServer] job received: bf9ecaf7-7c3e-4c2f-8194-3121248ef8c5
[Midd4VC] Job 7b3a3129-126c-4df0-9ae9-d32b5a48ddee timed out. Re-enqueueing.
[Midd4VC] Job 1a0597f1-aa1a-4bcc-9a2a-eecb9bfb1629 timed out. Re-enqueueing.
[Midd4VC] Job f01fb3f4-5408-4c00-937e-7a6d1c496caa timed out. Re-enqueueing.
[Midd4VC] Job a7e7752a-087f-4e3a-aeb2-c2e2903ac2bb timed out. Re-enqueueing.
[Midd4VCServer] Assigning job a7e7752a-087f-4e3a-aeb2-c2e2903ac2bb to vehicle veh11
[Midd4VCServer] Assigning job f01fb3f4-5408-4c00-937e-7a6d1c496caa to vehicle veh3
[Midd4VCServer] Assigning job 1a0597f1-aa1a-4bcc-9a2a-eecb9bfb1629 to vehicle veh10
[Midd4VCServer] Assigning job 7b3a3129-126c-4df0-9ae9-d32b5a48ddee to vehicle veh6
[Midd4VCServer] Assigning job bf9ecaf7-7c3e-4c2f-8194-3121248ef8c5 to vehicle veh33
[Midd4VCServer] job 1a0597f1-aa1a-4bcc-9a2a-eecb9bfb1629 completed by vehicle veh10
[Midd4VCServer] job a7e7752a-087f-4e3a-aeb2-c2e2903ac2bb completed by vehicle veh11
[Midd4VCServer] job bf9ecaf7-7c3e-4c2f-8194-3121248ef8c5 completed by vehicle veh33
[Midd4VCServer] Vehicle veh10 already registered.
[Midd4VCServer] job received: ca8a6f7d-c866-4d34-9bd4-a56bd344df05
[Midd4VCServer] Assigning job ca8a6f7d-c866-4d34-9bd4-a56bd344df05 to vehicle veh11
[Midd4VCServer] job ca8a6f7d-c866-4d34-9bd4-a56bd344df05 completed by vehicle veh11
[Midd4VCServer] job received: 6a5a1360-904b-43c7-b88e-b1f00d594c37
[Midd4VCServer] Assigning job 6a5a1360-904b-43c7-b88e-b1f00d594c37 to vehicle veh11
[Midd4VCServer] job 6a5a1360-904b-43c7-b88e-b1f00d594c37 completed by vehicle veh11
[Midd4VCServer] Vehicle veh7 already registered.
[Midd4VCServer] job received: e029a8f4-4f6d-4401-bcb5-b63c130d9362
[Midd4VC] Job 78c641c3-b909-4c39-9fca-d20e43bff031 timed out. Re-enqueueing.
[Midd4VCServer] Assigning job 78c641c3-b909-4c39-9fca-d20e43bff031 to vehicle veh11
[Midd4VCServer] Assigning job e029a8f4-4f6d-4401-bcb5-b63c130d9362 to vehicle veh10
[Midd4VCServer] job 78c641c3-b909-4c39-9fca-d20e43bff031 completed by vehicle veh11
[Midd4VCServer] job e029a8f4-4f6d-4401-bcb5-b63c130d9362 completed by vehicle veh10
[Midd4VCServer] Vehicle veh5 already registered.
[Midd4VCServer] Vehicle veh30 already registered.
[Midd4VCServer] job received: 081bcedc-5a19-4214-a8a7-d4ad1639165d
[Midd4VCServer] Assigning job 081bcedc-5a19-4214-a8a7-d4ad1639165d to vehicle veh11
[Midd4VCServer] job 081bcedc-5a19-4214-a8a7-d4ad1639165d completed by vehicle veh11
[Midd4VCServer] job received: 1a63d06e-c46d-4adf-8440-315282880f76
[Midd4VCServer] Assigning job 1a63d06e-c46d-4adf-8440-315282880f76 to vehicle veh11
[Midd4VCServer] job 1a63d06e-c46d-4adf-8440-315282880f76 completed by vehicle veh11
[Midd4VCServer] Vehicle veh8 already registered.
[Midd4VCServer] Vehicle veh4 already registered.
[Midd4VCServer] job received: ab390c95-bb7a-4cd8-bc29-a5446c49f129
[Midd4VCServer] Assigning job ab390c95-bb7a-4cd8-bc29-a5446c49f129 to vehicle veh11
[Midd4VCServer] job ab390c95-bb7a-4cd8-bc29-a5446c49f129 completed by vehicle veh11
[Midd4VCServer] Vehicle veh34 already registered.
[Midd4VCServer] job received: 26fc5c9b-e3a3-4e8c-bd36-b5dcfb243c98
[Midd4VC] Job 9a6570c2-64fa-4a1a-ad92-893d1d67b8b5 timed out. Re-enqueueing.
[Midd4VC] Job ef02299a-2e44-468b-bf75-68afa0d30093 timed out. Re-enqueueing.
[Midd4VCServer] Assigning job ef02299a-2e44-468b-bf75-68afa0d30093 to vehicle veh29
[Midd4VCServer] Assigning job 9a6570c2-64fa-4a1a-ad92-893d1d67b8b5 to vehicle veh16
[Midd4VCServer] Assigning job 26fc5c9b-e3a3-4e8c-bd36-b5dcfb243c98 to vehicle veh7
[Midd4VCServer] job 26fc5c9b-e3a3-4e8c-bd36-b5dcfb243c98 completed by vehicle veh7
[Midd4VCServer] Vehicle veh15 already registered.
[Midd4VCServer] job received: 7aafdf79-1724-4314-935c-307aa3fad1c7
[Midd4VCServer] Assigning job 7aafdf79-1724-4314-935c-307aa3fad1c7 to vehicle veh30
[Midd4VCServer] job 7aafdf79-1724-4314-935c-307aa3fad1c7 completed by vehicle veh30
[Midd4VCServer] Vehicle veh6 already registered.
[Midd4VCServer] Vehicle veh28 already registered.
[Midd4VCServer] Vehicle veh35 already registered.
[Midd4VCServer] job received: 78190238-215e-4d54-804c-4d006c9d6be9
[Midd4VCServer] Assigning job 78190238-215e-4d54-804c-4d006c9d6be9 to vehicle veh8
[Midd4VCServer] Vehicle veh9 already registered.
[Midd4VCServer] Vehicle veh33 already registered.
[Midd4VCServer] Vehicle veh3 already registered.
[Midd4VCServer] Vehicle veh37 already registered.
[Midd4VCServer] Vehicle veh19 already registered.
[Midd4VCServer] Vehicle veh27 already registered.
[Midd4VCServer] job received: db0b481a-7bc0-40e6-a57d-49deefc25f3c
[Midd4VC] Job 5eeedfe8-1808-45e2-9ce0-c234e8d21c0d timed out. Re-enqueueing.
[Midd4VC] Job e07a229e-84a4-4970-9217-2a647ae0c0dd timed out. Re-enqueueing.
[Midd4VC] Job 807f588f-d34d-4d77-bb2b-e86b45438c80 timed out. Re-enqueueing.
[Midd4VCServer] Assigning job 807f588f-d34d-4d77-bb2b-e86b45438c80 to vehicle veh5
[Midd4VCServer] Assigning job e07a229e-84a4-4970-9217-2a647ae0c0dd to vehicle veh19
[Midd4VCServer] Assigning job 5eeedfe8-1808-45e2-9ce0-c234e8d21c0d to vehicle veh24
[Midd4VCServer] Assigning job db0b481a-7bc0-40e6-a57d-49deefc25f3c to vehicle veh12
[Midd4VCServer] job db0b481a-7bc0-40e6-a57d-49deefc25f3c completed by vehicle veh12
[Midd4VCServer] job e07a229e-84a4-4970-9217-2a647ae0c0dd completed by vehicle veh19
[Midd4VCServer] job received: 9afb5ca1-7f9e-47a8-a9b6-48ae74efc586
[Midd4VCServer] Assigning job 9afb5ca1-7f9e-47a8-a9b6-48ae74efc586 to vehicle veh11
[Midd4VCServer] job 9afb5ca1-7f9e-47a8-a9b6-48ae74efc586 completed by vehicle veh11
[Midd4VCServer] Vehicle veh16 already registered.
[Midd4VCServer] job received: 2e449020-fd39-4cc4-bbdb-ced34207e5e4
[Midd4VCServer] Assigning job 2e449020-fd39-4cc4-bbdb-ced34207e5e4 to vehicle veh21
[Midd4VCServer] job 2e449020-fd39-4cc4-bbdb-ced34207e5e4 completed by vehicle veh21
[Midd4VCServer] Vehicle veh31 already registered.
[Midd4VCServer] Vehicle veh29 already registered.
[Midd4VCServer] job received: 33108b10-1502-432f-8e97-cbe94b931dd0
[Midd4VCServer] Assigning job 33108b10-1502-432f-8e97-cbe94b931dd0 to vehicle veh10
[Midd4VCServer] job 33108b10-1502-432f-8e97-cbe94b931dd0 completed by vehicle veh10
[Midd4VCServer] Vehicle veh18 already registered.
[Midd4VCServer] job received: d210ca03-c7d9-48e4-ac66-81a110351f80
[Midd4VCServer] Assigning job d210ca03-c7d9-48e4-ac66-81a110351f80 to vehicle veh7
[Midd4VCServer] job d210ca03-c7d9-48e4-ac66-81a110351f80 completed by vehicle veh7
[Midd4VCServer] job received: e56679ea-3732-40ab-b731-af26580dbaf7
[Midd4VC] Job 4556ea90-858b-44d8-be6b-18b1b71b0970 timed out. Re-enqueueing.
[Midd4VCServer] Assigning job 4556ea90-858b-44d8-be6b-18b1b71b0970 to vehicle veh36
[Midd4VCServer] Assigning job e56679ea-3732-40ab-b731-af26580dbaf7 to vehicle veh39
[Midd4VCServer] Vehicle veh40 already registered.
[Midd4VCServer] Vehicle veh1 already registered.
[Midd4VCServer] Vehicle veh19 already registered.
[Midd4VCServer] job received: 2875c2d6-33e6-411b-aa7d-bb0b5e54d771
[Midd4VC] Job 67836247-99a5-4926-ae21-17e2e0b2be1e timed out. Re-enqueueing.
[Midd4VC] Job 8f99533e-345f-4cf7-bb01-98cce57f39e3 timed out. Re-enqueueing.
[Midd4VC] Job 0943fbe8-e660-4504-9247-8c434bfc3ba4 timed out. Re-enqueueing.
[Midd4VC] Job 4213ef05-4dbc-4e4c-b1ae-c137ed322215 timed out. Re-enqueueing.
[Midd4VC] Job 0c8c06d9-746b-42db-8d5e-824ccf3800b2 timed out. Re-enqueueing.
[Midd4VCServer] Assigning job 0c8c06d9-746b-42db-8d5e-824ccf3800b2 to vehicle veh1
[Midd4VCServer] Assigning job 4213ef05-4dbc-4e4c-b1ae-c137ed322215 to vehicle veh2
[Midd4VCServer] Assigning job 0943fbe8-e660-4504-9247-8c434bfc3ba4 to vehicle veh20
[Midd4VCServer] Assigning job 8f99533e-345f-4cf7-bb01-98cce57f39e3 to vehicle veh17
[Midd4VCServer] Assigning job 67836247-99a5-4926-ae21-17e2e0b2be1e to vehicle veh38
[Midd4VCServer] Assigning job 2875c2d6-33e6-411b-aa7d-bb0b5e54d771 to vehicle veh22
[Midd4VCServer] job 0c8c06d9-746b-42db-8d5e-824ccf3800b2 completed by vehicle veh1
[Midd4VCServer] job 67836247-99a5-4926-ae21-17e2e0b2be1e completed by vehicle veh38
[Midd4VCServer] job 2875c2d6-33e6-411b-aa7d-bb0b5e54d771 completed by vehicle veh22
[Midd4VCServer] job received: 8239cc5f-e6cf-47d3-afec-ce789e892ca7
[Midd4VCServer] Assigning job 8239cc5f-e6cf-47d3-afec-ce789e892ca7 to vehicle veh1
[Midd4VCServer] job 8239cc5f-e6cf-47d3-afec-ce789e892ca7 completed by vehicle veh1
[Midd4VCServer] Vehicle veh38 already registered.
[Midd4VCServer] job received: a0a81803-16c6-493e-be16-57f25bbf84e0
[Midd4VCServer] Assigning job a0a81803-16c6-493e-be16-57f25bbf84e0 to vehicle veh1
[Midd4VCServer] Vehicle veh37 already registered.
[Midd4VCServer] Vehicle veh6 already registered.
[Midd4VCServer] Vehicle veh24 already registered.
[Midd4VCServer] job received: 51aae209-fb4e-482b-a1ce-4e48754e0d93
[Midd4VC] Job 39ffbf06-1895-4e76-b532-2cae1524923a timed out. Re-enqueueing.
[Midd4VCServer] Assigning job 39ffbf06-1895-4e76-b532-2cae1524923a to vehicle veh4
[Midd4VCServer] Assigning job 51aae209-fb4e-482b-a1ce-4e48754e0d93 to vehicle veh19
[Midd4VCServer] job 51aae209-fb4e-482b-a1ce-4e48754e0d93 completed by vehicle veh19
[Midd4VCServer] Vehicle veh30 already registered.
[Midd4VCServer] job received: 9b661a38-f4c3-458c-a634-4725b632f21c
[Midd4VCServer] Assigning job 9b661a38-f4c3-458c-a634-4725b632f21c to vehicle veh27
[Midd4VCServer] job received: dcfdd937-bbbc-4d92-899b-c7f3818b2785
[Midd4VCServer] Assigning job dcfdd937-bbbc-4d92-899b-c7f3818b2785 to vehicle veh23
[Midd4VCServer] Vehicle veh22 already registered.
[Midd4VCServer] job received: e440e3d5-69b4-41be-b714-90d26f1ab8e8
[Midd4VCServer] Assigning job e440e3d5-69b4-41be-b714-90d26f1ab8e8 to vehicle veh33
[Midd4VCServer] Vehicle veh5 already registered.
[Midd4VCServer] job received: 71394d1a-c34c-465e-8563-7c76898225ce
[Midd4VCServer] Assigning job 71394d1a-c34c-465e-8563-7c76898225ce to vehicle veh34
[Midd4VCServer] job received: 3ea2b28e-0cfa-4020-826b-b97282e47188
[Midd4VC] Job 4206f08b-7c60-4030-ad2d-994cdc12831c timed out. Re-enqueueing.
[Midd4VC] Job 59a29843-279a-416f-834b-d0423d25a1a7 timed out. Re-enqueueing.
[Midd4VCServer] Assigning job 59a29843-279a-416f-834b-d0423d25a1a7 to vehicle veh9
[Midd4VCServer] Assigning job 4206f08b-7c60-4030-ad2d-994cdc12831c to vehicle veh40
[Midd4VCServer] Assigning job 3ea2b28e-0cfa-4020-826b-b97282e47188 to vehicle veh30
[Midd4VCServer] job 3ea2b28e-0cfa-4020-826b-b97282e47188 completed by vehicle veh30
[Midd4VCServer] job 4206f08b-7c60-4030-ad2d-994cdc12831c completed by vehicle veh40
[Midd4VCServer] Vehicle veh32 already registered.
[Midd4VCServer] job received: 8cf41b50-9029-4b8c-9e1e-0833cf821575
[Midd4VCServer] Assigning job 8cf41b50-9029-4b8c-9e1e-0833cf821575 to vehicle veh35
[Midd4VCServer] job received: 5334dabb-604c-4d03-916a-8fc84512c916
[Midd4VCServer] Assigning job 5334dabb-604c-4d03-916a-8fc84512c916 to vehicle veh12
[Midd4VCServer] Vehicle veh11 already registered.
[Midd4VCServer] Vehicle veh25 already registered.
[Midd4VCServer] job received: af69252a-16ef-418d-9ef8-2c4deb1b02ea
[Midd4VCServer] Assigning job af69252a-16ef-418d-9ef8-2c4deb1b02ea to vehicle veh11
[Midd4VCServer] job af69252a-16ef-418d-9ef8-2c4deb1b02ea completed by vehicle veh11
[Midd4VCServer] job received: a42ef1de-71ec-44ef-a7d4-293aff4c929f
[Midd4VCServer] Assigning job a42ef1de-71ec-44ef-a7d4-293aff4c929f to vehicle veh21
[Midd4VCServer] job received: 85fc208f-8e22-414d-84b1-b626ac34762e
[Midd4VC] Job 14ff2ebd-d700-498e-8b7a-776f6570f7ef timed out. Re-enqueueing.
[Midd4VCServer] Assigning job 14ff2ebd-d700-498e-8b7a-776f6570f7ef to vehicle veh37
[Midd4VCServer] Assigning job 85fc208f-8e22-414d-84b1-b626ac34762e to vehicle veh10
[Midd4VCServer] job 85fc208f-8e22-414d-84b1-b626ac34762e completed by vehicle veh10
[Midd4VCServer] job received: be648fd5-26b8-4ea2-990f-bce7a2cfb636
[Midd4VCServer] Assigning job be648fd5-26b8-4ea2-990f-bce7a2cfb636 to vehicle veh7
[Midd4VCServer] job be648fd5-26b8-4ea2-990f-bce7a2cfb636 completed by vehicle veh7
[Midd4VCServer] job received: 9bc33d69-4089-40f8-8c04-36e384d08cf3
[Midd4VCServer] Assigning job 9bc33d69-4089-40f8-8c04-36e384d08cf3 to vehicle veh18
[Midd4VCServer] Vehicle veh20 already registered.
[Midd4VCServer] Vehicle veh37 already registered.
[Midd4VCServer] job received: 9aed9ee6-1487-4c91-8b92-69e88521f2ba
[Midd4VCServer] Assigning job 9aed9ee6-1487-4c91-8b92-69e88521f2ba to vehicle veh38
[Midd4VCServer] Vehicle veh33 already registered.
[Midd4VCServer] Vehicle veh12 already registered.
[Midd4VCServer] job received: 8b03952e-6faa-4422-bc8f-1f3d3acaf84c
[Midd4VC] Job 7f3a35ee-c9f4-41cd-a2e1-025f90816365 timed out. Re-enqueueing.
[Midd4VCServer] Assigning job 7f3a35ee-c9f4-41cd-a2e1-025f90816365 to vehicle veh26
[Midd4VCServer] Assigning job 8b03952e-6faa-4422-bc8f-1f3d3acaf84c to vehicle veh40
[Midd4VCServer] job received: 00633d1b-70b1-4d6f-a736-f113759f0e59
[Midd4VCServer] Assigning job 00633d1b-70b1-4d6f-a736-f113759f0e59 to vehicle veh22
[Midd4VCServer] Vehicle veh4 already registered.
[Midd4VCServer] Vehicle veh6 already registered.
[Midd4VCServer] job received: 33f471e4-2eaa-4f6d-8eab-d24db926cf97
[Midd4VC] Job 74a99085-e4b2-4c4a-8c31-a955f5664d14 timed out. Re-enqueueing.
[Midd4VC] Job b070c4ad-7a1c-4f19-836a-98e4cf5ce7a3 timed out. Re-enqueueing.
[Midd4VC] Job eded7357-1eb0-4020-a1b0-1ae3ff9f1864 timed out. Re-enqueueing.
[Midd4VCServer] Assigning job eded7357-1eb0-4020-a1b0-1ae3ff9f1864 to vehicle veh28
[Midd4VCServer] Assigning job b070c4ad-7a1c-4f19-836a-98e4cf5ce7a3 to vehicle veh15
[Midd4VCServer] Assigning job 74a99085-e4b2-4c4a-8c31-a955f5664d14 to vehicle veh25
[Midd4VCServer] Assigning job 33f471e4-2eaa-4f6d-8eab-d24db926cf97 to vehicle veh19
[Midd4VCServer] job received: 13b9e4bb-29f7-49e0-b1d7-0b3951e5de5c
[Midd4VC] Job 12ff0e92-68ad-4a3c-9a2c-cb04417ebffc timed out. Re-enqueueing.
[Midd4VC] Job c483f2c9-63a4-462f-b6cf-80b55d18b1f7 timed out. Re-enqueueing.
[Midd4VCServer] Assigning job c483f2c9-63a4-462f-b6cf-80b55d18b1f7 to vehicle veh13
[Midd4VCServer] Assigning job 12ff0e92-68ad-4a3c-9a2c-cb04417ebffc to vehicle veh14
[Midd4VCServer] Assigning job 13b9e4bb-29f7-49e0-b1d7-0b3951e5de5c to vehicle veh30
[Midd4VCServer] job received: cfd765ae-aebc-49e7-a003-468f4fded6b3
[Midd4VCServer] Assigning job cfd765ae-aebc-49e7-a003-468f4fded6b3 to vehicle veh11
[Midd4VCServer] job cfd765ae-aebc-49e7-a003-468f4fded6b3 completed by vehicle veh11
[Midd4VCServer] Vehicle veh9 already registered.
[Midd4VCServer] Vehicle veh36 already registered.
[Midd4VCServer] Vehicle veh31 already registered.
[Midd4VCServer] job received: 14423ec7-030a-4a88-b604-db2f5edb008e
[Midd4VC] Job 6e93432e-6158-459b-b51e-b561ec5e4c8b timed out. Re-enqueueing.
[Midd4VC] Job 1ff54bf5-9165-4804-aa57-431a8605bab3 timed out. Re-enqueueing.
[Midd4VCServer] Assigning job 1ff54bf5-9165-4804-aa57-431a8605bab3 to vehicle veh32
[Midd4VCServer] Assigning job 6e93432e-6158-459b-b51e-b561ec5e4c8b to vehicle veh31
[Midd4VCServer] Assigning job 14423ec7-030a-4a88-b604-db2f5edb008e to vehicle veh10
[Midd4VCServer] job 1ff54bf5-9165-4804-aa57-431a8605bab3 completed by vehicle veh32
[Midd4VCServer] job 6e93432e-6158-459b-b51e-b561ec5e4c8b completed by vehicle veh31
[Midd4VCServer] job received: d0cbc9d7-724b-4c6e-830e-dfd420c659ab
[Midd4VCServer] Assigning job d0cbc9d7-724b-4c6e-830e-dfd420c659ab to vehicle veh32
[Midd4VCServer] job d0cbc9d7-724b-4c6e-830e-dfd420c659ab completed by vehicle veh32
[Midd4VCServer] job received: 8a426e2b-e601-4918-b482-ef40324e25db
[Midd4VCServer] Assigning job 8a426e2b-e601-4918-b482-ef40324e25db to vehicle veh31
[Midd4VCServer] job 8a426e2b-e601-4918-b482-ef40324e25db completed by vehicle veh31
[Midd4VCServer] job received: 029a6ccc-b2af-4c2b-bf21-434cc23ea682
[Midd4VCServer] Assigning job 029a6ccc-b2af-4c2b-bf21-434cc23ea682 to vehicle veh32
[Midd4VCServer] job 029a6ccc-b2af-4c2b-bf21-434cc23ea682 completed by vehicle veh32
[Midd4VCServer] Vehicle veh19 already registered.
[Midd4VCServer] Vehicle veh37 already registered.
[Midd4VCServer] Vehicle veh16 already registered.
[Midd4VCServer] Vehicle veh5 already registered.
[Midd4VCServer] job received: 8412ee24-f5a9-4bbb-abfc-e3b579d29999
[Midd4VC] Job f01fb3f4-5408-4c00-937e-7a6d1c496caa timed out. Re-enqueueing.
[Midd4VC] Job 7b3a3129-126c-4df0-9ae9-d32b5a48ddee timed out. Re-enqueueing.
[Midd4VCServer] Assigning job 7b3a3129-126c-4df0-9ae9-d32b5a48ddee to vehicle veh3
[Midd4VCServer] Assigning job f01fb3f4-5408-4c00-937e-7a6d1c496caa to vehicle veh6
[Midd4VCServer] Assigning job 8412ee24-f5a9-4bbb-abfc-e3b579d29999 to vehicle veh31
[Midd4VCServer] job f01fb3f4-5408-4c00-937e-7a6d1c496caa completed by vehicle veh6
[Midd4VCServer] job 7b3a3129-126c-4df0-9ae9-d32b5a48ddee completed by vehicle veh3
[Midd4VCServer] job 8412ee24-f5a9-4bbb-abfc-e3b579d29999 completed by vehicle veh31
[Midd4VCServer] Vehicle veh3 already registered.
[Midd4VCServer] Vehicle veh1 already registered.
[Midd4VCServer] Vehicle veh17 already registered.
[Midd4VCServer] Vehicle veh2 already registered.
[Midd4VCServer] Vehicle veh38 already registered.
[Midd4VCServer] job received: ff0840bc-a897-4425-b3f2-076872084192
[Midd4VCServer] Assigning job ff0840bc-a897-4425-b3f2-076872084192 to vehicle veh3
[Midd4VCServer] job ff0840bc-a897-4425-b3f2-076872084192 completed by vehicle veh3
[Midd4VCServer] job received: c1db575b-1d71-446f-83ab-40617ed1c7ef
[Midd4VCServer] Assigning job c1db575b-1d71-446f-83ab-40617ed1c7ef to vehicle veh3
[Midd4VCServer] job c1db575b-1d71-446f-83ab-40617ed1c7ef completed by vehicle veh3
[Midd4VCServer] Vehicle veh10 already registered.
[Midd4VCServer] job received: a0c76b0d-8746-4519-a011-b3d2364c0af0
[Midd4VCServer] Assigning job a0c76b0d-8746-4519-a011-b3d2364c0af0 to vehicle veh3
[Midd4VCServer] job a0c76b0d-8746-4519-a011-b3d2364c0af0 completed by vehicle veh3
[Midd4VCServer] job received: be8252a0-38cf-4679-bc36-78b6446123eb
[Midd4VCServer] Assigning job be8252a0-38cf-4679-bc36-78b6446123eb to vehicle veh3
[Midd4VCServer] job received: 80b3a5bb-1eb6-42ea-aa18-1959e5b6b35b
[Midd4VCServer] Assigning job 80b3a5bb-1eb6-42ea-aa18-1959e5b6b35b to vehicle veh6
[Midd4VCServer] job 80b3a5bb-1eb6-42ea-aa18-1959e5b6b35b completed by vehicle veh6
[Midd4VCServer] Vehicle veh19 already registered.
[Midd4VCServer] Vehicle veh34 already registered.
[Midd4VCServer] Vehicle veh25 already registered.
[Midd4VCServer] Vehicle veh38 already registered.
[Midd4VCServer] job received: 57be26f1-00f7-418e-83b5-2b3b81c33a8a
[Midd4VC] Job ef02299a-2e44-468b-bf75-68afa0d30093 timed out. Re-enqueueing.
[Midd4VC] Job 9a6570c2-64fa-4a1a-ad92-893d1d67b8b5 timed out. Re-enqueueing.
[Midd4VCServer] Assigning job 9a6570c2-64fa-4a1a-ad92-893d1d67b8b5 to vehicle veh29
[Midd4VCServer] Assigning job ef02299a-2e44-468b-bf75-68afa0d30093 to vehicle veh16
[Midd4VCServer] Assigning job 57be26f1-00f7-418e-83b5-2b3b81c33a8a to vehicle veh6
[Midd4VCServer] job 57be26f1-00f7-418e-83b5-2b3b81c33a8a completed by vehicle veh6
[Midd4VCServer] job ef02299a-2e44-468b-bf75-68afa0d30093 completed by vehicle veh16
[Midd4VCServer] job received: 9b66cd3f-aee1-48cd-8e37-851e82bc9065
[Midd4VCServer] Assigning job 9b66cd3f-aee1-48cd-8e37-851e82bc9065 to vehicle veh16
[Midd4VCServer] job 9b66cd3f-aee1-48cd-8e37-851e82bc9065 completed by vehicle veh16
[Midd4VCServer] job received: 00d082c6-d201-4797-b19f-e0c5bdc571d0
[Midd4VC] Job 78190238-215e-4d54-804c-4d006c9d6be9 timed out. Re-enqueueing.
[Midd4VCServer] Assigning job 78190238-215e-4d54-804c-4d006c9d6be9 to vehicle veh16
[Midd4VCServer] Assigning job 00d082c6-d201-4797-b19f-e0c5bdc571d0 to vehicle veh8
[Midd4VCServer] job 78190238-215e-4d54-804c-4d006c9d6be9 completed by vehicle veh16
[Midd4VCServer] job received: 4b546b06-574c-4ac4-87ec-1753fd7621ff
[Midd4VCServer] Assigning job 4b546b06-574c-4ac4-87ec-1753fd7621ff to vehicle veh16
[Midd4VCServer] job 4b546b06-574c-4ac4-87ec-1753fd7621ff completed by vehicle veh16
[Midd4VCServer] Vehicle veh30 already registered.
[Midd4VCServer] job received: 9943008b-78c2-4314-a976-c8472860c443
[Midd4VCServer] Assigning job 9943008b-78c2-4314-a976-c8472860c443 to vehicle veh16
[Midd4VCServer] job 9943008b-78c2-4314-a976-c8472860c443 completed by vehicle veh16
[Midd4VCServer] Vehicle veh14 already registered.
[Midd4VCServer] job received: 5f170ee1-1844-4c39-bc1c-675702abacc8
[Midd4VCServer] Assigning job 5f170ee1-1844-4c39-bc1c-675702abacc8 to vehicle veh32
[Midd4VCServer] job received: 900e248b-9e46-4a09-82b5-0aed63fb30bd
[Midd4VC] Job 807f588f-d34d-4d77-bb2b-e86b45438c80 timed out. Re-enqueueing.
[Midd4VC] Job 5eeedfe8-1808-45e2-9ce0-c234e8d21c0d timed out. Re-enqueueing.
[Midd4VCServer] Assigning job 5eeedfe8-1808-45e2-9ce0-c234e8d21c0d to vehicle veh5
[Midd4VCServer] Assigning job 807f588f-d34d-4d77-bb2b-e86b45438c80 to vehicle veh24
[Midd4VCServer] Assigning job 900e248b-9e46-4a09-82b5-0aed63fb30bd to vehicle veh31
[Midd4VCServer] job 5eeedfe8-1808-45e2-9ce0-c234e8d21c0d completed by vehicle veh5
[Midd4VCServer] job 900e248b-9e46-4a09-82b5-0aed63fb30bd completed by vehicle veh31
[Midd4VCServer] Vehicle veh38 already registered.
[Midd4VCServer] job received: 00e9613b-8dc2-4d32-a98d-f9e409d7e0fa
[Midd4VCServer] Assigning job 00e9613b-8dc2-4d32-a98d-f9e409d7e0fa to vehicle veh5
[Midd4VCServer] job 00e9613b-8dc2-4d32-a98d-f9e409d7e0fa completed by vehicle veh5
[Midd4VCServer] Vehicle veh29 already registered.
[Midd4VCServer] job received: 52f07322-4d37-4267-a85c-5e2a46e55593
[Midd4VC] Job 4556ea90-858b-44d8-be6b-18b1b71b0970 timed out. Re-enqueueing.
[Midd4VC] Job e56679ea-3732-40ab-b731-af26580dbaf7 timed out. Re-enqueueing.
[Midd4VCServer] Assigning job e56679ea-3732-40ab-b731-af26580dbaf7 to vehicle veh36
[Midd4VCServer] Assigning job 4556ea90-858b-44d8-be6b-18b1b71b0970 to vehicle veh5
[Midd4VCServer] Assigning job 52f07322-4d37-4267-a85c-5e2a46e55593 to vehicle veh39
[Midd4VCServer] job e56679ea-3732-40ab-b731-af26580dbaf7 completed by vehicle veh36
[Midd4VCServer] job 4556ea90-858b-44d8-be6b-18b1b71b0970 completed by vehicle veh5
[Midd4VCServer] job 52f07322-4d37-4267-a85c-5e2a46e55593 completed by vehicle veh39
[Midd4VCServer] Vehicle veh14 already registered.
[Midd4VCServer] Vehicle veh39 already registered.
[Midd4VCServer] job received: cd2d2d32-4325-47f3-b96a-ed62f46006a1
[Midd4VC] Job 4213ef05-4dbc-4e4c-b1ae-c137ed322215 timed out. Re-enqueueing.
[Midd4VC] Job 0943fbe8-e660-4504-9247-8c434bfc3ba4 timed out. Re-enqueueing.
[Midd4VC] Job 8f99533e-345f-4cf7-bb01-98cce57f39e3 timed out. Re-enqueueing.
[Midd4VCServer] Assigning job 8f99533e-345f-4cf7-bb01-98cce57f39e3 to vehicle veh2
[Midd4VCServer] Assigning job 0943fbe8-e660-4504-9247-8c434bfc3ba4 to vehicle veh20
[Midd4VCServer] Assigning job 4213ef05-4dbc-4e4c-b1ae-c137ed322215 to vehicle veh17
[Midd4VCServer] Assigning job cd2d2d32-4325-47f3-b96a-ed62f46006a1 to vehicle veh36
[Midd4VCServer] job 0943fbe8-e660-4504-9247-8c434bfc3ba4 completed by vehicle veh20
[Midd4VCServer] job cd2d2d32-4325-47f3-b96a-ed62f46006a1 completed by vehicle veh36
[Midd4VCServer] job received: 56783a19-a420-441f-8133-616c3b3487dc
[Midd4VC] Job a0a81803-16c6-493e-be16-57f25bbf84e0 timed out. Re-enqueueing.
[Midd4VCServer] Assigning job a0a81803-16c6-493e-be16-57f25bbf84e0 to vehicle veh1
[Midd4VCServer] Assigning job 56783a19-a420-441f-8133-616c3b3487dc to vehicle veh5
[Midd4VCServer] job 56783a19-a420-441f-8133-616c3b3487dc completed by vehicle veh5
[Midd4VCServer] job received: 81c713cf-8bbf-46cc-a0a3-46a408fa0fb1
[Midd4VCServer] Assigning job 81c713cf-8bbf-46cc-a0a3-46a408fa0fb1 to vehicle veh20
[Midd4VCServer] job 81c713cf-8bbf-46cc-a0a3-46a408fa0fb1 completed by vehicle veh20
[Midd4VCServer] job received: 61ae0996-8adf-4be9-9414-c7db1e78a46f
[Midd4VCServer] Assigning job 61ae0996-8adf-4be9-9414-c7db1e78a46f to vehicle veh39
[Midd4VCServer] job 61ae0996-8adf-4be9-9414-c7db1e78a46f completed by vehicle veh39
[Midd4VCServer] Vehicle veh30 already registered.
[Midd4VCServer] Vehicle veh15 already registered.
[Midd4VCServer] job received: 1b3775bf-e38a-4509-b176-ba7b90f056a7
[Midd4VCServer] Assigning job 1b3775bf-e38a-4509-b176-ba7b90f056a7 to vehicle veh36
[Midd4VCServer] job 1b3775bf-e38a-4509-b176-ba7b90f056a7 completed by vehicle veh36
[Midd4VCServer] Vehicle veh2 already registered.
[Midd4VCServer] Vehicle veh32 already registered.
[Midd4VCServer] job received: 7f8a436a-d729-49a3-8ce0-24337542a306
[Midd4VC] Job 39ffbf06-1895-4e76-b532-2cae1524923a timed out. Re-enqueueing.
[Midd4VC] Job 9b661a38-f4c3-458c-a634-4725b632f21c timed out. Re-enqueueing.
[Midd4VCServer] Assigning job 9b661a38-f4c3-458c-a634-4725b632f21c to vehicle veh4
[Midd4VCServer] Assigning job 39ffbf06-1895-4e76-b532-2cae1524923a to vehicle veh27
[Midd4VCServer] Assigning job 7f8a436a-d729-49a3-8ce0-24337542a306 to vehicle veh5
[Midd4VCServer] job 7f8a436a-d729-49a3-8ce0-24337542a306 completed by vehicle veh5
[Midd4VCServer] job received: 1f5b9695-12b6-4f7e-80c2-6440c6b558bf
[Midd4VC] Job dcfdd937-bbbc-4d92-899b-c7f3818b2785 timed out. Re-enqueueing.
[Midd4VCServer] Assigning job dcfdd937-bbbc-4d92-899b-c7f3818b2785 to vehicle veh23
[Midd4VCServer] Assigning job 1f5b9695-12b6-4f7e-80c2-6440c6b558bf to vehicle veh20
[Midd4VCServer] Vehicle veh16 already registered.
[Midd4VCServer] job received: a8d85ffd-298f-4f14-a937-71cf25e3d45b
[Midd4VC] Job e440e3d5-69b4-41be-b714-90d26f1ab8e8 timed out. Re-enqueueing.
[Midd4VCServer] Assigning job e440e3d5-69b4-41be-b714-90d26f1ab8e8 to vehicle veh33
[Midd4VCServer] Assigning job a8d85ffd-298f-4f14-a937-71cf25e3d45b to vehicle veh6
[Midd4VCServer] Vehicle veh39 already registered.
[Midd4VCServer] Vehicle veh40 already registered.
[Midd4VCServer] job received: c6503f6e-caba-4820-b09b-010c009aa455
[Midd4VC] Job 71394d1a-c34c-465e-8563-7c76898225ce timed out. Re-enqueueing.
[Midd4VC] Job 59a29843-279a-416f-834b-d0423d25a1a7 timed out. Re-enqueueing.
[Midd4VCServer] Assigning job 59a29843-279a-416f-834b-d0423d25a1a7 to vehicle veh9
[Midd4VCServer] Assigning job 71394d1a-c34c-465e-8563-7c76898225ce to vehicle veh34
[Midd4VCServer] Assigning job c6503f6e-caba-4820-b09b-010c009aa455 to vehicle veh7
[Midd4VCServer] Vehicle veh37 already registered.
[Midd4VCServer] Vehicle veh23 already registered.
[Midd4VCServer] Vehicle veh3 already registered.
[Midd4VCServer] job received: b51c1cf0-7fc0-4610-b7bf-6b0bb4ade439
[Midd4VCServer] Assigning job b51c1cf0-7fc0-4610-b7bf-6b0bb4ade439 to vehicle veh39
[Midd4VCServer] job b51c1cf0-7fc0-4610-b7bf-6b0bb4ade439 completed by vehicle veh39
[Midd4VCServer] Vehicle veh25 already registered.
[Midd4VCServer] job received: c174c49f-4894-4c8a-9638-d99d0874b3dd
[Midd4VC] Job 8cf41b50-9029-4b8c-9e1e-0833cf821575 timed out. Re-enqueueing.
[Midd4VC] Job 5334dabb-604c-4d03-916a-8fc84512c916 timed out. Re-enqueueing.
[Midd4VCServer] Assigning job 5334dabb-604c-4d03-916a-8fc84512c916 to vehicle veh35
[Midd4VCServer] Assigning job 8cf41b50-9029-4b8c-9e1e-0833cf821575 to vehicle veh12
[Midd4VCServer] Assigning job c174c49f-4894-4c8a-9638-d99d0874b3dd to vehicle veh16
[Midd4VCServer] job received: 644ac03b-23fc-4fc1-910b-857c76c42fc8
[Midd4VCServer] Assigning job 644ac03b-23fc-4fc1-910b-857c76c42fc8 to vehicle veh36
[Midd4VCServer] job 644ac03b-23fc-4fc1-910b-857c76c42fc8 completed by vehicle veh36
[Midd4VCServer] job received: 6a790ce5-4f9b-4671-a207-b94bbeeffdc5
[Midd4VCServer] Assigning job 6a790ce5-4f9b-4671-a207-b94bbeeffdc5 to vehicle veh5
[Midd4VCServer] job 6a790ce5-4f9b-4671-a207-b94bbeeffdc5 completed by vehicle veh5
[Midd4VCServer] job received: 0073069c-7e34-4694-a3d1-0e51450cf06f
[Midd4VC] Job a42ef1de-71ec-44ef-a7d4-293aff4c929f timed out. Re-enqueueing.
[Midd4VCServer] Assigning job a42ef1de-71ec-44ef-a7d4-293aff4c929f to vehicle veh21
[Midd4VCServer] Assigning job 0073069c-7e34-4694-a3d1-0e51450cf06f to vehicle veh31
[Midd4VCServer] Vehicle veh35 already registered.
[Midd4VCServer] job received: 003df66b-13c8-49b3-b1b3-7c9e9cbcfdf4
[Midd4VC] Job 14ff2ebd-d700-498e-8b7a-776f6570f7ef timed out. Re-enqueueing.
[Midd4VCServer] Assigning job 14ff2ebd-d700-498e-8b7a-776f6570f7ef to vehicle veh37
[Midd4VCServer] Assigning job 003df66b-13c8-49b3-b1b3-7c9e9cbcfdf4 to vehicle veh11
[Midd4VCServer] job received: cd345d9d-24f0-44dd-a398-36b2a0c25150
[Midd4VCServer] Assigning job cd345d9d-24f0-44dd-a398-36b2a0c25150 to vehicle veh39
[Midd4VCServer] job cd345d9d-24f0-44dd-a398-36b2a0c25150 completed by vehicle veh39
[Midd4VCServer] job received: 8f8b8fd1-a28b-4e78-a377-dd1bdd4b3ae3
[Midd4VCServer] Assigning job 8f8b8fd1-a28b-4e78-a377-dd1bdd4b3ae3 to vehicle veh36
[Midd4VCServer] job 8f8b8fd1-a28b-4e78-a377-dd1bdd4b3ae3 completed by vehicle veh36
[Midd4VCServer] Vehicle veh31 already registered.
[Midd4VCServer] job received: a488b9a8-27f5-4976-b5c0-1fdb3a1edb1a
[Midd4VC] Job 9bc33d69-4089-40f8-8c04-36e384d08cf3 timed out. Re-enqueueing.
[Midd4VC] Job 9aed9ee6-1487-4c91-8b92-69e88521f2ba timed out. Re-enqueueing.
[Midd4VCServer] Assigning job 9aed9ee6-1487-4c91-8b92-69e88521f2ba to vehicle veh18
[Midd4VCServer] Assigning job 9bc33d69-4089-40f8-8c04-36e384d08cf3 to vehicle veh38
[Midd4VCServer] Assigning job a488b9a8-27f5-4976-b5c0-1fdb3a1edb1a to vehicle veh5
[Midd4VCServer] job 9bc33d69-4089-40f8-8c04-36e384d08cf3 completed by vehicle veh38
[Midd4VCServer] job received: 14cd1e26-1065-46f6-aa32-8100dce80073
[Midd4VCServer] Assigning job 14cd1e26-1065-46f6-aa32-8100dce80073 to vehicle veh38
[Midd4VCServer] job 14cd1e26-1065-46f6-aa32-8100dce80073 completed by vehicle veh38
[Midd4VCServer] Vehicle veh28 already registered.
[Midd4VCServer] job received: 37d3c9b6-fbf2-4445-9f8e-34d10e4a1797
[Midd4VC] Job 7f3a35ee-c9f4-41cd-a2e1-025f90816365 timed out. Re-enqueueing.
[Midd4VC] Job 8b03952e-6faa-4422-bc8f-1f3d3acaf84c timed out. Re-enqueueing.
[Midd4VC] Job 00633d1b-70b1-4d6f-a736-f113759f0e59 timed out. Re-enqueueing.
[Midd4VCServer] Assigning job 00633d1b-70b1-4d6f-a736-f113759f0e59 to vehicle veh26
[Midd4VCServer] Assigning job 8b03952e-6faa-4422-bc8f-1f3d3acaf84c to vehicle veh40
[Midd4VCServer] Assigning job 7f3a35ee-c9f4-41cd-a2e1-025f90816365 to vehicle veh22
[Midd4VCServer] Assigning job 37d3c9b6-fbf2-4445-9f8e-34d10e4a1797 to vehicle veh38
[Midd4VCServer] job 37d3c9b6-fbf2-4445-9f8e-34d10e4a1797 completed by vehicle veh38
[Midd4VCServer] Vehicle veh6 already registered.
[Midd4VCServer] job received: 8e26fb20-6b40-4375-8ca5-ff46f11ae321
[Midd4VCServer] Assigning job 8e26fb20-6b40-4375-8ca5-ff46f11ae321 to vehicle veh38
[Midd4VCServer] job 8e26fb20-6b40-4375-8ca5-ff46f11ae321 completed by vehicle veh38
[Midd4VCServer] job received: 7227598a-4fce-423d-8d70-9f2cce2426a3
[Midd4VCServer] Assigning job 7227598a-4fce-423d-8d70-9f2cce2426a3 to vehicle veh39
[Midd4VCServer] job received: 6bc64a1b-5b0a-477c-b9b8-6fbba7187f6d
[Midd4VCServer] Assigning job 6bc64a1b-5b0a-477c-b9b8-6fbba7187f6d to vehicle veh36
[Midd4VCServer] job 6bc64a1b-5b0a-477c-b9b8-6fbba7187f6d completed by vehicle veh36
[Midd4VCServer] Vehicle veh37 already registered.
[Midd4VCServer] Vehicle veh5 already registered.
[Midd4VCServer] Vehicle veh32 already registered.
[Midd4VCServer] job received: b23d7f42-a9c6-477e-a87e-449c8fbf8e4b
[Midd4VC] Job eded7357-1eb0-4020-a1b0-1ae3ff9f1864 timed out. Re-enqueueing.
[Midd4VC] Job b070c4ad-7a1c-4f19-836a-98e4cf5ce7a3 timed out. Re-enqueueing.
[Midd4VC] Job 74a99085-e4b2-4c4a-8c31-a955f5664d14 timed out. Re-enqueueing.
[Midd4VC] Job 33f471e4-2eaa-4f6d-8eab-d24db926cf97 timed out. Re-enqueueing.
[Midd4VC] Job c483f2c9-63a4-462f-b6cf-80b55d18b1f7 timed out. Re-enqueueing.
[Midd4VC] Job 12ff0e92-68ad-4a3c-9a2c-cb04417ebffc timed out. Re-enqueueing.
[Midd4VC] Job 13b9e4bb-29f7-49e0-b1d7-0b3951e5de5c timed out. Re-enqueueing.
[Midd4VCServer] Assigning job 13b9e4bb-29f7-49e0-b1d7-0b3951e5de5c to vehicle veh28
[Midd4VCServer] Assigning job 12ff0e92-68ad-4a3c-9a2c-cb04417ebffc to vehicle veh13
[Midd4VCServer] Assigning job c483f2c9-63a4-462f-b6cf-80b55d18b1f7 to vehicle veh15
[Midd4VCServer] Assigning job 33f471e4-2eaa-4f6d-8eab-d24db926cf97 to vehicle veh25
[Midd4VCServer] Assigning job 74a99085-e4b2-4c4a-8c31-a955f5664d14 to vehicle veh14
[Midd4VCServer] Assigning job b070c4ad-7a1c-4f19-836a-98e4cf5ce7a3 to vehicle veh19
[Midd4VCServer] Assigning job eded7357-1eb0-4020-a1b0-1ae3ff9f1864 to vehicle veh30
[Midd4VCServer] Assigning job b23d7f42-a9c6-477e-a87e-449c8fbf8e4b to vehicle veh38
[Midd4VCServer] job 13b9e4bb-29f7-49e0-b1d7-0b3951e5de5c completed by vehicle veh28
[Midd4VCServer] job 33f471e4-2eaa-4f6d-8eab-d24db926cf97 completed by vehicle veh25
[Midd4VCServer] job b23d7f42-a9c6-477e-a87e-449c8fbf8e4b completed by vehicle veh38
[Midd4VCServer] Vehicle veh21 already registered.
[Midd4VCServer] Vehicle veh1 already registered.
[Midd4VCServer] Vehicle veh9 already registered.
[Midd4VCServer] Vehicle veh22 already registered.
[Midd4VCServer] job received: cd07ca0d-0c19-4949-a145-76678ae32f1e
[Midd4VCServer] Assigning job cd07ca0d-0c19-4949-a145-76678ae32f1e to vehicle veh28
[Midd4VCServer] job cd07ca0d-0c19-4949-a145-76678ae32f1e completed by vehicle veh28
[Midd4VCServer] job received: 853e0c2c-bc34-4fb8-bc11-5c93847b1dc2
[Midd4VC] Job 14423ec7-030a-4a88-b604-db2f5edb008e timed out. Re-enqueueing.
[Midd4VCServer] Assigning job 14423ec7-030a-4a88-b604-db2f5edb008e to vehicle veh25
[Midd4VCServer] Assigning job 853e0c2c-bc34-4fb8-bc11-5c93847b1dc2 to vehicle veh28
[Midd4VCServer] job 14423ec7-030a-4a88-b604-db2f5edb008e completed by vehicle veh25
[Midd4VCServer] job 853e0c2c-bc34-4fb8-bc11-5c93847b1dc2 completed by vehicle veh28
[Midd4VCServer] Vehicle veh4 already registered.
[Midd4VCServer] Vehicle veh11 already registered.
[Midd4VCServer] Vehicle veh3 already registered.
[Midd4VCServer] Vehicle veh20 already registered.
[Midd4VCServer] job received: bdee513f-1187-423a-a46f-6242925506b0
[Midd4VCServer] Assigning job bdee513f-1187-423a-a46f-6242925506b0 to vehicle veh25
[Midd4VCServer] Vehicle veh40 already registered.
[Midd4VCServer] job received: a0707b05-819b-4bf2-9002-902a56e135f4
[Midd4VCServer] Assigning job a0707b05-819b-4bf2-9002-902a56e135f4 to vehicle veh28
[Midd4VCServer] job a0707b05-819b-4bf2-9002-902a56e135f4 completed by vehicle veh28
[Midd4VCServer] Vehicle veh5 already registered.
[Midd4VCServer] job received: be62b2c7-729c-4cd7-b3c5-d4fe461feba5
[Midd4VCServer] Assigning job be62b2c7-729c-4cd7-b3c5-d4fe461feba5 to vehicle veh28
[Midd4VCServer] job received: fde57acc-c17c-4fbb-940d-9134ff4f3cc6
[Midd4VCServer] Assigning job fde57acc-c17c-4fbb-940d-9134ff4f3cc6 to vehicle veh10
[Midd4VCServer] job received: 7b41c1e4-0fbf-41a1-ae29-e6df77120e96
[Midd4VCServer] Assigning job 7b41c1e4-0fbf-41a1-ae29-e6df77120e96 to vehicle veh36
[Midd4VCServer] job received: 54db365b-b5a3-44ee-93f5-be877f131056
[Midd4VCServer] Assigning job 54db365b-b5a3-44ee-93f5-be877f131056 to vehicle veh38
[Midd4VCServer] job 54db365b-b5a3-44ee-93f5-be877f131056 completed by vehicle veh38
[Midd4VCServer] job received: 9b748a36-4437-434c-86f8-e44d84f50c66
[Midd4VC] Job be8252a0-38cf-4679-bc36-78b6446123eb timed out. Re-enqueueing.
[Midd4VCServer] Assigning job be8252a0-38cf-4679-bc36-78b6446123eb to vehicle veh3
[Midd4VCServer] Assigning job 9b748a36-4437-434c-86f8-e44d84f50c66 to vehicle veh38
[Midd4VCServer] job be8252a0-38cf-4679-bc36-78b6446123eb completed by vehicle veh3
[Midd4VCServer] job 9b748a36-4437-434c-86f8-e44d84f50c66 completed by vehicle veh38
[Midd4VCServer] Vehicle veh16 already registered.
[Midd4VCServer] job received: 99bb5148-5470-4898-817e-3a922b12a891
[Midd4VCServer] Assigning job 99bb5148-5470-4898-817e-3a922b12a891 to vehicle veh3
[Midd4VCServer] job 99bb5148-5470-4898-817e-3a922b12a891 completed by vehicle veh3
[Midd4VCServer] job received: fa9bb56d-5b4d-47f1-85c4-7bbc02636faf
[Midd4VCServer] Assigning job fa9bb56d-5b4d-47f1-85c4-7bbc02636faf to vehicle veh3
[Midd4VCServer] job fa9bb56d-5b4d-47f1-85c4-7bbc02636faf completed by vehicle veh3
[Midd4VCServer] job received: 310b634e-6e87-4f96-8b77-013f04800e84
[Midd4VCServer] Assigning job 310b634e-6e87-4f96-8b77-013f04800e84 to vehicle veh3
[Midd4VCServer] job 310b634e-6e87-4f96-8b77-013f04800e84 completed by vehicle veh3
[Midd4VCServer] Vehicle veh1 already registered.
[Midd4VCServer] Vehicle veh17 already registered.
[Midd4VCServer] job received: c7dc8361-886f-49f0-9020-f5d4d272e265
[Midd4VC] Job 9a6570c2-64fa-4a1a-ad92-893d1d67b8b5 timed out. Re-enqueueing.
[Midd4VCServer] Assigning job 9a6570c2-64fa-4a1a-ad92-893d1d67b8b5 to vehicle veh29
[Midd4VCServer] Assigning job c7dc8361-886f-49f0-9020-f5d4d272e265 to vehicle veh3
[Midd4VCServer] job c7dc8361-886f-49f0-9020-f5d4d272e265 completed by vehicle veh3
[Midd4VCServer] Vehicle veh9 already registered.
[Midd4VCServer] Vehicle veh14 already registered.
[Midd4VCServer] Vehicle veh36 already registered.
[Midd4VCServer] job received: b3dfb8d3-13e3-46b9-8ed9-cecea8763ae1
[Midd4VC] Job 00d082c6-d201-4797-b19f-e0c5bdc571d0 timed out. Re-enqueueing.
[Midd4VC] Job 5f170ee1-1844-4c39-bc1c-675702abacc8 timed out. Re-enqueueing.
[Midd4VCServer] Assigning job 5f170ee1-1844-4c39-bc1c-675702abacc8 to vehicle veh8
[Midd4VCServer] Assigning job 00d082c6-d201-4797-b19f-e0c5bdc571d0 to vehicle veh32
[Midd4VCServer] Assigning job b3dfb8d3-13e3-46b9-8ed9-cecea8763ae1 to vehicle veh3
[Midd4VCServer] job 00d082c6-d201-4797-b19f-e0c5bdc571d0 completed by vehicle veh32
[Midd4VCServer] job b3dfb8d3-13e3-46b9-8ed9-cecea8763ae1 completed by vehicle veh3
[Midd4VCServer] job received: 1e036dbc-1f0f-45ad-bbd7-bee1a99dea49
[Midd4VCServer] Assigning job 1e036dbc-1f0f-45ad-bbd7-bee1a99dea49 to vehicle veh32
[Midd4VCServer] job 1e036dbc-1f0f-45ad-bbd7-bee1a99dea49 completed by vehicle veh32
[Midd4VCServer] job received: 87d7e9ce-72d3-4063-a331-f2cba574f432
[Midd4VC] Job 807f588f-d34d-4d77-bb2b-e86b45438c80 timed out. Re-enqueueing.
[Midd4VCServer] Assigning job 807f588f-d34d-4d77-bb2b-e86b45438c80 to vehicle veh24
[Midd4VCServer] Assigning job 87d7e9ce-72d3-4063-a331-f2cba574f432 to vehicle veh3
[Midd4VCServer] job 87d7e9ce-72d3-4063-a331-f2cba574f432 completed by vehicle veh3
[Midd4VCServer] job received: 6b8055b2-be40-4a66-872e-d349c6ef8e0d
[Midd4VCServer] Assigning job 6b8055b2-be40-4a66-872e-d349c6ef8e0d to vehicle veh32
[Midd4VCServer] job 6b8055b2-be40-4a66-872e-d349c6ef8e0d completed by vehicle veh32
[Midd4VCServer] Vehicle veh18 already registered.
[Midd4VCServer] job received: 53a2debb-6577-46c8-a291-cc4e444bcbca
[Midd4VCServer] Assigning job 53a2debb-6577-46c8-a291-cc4e444bcbca to vehicle veh3
[Midd4VCServer] job 53a2debb-6577-46c8-a291-cc4e444bcbca completed by vehicle veh3
[Midd4VCServer] job received: 1dbc5357-0081-4085-abc1-8be9d45c5f20
[Midd4VCServer] Assigning job 1dbc5357-0081-4085-abc1-8be9d45c5f20 to vehicle veh32
[Midd4VCServer] job 1dbc5357-0081-4085-abc1-8be9d45c5f20 completed by vehicle veh32
[Midd4VCServer] job received: 56c16e4d-3a54-45c5-81cd-db1d9588ff1c
[Midd4VCServer] Assigning job 56c16e4d-3a54-45c5-81cd-db1d9588ff1c to vehicle veh3
[Midd4VCServer] job 56c16e4d-3a54-45c5-81cd-db1d9588ff1c completed by vehicle veh3
[Midd4VCServer] Vehicle veh6 already registered.
[Midd4VCServer] job received: 66898860-3339-4b18-ada5-09c3f8f68592
[Midd4VCServer] Assigning job 66898860-3339-4b18-ada5-09c3f8f68592 to vehicle veh32
[Midd4VCServer] job 66898860-3339-4b18-ada5-09c3f8f68592 completed by vehicle veh32
[Midd4VCServer] job received: 9c46b487-b692-4cbe-b926-1772d3589849
[Midd4VC] Job 8f99533e-345f-4cf7-bb01-98cce57f39e3 timed out. Re-enqueueing.
[Midd4VC] Job 4213ef05-4dbc-4e4c-b1ae-c137ed322215 timed out. Re-enqueueing.
[Midd4VCServer] Assigning job 4213ef05-4dbc-4e4c-b1ae-c137ed322215 to vehicle veh2
[Midd4VCServer] Assigning job 8f99533e-345f-4cf7-bb01-98cce57f39e3 to vehicle veh17
[Midd4VCServer] Assigning job 9c46b487-b692-4cbe-b926-1772d3589849 to vehicle veh3
[Midd4VCServer] job 9c46b487-b692-4cbe-b926-1772d3589849 completed by vehicle veh3
[Midd4VCServer] Vehicle veh39 already registered.
[Midd4VCServer] job received: 86ca9923-44cc-405e-a59a-fb9a8e8afb58
[Midd4VC] Job a0a81803-16c6-493e-be16-57f25bbf84e0 timed out. Re-enqueueing.
[Midd4VCServer] Assigning job a0a81803-16c6-493e-be16-57f25bbf84e0 to vehicle veh1
[Midd4VCServer] Assigning job 86ca9923-44cc-405e-a59a-fb9a8e8afb58 to vehicle veh32
[Midd4VCServer] Vehicle veh34 already registered.
[Midd4VCServer] Vehicle veh13 already registered.
[Midd4VCServer] Vehicle veh21 already registered.
[Midd4VCServer] Vehicle veh32 already registered.
[Midd4VCServer] job received: 748b871c-8a4f-4638-95cc-90a7ed74c9de
[Midd4VCServer] Assigning job 748b871c-8a4f-4638-95cc-90a7ed74c9de to vehicle veh3
[Midd4VCServer] job 748b871c-8a4f-4638-95cc-90a7ed74c9de completed by vehicle veh3
[Midd4VCServer] Vehicle veh9 already registered.
[Midd4VCServer] Vehicle veh5 already registered.
[Midd4VCServer] Vehicle veh31 already registered.
[Midd4VCServer] Vehicle veh7 already registered.
[Midd4VCServer] Vehicle veh13 already registered.
[Midd4VCServer] job received: 50fbb15c-3ac2-4d21-b75b-1234d143fb60
[Midd4VC] Job 9b661a38-f4c3-458c-a634-4725b632f21c timed out. Re-enqueueing.
[Midd4VC] Job 39ffbf06-1895-4e76-b532-2cae1524923a timed out. Re-enqueueing.
[Midd4VC] Job dcfdd937-bbbc-4d92-899b-c7f3818b2785 timed out. Re-enqueueing.
[Midd4VC] Job 1f5b9695-12b6-4f7e-80c2-6440c6b558bf timed out. Re-enqueueing.
[Midd4VC] Job e440e3d5-69b4-41be-b714-90d26f1ab8e8 timed out. Re-enqueueing.
[Midd4VC] Job a8d85ffd-298f-4f14-a937-71cf25e3d45b timed out. Re-enqueueing.
[Midd4VCServer] Assigning job a8d85ffd-298f-4f14-a937-71cf25e3d45b to vehicle veh4
[Midd4VCServer] Assigning job e440e3d5-69b4-41be-b714-90d26f1ab8e8 to vehicle veh27
[Midd4VCServer] Assigning job 1f5b9695-12b6-4f7e-80c2-6440c6b558bf to vehicle veh23
[Midd4VCServer] Assigning job dcfdd937-bbbc-4d92-899b-c7f3818b2785 to vehicle veh33
[Midd4VCServer] Assigning job 39ffbf06-1895-4e76-b532-2cae1524923a to vehicle veh20
[Midd4VCServer] Assigning job 9b661a38-f4c3-458c-a634-4725b632f21c to vehicle veh6
[Midd4VCServer] Assigning job 50fbb15c-3ac2-4d21-b75b-1234d143fb60 to vehicle veh38
[Midd4VCServer] job 1f5b9695-12b6-4f7e-80c2-6440c6b558bf completed by vehicle veh23
[Midd4VCServer] job a8d85ffd-298f-4f14-a937-71cf25e3d45b completed by vehicle veh4
[Midd4VCServer] Vehicle veh1 already registered.
[Midd4VCServer] Vehicle veh4 already registered.
[Midd4VCServer] Vehicle veh23 already registered.
[Midd4VCServer] Vehicle veh35 already registered.
[Midd4VCServer] job received: 287f1778-5846-4888-b090-9fdcf7340630
[Midd4VC] Job 59a29843-279a-416f-834b-d0423d25a1a7 timed out. Re-enqueueing.
[Midd4VC] Job 71394d1a-c34c-465e-8563-7c76898225ce timed out. Re-enqueueing.
[Midd4VC] Job c6503f6e-caba-4820-b09b-010c009aa455 timed out. Re-enqueueing.
[Midd4VCServer] Assigning job c6503f6e-caba-4820-b09b-010c009aa455 to vehicle veh4
[Midd4VCServer] Assigning job 71394d1a-c34c-465e-8563-7c76898225ce to vehicle veh9
[Midd4VCServer] Assigning job 59a29843-279a-416f-834b-d0423d25a1a7 to vehicle veh34
[Midd4VCServer] Assigning job 287f1778-5846-4888-b090-9fdcf7340630 to vehicle veh23
[Midd4VCServer] job c6503f6e-caba-4820-b09b-010c009aa455 completed by vehicle veh4
[Midd4VCServer] job 59a29843-279a-416f-834b-d0423d25a1a7 completed by vehicle veh34
[Midd4VCServer] job 287f1778-5846-4888-b090-9fdcf7340630 completed by vehicle veh23
[Midd4VCServer] job 71394d1a-c34c-465e-8563-7c76898225ce completed by vehicle veh9
[Midd4VCServer] job received: 7c59907b-51d2-4ecb-8a0d-b46de5db2b4f
[Midd4VCServer] Assigning job 7c59907b-51d2-4ecb-8a0d-b46de5db2b4f to vehicle veh4
[Midd4VCServer] job 7c59907b-51d2-4ecb-8a0d-b46de5db2b4f completed by vehicle veh4
[Midd4VCServer] job received: 7af5e587-1367-440f-8b6e-6ed869df76b8
[Midd4VCServer] Assigning job 7af5e587-1367-440f-8b6e-6ed869df76b8 to vehicle veh9
[Midd4VCServer] job 7af5e587-1367-440f-8b6e-6ed869df76b8 completed by vehicle veh9
[Midd4VCServer] job received: 8ed8ba73-61bd-45d3-8285-867a69541509
[Midd4VC] Job 5334dabb-604c-4d03-916a-8fc84512c916 timed out. Re-enqueueing.
[Midd4VC] Job 8cf41b50-9029-4b8c-9e1e-0833cf821575 timed out. Re-enqueueing.
[Midd4VC] Job c174c49f-4894-4c8a-9638-d99d0874b3dd timed out. Re-enqueueing.
[Midd4VCServer] Assigning job c174c49f-4894-4c8a-9638-d99d0874b3dd to vehicle veh4
[Midd4VCServer] Assigning job 8cf41b50-9029-4b8c-9e1e-0833cf821575 to vehicle veh9
[Midd4VCServer] Assigning job 5334dabb-604c-4d03-916a-8fc84512c916 to vehicle veh35
[Midd4VCServer] Assigning job 8ed8ba73-61bd-45d3-8285-867a69541509 to vehicle veh12
[Midd4VCServer] job received: 046a6bfe-6892-4904-a925-a8c38ae335b2
[Midd4VCServer] Assigning job 046a6bfe-6892-4904-a925-a8c38ae335b2 to vehicle veh34
[Midd4VCServer] job 8cf41b50-9029-4b8c-9e1e-0833cf821575 completed by vehicle veh9
[Midd4VCServer] job 5334dabb-604c-4d03-916a-8fc84512c916 completed by vehicle veh35
[Midd4VCServer] job c174c49f-4894-4c8a-9638-d99d0874b3dd completed by vehicle veh4
[Midd4VCServer] job 8ed8ba73-61bd-45d3-8285-867a69541509 completed by vehicle veh12
[Midd4VCServer] job 046a6bfe-6892-4904-a925-a8c38ae335b2 completed by vehicle veh34
[Midd4VCServer] Vehicle veh12 already registered.
[Midd4VCServer] Vehicle veh37 already registered.
[Midd4VCServer] Vehicle veh40 already registered.
[Midd4VCServer] job received: 54f0f99a-bcf3-43f8-8575-a191cf33c837
[Midd4VC] Job a42ef1de-71ec-44ef-a7d4-293aff4c929f timed out. Re-enqueueing.
[Midd4VC] Job 0073069c-7e34-4694-a3d1-0e51450cf06f timed out. Re-enqueueing.
[Midd4VCServer] Assigning job 0073069c-7e34-4694-a3d1-0e51450cf06f to vehicle veh4
[Midd4VCServer] Assigning job a42ef1de-71ec-44ef-a7d4-293aff4c929f to vehicle veh21
[Midd4VCServer] Assigning job 54f0f99a-bcf3-43f8-8575-a191cf33c837 to vehicle veh9
[Midd4VCServer] job a42ef1de-71ec-44ef-a7d4-293aff4c929f completed by vehicle veh21
[Midd4VCServer] job 54f0f99a-bcf3-43f8-8575-a191cf33c837 completed by vehicle veh9
[Midd4VCServer] job 0073069c-7e34-4694-a3d1-0e51450cf06f completed by vehicle veh4
[Midd4VCServer] job received: 530f1f40-d732-4496-a3c9-2788ce8d714b
[Midd4VCServer] Assigning job 530f1f40-d732-4496-a3c9-2788ce8d714b to vehicle veh4
[Midd4VCServer] job 530f1f40-d732-4496-a3c9-2788ce8d714b completed by vehicle veh4
[Midd4VCServer] job received: 0f92209b-22af-4a4f-a4e2-d684c088fea4
[Midd4VCServer] Assigning job 0f92209b-22af-4a4f-a4e2-d684c088fea4 to vehicle veh35
[Midd4VCServer] job 0f92209b-22af-4a4f-a4e2-d684c088fea4 completed by vehicle veh35
[Midd4VCServer] job received: 0b823080-b11c-441b-af9a-e5fec526dd3c
[Midd4VC] Job 14ff2ebd-d700-498e-8b7a-776f6570f7ef timed out. Re-enqueueing.
[Midd4VC] Job 003df66b-13c8-49b3-b1b3-7c9e9cbcfdf4 timed out. Re-enqueueing.
[Midd4VCServer] Assigning job 003df66b-13c8-49b3-b1b3-7c9e9cbcfdf4 to vehicle veh37
[Midd4VCServer] Assigning job 14ff2ebd-d700-498e-8b7a-776f6570f7ef to vehicle veh12
[Midd4VCServer] Assigning job 0b823080-b11c-441b-af9a-e5fec526dd3c to vehicle veh21
[Midd4VCServer] job 14ff2ebd-d700-498e-8b7a-776f6570f7ef completed by vehicle veh12
[Midd4VCServer] job 003df66b-13c8-49b3-b1b3-7c9e9cbcfdf4 completed by vehicle veh37
[Midd4VCServer] job 0b823080-b11c-441b-af9a-e5fec526dd3c completed by vehicle veh21
[Midd4VCServer] Vehicle veh8 already registered.
[Midd4VCServer] Vehicle veh7 already registered.
[Midd4VCServer] job received: 58ed532e-a11a-429f-9ca2-389e58b49eaf
[Midd4VC] Job 9aed9ee6-1487-4c91-8b92-69e88521f2ba timed out. Re-enqueueing.
[Midd4VC] Job a488b9a8-27f5-4976-b5c0-1fdb3a1edb1a timed out. Re-enqueueing.
[Midd4VCServer] Assigning job a488b9a8-27f5-4976-b5c0-1fdb3a1edb1a to vehicle veh37
[Midd4VCServer] Assigning job 9aed9ee6-1487-4c91-8b92-69e88521f2ba to vehicle veh18
[Midd4VCServer] Assigning job 58ed532e-a11a-429f-9ca2-389e58b49eaf to vehicle veh7
[Midd4VCServer] job 58ed532e-a11a-429f-9ca2-389e58b49eaf completed by vehicle veh7
[Midd4VCServer] Vehicle veh34 already registered.
[Midd4VCServer] Vehicle veh3 already registered.
[Midd4VCServer] Vehicle veh28 already registered.
[Midd4VCServer] job received: 7cc3f7f5-5407-49f0-be28-d0ec34a9e263
[Midd4VC] Job 00633d1b-70b1-4d6f-a736-f113759f0e59 timed out. Re-enqueueing.
[Midd4VC] Job 8b03952e-6faa-4422-bc8f-1f3d3acaf84c timed out. Re-enqueueing.
[Midd4VC] Job 7f3a35ee-c9f4-41cd-a2e1-025f90816365 timed out. Re-enqueueing.
[Midd4VC] Job 7227598a-4fce-423d-8d70-9f2cce2426a3 timed out. Re-enqueueing.
[Midd4VCServer] Assigning job 7227598a-4fce-423d-8d70-9f2cce2426a3 to vehicle veh26
[Midd4VCServer] Assigning job 7f3a35ee-c9f4-41cd-a2e1-025f90816365 to vehicle veh40
[Midd4VCServer] Assigning job 8b03952e-6faa-4422-bc8f-1f3d3acaf84c to vehicle veh22
[Midd4VCServer] Assigning job 00633d1b-70b1-4d6f-a736-f113759f0e59 to vehicle veh16
[Midd4VCServer] Assigning job 7cc3f7f5-5407-49f0-be28-d0ec34a9e263 to vehicle veh9
[Midd4VCServer] job 7f3a35ee-c9f4-41cd-a2e1-025f90816365 completed by vehicle veh40
[Midd4VCServer] job 7cc3f7f5-5407-49f0-be28-d0ec34a9e263 completed by vehicle veh9
[Midd4VCServer] job received: 679ded82-251a-4582-9ab7-c5067740e890
[Midd4VCServer] Assigning job 679ded82-251a-4582-9ab7-c5067740e890 to vehicle veh40
[Midd4VCServer] job 679ded82-251a-4582-9ab7-c5067740e890 completed by vehicle veh40
[Midd4VCServer] Vehicle veh17 already registered.
[Midd4VCServer] Vehicle veh36 already registered.
[Midd4VCServer] job received: c8c6520d-83d6-4474-9369-ed013c1d9831
[Midd4VC] Job 12ff0e92-68ad-4a3c-9a2c-cb04417ebffc timed out. Re-enqueueing.
[Midd4VC] Job c483f2c9-63a4-462f-b6cf-80b55d18b1f7 timed out. Re-enqueueing.
[Midd4VC] Job 74a99085-e4b2-4c4a-8c31-a955f5664d14 timed out. Re-enqueueing.
[Midd4VC] Job b070c4ad-7a1c-4f19-836a-98e4cf5ce7a3 timed out. Re-enqueueing.
[Midd4VC] Job eded7357-1eb0-4020-a1b0-1ae3ff9f1864 timed out. Re-enqueueing.
[Midd4VCServer] Assigning job eded7357-1eb0-4020-a1b0-1ae3ff9f1864 to vehicle veh13
[Midd4VCServer] Assigning job b070c4ad-7a1c-4f19-836a-98e4cf5ce7a3 to vehicle veh15
[Midd4VCServer] Assigning job 74a99085-e4b2-4c4a-8c31-a955f5664d14 to vehicle veh14
[Midd4VCServer] Assigning job c483f2c9-63a4-462f-b6cf-80b55d18b1f7 to vehicle veh19
[Midd4VCServer] Assigning job 12ff0e92-68ad-4a3c-9a2c-cb04417ebffc to vehicle veh30
[Midd4VCServer] Assigning job c8c6520d-83d6-4474-9369-ed013c1d9831 to vehicle veh23
[Midd4VCServer] job c8c6520d-83d6-4474-9369-ed013c1d9831 completed by vehicle veh23
[Midd4VCServer] job received: 415e334a-6470-453e-851a-84749eb335ab
[Midd4VCServer] Assigning job 415e334a-6470-453e-851a-84749eb335ab to vehicle veh4
[Midd4VCServer] job 415e334a-6470-453e-851a-84749eb335ab completed by vehicle veh4
[Midd4VCServer] Vehicle veh6 already registered.
[Midd4VCServer] job received: 0c36b3b4-b931-40c5-9c08-ea3078181a9a
[Midd4VCServer] Assigning job 0c36b3b4-b931-40c5-9c08-ea3078181a9a to vehicle veh34
[Midd4VCServer] Vehicle veh4 already registered.
[Midd4VCServer] Vehicle veh19 already registered.
[Midd4VCServer] Vehicle veh16 already registered.
[Midd4VCServer] job received: e2013f34-2c20-423c-bd73-900ab889fd48
[Midd4VCServer] Assigning job e2013f34-2c20-423c-bd73-900ab889fd48 to vehicle veh31
[Midd4VCServer] Vehicle veh24 already registered.
[Midd4VCServer] job received: 5bedf661-0ee2-4b12-88a7-7374e2a31f35
[Midd4VCServer] Assigning job 5bedf661-0ee2-4b12-88a7-7374e2a31f35 to vehicle veh35
[Midd4VCServer] Vehicle veh13 already registered.
[Midd4VCServer] Vehicle veh11 already registered.
[Midd4VCServer] job received: 2d1a629d-bf0e-4c70-96dd-b38b62643ef4
[Midd4VCServer] Assigning job 2d1a629d-bf0e-4c70-96dd-b38b62643ef4 to vehicle veh12
[Midd4VCServer] Vehicle veh29 already registered.
[Midd4VCServer] job received: a5a825ae-2190-4efc-a05e-fa7b2f39858b
[Midd4VCServer] Assigning job a5a825ae-2190-4efc-a05e-fa7b2f39858b to vehicle veh11
[Midd4VCServer] job a5a825ae-2190-4efc-a05e-fa7b2f39858b completed by vehicle veh11
[Midd4VCServer] Vehicle veh2 already registered.
[Midd4VCServer] Vehicle veh34 already registered.
[Midd4VCServer] Vehicle veh35 already registered.
[Midd4VCServer] Vehicle veh10 already registered.
[Midd4VCServer] Vehicle veh21 already registered.
[Midd4VCServer] Vehicle veh1 already registered.
[Midd4VCServer] Vehicle veh22 already registered.
[Midd4VCServer] job received: 977dba5a-db20-4ba5-b78a-1ff53f0d5c3f
[Midd4VC] Job bdee513f-1187-423a-a46f-6242925506b0 timed out. Re-enqueueing.
[Midd4VC] Job be62b2c7-729c-4cd7-b3c5-d4fe461feba5 timed out. Re-enqueueing.
[Midd4VC] Job fde57acc-c17c-4fbb-940d-9134ff4f3cc6 timed out. Re-enqueueing.
[Midd4VC] Job 7b41c1e4-0fbf-41a1-ae29-e6df77120e96 timed out. Re-enqueueing.
[Midd4VCServer] Assigning job 7b41c1e4-0fbf-41a1-ae29-e6df77120e96 to vehicle veh25
[Midd4VCServer] Assigning job fde57acc-c17c-4fbb-940d-9134ff4f3cc6 to vehicle veh28
[Midd4VCServer] Assigning job be62b2c7-729c-4cd7-b3c5-d4fe461feba5 to vehicle veh10
[Midd4VCServer] Assigning job bdee513f-1187-423a-a46f-6242925506b0 to vehicle veh21
[Midd4VCServer] Assigning job 977dba5a-db20-4ba5-b78a-1ff53f0d5c3f to vehicle veh7
[Midd4VCServer] job bdee513f-1187-423a-a46f-6242925506b0 completed by vehicle veh21
[Midd4VCServer] job be62b2c7-729c-4cd7-b3c5-d4fe461feba5 completed by vehicle veh10
[Midd4VCServer] job 7b41c1e4-0fbf-41a1-ae29-e6df77120e96 completed by vehicle veh25
[Midd4VCServer] Vehicle veh32 already registered.
[Midd4VCServer] job received: de2e4587-1501-4363-8f5f-585dbb7f367d
[Midd4VCServer] Assigning job de2e4587-1501-4363-8f5f-585dbb7f367d to vehicle veh25
[Midd4VCServer] Vehicle veh25 already registered.
[Midd4VCServer] job de2e4587-1501-4363-8f5f-585dbb7f367d completed by vehicle veh25
[Midd4VCServer] Vehicle veh34 already registered.
[Midd4VCServer] job received: 1aa829b8-1cfa-4ec2-a7d6-5781cfe81be1
[Midd4VCServer] Assigning job 1aa829b8-1cfa-4ec2-a7d6-5781cfe81be1 to vehicle veh25
[Midd4VCServer] job 1aa829b8-1cfa-4ec2-a7d6-5781cfe81be1 completed by vehicle veh25
[Midd4VCServer] Vehicle veh12 already registered.
[Midd4VCServer] job received: 2eed4816-f27b-4351-beaa-10781deaa2e2
[Midd4VCServer] Assigning job 2eed4816-f27b-4351-beaa-10781deaa2e2 to vehicle veh10
[Midd4VCServer] job 2eed4816-f27b-4351-beaa-10781deaa2e2 completed by vehicle veh10
[Midd4VCServer] job received: d0381896-8755-46d4-9c83-104a0e50e798
[Midd4VCServer] Assigning job d0381896-8755-46d4-9c83-104a0e50e798 to vehicle veh40
[Midd4VCServer] job received: 97ac98c8-7660-4067-aeee-5fb0636d7272
[Midd4VCServer] Assigning job 97ac98c8-7660-4067-aeee-5fb0636d7272 to vehicle veh5
[Midd4VCServer] Vehicle veh36 already registered.
[Midd4VCServer] job received: fb7992e4-ad1b-4857-885f-e8949e222292
[Midd4VCServer] Assigning job fb7992e4-ad1b-4857-885f-e8949e222292 to vehicle veh9
[Midd4VCServer] job fb7992e4-ad1b-4857-885f-e8949e222292 completed by vehicle veh9
[Midd4VCServer] job received: c4a6b86b-001f-4b4e-8cdb-1335a41f5efb
[Midd4VCServer] Assigning job c4a6b86b-001f-4b4e-8cdb-1335a41f5efb to vehicle veh23
[Midd4VCServer] job c4a6b86b-001f-4b4e-8cdb-1335a41f5efb completed by vehicle veh23
[Midd4VCServer] Vehicle veh15 already registered.
[Midd4VCServer] Vehicle veh39 already registered.
[Midd4VCServer] Vehicle veh35 already registered.
[Midd4VCServer] Vehicle veh20 already registered.
[Midd4VCServer] job received: caa872d9-4795-4d26-bce2-1b57d49d5987
[Midd4VC] Job 9a6570c2-64fa-4a1a-ad92-893d1d67b8b5 timed out. Re-enqueueing.
[Midd4VCServer] Assigning job 9a6570c2-64fa-4a1a-ad92-893d1d67b8b5 to vehicle veh29
[Midd4VCServer] Assigning job caa872d9-4795-4d26-bce2-1b57d49d5987 to vehicle veh4
[Midd4VCServer] job received: 4d009edb-bcc1-47ef-852b-4462e7c9f23f
[Midd4VCServer] Assigning job 4d009edb-bcc1-47ef-852b-4462e7c9f23f to vehicle veh25
[Midd4VCServer] job 4d009edb-bcc1-47ef-852b-4462e7c9f23f completed by vehicle veh25
[Midd4VCServer] job received: d527b4d6-07f9-459a-8047-2249821717a9
[Midd4VCServer] Assigning job d527b4d6-07f9-459a-8047-2249821717a9 to vehicle veh11
[Midd4VCServer] job d527b4d6-07f9-459a-8047-2249821717a9 completed by vehicle veh11
[Midd4VCServer] Vehicle veh26 already registered.
[Midd4VCServer] job received: 81b353ef-bdeb-4e88-b95f-b268e754225a
[Midd4VC] Job 5f170ee1-1844-4c39-bc1c-675702abacc8 timed out. Re-enqueueing.
[Midd4VC] Job 807f588f-d34d-4d77-bb2b-e86b45438c80 timed out. Re-enqueueing.
[Midd4VCServer] Assigning job 807f588f-d34d-4d77-bb2b-e86b45438c80 to vehicle veh24
[Midd4VCServer] Assigning job 5f170ee1-1844-4c39-bc1c-675702abacc8 to vehicle veh8
[Midd4VCServer] Assigning job 81b353ef-bdeb-4e88-b95f-b268e754225a to vehicle veh21
[Midd4VCServer] Vehicle veh7 already registered.
[Midd4VCServer] job received: de99336f-faa7-403c-bf98-64fe793e9ac1
[Midd4VCServer] Assigning job de99336f-faa7-403c-bf98-64fe793e9ac1 to vehicle veh10
[Midd4VCServer] job de99336f-faa7-403c-bf98-64fe793e9ac1 completed by vehicle veh10
[Midd4VCServer] job received: 3206cce2-0be9-4fe5-b935-1fa28b733528
[Midd4VCServer] Assigning job 3206cce2-0be9-4fe5-b935-1fa28b733528 to vehicle veh39
[Midd4VCServer] job 3206cce2-0be9-4fe5-b935-1fa28b733528 completed by vehicle veh39
[Midd4VCServer] job received: f4a43062-787c-491b-a02c-b2d50b8f99ac
[Midd4VCServer] Assigning job f4a43062-787c-491b-a02c-b2d50b8f99ac to vehicle veh9
[Midd4VCServer] job f4a43062-787c-491b-a02c-b2d50b8f99ac completed by vehicle veh9
[Midd4VCServer] job received: 506e293a-81a3-4c74-abe4-f40fbb44f5d1
[Midd4VCServer] Assigning job 506e293a-81a3-4c74-abe4-f40fbb44f5d1 to vehicle veh23
[Midd4VCServer] job 506e293a-81a3-4c74-abe4-f40fbb44f5d1 completed by vehicle veh23
[Midd4VCServer] Vehicle veh31 already registered.
[Midd4VCServer] job received: 1cf098dd-e575-4151-bc4c-0ed87ee98457
[Midd4VC] Job 4213ef05-4dbc-4e4c-b1ae-c137ed322215 timed out. Re-enqueueing.
[Midd4VC] Job 8f99533e-345f-4cf7-bb01-98cce57f39e3 timed out. Re-enqueueing.
[Midd4VCServer] Assigning job 8f99533e-345f-4cf7-bb01-98cce57f39e3 to vehicle veh2
[Midd4VCServer] Assigning job 4213ef05-4dbc-4e4c-b1ae-c137ed322215 to vehicle veh17
[Midd4VCServer] Assigning job 1cf098dd-e575-4151-bc4c-0ed87ee98457 to vehicle veh25
[Midd4VCServer] job 4213ef05-4dbc-4e4c-b1ae-c137ed322215 completed by vehicle veh17
[Midd4VCServer] job 1cf098dd-e575-4151-bc4c-0ed87ee98457 completed by vehicle veh25
[Midd4VCServer] Vehicle veh19 already registered.
[Midd4VCServer] job received: a70bc7be-c385-458e-b2a0-1c9f3d29a7df
[Midd4VCServer] Assigning job a70bc7be-c385-458e-b2a0-1c9f3d29a7df to vehicle veh17
[Midd4VCServer] job a70bc7be-c385-458e-b2a0-1c9f3d29a7df completed by vehicle veh17
[Midd4VCServer] Vehicle veh17 already registered.
[Midd4VCServer] Vehicle veh37 already registered.
[Midd4VCServer] job received: d6310095-ab98-43a2-9026-3e9674d35be7
[Midd4VC] Job a0a81803-16c6-493e-be16-57f25bbf84e0 timed out. Re-enqueueing.
[Midd4VC] Job 86ca9923-44cc-405e-a59a-fb9a8e8afb58 timed out. Re-enqueueing.
[Midd4VCServer] Assigning job 86ca9923-44cc-405e-a59a-fb9a8e8afb58 to vehicle veh1
[Midd4VCServer] Assigning job a0a81803-16c6-493e-be16-57f25bbf84e0 to vehicle veh17
[Midd4VCServer] Assigning job d6310095-ab98-43a2-9026-3e9674d35be7 to vehicle veh11
[Midd4VCServer] job a0a81803-16c6-493e-be16-57f25bbf84e0 completed by vehicle veh17
[Midd4VCServer] job received: 1f50f2d0-42a3-491e-84fd-b02746427fd1
[Midd4VCServer] Assigning job 1f50f2d0-42a3-491e-84fd-b02746427fd1 to vehicle veh17
[Midd4VCServer] job 1f50f2d0-42a3-491e-84fd-b02746427fd1 completed by vehicle veh17
[Midd4VCServer] Vehicle veh29 already registered.
[Midd4VCServer] job received: 69fabb02-9e0d-4e8c-9a28-950b297254f1
[Midd4VCServer] Assigning job 69fabb02-9e0d-4e8c-9a28-950b297254f1 to vehicle veh17
[Midd4VCServer] job 69fabb02-9e0d-4e8c-9a28-950b297254f1 completed by vehicle veh17
[Midd4VCServer] Vehicle veh5 already registered.
[Midd4VCServer] Vehicle veh31 already registered.
[Midd4VCServer] Vehicle veh20 already registered.
[Midd4VCServer] Vehicle veh24 already registered.
[Midd4VCServer] job received: d1379740-52a1-4c83-8bbc-3ed5a49237a3
[Midd4VCServer] Assigning job d1379740-52a1-4c83-8bbc-3ed5a49237a3 to vehicle veh17
[Midd4VCServer] job d1379740-52a1-4c83-8bbc-3ed5a49237a3 completed by vehicle veh17
[Midd4VCServer] job received: be3aeb4b-5b96-4dca-8386-a308f09e0bcf
[Midd4VCServer] Assigning job be3aeb4b-5b96-4dca-8386-a308f09e0bcf to vehicle veh10
[Midd4VCServer] job received: 908414af-fd53-49db-8f2e-8bd0d2762b4f
[Midd4VCServer] Assigning job 908414af-fd53-49db-8f2e-8bd0d2762b4f to vehicle veh39
[Midd4VCServer] job 908414af-fd53-49db-8f2e-8bd0d2762b4f completed by vehicle veh39
[Midd4VCServer] Vehicle veh10 already registered.
[Midd4VCServer] job received: 8578f7e7-d3f3-412f-8f4e-0559dae7b26e
[Midd4VC] Job e440e3d5-69b4-41be-b714-90d26f1ab8e8 timed out. Re-enqueueing.
[Midd4VC] Job dcfdd937-bbbc-4d92-899b-c7f3818b2785 timed out. Re-enqueueing.
[Midd4VC] Job 39ffbf06-1895-4e76-b532-2cae1524923a timed out. Re-enqueueing.
[Midd4VC] Job 9b661a38-f4c3-458c-a634-4725b632f21c timed out. Re-enqueueing.
[Midd4VC] Job 50fbb15c-3ac2-4d21-b75b-1234d143fb60 timed out. Re-enqueueing.
[Midd4VCServer] Assigning job 50fbb15c-3ac2-4d21-b75b-1234d143fb60 to vehicle veh27
[Midd4VCServer] Assigning job 9b661a38-f4c3-458c-a634-4725b632f21c to vehicle veh33
[Midd4VCServer] Assigning job 39ffbf06-1895-4e76-b532-2cae1524923a to vehicle veh20
[Midd4VCServer] Assigning job dcfdd937-bbbc-4d92-899b-c7f3818b2785 to vehicle veh6
[Midd4VCServer] Assigning job e440e3d5-69b4-41be-b714-90d26f1ab8e8 to vehicle veh36
[Midd4VCServer] Assigning job 8578f7e7-d3f3-412f-8f4e-0559dae7b26e to vehicle veh9
[Midd4VCServer] job 39ffbf06-1895-4e76-b532-2cae1524923a completed by vehicle veh20
[Midd4VCServer] job e440e3d5-69b4-41be-b714-90d26f1ab8e8 completed by vehicle veh36
[Midd4VCServer] Vehicle veh40 already registered.
[Midd4VCServer] Vehicle veh13 already registered.
[Midd4VCServer] Vehicle veh30 already registered.
[Midd4VCServer] job received: 702e96df-a45f-4f31-9c98-e6de0c596491
[Midd4VCServer] Assigning job 702e96df-a45f-4f31-9c98-e6de0c596491 to vehicle veh20
[Midd4VCServer] job 702e96df-a45f-4f31-9c98-e6de0c596491 completed by vehicle veh20
[Midd4VCServer] job received: b5e35ed7-e6c1-466b-a8f4-de1ec7332cf7
[Midd4VCServer] Assigning job b5e35ed7-e6c1-466b-a8f4-de1ec7332cf7 to vehicle veh20
[Midd4VCServer] job b5e35ed7-e6c1-466b-a8f4-de1ec7332cf7 completed by vehicle veh20
[Midd4VCServer] Vehicle veh35 already registered.
[Midd4VCServer] job received: cfd94e25-4f70-47b1-8093-55b3381eb7a4
[Midd4VCServer] Assigning job cfd94e25-4f70-47b1-8093-55b3381eb7a4 to vehicle veh20
[Midd4VCServer] job cfd94e25-4f70-47b1-8093-55b3381eb7a4 completed by vehicle veh20
[Midd4VCServer] Vehicle veh6 already registered.
[Midd4VCServer] job received: 015cdc1b-3111-4780-bd6c-5fc4d8ce78ee
[Midd4VCServer] Assigning job 015cdc1b-3111-4780-bd6c-5fc4d8ce78ee to vehicle veh23
[Midd4VCServer] Vehicle veh1 already registered.
[Midd4VCServer] Vehicle veh9 already registered.
[Midd4VCServer] job received: 8967ccf4-3589-4f6c-8c5b-7412bb432ea2
[Midd4VCServer] Assigning job 8967ccf4-3589-4f6c-8c5b-7412bb432ea2 to vehicle veh20
[Midd4VCServer] job 8967ccf4-3589-4f6c-8c5b-7412bb432ea2 completed by vehicle veh20
[Midd4VCServer] Vehicle veh4 already registered.
[Midd4VCServer] job received: df6064b9-5799-462b-9b55-fa6b67340a59
[Midd4VCServer] Assigning job df6064b9-5799-462b-9b55-fa6b67340a59 to vehicle veh17
[Midd4VCServer] Vehicle veh7 already registered.
[Midd4VCServer] Vehicle veh21 already registered.
[Midd4VCServer] Vehicle veh33 already registered.
[Midd4VCServer] job received: b0fde79e-e108-4b4b-8f8b-329c6a5db796
[Midd4VCServer] Assigning job b0fde79e-e108-4b4b-8f8b-329c6a5db796 to vehicle veh25
[Midd4VCServer] job received: 4cea04cd-1bd2-4b91-98ba-ecfaba9f4b96
[Midd4VC] Job a488b9a8-27f5-4976-b5c0-1fdb3a1edb1a timed out. Re-enqueueing.
[Midd4VC] Job 9aed9ee6-1487-4c91-8b92-69e88521f2ba timed out. Re-enqueueing.
[Midd4VCServer] Assigning job 9aed9ee6-1487-4c91-8b92-69e88521f2ba to vehicle veh37
[Midd4VCServer] Assigning job a488b9a8-27f5-4976-b5c0-1fdb3a1edb1a to vehicle veh18
[Midd4VCServer] Assigning job 4cea04cd-1bd2-4b91-98ba-ecfaba9f4b96 to vehicle veh39
[Midd4VCServer] job 4cea04cd-1bd2-4b91-98ba-ecfaba9f4b96 completed by vehicle veh39
[Midd4VCServer] job 9aed9ee6-1487-4c91-8b92-69e88521f2ba completed by vehicle veh37
[Midd4VCServer] job received: 0ebf6186-6a1d-4352-a8da-4f485df304ac
[Midd4VCServer] Assigning job 0ebf6186-6a1d-4352-a8da-4f485df304ac to vehicle veh37
[Midd4VCServer] job 0ebf6186-6a1d-4352-a8da-4f485df304ac completed by vehicle veh37
[Midd4VCServer] Vehicle veh23 already registered.
[Midd4VCServer] Vehicle veh1 already registered.
[Midd4VCServer] job received: d3dcfa54-31c5-4b64-8cc6-0c3db0059a3f
[Midd4VCServer] Assigning job d3dcfa54-31c5-4b64-8cc6-0c3db0059a3f to vehicle veh37
[Midd4VCServer] job d3dcfa54-31c5-4b64-8cc6-0c3db0059a3f completed by vehicle veh37
[Midd4VCServer] Vehicle veh27 already registered.
[Midd4VCServer] Vehicle veh32 already registered.
[Midd4VCServer] Vehicle veh16 already registered.
[Midd4VCServer] job received: bd741334-a5f0-4875-90a7-e3e4b3f22a99
[Midd4VC] Job 7227598a-4fce-423d-8d70-9f2cce2426a3 timed out. Re-enqueueing.
[Midd4VC] Job 8b03952e-6faa-4422-bc8f-1f3d3acaf84c timed out. Re-enqueueing.
[Midd4VC] Job 00633d1b-70b1-4d6f-a736-f113759f0e59 timed out. Re-enqueueing.
[Midd4VCServer] Assigning job 00633d1b-70b1-4d6f-a736-f113759f0e59 to vehicle veh26
[Midd4VCServer] Assigning job 8b03952e-6faa-4422-bc8f-1f3d3acaf84c to vehicle veh37
[Midd4VCServer] Assigning job 7227598a-4fce-423d-8d70-9f2cce2426a3 to vehicle veh22
[Midd4VCServer] Assigning job bd741334-a5f0-4875-90a7-e3e4b3f22a99 to vehicle veh16
[Midd4VCServer] job 00633d1b-70b1-4d6f-a736-f113759f0e59 completed by vehicle veh26
[Midd4VCServer] job bd741334-a5f0-4875-90a7-e3e4b3f22a99 completed by vehicle veh16
[Midd4VCServer] job 8b03952e-6faa-4422-bc8f-1f3d3acaf84c completed by vehicle veh37
[Midd4VCServer] Vehicle veh26 already registered.
[Midd4VCServer] job received: be0f4e83-b39c-4e08-a64a-284190ba6c82
[Midd4VCServer] Assigning job be0f4e83-b39c-4e08-a64a-284190ba6c82 to vehicle veh26
[Midd4VCServer] job be0f4e83-b39c-4e08-a64a-284190ba6c82 completed by vehicle veh26
[Midd4VCServer] job received: 80798bc8-266a-4d93-9783-51d12b2d46f2
[Midd4VCServer] Assigning job 80798bc8-266a-4d93-9783-51d12b2d46f2 to vehicle veh26
[Midd4VCServer] job 80798bc8-266a-4d93-9783-51d12b2d46f2 completed by vehicle veh26
[Midd4VCServer] job received: 69ad0d9d-46e4-4263-bde8-8dd66cb78175
[Midd4VC] Job eded7357-1eb0-4020-a1b0-1ae3ff9f1864 timed out. Re-enqueueing.
[Midd4VC] Job b070c4ad-7a1c-4f19-836a-98e4cf5ce7a3 timed out. Re-enqueueing.
[Midd4VC] Job 74a99085-e4b2-4c4a-8c31-a955f5664d14 timed out. Re-enqueueing.
[Midd4VC] Job c483f2c9-63a4-462f-b6cf-80b55d18b1f7 timed out. Re-enqueueing.
[Midd4VC] Job 12ff0e92-68ad-4a3c-9a2c-cb04417ebffc timed out. Re-enqueueing.
[Midd4VCServer] Assigning job 12ff0e92-68ad-4a3c-9a2c-cb04417ebffc to vehicle veh13
[Midd4VCServer] Assigning job c483f2c9-63a4-462f-b6cf-80b55d18b1f7 to vehicle veh15
[Midd4VCServer] Assigning job 74a99085-e4b2-4c4a-8c31-a955f5664d14 to vehicle veh14
[Midd4VCServer] Assigning job b070c4ad-7a1c-4f19-836a-98e4cf5ce7a3 to vehicle veh26
[Midd4VCServer] Assigning job eded7357-1eb0-4020-a1b0-1ae3ff9f1864 to vehicle veh19
[Midd4VCServer] Assigning job 69ad0d9d-46e4-4263-bde8-8dd66cb78175 to vehicle veh37
[Midd4VCServer] job 12ff0e92-68ad-4a3c-9a2c-cb04417ebffc completed by vehicle veh13
[Midd4VCServer] job 69ad0d9d-46e4-4263-bde8-8dd66cb78175 completed by vehicle veh37
[Midd4VCServer] job eded7357-1eb0-4020-a1b0-1ae3ff9f1864 completed by vehicle veh19
[Midd4VCServer] job b070c4ad-7a1c-4f19-836a-98e4cf5ce7a3 completed by vehicle veh26
[Midd4VCServer] job received: e216bf96-2e00-494e-8ca9-dfb19cad0c5b
[Midd4VCServer] Assigning job e216bf96-2e00-494e-8ca9-dfb19cad0c5b to vehicle veh13
[Midd4VCServer] job e216bf96-2e00-494e-8ca9-dfb19cad0c5b completed by vehicle veh13
[Midd4VCServer] Vehicle veh3 already registered.
[Midd4VCServer] job received: f73daf35-83bc-4b0d-af5e-0987932b77b2
[Midd4VC] Job 0c36b3b4-b931-40c5-9c08-ea3078181a9a timed out. Re-enqueueing.
[Midd4VCServer] Assigning job 0c36b3b4-b931-40c5-9c08-ea3078181a9a to vehicle veh13
[Midd4VCServer] Assigning job f73daf35-83bc-4b0d-af5e-0987932b77b2 to vehicle veh26
[Midd4VCServer] job f73daf35-83bc-4b0d-af5e-0987932b77b2 completed by vehicle veh26
[Midd4VCServer] Vehicle veh21 already registered.
[Midd4VCServer] job received: 81409177-fc97-473b-a9e8-8d8bd8274d87
[Midd4VC] Job e2013f34-2c20-423c-bd73-900ab889fd48 timed out. Re-enqueueing.
[Midd4VC] Job 5bedf661-0ee2-4b12-88a7-7374e2a31f35 timed out. Re-enqueueing.
[Midd4VC] Job 2d1a629d-bf0e-4c70-96dd-b38b62643ef4 timed out. Re-enqueueing.
[Midd4VCServer] Assigning job 2d1a629d-bf0e-4c70-96dd-b38b62643ef4 to vehicle veh26
[Midd4VCServer] Assigning job 5bedf661-0ee2-4b12-88a7-7374e2a31f35 to vehicle veh30
[Midd4VCServer] Assigning job e2013f34-2c20-423c-bd73-900ab889fd48 to vehicle veh19
[Midd4VCServer] Assigning job 81409177-fc97-473b-a9e8-8d8bd8274d87 to vehicle veh37
[Midd4VCServer] job 81409177-fc97-473b-a9e8-8d8bd8274d87 completed by vehicle veh37
[Midd4VCServer] job 2d1a629d-bf0e-4c70-96dd-b38b62643ef4 completed by vehicle veh26
[Midd4VCServer] job 5bedf661-0ee2-4b12-88a7-7374e2a31f35 completed by vehicle veh30
[Midd4VCServer] Vehicle veh32 already registered.
[Midd4VCServer] Vehicle veh11 already registered.
[Midd4VCServer] job received: bdb188d4-fd3c-4f5f-aeb5-69bd5edd7d82
[Midd4VCServer] Assigning job bdb188d4-fd3c-4f5f-aeb5-69bd5edd7d82 to vehicle veh26
[Midd4VCServer] job bdb188d4-fd3c-4f5f-aeb5-69bd5edd7d82 completed by vehicle veh26
[Midd4VCServer] Vehicle veh25 already registered.
[Midd4VCServer] job received: c8dd61da-d9ea-4ab3-9e9c-cbd344340cee
[Midd4VC] Job fde57acc-c17c-4fbb-940d-9134ff4f3cc6 timed out. Re-enqueueing.
[Midd4VC] Job 977dba5a-db20-4ba5-b78a-1ff53f0d5c3f timed out. Re-enqueueing.
[Midd4VCServer] Assigning job 977dba5a-db20-4ba5-b78a-1ff53f0d5c3f to vehicle veh28
[Midd4VCServer] Assigning job fde57acc-c17c-4fbb-940d-9134ff4f3cc6 to vehicle veh34
[Midd4VCServer] Assigning job c8dd61da-d9ea-4ab3-9e9c-cbd344340cee to vehicle veh30
[Midd4VCServer] Vehicle veh31 already registered.
[Midd4VCServer] Vehicle veh9 already registered.
[Midd4VCServer] job received: 3fc451be-b58f-45a9-8b9d-076af0bb401d
[Midd4VCServer] Assigning job 3fc451be-b58f-45a9-8b9d-076af0bb401d to vehicle veh31
[Midd4VCServer] job 3fc451be-b58f-45a9-8b9d-076af0bb401d completed by vehicle veh31
[Midd4VCServer] job received: d91c1c97-3e83-48a4-8195-b3b78a1f6b81
[Midd4VCServer] Assigning job d91c1c97-3e83-48a4-8195-b3b78a1f6b81 to vehicle veh35
[Midd4VCServer] job received: fe0da6e0-e859-4f9e-8c29-b634d623d5a2
[Midd4VCServer] Assigning job fe0da6e0-e859-4f9e-8c29-b634d623d5a2 to vehicle veh12
[Midd4VCServer] Vehicle veh19 already registered.
[Midd4VCServer] job received: 1eb513a3-eac1-49a1-98c7-a8fe1c50eba8
[Midd4VC] Job d0381896-8755-46d4-9c83-104a0e50e798 timed out. Re-enqueueing.
[Midd4VC] Job 97ac98c8-7660-4067-aeee-5fb0636d7272 timed out. Re-enqueueing.
[Midd4VCServer] Assigning job 97ac98c8-7660-4067-aeee-5fb0636d7272 to vehicle veh26
[Midd4VCServer] Assigning job d0381896-8755-46d4-9c83-104a0e50e798 to vehicle veh7
[Midd4VCServer] Assigning job 1eb513a3-eac1-49a1-98c7-a8fe1c50eba8 to vehicle veh40
[Midd4VCServer] job d0381896-8755-46d4-9c83-104a0e50e798 completed by vehicle veh7
[Midd4VCServer] Vehicle veh3 already registered.
[Midd4VCServer] job received: bfdc428f-1e42-41da-a478-7991c23bfd46
[Midd4VCServer] Assigning job bfdc428f-1e42-41da-a478-7991c23bfd46 to vehicle veh16
[Midd4VCServer] job received: 00a77731-7681-4413-bcee-876a3b0e7c35
[Midd4VCServer] Assigning job 00a77731-7681-4413-bcee-876a3b0e7c35 to vehicle veh5
[Midd4VCServer] job received: 823a4e53-b87d-48ce-bc5c-d9c214c66e03
[Midd4VCServer] Assigning job 823a4e53-b87d-48ce-bc5c-d9c214c66e03 to vehicle veh37
[Midd4VCServer] Vehicle veh40 already registered.
[Midd4VCServer] Vehicle veh22 already registered.
[Midd4VCServer] job received: 24ac8b4c-d9f3-43c1-bf84-d82af46e38cc
[Midd4VC] Job 9a6570c2-64fa-4a1a-ad92-893d1d67b8b5 timed out. Re-enqueueing.
[Midd4VC] Job caa872d9-4795-4d26-bce2-1b57d49d5987 timed out. Re-enqueueing.
[Midd4VCServer] Assigning job caa872d9-4795-4d26-bce2-1b57d49d5987 to vehicle veh29
[Midd4VCServer] Assigning job 9a6570c2-64fa-4a1a-ad92-893d1d67b8b5 to vehicle veh4
[Midd4VCServer] Assigning job 24ac8b4c-d9f3-43c1-bf84-d82af46e38cc to vehicle veh31
[Midd4VCServer] job caa872d9-4795-4d26-bce2-1b57d49d5987 completed by vehicle veh29
[Midd4VCServer] job 24ac8b4c-d9f3-43c1-bf84-d82af46e38cc completed by vehicle veh31
[Midd4VCServer] Vehicle veh27 already registered.
[Midd4VCServer] job received: cc44aed8-98f4-4d89-9909-bf1863ef5aaf
[Midd4VC] Job 807f588f-d34d-4d77-bb2b-e86b45438c80 timed out. Re-enqueueing.
[Midd4VC] Job 5f170ee1-1844-4c39-bc1c-675702abacc8 timed out. Re-enqueueing.
[Midd4VC] Job 81b353ef-bdeb-4e88-b95f-b268e754225a timed out. Re-enqueueing.
[Midd4VCServer] Assigning job 81b353ef-bdeb-4e88-b95f-b268e754225a to vehicle veh29
[Midd4VCServer] Assigning job 5f170ee1-1844-4c39-bc1c-675702abacc8 to vehicle veh24
[Midd4VCServer] Assigning job 807f588f-d34d-4d77-bb2b-e86b45438c80 to vehicle veh8
[Midd4VCServer] Assigning job cc44aed8-98f4-4d89-9909-bf1863ef5aaf to vehicle veh21
[Midd4VCServer] job 81b353ef-bdeb-4e88-b95f-b268e754225a completed by vehicle veh29
[Midd4VCServer] Vehicle veh10 already registered.
[Midd4VCServer] job received: 0c313339-1011-47f5-ad2c-9f39df694924
[Midd4VCServer] Assigning job 0c313339-1011-47f5-ad2c-9f39df694924 to vehicle veh29
[Midd4VCServer] job received: bb5c7637-a2d7-489a-a7d1-3ff2704d4cd0
[Midd4VCServer] Assigning job bb5c7637-a2d7-489a-a7d1-3ff2704d4cd0 to vehicle veh7
[Midd4VCServer] job received: d5476658-2830-4e8d-a525-093b53771d69
[Midd4VC] Job 8f99533e-345f-4cf7-bb01-98cce57f39e3 timed out. Re-enqueueing.
[Midd4VCServer] Assigning job 8f99533e-345f-4cf7-bb01-98cce57f39e3 to vehicle veh2
[Midd4VCServer] Assigning job d5476658-2830-4e8d-a525-093b53771d69 to vehicle veh31
[Midd4VCServer] Vehicle veh33 already registered.
[Midd4VCServer] job received: c4973416-5e59-4add-a983-a2ab65a3c0f6
[Midd4VCServer] Assigning job c4973416-5e59-4add-a983-a2ab65a3c0f6 to vehicle veh36
[Midd4VCServer] Vehicle veh8 already registered.
[Midd4VCServer] Vehicle veh29 already registered.
[Midd4VCServer] job received: 5b284d2d-775e-443d-bcf1-284a71f1ca42
[Midd4VC] Job 86ca9923-44cc-405e-a59a-fb9a8e8afb58 timed out. Re-enqueueing.
[Midd4VC] Job d6310095-ab98-43a2-9026-3e9674d35be7 timed out. Re-enqueueing.
[Midd4VCServer] Assigning job d6310095-ab98-43a2-9026-3e9674d35be7 to vehicle veh1
[Midd4VCServer] Assigning job 86ca9923-44cc-405e-a59a-fb9a8e8afb58 to vehicle veh11
[Midd4VCServer] Assigning job 5b284d2d-775e-443d-bcf1-284a71f1ca42 to vehicle veh20
[Midd4VCServer] job received: 6579d859-6484-4ef5-aaaa-9050f7d0a3fb
[Midd4VCServer] Assigning job 6579d859-6484-4ef5-aaaa-9050f7d0a3fb to vehicle veh32
[Midd4VCServer] Vehicle veh25 already registered.
[Midd4VCServer] Vehicle veh16 already registered.
[Midd4VCServer] Vehicle veh2 already registered.
[Midd4VCServer] Vehicle veh18 already registered.
[Midd4VCServer] Vehicle veh23 already registered.
[Midd4VCServer] Vehicle veh17 already registered.
[Midd4VCServer] job received: 52c7f0d8-5ca8-46e7-92cd-27642bf817cb
[Midd4VCServer] Assigning job 52c7f0d8-5ca8-46e7-92cd-27642bf817cb to vehicle veh39
[Midd4VCServer] Vehicle veh31 already registered.
[Midd4VCServer] job received: 08310193-8e11-4b38-b836-0f447d7f767b
[Midd4VCServer] Assigning job 08310193-8e11-4b38-b836-0f447d7f767b to vehicle veh38
[Midd4VCServer] job 08310193-8e11-4b38-b836-0f447d7f767b completed by vehicle veh38
[Midd4VCServer] Vehicle veh32 already registered.
[Midd4VCServer] Vehicle veh1 already registered.
[Midd4VCServer] Vehicle veh38 already registered.
[Midd4VCServer] Vehicle veh20 already registered.
[Midd4VCServer] job received: aa67366b-e0dd-485a-bea4-1156b2fac49b
[Midd4VC] Job be3aeb4b-5b96-4dca-8386-a308f09e0bcf timed out. Re-enqueueing.
[Midd4VCServer] Assigning job be3aeb4b-5b96-4dca-8386-a308f09e0bcf to vehicle veh10
[Midd4VCServer] Assigning job aa67366b-e0dd-485a-bea4-1156b2fac49b to vehicle veh3
[Midd4VCServer] job be3aeb4b-5b96-4dca-8386-a308f09e0bcf completed by vehicle veh10
[Midd4VCServer] job aa67366b-e0dd-485a-bea4-1156b2fac49b completed by vehicle veh3
[Midd4VCServer] Vehicle veh6 already registered.
[Midd4VCServer] job received: c8415427-cb05-467b-bd37-c51c54c3694e
[Midd4VCServer] Assigning job c8415427-cb05-467b-bd37-c51c54c3694e to vehicle veh10
[Midd4VCServer] job c8415427-cb05-467b-bd37-c51c54c3694e completed by vehicle veh10
[Midd4VCServer] job received: 8e24a020-28a5-44fc-8681-6689a62d402b
[Midd4VC] Job 50fbb15c-3ac2-4d21-b75b-1234d143fb60 timed out. Re-enqueueing.
[Midd4VC] Job 9b661a38-f4c3-458c-a634-4725b632f21c timed out. Re-enqueueing.
[Midd4VC] Job dcfdd937-bbbc-4d92-899b-c7f3818b2785 timed out. Re-enqueueing.
[Midd4VC] Job 8578f7e7-d3f3-412f-8f4e-0559dae7b26e timed out. Re-enqueueing.
[Midd4VCServer] Assigning job 8578f7e7-d3f3-412f-8f4e-0559dae7b26e to vehicle veh27
[Midd4VCServer] Assigning job dcfdd937-bbbc-4d92-899b-c7f3818b2785 to vehicle veh33
[Midd4VCServer] Assigning job 9b661a38-f4c3-458c-a634-4725b632f21c to vehicle veh6
[Midd4VCServer] Assigning job 50fbb15c-3ac2-4d21-b75b-1234d143fb60 to vehicle veh9
[Midd4VCServer] Assigning job 8e24a020-28a5-44fc-8681-6689a62d402b to vehicle veh10
[Midd4VCServer] job dcfdd937-bbbc-4d92-899b-c7f3818b2785 completed by vehicle veh33
[Midd4VCServer] job 9b661a38-f4c3-458c-a634-4725b632f21c completed by vehicle veh6
[Midd4VCServer] job 8e24a020-28a5-44fc-8681-6689a62d402b completed by vehicle veh10
[Midd4VCServer] Vehicle veh22 already registered.
[Midd4VCServer] Vehicle veh25 already registered.
[Midd4VCServer] job received: 957d10e6-71d3-4057-b5b4-40175608b1a2
[Midd4VCServer] Assigning job 957d10e6-71d3-4057-b5b4-40175608b1a2 to vehicle veh33
[Midd4VCServer] job 957d10e6-71d3-4057-b5b4-40175608b1a2 completed by vehicle veh33
[Midd4VCServer] job received: d0a88879-2436-44a9-86b9-69049c368697
[Midd4VCServer] Assigning job d0a88879-2436-44a9-86b9-69049c368697 to vehicle veh33
[Midd4VCServer] job d0a88879-2436-44a9-86b9-69049c368697 completed by vehicle veh33
[Midd4VCServer] Vehicle veh24 already registered.
[Midd4VCServer] Vehicle veh35 already registered.
[Midd4VCServer] Vehicle veh15 already registered.
[Midd4VCServer] Vehicle veh26 already registered.
[Midd4VCServer] Vehicle veh14 already registered.
[Midd4VCServer] Vehicle veh39 already registered.
[Midd4VCServer] job received: 238e79ca-bda5-40b2-8ccc-1bf22661b161
[Midd4VCServer] Assigning job 238e79ca-bda5-40b2-8ccc-1bf22661b161 to vehicle veh6
[Midd4VCServer] job 238e79ca-bda5-40b2-8ccc-1bf22661b161 completed by vehicle veh6
[Midd4VCServer] job received: 13ec2d70-07b7-48e0-bc19-8b2ddd96198b
[Midd4VCServer] Assigning job 13ec2d70-07b7-48e0-bc19-8b2ddd96198b to vehicle veh33
[Midd4VCServer] job 13ec2d70-07b7-48e0-bc19-8b2ddd96198b completed by vehicle veh33
[Midd4VCServer] Vehicle veh5 already registered.
[Midd4VCServer] job received: dd54c37e-7bbc-4907-8864-8583c69d47f9
[Midd4VC] Job 015cdc1b-3111-4780-bd6c-5fc4d8ce78ee timed out. Re-enqueueing.
[Midd4VCServer] Assigning job 015cdc1b-3111-4780-bd6c-5fc4d8ce78ee to vehicle veh6
[Midd4VCServer] Assigning job dd54c37e-7bbc-4907-8864-8583c69d47f9 to vehicle veh33
[Midd4VCServer] job dd54c37e-7bbc-4907-8864-8583c69d47f9 completed by vehicle veh33
[Midd4VCServer] Vehicle veh30 already registered.
[Midd4VCServer] job received: ab3531bc-7077-440f-9582-80f485765dd3
[Midd4VC] Job df6064b9-5799-462b-9b55-fa6b67340a59 timed out. Re-enqueueing.
[Midd4VCServer] Assigning job df6064b9-5799-462b-9b55-fa6b67340a59 to vehicle veh23
[Midd4VCServer] Assigning job ab3531bc-7077-440f-9582-80f485765dd3 to vehicle veh33
[Midd4VCServer] job df6064b9-5799-462b-9b55-fa6b67340a59 completed by vehicle veh23
[Midd4VCServer] job ab3531bc-7077-440f-9582-80f485765dd3 completed by vehicle veh33
[Midd4VCServer] Vehicle veh4 already registered.
[Midd4VCServer] job received: 4f5ffbe0-34be-439b-b52d-53b137896f56
[Midd4VCServer] Assigning job 4f5ffbe0-34be-439b-b52d-53b137896f56 to vehicle veh17
[Midd4VCServer] job 4f5ffbe0-34be-439b-b52d-53b137896f56 completed by vehicle veh17
[Midd4VCServer] Vehicle veh36 already registered.
[Midd4VCServer] job received: eeece279-19f3-4cf2-964b-f3a240bcbda5
[Midd4VC] Job b0fde79e-e108-4b4b-8f8b-329c6a5db796 timed out. Re-enqueueing.
[Midd4VCServer] Assigning job b0fde79e-e108-4b4b-8f8b-329c6a5db796 to vehicle veh25
[Midd4VCServer] Assigning job eeece279-19f3-4cf2-964b-f3a240bcbda5 to vehicle veh23
[Midd4VCServer] job b0fde79e-e108-4b4b-8f8b-329c6a5db796 completed by vehicle veh25
[Midd4VCServer] job eeece279-19f3-4cf2-964b-f3a240bcbda5 completed by vehicle veh23
[Midd4VCServer] job received: ff575f1d-c1e7-4e28-88b6-9cc70a2a7631
[Midd4VCServer] Assigning job ff575f1d-c1e7-4e28-88b6-9cc70a2a7631 to vehicle veh33
[Midd4VCServer] job ff575f1d-c1e7-4e28-88b6-9cc70a2a7631 completed by vehicle veh33
[Midd4VCServer] Vehicle veh25 already registered.
[Midd4VCServer] Vehicle veh21 already registered.
[Midd4VCServer] Vehicle veh26 already registered.
[Midd4VCServer] Vehicle veh37 already registered.
[Midd4VCServer] job received: 2c246053-d4f0-474f-b08f-083ffd1931f3
[Midd4VC] Job a488b9a8-27f5-4976-b5c0-1fdb3a1edb1a timed out. Re-enqueueing.
[Midd4VCServer] Assigning job a488b9a8-27f5-4976-b5c0-1fdb3a1edb1a to vehicle veh18
[Midd4VCServer] Assigning job 2c246053-d4f0-474f-b08f-083ffd1931f3 to vehicle veh17
[Midd4VCServer] job a488b9a8-27f5-4976-b5c0-1fdb3a1edb1a completed by vehicle veh18
[Midd4VCServer] job 2c246053-d4f0-474f-b08f-083ffd1931f3 completed by vehicle veh17
[Midd4VCServer] Vehicle veh6 already registered.
[Midd4VCServer] Vehicle veh28 already registered.
[Midd4VCServer] job received: 7d0f35ab-7c7d-4f5b-98eb-6e0517bf9e1d
[Midd4VCServer] Assigning job 7d0f35ab-7c7d-4f5b-98eb-6e0517bf9e1d to vehicle veh18
[Midd4VCServer] job 7d0f35ab-7c7d-4f5b-98eb-6e0517bf9e1d completed by vehicle veh18
[Midd4VCServer] Vehicle veh40 already registered.
[Midd4VCServer] Vehicle veh7 already registered.
[Midd4VCServer] job received: 9c3042b6-437c-4dca-b779-e84319a250bb
[Midd4VC] Job 7227598a-4fce-423d-8d70-9f2cce2426a3 timed out. Re-enqueueing.
[Midd4VC] Job c483f2c9-63a4-462f-b6cf-80b55d18b1f7 timed out. Re-enqueueing.
[Midd4VC] Job 74a99085-e4b2-4c4a-8c31-a955f5664d14 timed out. Re-enqueueing.
[Midd4VCServer] Assigning job 74a99085-e4b2-4c4a-8c31-a955f5664d14 to vehicle veh15
[Midd4VCServer] Assigning job c483f2c9-63a4-462f-b6cf-80b55d18b1f7 to vehicle veh14
[Midd4VCServer] Assigning job 7227598a-4fce-423d-8d70-9f2cce2426a3 to vehicle veh22
[Midd4VCServer] Assigning job 9c3042b6-437c-4dca-b779-e84319a250bb to vehicle veh18
[Midd4VCServer] job c483f2c9-63a4-462f-b6cf-80b55d18b1f7 completed by vehicle veh14
[Midd4VCServer] job 9c3042b6-437c-4dca-b779-e84319a250bb completed by vehicle veh18
[Midd4VCServer] Vehicle veh27 already registered.
[Midd4VCServer] job received: e30696c0-4572-4d80-95a7-dfc4566b7eb6
[Midd4VCServer] Assigning job e30696c0-4572-4d80-95a7-dfc4566b7eb6 to vehicle veh14
[Midd4VCServer] job e30696c0-4572-4d80-95a7-dfc4566b7eb6 completed by vehicle veh14
[Midd4VCServer] job received: b6b030ef-15bb-4068-9ccb-ae2591da3732
[Midd4VCServer] Assigning job b6b030ef-15bb-4068-9ccb-ae2591da3732 to vehicle veh14
[Midd4VCServer] job b6b030ef-15bb-4068-9ccb-ae2591da3732 completed by vehicle veh14
[Midd4VCServer] job received: efb62128-0a19-4d64-9bc7-a118d7189058
[Midd4VCServer] Assigning job efb62128-0a19-4d64-9bc7-a118d7189058 to vehicle veh14
[Midd4VCServer] job efb62128-0a19-4d64-9bc7-a118d7189058 completed by vehicle veh14
[Midd4VCServer] job received: 0eafea92-3ab7-4889-ad62-b3a8e157cf98
[Midd4VC] Job 0c36b3b4-b931-40c5-9c08-ea3078181a9a timed out. Re-enqueueing.
[Midd4VCServer] Assigning job 0c36b3b4-b931-40c5-9c08-ea3078181a9a to vehicle veh13
[Midd4VCServer] Assigning job 0eafea92-3ab7-4889-ad62-b3a8e157cf98 to vehicle veh14
[Midd4VCServer] job 0eafea92-3ab7-4889-ad62-b3a8e157cf98 completed by vehicle veh14
[Midd4VCServer] Vehicle veh4 already registered.
[Midd4VCServer] job received: f166d09a-718d-44cc-9550-04ca151a6176
[Midd4VC] Job e2013f34-2c20-423c-bd73-900ab889fd48 timed out. Re-enqueueing.
[Midd4VCServer] Assigning job e2013f34-2c20-423c-bd73-900ab889fd48 to vehicle veh19
[Midd4VCServer] Assigning job f166d09a-718d-44cc-9550-04ca151a6176 to vehicle veh14
[Midd4VCServer] job f166d09a-718d-44cc-9550-04ca151a6176 completed by vehicle veh14
[Midd4VCServer] job received: ab4fbd54-0f8b-42ee-b7d6-4bec1a736796
[Midd4VCServer] Assigning job ab4fbd54-0f8b-42ee-b7d6-4bec1a736796 to vehicle veh18
[Midd4VCServer] job ab4fbd54-0f8b-42ee-b7d6-4bec1a736796 completed by vehicle veh18
[Midd4VCServer] job received: cb0702e7-6e78-48aa-b250-8cc0ea1f507b
[Midd4VCServer] Assigning job cb0702e7-6e78-48aa-b250-8cc0ea1f507b to vehicle veh14
[Midd4VCServer] job cb0702e7-6e78-48aa-b250-8cc0ea1f507b completed by vehicle veh14
[Midd4VCServer] Vehicle veh15 already registered.
[Midd4VCServer] job received: 5b946658-b975-4c66-babc-71f03ecf2c96
[Midd4VC] Job 977dba5a-db20-4ba5-b78a-1ff53f0d5c3f timed out. Re-enqueueing.
[Midd4VC] Job fde57acc-c17c-4fbb-940d-9134ff4f3cc6 timed out. Re-enqueueing.
[Midd4VC] Job c8dd61da-d9ea-4ab3-9e9c-cbd344340cee timed out. Re-enqueueing.
[Midd4VCServer] Assigning job c8dd61da-d9ea-4ab3-9e9c-cbd344340cee to vehicle veh28
[Midd4VCServer] Assigning job fde57acc-c17c-4fbb-940d-9134ff4f3cc6 to vehicle veh34
[Midd4VCServer] Assigning job 977dba5a-db20-4ba5-b78a-1ff53f0d5c3f to vehicle veh30
[Midd4VCServer] Assigning job 5b946658-b975-4c66-babc-71f03ecf2c96 to vehicle veh18
[Midd4VCServer] job received: de3f7ed7-0f4f-4d6c-bd65-0cc75a9b4865
[Midd4VC] Job d91c1c97-3e83-48a4-8195-b3b78a1f6b81 timed out. Re-enqueueing.
[Midd4VCServer] Assigning job d91c1c97-3e83-48a4-8195-b3b78a1f6b81 to vehicle veh35
[Midd4VCServer] Assigning job de3f7ed7-0f4f-4d6c-bd65-0cc75a9b4865 to vehicle veh14
[Midd4VCServer] job de3f7ed7-0f4f-4d6c-bd65-0cc75a9b4865 completed by vehicle veh14
[Midd4VCServer] job received: ef83f359-c0e7-43ba-bd32-1bb5b3dc1fa6
[Midd4VC] Job fe0da6e0-e859-4f9e-8c29-b634d623d5a2 timed out. Re-enqueueing.
[Midd4VCServer] Assigning job fe0da6e0-e859-4f9e-8c29-b634d623d5a2 to vehicle veh12
[Midd4VCServer] Assigning job ef83f359-c0e7-43ba-bd32-1bb5b3dc1fa6 to vehicle veh25
[Midd4VCServer] Vehicle veh16 already registered.
[Midd4VCServer] Vehicle veh13 already registered.
[Midd4VCServer] job received: 163903ff-dc60-4aa0-bf7b-ad2c45c5f3b6
[Midd4VCServer] Assigning job 163903ff-dc60-4aa0-bf7b-ad2c45c5f3b6 to vehicle veh14
[Midd4VCServer] job 163903ff-dc60-4aa0-bf7b-ad2c45c5f3b6 completed by vehicle veh14
[Midd4VCServer] job received: f7913906-66f8-4f44-97e5-5d6de125693d
[Midd4VCServer] Assigning job f7913906-66f8-4f44-97e5-5d6de125693d to vehicle veh23
[Midd4VCServer] job f7913906-66f8-4f44-97e5-5d6de125693d completed by vehicle veh23
[Midd4VCServer] Vehicle veh26 already registered.
[Midd4VCServer] Vehicle veh32 already registered.
[Midd4VCServer] Vehicle veh25 already registered.
[Midd4VCServer] Vehicle veh7 already registered.
[Midd4VCServer] Vehicle veh39 already registered.
[Midd4VCServer] job received: c63840c2-cc9a-4bc5-906c-e8ad3c04af6b
[Midd4VC] Job 97ac98c8-7660-4067-aeee-5fb0636d7272 timed out. Re-enqueueing.
[Midd4VC] Job 1eb513a3-eac1-49a1-98c7-a8fe1c50eba8 timed out. Re-enqueueing.
[Midd4VC] Job bfdc428f-1e42-41da-a478-7991c23bfd46 timed out. Re-enqueueing.
[Midd4VC] Job 00a77731-7681-4413-bcee-876a3b0e7c35 timed out. Re-enqueueing.
[Midd4VC] Job 823a4e53-b87d-48ce-bc5c-d9c214c66e03 timed out. Re-enqueueing.
[Midd4VCServer] Assigning job 823a4e53-b87d-48ce-bc5c-d9c214c66e03 to vehicle veh26
[Midd4VCServer] Assigning job 00a77731-7681-4413-bcee-876a3b0e7c35 to vehicle veh40
[Midd4VCServer] Assigning job bfdc428f-1e42-41da-a478-7991c23bfd46 to vehicle veh16
[Midd4VCServer] Assigning job 1eb513a3-eac1-49a1-98c7-a8fe1c50eba8 to vehicle veh5
[Midd4VCServer] Assigning job 97ac98c8-7660-4067-aeee-5fb0636d7272 to vehicle veh37
[Midd4VCServer] Assigning job c63840c2-cc9a-4bc5-906c-e8ad3c04af6b to vehicle veh33
[Midd4VCServer] job c63840c2-cc9a-4bc5-906c-e8ad3c04af6b completed by vehicle veh33
[Midd4VCServer] Vehicle veh2 already registered.
[Midd4VCServer] job received: 7206321b-79bc-4e46-8ca2-65fa47b37a1f
[Midd4VCServer] Assigning job 7206321b-79bc-4e46-8ca2-65fa47b37a1f to vehicle veh17
[Midd4VCServer] Vehicle veh30 already registered.
[Midd4VCServer] job received: c5cbad31-5dd2-4804-ad9d-bcdf488907b7
[Midd4VC] Job 9a6570c2-64fa-4a1a-ad92-893d1d67b8b5 timed out. Re-enqueueing.
[Midd4VCServer] Assigning job 9a6570c2-64fa-4a1a-ad92-893d1d67b8b5 to vehicle veh4
[Midd4VCServer] Assigning job c5cbad31-5dd2-4804-ad9d-bcdf488907b7 to vehicle veh14
[Midd4VCServer] Vehicle veh21 already registered.
[Midd4VCServer] Vehicle veh3 already registered.
[Midd4VCServer] Vehicle veh5 already registered.
[Midd4VCServer] Vehicle veh34 already registered.
[Midd4VCServer] job received: 304c5da6-3313-45b7-be72-a4f6490baef9
[Midd4VCServer] Assigning job 304c5da6-3313-45b7-be72-a4f6490baef9 to vehicle veh10
[Midd4VCServer] job received: f7752465-24d3-45c3-826d-74aeb496206a
[Midd4VC] Job 5f170ee1-1844-4c39-bc1c-675702abacc8 timed out. Re-enqueueing.
[Midd4VC] Job 807f588f-d34d-4d77-bb2b-e86b45438c80 timed out. Re-enqueueing.
[Midd4VC] Job cc44aed8-98f4-4d89-9909-bf1863ef5aaf timed out. Re-enqueueing.
[Midd4VCServer] Assigning job cc44aed8-98f4-4d89-9909-bf1863ef5aaf to vehicle veh24
[Midd4VCServer] Assigning job 807f588f-d34d-4d77-bb2b-e86b45438c80 to vehicle veh8
[Midd4VCServer] Assigning job 5f170ee1-1844-4c39-bc1c-675702abacc8 to vehicle veh21
[Midd4VCServer] Assigning job f7752465-24d3-45c3-826d-74aeb496206a to vehicle veh23
[Midd4VCServer] job 5f170ee1-1844-4c39-bc1c-675702abacc8 completed by vehicle veh21
[Midd4VCServer] job received: 68944971-6675-4979-ab57-0aed97c0bbc7
[Midd4VCServer] Assigning job 68944971-6675-4979-ab57-0aed97c0bbc7 to vehicle veh21
[Midd4VCServer] job 68944971-6675-4979-ab57-0aed97c0bbc7 completed by vehicle veh21
[Midd4VCServer] job received: 2b670189-bccf-4153-8193-143818b6e10d
[Midd4VCServer] Assigning job 2b670189-bccf-4153-8193-143818b6e10d to vehicle veh21
[Midd4VCServer] job 2b670189-bccf-4153-8193-143818b6e10d completed by vehicle veh21
[Midd4VCServer] job received: 1f58f0a6-d314-4397-97a4-8ea8947088f6
[Midd4VCServer] Assigning job 1f58f0a6-d314-4397-97a4-8ea8947088f6 to vehicle veh21
[Midd4VCServer] job 1f58f0a6-d314-4397-97a4-8ea8947088f6 completed by vehicle veh21
[Midd4VCServer] Vehicle veh20 already registered.
[Midd4VCServer] Vehicle veh11 already registered.
[Midd4VCServer] job received: dae56eeb-5a08-41ac-8724-353086a5a31b
[Midd4VCServer] Assigning job dae56eeb-5a08-41ac-8724-353086a5a31b to vehicle veh21
[Midd4VCServer] job dae56eeb-5a08-41ac-8724-353086a5a31b completed by vehicle veh21
[Midd4VCServer] Vehicle veh37 already registered.
[Midd4VCServer] Vehicle veh38 already registered.
[Midd4VCServer] Vehicle veh18 already registered.
[Midd4VCServer] job received: cd57d477-57e3-40bf-9068-d77ec0f49261
[Midd4VC] Job 0c313339-1011-47f5-ad2c-9f39df694924 timed out. Re-enqueueing.
[Midd4VC] Job bb5c7637-a2d7-489a-a7d1-3ff2704d4cd0 timed out. Re-enqueueing.
[Midd4VC] Job 8f99533e-345f-4cf7-bb01-98cce57f39e3 timed out. Re-enqueueing.
[Midd4VC] Job d5476658-2830-4e8d-a525-093b53771d69 timed out. Re-enqueueing.
[Midd4VCServer] Assigning job d5476658-2830-4e8d-a525-093b53771d69 to vehicle veh2
[Midd4VCServer] Assigning job 8f99533e-345f-4cf7-bb01-98cce57f39e3 to vehicle veh29
[Midd4VCServer] Assigning job bb5c7637-a2d7-489a-a7d1-3ff2704d4cd0 to vehicle veh7
[Midd4VCServer] Assigning job 0c313339-1011-47f5-ad2c-9f39df694924 to vehicle veh31
[Midd4VCServer] Assigning job cd57d477-57e3-40bf-9068-d77ec0f49261 to vehicle veh33
[Midd4VCServer] job bb5c7637-a2d7-489a-a7d1-3ff2704d4cd0 completed by vehicle veh7
[Midd4VCServer] job cd57d477-57e3-40bf-9068-d77ec0f49261 completed by vehicle veh33
[Midd4VCServer] Vehicle veh36 already registered.
[Midd4VCServer] job received: 7e7c81a5-ac5e-4275-8f74-6209833c351e
[Midd4VC] Job c4973416-5e59-4add-a983-a2ab65a3c0f6 timed out. Re-enqueueing.
[Midd4VC] Job d6310095-ab98-43a2-9026-3e9674d35be7 timed out. Re-enqueueing.
[Midd4VC] Job 86ca9923-44cc-405e-a59a-fb9a8e8afb58 timed out. Re-enqueueing.
[Midd4VC] Job 5b284d2d-775e-443d-bcf1-284a71f1ca42 timed out. Re-enqueueing.
[Midd4VCServer] Assigning job 5b284d2d-775e-443d-bcf1-284a71f1ca42 to vehicle veh1
[Midd4VCServer] Assigning job 86ca9923-44cc-405e-a59a-fb9a8e8afb58 to vehicle veh11
[Midd4VCServer] Assigning job d6310095-ab98-43a2-9026-3e9674d35be7 to vehicle veh7
[Midd4VCServer] Assigning job c4973416-5e59-4add-a983-a2ab65a3c0f6 to vehicle veh36
[Midd4VCServer] Assigning job 7e7c81a5-ac5e-4275-8f74-6209833c351e to vehicle veh20
[Midd4VCServer] job 86ca9923-44cc-405e-a59a-fb9a8e8afb58 completed by vehicle veh11
[Midd4VCServer] job d6310095-ab98-43a2-9026-3e9674d35be7 completed by vehicle veh7
[Midd4VCServer] job 5b284d2d-775e-443d-bcf1-284a71f1ca42 completed by vehicle veh1
[Midd4VCServer] job c4973416-5e59-4add-a983-a2ab65a3c0f6 completed by vehicle veh36
[Midd4VCServer] job 7e7c81a5-ac5e-4275-8f74-6209833c351e completed by vehicle veh20
[Midd4VCServer] Vehicle veh1 already registered.
[Midd4VCServer] job received: 7eec5730-3936-4ca2-8fd1-09f4b5358860
[Midd4VC] Job 6579d859-6484-4ef5-aaaa-9050f7d0a3fb timed out. Re-enqueueing.
[Midd4VCServer] Assigning job 6579d859-6484-4ef5-aaaa-9050f7d0a3fb to vehicle veh1
[Midd4VCServer] Assigning job 7eec5730-3936-4ca2-8fd1-09f4b5358860 to vehicle veh11
[Midd4VCServer] job 7eec5730-3936-4ca2-8fd1-09f4b5358860 completed by vehicle veh11
[Midd4VCServer] job 6579d859-6484-4ef5-aaaa-9050f7d0a3fb completed by vehicle veh1
[Midd4VCServer] Vehicle veh28 already registered.
[Midd4VCServer] job received: 2c78c229-26fa-49c1-a9da-6beb336f0c1e
[Midd4VC] Job 52c7f0d8-5ca8-46e7-92cd-27642bf817cb timed out. Re-enqueueing.
[Midd4VCServer] Assigning job 52c7f0d8-5ca8-46e7-92cd-27642bf817cb to vehicle veh1
[Midd4VCServer] Assigning job 2c78c229-26fa-49c1-a9da-6beb336f0c1e to vehicle veh7
[Midd4VCServer] job 2c78c229-26fa-49c1-a9da-6beb336f0c1e completed by vehicle veh7
[Midd4VCServer] Vehicle veh24 already registered.
[Midd4VCServer] Vehicle veh22 already registered.
[Midd4VCServer] job received: 97003614-3a60-4443-9d16-6fe860674f6e
[Midd4VCServer] Assigning job 97003614-3a60-4443-9d16-6fe860674f6e to vehicle veh32
[Midd4VCServer] job 97003614-3a60-4443-9d16-6fe860674f6e completed by vehicle veh32
[Midd4VCServer] Vehicle veh12 already registered.
[Midd4VCServer] job received: 374c36f0-1be6-47bf-a471-7ba88e25cdf4
[Midd4VCServer] Assigning job 374c36f0-1be6-47bf-a471-7ba88e25cdf4 to vehicle veh11
[Midd4VCServer] job received: d370fed6-a771-4f2e-85d8-b02dee75cec6
[Midd4VCServer] Assigning job d370fed6-a771-4f2e-85d8-b02dee75cec6 to vehicle veh7
[Midd4VCServer] job d370fed6-a771-4f2e-85d8-b02dee75cec6 completed by vehicle veh7
[Midd4VCServer] job received: 320e4392-c09a-4c0c-835b-e518baa2aa8f
[Midd4VCServer] Assigning job 320e4392-c09a-4c0c-835b-e518baa2aa8f to vehicle veh39
[Midd4VCServer] Vehicle veh1 already registered.
[Midd4VCServer] job received: 79a73f28-4bb3-41fa-9384-606822d4cc21
[Midd4VC] Job 8578f7e7-d3f3-412f-8f4e-0559dae7b26e timed out. Re-enqueueing.
[Midd4VC] Job 50fbb15c-3ac2-4d21-b75b-1234d143fb60 timed out. Re-enqueueing.
[Midd4VCServer] Assigning job 50fbb15c-3ac2-4d21-b75b-1234d143fb60 to vehicle veh27
[Midd4VCServer] Assigning job 8578f7e7-d3f3-412f-8f4e-0559dae7b26e to vehicle veh9
[Midd4VCServer] Assigning job 79a73f28-4bb3-41fa-9384-606822d4cc21 to vehicle veh36
[Midd4VCServer] job 79a73f28-4bb3-41fa-9384-606822d4cc21 completed by vehicle veh36
[Midd4VCServer] job received: 1a20fea6-41bf-4464-937c-ed50b545f09d
[Midd4VCServer] Assigning job 1a20fea6-41bf-4464-937c-ed50b545f09d to vehicle veh20
[Midd4VCServer] Vehicle veh27 already registered.
[Midd4VCServer] Vehicle veh29 already registered.
[Midd4VCServer] job received: fef1d1c8-3665-4dfd-a891-57657315b7db
[Midd4VCServer] Assigning job fef1d1c8-3665-4dfd-a891-57657315b7db to vehicle veh32
[Midd4VCServer] job fef1d1c8-3665-4dfd-a891-57657315b7db completed by vehicle veh32
[Midd4VCServer] Vehicle veh35 already registered.
[Midd4VCServer] job received: dbc3b24c-a012-4b1e-b944-bb5753ce8732
[Midd4VC] Job 015cdc1b-3111-4780-bd6c-5fc4d8ce78ee timed out. Re-enqueueing.
[Midd4VCServer] Assigning job 015cdc1b-3111-4780-bd6c-5fc4d8ce78ee to vehicle veh6
[Midd4VCServer] Assigning job dbc3b24c-a012-4b1e-b944-bb5753ce8732 to vehicle veh7
[Midd4VCServer] Vehicle veh6 already registered.
[Midd4VCServer] job received: 72093b0b-5374-4d20-8cfd-d10cde71aa6b
[Midd4VCServer] Assigning job 72093b0b-5374-4d20-8cfd-d10cde71aa6b to vehicle veh36
[Midd4VCServer] job received: fce6fd53-7ec7-4677-b784-b24cf4cf513b
[Midd4VCServer] Assigning job fce6fd53-7ec7-4677-b784-b24cf4cf513b to vehicle veh32
[Midd4VCServer] job fce6fd53-7ec7-4677-b784-b24cf4cf513b completed by vehicle veh32
[Midd4VCServer] job received: 8dfd51e6-6ac9-49c4-91ce-b1d62bd8c710
[Midd4VCServer] Assigning job 8dfd51e6-6ac9-49c4-91ce-b1d62bd8c710 to vehicle veh21
[Midd4VCServer] job 8dfd51e6-6ac9-49c4-91ce-b1d62bd8c710 completed by vehicle veh21
[Midd4VCServer] Vehicle veh31 already registered.
[Midd4VCServer] Vehicle veh19 already registered.
[Midd4VCServer] Vehicle veh26 already registered.
[Midd4VCServer] Vehicle veh39 already registered.
[Midd4VCServer] job received: 528cc86c-8dfc-4ba2-a3fa-177783142817
[Midd4VCServer] Assigning job 528cc86c-8dfc-4ba2-a3fa-177783142817 to vehicle veh38
[Midd4VCServer] job 528cc86c-8dfc-4ba2-a3fa-177783142817 completed by vehicle veh38
[Midd4VCServer] Vehicle veh33 already registered.
[Midd4VCServer] job received: 14bd11ca-1f9b-4cce-8b5b-693a4fdfbf5b
[Midd4VCServer] Assigning job 14bd11ca-1f9b-4cce-8b5b-693a4fdfbf5b to vehicle veh3
[Midd4VCServer] Vehicle veh8 already registered.
[Midd4VCServer] job received: 1dd6ef1b-91ea-4015-ba43-7e865c0139c6
[Midd4VCServer] Assigning job 1dd6ef1b-91ea-4015-ba43-7e865c0139c6 to vehicle veh33
[Midd4VCServer] job 1dd6ef1b-91ea-4015-ba43-7e865c0139c6 completed by vehicle veh33
[Midd4VCServer] job received: 8d368d40-0020-42d2-9a13-0724afb28699
[Midd4VC] Job 74a99085-e4b2-4c4a-8c31-a955f5664d14 timed out. Re-enqueueing.
[Midd4VC] Job 7227598a-4fce-423d-8d70-9f2cce2426a3 timed out. Re-enqueueing.
[Midd4VCServer] Assigning job 7227598a-4fce-423d-8d70-9f2cce2426a3 to vehicle veh15
[Midd4VCServer] Assigning job 74a99085-e4b2-4c4a-8c31-a955f5664d14 to vehicle veh22
[Midd4VCServer] Assigning job 8d368d40-0020-42d2-9a13-0724afb28699 to vehicle veh32
[Midd4VCServer] job 8d368d40-0020-42d2-9a13-0724afb28699 completed by vehicle veh32
[Midd4VCServer] job 7227598a-4fce-423d-8d70-9f2cce2426a3 completed by vehicle veh15
[Midd4VCServer] job received: a7c8349f-8ade-4f03-9a3d-f8547631a658
[Midd4VCServer] Assigning job a7c8349f-8ade-4f03-9a3d-f8547631a658 to vehicle veh15
[Midd4VCServer] job a7c8349f-8ade-4f03-9a3d-f8547631a658 completed by vehicle veh15
[Midd4VCServer] job received: 8207d9a3-9721-43e1-921d-d41760170179
[Midd4VCServer] Assigning job 8207d9a3-9721-43e1-921d-d41760170179 to vehicle veh15
[Midd4VCServer] job 8207d9a3-9721-43e1-921d-d41760170179 completed by vehicle veh15
[Midd4VCServer] job received: 3144fc20-0cbf-4b55-83ba-375d2499ff1b
[Midd4VCServer] Assigning job 3144fc20-0cbf-4b55-83ba-375d2499ff1b to vehicle veh15
[Midd4VCServer] Vehicle veh2 already registered.
[Midd4VCServer] job received: 8af27142-3784-428a-a9db-2d1b02f23639
[Midd4VC] Job 0c36b3b4-b931-40c5-9c08-ea3078181a9a timed out. Re-enqueueing.
[Midd4VCServer] Assigning job 0c36b3b4-b931-40c5-9c08-ea3078181a9a to vehicle veh13
[Midd4VCServer] Assigning job 8af27142-3784-428a-a9db-2d1b02f23639 to vehicle veh21
[Midd4VCServer] Vehicle veh11 already registered.
[Midd4VCServer] Vehicle veh40 already registered.
[Midd4VCServer] Vehicle veh29 already registered.
[Midd4VCServer] job received: 9fe1d35c-befa-4392-a99f-8625ec8bdc2a
[Midd4VCServer] Assigning job 9fe1d35c-befa-4392-a99f-8625ec8bdc2a to vehicle veh38
[Midd4VCServer] job 9fe1d35c-befa-4392-a99f-8625ec8bdc2a completed by vehicle veh38
[Midd4VCServer] Vehicle veh15 already registered.
[Midd4VCServer] job received: 475ba685-c734-463b-b04b-e37f66f4ac43
[Midd4VCServer] Assigning job 475ba685-c734-463b-b04b-e37f66f4ac43 to vehicle veh33
[Midd4VCServer] job 475ba685-c734-463b-b04b-e37f66f4ac43 completed by vehicle veh33
[Midd4VCServer] job received: 24779be5-a327-4a2b-947c-e44d45e60611
[Midd4VC] Job e2013f34-2c20-423c-bd73-900ab889fd48 timed out. Re-enqueueing.
[Midd4VCServer] Assigning job e2013f34-2c20-423c-bd73-900ab889fd48 to vehicle veh19
[Midd4VCServer] Assigning job 24779be5-a327-4a2b-947c-e44d45e60611 to vehicle veh32
[Midd4VCServer] job e2013f34-2c20-423c-bd73-900ab889fd48 completed by vehicle veh19
[Midd4VCServer] job 24779be5-a327-4a2b-947c-e44d45e60611 completed by vehicle veh32
[Midd4VCServer] Vehicle veh16 already registered.
[Midd4VCServer] Vehicle veh25 already registered.
[Midd4VCServer] job received: 04887fe4-f710-4839-a922-16d4769f67a0
[Midd4VCServer] Assigning job 04887fe4-f710-4839-a922-16d4769f67a0 to vehicle veh19
[Midd4VCServer] job 04887fe4-f710-4839-a922-16d4769f67a0 completed by vehicle veh19
[Midd4VCServer] Vehicle veh20 already registered.
[Midd4VCServer] job received: f3017231-285d-4aae-8324-afe9eb3abda9
[Midd4VC] Job c8dd61da-d9ea-4ab3-9e9c-cbd344340cee timed out. Re-enqueueing.
[Midd4VC] Job fde57acc-c17c-4fbb-940d-9134ff4f3cc6 timed out. Re-enqueueing.
[Midd4VC] Job 977dba5a-db20-4ba5-b78a-1ff53f0d5c3f timed out. Re-enqueueing.
[Midd4VC] Job 5b946658-b975-4c66-babc-71f03ecf2c96 timed out. Re-enqueueing.
[Midd4VCServer] Assigning job 5b946658-b975-4c66-babc-71f03ecf2c96 to vehicle veh28
[Midd4VCServer] Assigning job 977dba5a-db20-4ba5-b78a-1ff53f0d5c3f to vehicle veh34
[Midd4VCServer] Assigning job fde57acc-c17c-4fbb-940d-9134ff4f3cc6 to vehicle veh30
[Midd4VCServer] Assigning job c8dd61da-d9ea-4ab3-9e9c-cbd344340cee to vehicle veh19
[Midd4VCServer] Assigning job f3017231-285d-4aae-8324-afe9eb3abda9 to vehicle veh18
[Midd4VCServer] job c8dd61da-d9ea-4ab3-9e9c-cbd344340cee completed by vehicle veh19
[Midd4VCServer] job received: 41588c1b-da13-4f51-82bc-74c45b3ad5eb
[Midd4VC] Job d91c1c97-3e83-48a4-8195-b3b78a1f6b81 timed out. Re-enqueueing.
[Midd4VC] Job fe0da6e0-e859-4f9e-8c29-b634d623d5a2 timed out. Re-enqueueing.
[Midd4VC] Job ef83f359-c0e7-43ba-bd32-1bb5b3dc1fa6 timed out. Re-enqueueing.
[Midd4VCServer] Assigning job ef83f359-c0e7-43ba-bd32-1bb5b3dc1fa6 to vehicle veh35
[Midd4VCServer] Assigning job fe0da6e0-e859-4f9e-8c29-b634d623d5a2 to vehicle veh12
[Midd4VCServer] Assigning job d91c1c97-3e83-48a4-8195-b3b78a1f6b81 to vehicle veh19
[Midd4VCServer] Assigning job 41588c1b-da13-4f51-82bc-74c45b3ad5eb to vehicle veh25
[Midd4VCServer] job 41588c1b-da13-4f51-82bc-74c45b3ad5eb completed by vehicle veh25
[Midd4VCServer] job d91c1c97-3e83-48a4-8195-b3b78a1f6b81 completed by vehicle veh19
[Midd4VCServer] job received: 717b4a72-5ac5-4739-bc61-af4f46ac115f
[Midd4VCServer] Assigning job 717b4a72-5ac5-4739-bc61-af4f46ac115f to vehicle veh19
[Midd4VCServer] job 717b4a72-5ac5-4739-bc61-af4f46ac115f completed by vehicle veh19
[Midd4VCServer] job received: fc02457e-4fa4-4b2f-8194-841450d1f1fe
[Midd4VCServer] Assigning job fc02457e-4fa4-4b2f-8194-841450d1f1fe to vehicle veh19
[Midd4VCServer] job fc02457e-4fa4-4b2f-8194-841450d1f1fe completed by vehicle veh19
[Midd4VCServer] Vehicle veh17 already registered.
[Midd4VCServer] job received: 0e2192c9-5e45-4b9c-9d3f-16461d6ebbb1
[Midd4VCServer] Assigning job 0e2192c9-5e45-4b9c-9d3f-16461d6ebbb1 to vehicle veh25
[Midd4VCServer] job 0e2192c9-5e45-4b9c-9d3f-16461d6ebbb1 completed by vehicle veh25
[Midd4VCServer] Vehicle veh4 already registered.
[Midd4VCServer] Vehicle veh39 already registered.
[Midd4VCServer] Vehicle veh5 already registered.
[Midd4VCServer] job received: 2c5b671d-97f7-4479-a879-49aeca1dabe8
[Midd4VC] Job 823a4e53-b87d-48ce-bc5c-d9c214c66e03 timed out. Re-enqueueing.
[Midd4VC] Job 00a77731-7681-4413-bcee-876a3b0e7c35 timed out. Re-enqueueing.
[Midd4VC] Job bfdc428f-1e42-41da-a478-7991c23bfd46 timed out. Re-enqueueing.
[Midd4VC] Job 1eb513a3-eac1-49a1-98c7-a8fe1c50eba8 timed out. Re-enqueueing.
[Midd4VC] Job 97ac98c8-7660-4067-aeee-5fb0636d7272 timed out. Re-enqueueing.
[Midd4VC] Job 7206321b-79bc-4e46-8ca2-65fa47b37a1f timed out. Re-enqueueing.
[Midd4VCServer] Assigning job 7206321b-79bc-4e46-8ca2-65fa47b37a1f to vehicle veh26
[Midd4VCServer] Assigning job 97ac98c8-7660-4067-aeee-5fb0636d7272 to vehicle veh40
[Midd4VCServer] Assigning job 1eb513a3-eac1-49a1-98c7-a8fe1c50eba8 to vehicle veh16
[Midd4VCServer] Assigning job bfdc428f-1e42-41da-a478-7991c23bfd46 to vehicle veh5
[Midd4VCServer] Assigning job 00a77731-7681-4413-bcee-876a3b0e7c35 to vehicle veh37
[Midd4VCServer] Assigning job 823a4e53-b87d-48ce-bc5c-d9c214c66e03 to vehicle veh17
[Midd4VCServer] Assigning job 2c5b671d-97f7-4479-a879-49aeca1dabe8 to vehicle veh19
[Midd4VCServer] job bfdc428f-1e42-41da-a478-7991c23bfd46 completed by vehicle veh5
[Midd4VCServer] job 1eb513a3-eac1-49a1-98c7-a8fe1c50eba8 completed by vehicle veh16
[Midd4VCServer] job 2c5b671d-97f7-4479-a879-49aeca1dabe8 completed by vehicle veh19
[Midd4VCServer] job 823a4e53-b87d-48ce-bc5c-d9c214c66e03 completed by vehicle veh17
[Midd4VCServer] job received: 1a1bdce3-0eed-4d66-8450-c948c7904fe6
[Midd4VCServer] Assigning job 1a1bdce3-0eed-4d66-8450-c948c7904fe6 to vehicle veh16
[Midd4VCServer] job 1a1bdce3-0eed-4d66-8450-c948c7904fe6 completed by vehicle veh16
[Midd4VCServer] job received: 52afb280-1fee-49ce-822e-f6904f6d2ea1
[Midd4VCServer] Assigning job 52afb280-1fee-49ce-822e-f6904f6d2ea1 to vehicle veh5
[Midd4VCServer] job 52afb280-1fee-49ce-822e-f6904f6d2ea1 completed by vehicle veh5
[Midd4VCServer] job received: c948fff9-742d-4ff9-8d50-5409d75ca08e
[Midd4VCServer] Assigning job c948fff9-742d-4ff9-8d50-5409d75ca08e to vehicle veh16
[Midd4VCServer] job c948fff9-742d-4ff9-8d50-5409d75ca08e completed by vehicle veh16
[Midd4VCServer] Vehicle veh30 already registered.
[Midd4VCServer] Vehicle veh22 already registered.
[Midd4VCServer] Vehicle veh23 already registered.
[Midd4VCServer] Vehicle veh3 already registered.
[Midd4VCServer] Vehicle veh37 already registered.
[Midd4VCServer] job received: 1d770de8-350b-4fda-b901-f6ebe9c86fe9
[Midd4VC] Job 9a6570c2-64fa-4a1a-ad92-893d1d67b8b5 timed out. Re-enqueueing.
[Midd4VC] Job c5cbad31-5dd2-4804-ad9d-bcdf488907b7 timed out. Re-enqueueing.
[Midd4VCServer] Assigning job c5cbad31-5dd2-4804-ad9d-bcdf488907b7 to vehicle veh4
[Midd4VCServer] Assigning job 9a6570c2-64fa-4a1a-ad92-893d1d67b8b5 to vehicle veh5
[Midd4VCServer] Assigning job 1d770de8-350b-4fda-b901-f6ebe9c86fe9 to vehicle veh16
[Midd4VCServer] job c5cbad31-5dd2-4804-ad9d-bcdf488907b7 completed by vehicle veh4
[Midd4VCServer] job 1d770de8-350b-4fda-b901-f6ebe9c86fe9 completed by vehicle veh16
[Midd4VCServer] Vehicle veh36 already registered.
[Midd4VCServer] Vehicle veh24 already registered.
[Midd4VCServer] job received: 719c1985-f342-40b2-94c7-9aabc18f75d1
[Midd4VC] Job 304c5da6-3313-45b7-be72-a4f6490baef9 timed out. Re-enqueueing.
[Midd4VC] Job cc44aed8-98f4-4d89-9909-bf1863ef5aaf timed out. Re-enqueueing.
[Midd4VC] Job 807f588f-d34d-4d77-bb2b-e86b45438c80 timed out. Re-enqueueing.
[Midd4VC] Job f7752465-24d3-45c3-826d-74aeb496206a timed out. Re-enqueueing.
[Midd4VCServer] Assigning job f7752465-24d3-45c3-826d-74aeb496206a to vehicle veh24
[Midd4VCServer] Assigning job 807f588f-d34d-4d77-bb2b-e86b45438c80 to vehicle veh8
[Midd4VCServer] Assigning job cc44aed8-98f4-4d89-9909-bf1863ef5aaf to vehicle veh4
[Midd4VCServer] Assigning job 304c5da6-3313-45b7-be72-a4f6490baef9 to vehicle veh16
[Midd4VCServer] Assigning job 719c1985-f342-40b2-94c7-9aabc18f75d1 to vehicle veh14
[Midd4VCServer] job f7752465-24d3-45c3-826d-74aeb496206a completed by vehicle veh24
[Midd4VCServer] job 304c5da6-3313-45b7-be72-a4f6490baef9 completed by vehicle veh16
[Midd4VCServer] job cc44aed8-98f4-4d89-9909-bf1863ef5aaf completed by vehicle veh4
[Midd4VCServer] Vehicle veh37 already registered.
[Midd4VCServer] Vehicle veh29 already registered.
[Midd4VCServer] Vehicle veh33 already registered.
[Midd4VCServer] job received: 349f4cde-56ff-4020-bcb8-eb2cf19b92c2
[Midd4VCServer] Assigning job 349f4cde-56ff-4020-bcb8-eb2cf19b92c2 to vehicle veh24
[Midd4VCServer] job 349f4cde-56ff-4020-bcb8-eb2cf19b92c2 completed by vehicle veh24
[Midd4VCServer] job received: 897c0f36-0f18-451d-a8f7-999103540925
[Midd4VCServer] Assigning job 897c0f36-0f18-451d-a8f7-999103540925 to vehicle veh24
[Midd4VCServer] job 897c0f36-0f18-451d-a8f7-999103540925 completed by vehicle veh24
[Midd4VCServer] Vehicle veh21 already registered.
[Midd4VCServer] job received: ec1d3ae3-577e-4fbe-b21b-f39105f66d32
[Midd4VC] Job d5476658-2830-4e8d-a525-093b53771d69 timed out. Re-enqueueing.
[Midd4VC] Job 8f99533e-345f-4cf7-bb01-98cce57f39e3 timed out. Re-enqueueing.
[Midd4VC] Job 0c313339-1011-47f5-ad2c-9f39df694924 timed out. Re-enqueueing.
[Midd4VCServer] Assigning job 0c313339-1011-47f5-ad2c-9f39df694924 to vehicle veh2
[Midd4VCServer] Assigning job 8f99533e-345f-4cf7-bb01-98cce57f39e3 to vehicle veh29
[Midd4VCServer] Assigning job d5476658-2830-4e8d-a525-093b53771d69 to vehicle veh24
[Midd4VCServer] Assigning job ec1d3ae3-577e-4fbe-b21b-f39105f66d32 to vehicle veh31
[Midd4VCServer] job 8f99533e-345f-4cf7-bb01-98cce57f39e3 completed by vehicle veh29
[Midd4VCServer] job d5476658-2830-4e8d-a525-093b53771d69 completed by vehicle veh24
[Midd4VCServer] job ec1d3ae3-577e-4fbe-b21b-f39105f66d32 completed by vehicle veh31
[Midd4VCServer] job received: f075bc27-18d3-4b28-80ab-0ccfcfb3c5d6
[Midd4VCServer] Assigning job f075bc27-18d3-4b28-80ab-0ccfcfb3c5d6 to vehicle veh29
[Midd4VCServer] job f075bc27-18d3-4b28-80ab-0ccfcfb3c5d6 completed by vehicle veh29
[Midd4VCServer] Vehicle veh5 already registered.
[Midd4VCServer] Vehicle veh6 already registered.
[Midd4VCServer] job received: 31e19309-0766-41d8-9aa3-8cfdb6e4e0fa
[Midd4VCServer] Assigning job 31e19309-0766-41d8-9aa3-8cfdb6e4e0fa to vehicle veh29
[Midd4VCServer] job 31e19309-0766-41d8-9aa3-8cfdb6e4e0fa completed by vehicle veh29
[Midd4VCServer] job received: 61e73d53-7aba-45f4-82fd-ede00b19f713
[Midd4VCServer] Assigning job 61e73d53-7aba-45f4-82fd-ede00b19f713 to vehicle veh29
[Midd4VCServer] job 61e73d53-7aba-45f4-82fd-ede00b19f713 completed by vehicle veh29
[Midd4VCServer] Vehicle veh23 already registered.
[Midd4VCServer] Vehicle veh35 already registered.
[Midd4VCServer] job received: fecdeed2-8a3e-4aff-be93-c00c4d343d58
[Midd4VCServer] Assigning job fecdeed2-8a3e-4aff-be93-c00c4d343d58 to vehicle veh29
[Midd4VCServer] job fecdeed2-8a3e-4aff-be93-c00c4d343d58 completed by vehicle veh29
[Midd4VCServer] Vehicle veh33 already registered.
[Midd4VCServer] Vehicle veh2 already registered.
[Midd4VCServer] Vehicle veh14 already registered.
[Midd4VCServer] job received: 482fe6ce-da8c-4c6b-a0a7-da76556c3edc
[Midd4VCServer] Assigning job 482fe6ce-da8c-4c6b-a0a7-da76556c3edc to vehicle veh24
[Midd4VCServer] job 482fe6ce-da8c-4c6b-a0a7-da76556c3edc completed by vehicle veh24
[Midd4VCServer] job received: 4b5812d2-5f29-4619-8ab0-fa834dac00a3
[Midd4VC] Job 52c7f0d8-5ca8-46e7-92cd-27642bf817cb timed out. Re-enqueueing.
[Midd4VCServer] Assigning job 52c7f0d8-5ca8-46e7-92cd-27642bf817cb to vehicle veh1
[Midd4VCServer] Assigning job 4b5812d2-5f29-4619-8ab0-fa834dac00a3 to vehicle veh29
[Midd4VCServer] job 52c7f0d8-5ca8-46e7-92cd-27642bf817cb completed by vehicle veh1
[Midd4VCServer] job 4b5812d2-5f29-4619-8ab0-fa834dac00a3 completed by vehicle veh29
[Midd4VCServer] Vehicle veh7 already registered.
[Midd4VCServer] Vehicle veh25 already registered.
[Midd4VCServer] Vehicle veh3 already registered.
[Midd4VCServer] Vehicle veh32 already registered.
[Midd4VCServer] job received: b1367643-4973-4c95-b170-f8164a071d6f
[Midd4VC] Job 374c36f0-1be6-47bf-a471-7ba88e25cdf4 timed out. Re-enqueueing.
[Midd4VCServer] Assigning job 374c36f0-1be6-47bf-a471-7ba88e25cdf4 to vehicle veh1
[Midd4VCServer] Assigning job b1367643-4973-4c95-b170-f8164a071d6f to vehicle veh24
[Midd4VCServer] job b1367643-4973-4c95-b170-f8164a071d6f completed by vehicle veh24
[Midd4VCServer] job received: 5623a70a-bb7a-4c7f-9cab-4c4df7de865b
[Midd4VCServer] Assigning job 5623a70a-bb7a-4c7f-9cab-4c4df7de865b to vehicle veh29
[Midd4VCServer] job 5623a70a-bb7a-4c7f-9cab-4c4df7de865b completed by vehicle veh29
[Midd4VCServer] Vehicle veh13 already registered.
[Midd4VCServer] Vehicle veh17 already registered.
[Midd4VCServer] job received: 80b134df-9eb0-4c72-aa7b-6f27ca8a1ed5
[Midd4VC] Job 320e4392-c09a-4c0c-835b-e518baa2aa8f timed out. Re-enqueueing.
[Midd4VC] Job 50fbb15c-3ac2-4d21-b75b-1234d143fb60 timed out. Re-enqueueing.
[Midd4VC] Job 8578f7e7-d3f3-412f-8f4e-0559dae7b26e timed out. Re-enqueueing.
[Midd4VC] Job 1a20fea6-41bf-4464-937c-ed50b545f09d timed out. Re-enqueueing.
[Midd4VCServer] Assigning job 1a20fea6-41bf-4464-937c-ed50b545f09d to vehicle veh27
[Midd4VCServer] Assigning job 8578f7e7-d3f3-412f-8f4e-0559dae7b26e to vehicle veh24
[Midd4VCServer] Assigning job 50fbb15c-3ac2-4d21-b75b-1234d143fb60 to vehicle veh29
[Midd4VCServer] Assigning job 320e4392-c09a-4c0c-835b-e518baa2aa8f to vehicle veh9
[Midd4VCServer] Assigning job 80b134df-9eb0-4c72-aa7b-6f27ca8a1ed5 to vehicle veh4
[Midd4VCServer] job 50fbb15c-3ac2-4d21-b75b-1234d143fb60 completed by vehicle veh29
[Midd4VCServer] job received: df5ab707-352e-43de-85d4-84860b27ebc8
[Midd4VCServer] Assigning job df5ab707-352e-43de-85d4-84860b27ebc8 to vehicle veh31
[Midd4VCServer] job df5ab707-352e-43de-85d4-84860b27ebc8 completed by vehicle veh31
[Midd4VCServer] job received: 2cb10d70-dd5f-43ff-a7f4-2afe431cae9e
[Midd4VC] Job 015cdc1b-3111-4780-bd6c-5fc4d8ce78ee timed out. Re-enqueueing.
[Midd4VC] Job dbc3b24c-a012-4b1e-b944-bb5753ce8732 timed out. Re-enqueueing.
[Midd4VCServer] Assigning job dbc3b24c-a012-4b1e-b944-bb5753ce8732 to vehicle veh6
[Midd4VCServer] Assigning job 015cdc1b-3111-4780-bd6c-5fc4d8ce78ee to vehicle veh29
[Midd4VCServer] Assigning job 2cb10d70-dd5f-43ff-a7f4-2afe431cae9e to vehicle veh31
[Midd4VCServer] job 2cb10d70-dd5f-43ff-a7f4-2afe431cae9e completed by vehicle veh31
[Midd4VCServer] job 015cdc1b-3111-4780-bd6c-5fc4d8ce78ee completed by vehicle veh29
[Midd4VCServer] job dbc3b24c-a012-4b1e-b944-bb5753ce8732 completed by vehicle veh6
[Midd4VCServer] job received: c80e2519-ed33-44a4-ad1a-388a7e295a6a
[Midd4VCServer] Assigning job c80e2519-ed33-44a4-ad1a-388a7e295a6a to vehicle veh6
[Midd4VCServer] job c80e2519-ed33-44a4-ad1a-388a7e295a6a completed by vehicle veh6
[Midd4VCServer] Vehicle veh1 already registered.
[Midd4VCServer] job received: 4a1a1504-bbd8-444b-9233-c49270acb6cd
[Midd4VC] Job 72093b0b-5374-4d20-8cfd-d10cde71aa6b timed out. Re-enqueueing.
[Midd4VCServer] Assigning job 72093b0b-5374-4d20-8cfd-d10cde71aa6b to vehicle veh6
[Midd4VCServer] Assigning job 4a1a1504-bbd8-444b-9233-c49270acb6cd to vehicle veh11
[Midd4VCServer] job 72093b0b-5374-4d20-8cfd-d10cde71aa6b completed by vehicle veh6
[Midd4VCServer] job received: 110abe95-e44a-4c31-a631-a857e02daefd
[Midd4VCServer] Assigning job 110abe95-e44a-4c31-a631-a857e02daefd to vehicle veh6
[Midd4VCServer] job 110abe95-e44a-4c31-a631-a857e02daefd completed by vehicle veh6
[Midd4VCServer] job received: 1006dfac-6f2a-4bc7-98a0-a9ebb9162720
[Midd4VCServer] Assigning job 1006dfac-6f2a-4bc7-98a0-a9ebb9162720 to vehicle veh39
[Midd4VCServer] Vehicle veh27 already registered.
[Midd4VCServer] job received: 394de828-8df6-4790-bd6b-4992cf6f7f88
[Midd4VCServer] Assigning job 394de828-8df6-4790-bd6b-4992cf6f7f88 to vehicle veh29
[Midd4VCServer] job 394de828-8df6-4790-bd6b-4992cf6f7f88 completed by vehicle veh29
[Midd4VCServer] job received: 3c06aab4-9e7a-46e4-b284-3b7f1eb01644
[Midd4VCServer] Assigning job 3c06aab4-9e7a-46e4-b284-3b7f1eb01644 to vehicle veh20
[Midd4VCServer] Vehicle veh11 already registered.
[Midd4VCServer] Vehicle veh39 already registered.
[Midd4VCServer] job received: 7340d000-1e2c-4cb4-85d9-25984392932a
[Midd4VC] Job 14bd11ca-1f9b-4cce-8b5b-693a4fdfbf5b timed out. Re-enqueueing.
[Midd4VCServer] Assigning job 14bd11ca-1f9b-4cce-8b5b-693a4fdfbf5b to vehicle veh31
[Midd4VCServer] Assigning job 7340d000-1e2c-4cb4-85d9-25984392932a to vehicle veh6
[Midd4VCServer] job 7340d000-1e2c-4cb4-85d9-25984392932a completed by vehicle veh6
[Midd4VCServer] job received: d9d2eba9-500c-4966-a953-59e5a4744bff
[Midd4VCServer] Assigning job d9d2eba9-500c-4966-a953-59e5a4744bff to vehicle veh10
[Midd4VCServer] Vehicle veh30 already registered.
[Midd4VCServer] Vehicle veh6 already registered.
[Midd4VCServer] Vehicle veh16 already registered.
[Midd4VCServer] Vehicle veh4 already registered.
[Midd4VCServer] Vehicle veh5 already registered.
[Midd4VCServer] job received: caac3ad2-089b-46d0-bc79-9b8454f929cb
[Midd4VC] Job 74a99085-e4b2-4c4a-8c31-a955f5664d14 timed out. Re-enqueueing.
[Midd4VCServer] Assigning job 74a99085-e4b2-4c4a-8c31-a955f5664d14 to vehicle veh22
[Midd4VCServer] Assigning job caac3ad2-089b-46d0-bc79-9b8454f929cb to vehicle veh7
[Midd4VCServer] job caac3ad2-089b-46d0-bc79-9b8454f929cb completed by vehicle veh7
[Midd4VCServer] Vehicle veh40 already registered.
[Midd4VCServer] job received: 32904b5b-2e19-41f0-ac53-48787000fbc3
[Midd4VC] Job 3144fc20-0cbf-4b55-83ba-375d2499ff1b timed out. Re-enqueueing.
[Midd4VCServer] Assigning job 3144fc20-0cbf-4b55-83ba-375d2499ff1b to vehicle veh15
[Midd4VCServer] Assigning job 32904b5b-2e19-41f0-ac53-48787000fbc3 to vehicle veh16
[Midd4VCServer] job 32904b5b-2e19-41f0-ac53-48787000fbc3 completed by vehicle veh16
[Midd4VCServer] job received: ffaf5de0-3683-4b1c-b391-1b4f590fbf3c
[Midd4VCServer] Assigning job ffaf5de0-3683-4b1c-b391-1b4f590fbf3c to vehicle veh36
[Midd4VCServer] Vehicle veh12 already registered.
[Midd4VCServer] job received: a904c79c-3113-4901-9a98-0dc8649fd5a8
[Midd4VC] Job 0c36b3b4-b931-40c5-9c08-ea3078181a9a timed out. Re-enqueueing.
[Midd4VC] Job 8af27142-3784-428a-a9db-2d1b02f23639 timed out. Re-enqueueing.
[Midd4VCServer] Assigning job 8af27142-3784-428a-a9db-2d1b02f23639 to vehicle veh13
[Midd4VCServer] Assigning job 0c36b3b4-b931-40c5-9c08-ea3078181a9a to vehicle veh29
[Midd4VCServer] Assigning job a904c79c-3113-4901-9a98-0dc8649fd5a8 to vehicle veh23
[Midd4VCServer] job received: f7a049ee-4b3e-4a97-b62f-e1c6bc26aa4c
[Midd4VCServer] Assigning job f7a049ee-4b3e-4a97-b62f-e1c6bc26aa4c to vehicle veh17
[Midd4VCServer] job f7a049ee-4b3e-4a97-b62f-e1c6bc26aa4c completed by vehicle veh17
[Midd4VCServer] Vehicle veh35 already registered.
[Midd4VCServer] Vehicle veh9 already registered.
[Midd4VCServer] Vehicle veh8 already registered.
[Midd4VCServer] job received: 988b6c44-1c17-4c67-838b-5eab07576e53
[Midd4VCServer] Assigning job 988b6c44-1c17-4c67-838b-5eab07576e53 to vehicle veh25
[Midd4VCServer] job received: 6d72d5fb-18da-4e69-9104-20b9a3bf80e6
[Midd4VCServer] Assigning job 6d72d5fb-18da-4e69-9104-20b9a3bf80e6 to vehicle veh6
[Midd4VCServer] job received: 380e1f48-4462-419b-b417-44cd38f3c993
[Midd4VCServer] Assigning job 380e1f48-4462-419b-b417-44cd38f3c993 to vehicle veh7
[Midd4VCServer] job 380e1f48-4462-419b-b417-44cd38f3c993 completed by vehicle veh7
[Midd4VCServer] Vehicle veh33 already registered.
[Midd4VCServer] Vehicle veh29 already registered.
[Midd4VCServer] Vehicle veh24 already registered.
[Midd4VCServer] job received: 8a694d16-caba-48c9-8695-75adead8155f
[Midd4VCServer] Assigning job 8a694d16-caba-48c9-8695-75adead8155f to vehicle veh3
[Midd4VCServer] job received: 318f48ee-c1df-480a-8332-70c8450b135e
[Midd4VC] Job 5b946658-b975-4c66-babc-71f03ecf2c96 timed out. Re-enqueueing.
[Midd4VC] Job 977dba5a-db20-4ba5-b78a-1ff53f0d5c3f timed out. Re-enqueueing.
[Midd4VC] Job fde57acc-c17c-4fbb-940d-9134ff4f3cc6 timed out. Re-enqueueing.
[Midd4VC] Job f3017231-285d-4aae-8324-afe9eb3abda9 timed out. Re-enqueueing.
[Midd4VCServer] Assigning job f3017231-285d-4aae-8324-afe9eb3abda9 to vehicle veh28
[Midd4VCServer] Assigning job fde57acc-c17c-4fbb-940d-9134ff4f3cc6 to vehicle veh34
[Midd4VCServer] Assigning job 977dba5a-db20-4ba5-b78a-1ff53f0d5c3f to vehicle veh30
[Midd4VCServer] Assigning job 5b946658-b975-4c66-babc-71f03ecf2c96 to vehicle veh18
[Midd4VCServer] Assigning job 318f48ee-c1df-480a-8332-70c8450b135e to vehicle veh16
[Midd4VCServer] job 977dba5a-db20-4ba5-b78a-1ff53f0d5c3f completed by vehicle veh30
[Midd4VCServer] job 318f48ee-c1df-480a-8332-70c8450b135e completed by vehicle veh16
[Midd4VCServer] Vehicle veh37 already registered.
[Midd4VCServer] job received: f55f1478-8688-453e-a1c5-4e557772c7d9
[Midd4VC] Job ef83f359-c0e7-43ba-bd32-1bb5b3dc1fa6 timed out. Re-enqueueing.
[Midd4VC] Job fe0da6e0-e859-4f9e-8c29-b634d623d5a2 timed out. Re-enqueueing.
[Midd4VCServer] Assigning job fe0da6e0-e859-4f9e-8c29-b634d623d5a2 to vehicle veh35
[Midd4VCServer] Assigning job ef83f359-c0e7-43ba-bd32-1bb5b3dc1fa6 to vehicle veh12
[Midd4VCServer] Assigning job f55f1478-8688-453e-a1c5-4e557772c7d9 to vehicle veh30
[Midd4VCServer] job fe0da6e0-e859-4f9e-8c29-b634d623d5a2 completed by vehicle veh35
[Midd4VCServer] job f55f1478-8688-453e-a1c5-4e557772c7d9 completed by vehicle veh30
[Midd4VCServer] job received: c4948b45-1747-4cce-acc0-d07d2f78af66
[Midd4VCServer] Assigning job c4948b45-1747-4cce-acc0-d07d2f78af66 to vehicle veh35
[Midd4VCServer] job c4948b45-1747-4cce-acc0-d07d2f78af66 completed by vehicle veh35
[Midd4VCServer] Vehicle veh31 already registered.
[Midd4VCServer] Vehicle veh32 already registered.
[Midd4VCServer] job received: 325a3f27-249b-4451-a2f7-2455920cbeff
[Midd4VCServer] Assigning job 325a3f27-249b-4451-a2f7-2455920cbeff to vehicle veh30
[Midd4VCServer] job 325a3f27-249b-4451-a2f7-2455920cbeff completed by vehicle veh30
[Midd4VCServer] Vehicle veh3 already registered.
[Midd4VCServer] Vehicle veh21 already registered.
[Midd4VCServer] job received: 2d28aa2f-963c-41c6-b7ef-817175acab17
[Midd4VC] Job 7206321b-79bc-4e46-8ca2-65fa47b37a1f timed out. Re-enqueueing.
[Midd4VC] Job 97ac98c8-7660-4067-aeee-5fb0636d7272 timed out. Re-enqueueing.
[Midd4VC] Job 00a77731-7681-4413-bcee-876a3b0e7c35 timed out. Re-enqueueing.
[Midd4VCServer] Assigning job 00a77731-7681-4413-bcee-876a3b0e7c35 to vehicle veh26
[Midd4VCServer] Assigning job 97ac98c8-7660-4067-aeee-5fb0636d7272 to vehicle veh40
[Midd4VCServer] Assigning job 7206321b-79bc-4e46-8ca2-65fa47b37a1f to vehicle veh37
[Midd4VCServer] Assigning job 2d28aa2f-963c-41c6-b7ef-817175acab17 to vehicle veh35
[Midd4VCServer] job 97ac98c8-7660-4067-aeee-5fb0636d7272 completed by vehicle veh40
[Midd4VCServer] job 2d28aa2f-963c-41c6-b7ef-817175acab17 completed by vehicle veh35
[Midd4VCServer] Vehicle veh33 already registered.
[Midd4VCServer] job received: dd138ded-464f-486e-ba47-4afd3679a85f
[Midd4VCServer] Assigning job dd138ded-464f-486e-ba47-4afd3679a85f to vehicle veh40
[Midd4VCServer] job dd138ded-464f-486e-ba47-4afd3679a85f completed by vehicle veh40
[Midd4VCServer] job received: 9aee8547-6384-40b6-9f89-b7256399674d
[Midd4VCServer] Assigning job 9aee8547-6384-40b6-9f89-b7256399674d to vehicle veh40
[Midd4VCServer] job 9aee8547-6384-40b6-9f89-b7256399674d completed by vehicle veh40
[Midd4VCServer] Vehicle veh6 already registered.
[Midd4VCServer] job received: 4aa76572-ed27-45cc-b775-5ec64cf57b95
[Midd4VCServer] Assigning job 4aa76572-ed27-45cc-b775-5ec64cf57b95 to vehicle veh30
[Midd4VCServer] job 4aa76572-ed27-45cc-b775-5ec64cf57b95 completed by vehicle veh30
[Midd4VCServer] Vehicle veh18 already registered.
[Midd4VCServer] Vehicle veh29 already registered.
[Midd4VCServer] job received: a243b520-626a-42ae-962c-f81242990484
[Midd4VC] Job 9a6570c2-64fa-4a1a-ad92-893d1d67b8b5 timed out. Re-enqueueing.
[Midd4VCServer] Assigning job 9a6570c2-64fa-4a1a-ad92-893d1d67b8b5 to vehicle veh5
[Midd4VCServer] Assigning job a243b520-626a-42ae-962c-f81242990484 to vehicle veh35
[Midd4VCServer] job a243b520-626a-42ae-962c-f81242990484 completed by vehicle veh35
[Midd4VCServer] Vehicle veh32 already registered.
[Midd4VCServer] Vehicle veh17 already registered.
[Midd4VCServer] Vehicle veh2 already registered.
[Midd4VCServer] job received: 6a7cd8db-80e1-4c98-8e3c-f44826ff0f4a
[Midd4VCServer] Assigning job 6a7cd8db-80e1-4c98-8e3c-f44826ff0f4a to vehicle veh40
[Midd4VCServer] job 6a7cd8db-80e1-4c98-8e3c-f44826ff0f4a completed by vehicle veh40
[Midd4VCServer] job received: 9cc3638d-7c5b-49de-96fb-c46f118d1113
[Midd4VC] Job 807f588f-d34d-4d77-bb2b-e86b45438c80 timed out. Re-enqueueing.
[Midd4VC] Job 719c1985-f342-40b2-94c7-9aabc18f75d1 timed out. Re-enqueueing.
[Midd4VCServer] Assigning job 719c1985-f342-40b2-94c7-9aabc18f75d1 to vehicle veh8
[Midd4VCServer] Assigning job 807f588f-d34d-4d77-bb2b-e86b45438c80 to vehicle veh30
[Midd4VCServer] Assigning job 9cc3638d-7c5b-49de-96fb-c46f118d1113 to vehicle veh35
[Midd4VCServer] job 9cc3638d-7c5b-49de-96fb-c46f118d1113 completed by vehicle veh35
[Midd4VCServer] job 807f588f-d34d-4d77-bb2b-e86b45438c80 completed by vehicle veh30
[Midd4VCServer] job 719c1985-f342-40b2-94c7-9aabc18f75d1 completed by vehicle veh8
[Midd4VCServer] Vehicle veh26 already registered.
[Midd4VCServer] job received: 4baa9319-db84-4ce4-80d4-d6e3f03e5f8a
[Midd4VCServer] Assigning job 4baa9319-db84-4ce4-80d4-d6e3f03e5f8a to vehicle veh8
[Midd4VCServer] job 4baa9319-db84-4ce4-80d4-d6e3f03e5f8a completed by vehicle veh8
[Midd4VCServer] Vehicle veh15 already registered.
[Midd4VCServer] Vehicle veh34 already registered.
[Midd4VCServer] Vehicle veh1 already registered.
[Midd4VCServer] Vehicle veh12 already registered.
[Midd4VCServer] job received: 1bb5b573-9553-4044-8bd4-90340844bd18
[Midd4VCServer] Assigning job 1bb5b573-9553-4044-8bd4-90340844bd18 to vehicle veh8
[Midd4VCServer] job 1bb5b573-9553-4044-8bd4-90340844bd18 completed by vehicle veh8
[Midd4VCServer] job received: 512f6377-0784-42c9-ab0f-0c4e7c749ce2
[Midd4VCServer] Assigning job 512f6377-0784-42c9-ab0f-0c4e7c749ce2 to vehicle veh8
[Midd4VCServer] job 512f6377-0784-42c9-ab0f-0c4e7c749ce2 completed by vehicle veh8
[Midd4VCServer] job received: c057ed2f-dfc4-43ed-82a4-8d112b78874d
[Midd4VC] Job 0c313339-1011-47f5-ad2c-9f39df694924 timed out. Re-enqueueing.
[Midd4VCServer] Assigning job 0c313339-1011-47f5-ad2c-9f39df694924 to vehicle veh2
[Midd4VCServer] Assigning job c057ed2f-dfc4-43ed-82a4-8d112b78874d to vehicle veh8
[Midd4VCServer] job 0c313339-1011-47f5-ad2c-9f39df694924 completed by vehicle veh2
[Midd4VCServer] Vehicle veh14 already registered.
[Midd4VCServer] job received: f4883ab4-0277-4155-99ee-d04e762fbc63
[Midd4VCServer] Assigning job f4883ab4-0277-4155-99ee-d04e762fbc63 to vehicle veh2
[Midd4VCServer] job f4883ab4-0277-4155-99ee-d04e762fbc63 completed by vehicle veh2
[Midd4VCServer] Vehicle veh28 already registered.
[Midd4VCServer] job received: ad73b1bf-1774-452e-852c-76dd96496103
[Midd4VCServer] Assigning job ad73b1bf-1774-452e-852c-76dd96496103 to vehicle veh2
[Midd4VCServer] job ad73b1bf-1774-452e-852c-76dd96496103 completed by vehicle veh2
[Midd4VCServer] Vehicle veh32 already registered.
[Midd4VCServer] Vehicle veh22 already registered.
[Midd4VCServer] Vehicle veh5 already registered.
[Midd4VCServer] Vehicle veh4 already registered.
[Midd4VCServer] Vehicle veh3 already registered.
[Midd4VCServer] Vehicle veh14 already registered.
[Midd4VCServer] Vehicle veh37 already registered.
[Midd4VCServer] job received: e0afc35e-a2b0-44f7-a42b-5b937091d832
[Midd4VCServer] Assigning job e0afc35e-a2b0-44f7-a42b-5b937091d832 to vehicle veh2
[Midd4VCServer] job e0afc35e-a2b0-44f7-a42b-5b937091d832 completed by vehicle veh2
[Midd4VCServer] Vehicle veh26 already registered.
[Midd4VCServer] job received: 6a062efb-2f1f-4f2a-9ffa-a4b506d3a9d8
[Midd4VC] Job 374c36f0-1be6-47bf-a471-7ba88e25cdf4 timed out. Re-enqueueing.
[Midd4VCServer] Assigning job 374c36f0-1be6-47bf-a471-7ba88e25cdf4 to vehicle veh1
[Midd4VCServer] Assigning job 6a062efb-2f1f-4f2a-9ffa-a4b506d3a9d8 to vehicle veh2
[Midd4VCServer] job 6a062efb-2f1f-4f2a-9ffa-a4b506d3a9d8 completed by vehicle veh2
[Midd4VCServer] job 374c36f0-1be6-47bf-a471-7ba88e25cdf4 completed by vehicle veh1
[Midd4VCServer] job received: 4ad51133-c8c5-4325-bd96-a9b7dcaa2a43
[Midd4VCServer] Assigning job 4ad51133-c8c5-4325-bd96-a9b7dcaa2a43 to vehicle veh1
[Midd4VCServer] job 4ad51133-c8c5-4325-bd96-a9b7dcaa2a43 completed by vehicle veh1
[Midd4VCServer] Vehicle veh32 already registered.
[Midd4VCServer] Vehicle veh6 already registered.
[Midd4VCServer] job received: 9f0d58ea-cf62-45dd-817a-1fd3ff5dc8f7
[Midd4VCServer] Assigning job 9f0d58ea-cf62-45dd-817a-1fd3ff5dc8f7 to vehicle veh1
[Midd4VCServer] job 9f0d58ea-cf62-45dd-817a-1fd3ff5dc8f7 completed by vehicle veh1
[Midd4VCServer] Vehicle veh24 already registered.
[Midd4VCServer] job received: 614b43ff-ffc2-4bd1-b0cb-2516c9ba1ed3
[Midd4VCServer] Assigning job 614b43ff-ffc2-4bd1-b0cb-2516c9ba1ed3 to vehicle veh2
[Midd4VCServer] job 614b43ff-ffc2-4bd1-b0cb-2516c9ba1ed3 completed by vehicle veh2
[Midd4VCServer] job received: c3efada9-b36e-4916-b9ae-ec5c46ebfc41
[Midd4VCServer] Assigning job c3efada9-b36e-4916-b9ae-ec5c46ebfc41 to vehicle veh1
[Midd4VCServer] job c3efada9-b36e-4916-b9ae-ec5c46ebfc41 completed by vehicle veh1
[Midd4VCServer] job received: 98e694bd-e8f5-48a5-bf56-b9136b390236
[Midd4VCServer] Assigning job 98e694bd-e8f5-48a5-bf56-b9136b390236 to vehicle veh2
[Midd4VCServer] job 98e694bd-e8f5-48a5-bf56-b9136b390236 completed by vehicle veh2
[Midd4VCServer] Vehicle veh16 already registered.
[Midd4VCServer] Vehicle veh40 already registered.
[Midd4VCServer] job received: 8587ef02-7bba-4c89-a020-c2d709bfb3bd
[Midd4VC] Job 1a20fea6-41bf-4464-937c-ed50b545f09d timed out. Re-enqueueing.
[Midd4VC] Job 8578f7e7-d3f3-412f-8f4e-0559dae7b26e timed out. Re-enqueueing.
[Midd4VC] Job 320e4392-c09a-4c0c-835b-e518baa2aa8f timed out. Re-enqueueing.
[Midd4VC] Job 80b134df-9eb0-4c72-aa7b-6f27ca8a1ed5 timed out. Re-enqueueing.
[Midd4VCServer] Assigning job 80b134df-9eb0-4c72-aa7b-6f27ca8a1ed5 to vehicle veh27
[Midd4VCServer] Assigning job 320e4392-c09a-4c0c-835b-e518baa2aa8f to vehicle veh1
[Midd4VCServer] Assigning job 8578f7e7-d3f3-412f-8f4e-0559dae7b26e to vehicle veh2
[Midd4VCServer] Assigning job 1a20fea6-41bf-4464-937c-ed50b545f09d to vehicle veh24
[Midd4VCServer] Assigning job 8587ef02-7bba-4c89-a020-c2d709bfb3bd to vehicle veh9
[Midd4VCServer] job 320e4392-c09a-4c0c-835b-e518baa2aa8f completed by vehicle veh1
[Midd4VCServer] job 1a20fea6-41bf-4464-937c-ed50b545f09d completed by vehicle veh24
[Midd4VCServer] job 8578f7e7-d3f3-412f-8f4e-0559dae7b26e completed by vehicle veh2
[Midd4VCServer] Vehicle veh10 already registered.
[Midd4VCServer] job received: 6f46e99d-6403-4d72-81be-759150f1e2f0
[Midd4VCServer] Assigning job 6f46e99d-6403-4d72-81be-759150f1e2f0 to vehicle veh1
[Midd4VCServer] job 6f46e99d-6403-4d72-81be-759150f1e2f0 completed by vehicle veh1
[Midd4VCServer] Vehicle veh20 already registered.
[Midd4VCServer] Vehicle veh34 already registered.
[Midd4VCServer] job received: 53146849-1cea-4da3-abe5-db7b0898bf10
[Midd4VC] Job 4a1a1504-bbd8-444b-9233-c49270acb6cd timed out. Re-enqueueing.
[Midd4VCServer] Assigning job 4a1a1504-bbd8-444b-9233-c49270acb6cd to vehicle veh4
[Midd4VCServer] Assigning job 53146849-1cea-4da3-abe5-db7b0898bf10 to vehicle veh2
[Midd4VCServer] job 4a1a1504-bbd8-444b-9233-c49270acb6cd completed by vehicle veh4
[Midd4VCServer] job 53146849-1cea-4da3-abe5-db7b0898bf10 completed by vehicle veh2
[Midd4VCServer] Vehicle veh36 already registered.
[Midd4VCServer] job received: 1134642a-7ec5-4de2-97af-11cbc0425e54
[Midd4VC] Job 1006dfac-6f2a-4bc7-98a0-a9ebb9162720 timed out. Re-enqueueing.
[Midd4VCServer] Assigning job 1006dfac-6f2a-4bc7-98a0-a9ebb9162720 to vehicle veh1
[Midd4VCServer] Assigning job 1134642a-7ec5-4de2-97af-11cbc0425e54 to vehicle veh24
[Midd4VCServer] job 1006dfac-6f2a-4bc7-98a0-a9ebb9162720 completed by vehicle veh1
[Midd4VCServer] job 1134642a-7ec5-4de2-97af-11cbc0425e54 completed by vehicle veh24
[Midd4VCServer] job received: 8c3ec2de-262e-4fee-8b74-d006a8e5970e
[Midd4VCServer] Assigning job 8c3ec2de-262e-4fee-8b74-d006a8e5970e to vehicle veh4
[Midd4VCServer] job 8c3ec2de-262e-4fee-8b74-d006a8e5970e completed by vehicle veh4
[Midd4VCServer] Vehicle veh17 already registered.
[Midd4VCServer] Vehicle veh30 already registered.
[Midd4VCServer] Vehicle veh11 already registered.
[Midd4VCServer] job received: 7ba0e60f-7e12-42df-a76a-cfda102dea80
[Midd4VC] Job 3c06aab4-9e7a-46e4-b284-3b7f1eb01644 timed out. Re-enqueueing.
[Midd4VCServer] Assigning job 3c06aab4-9e7a-46e4-b284-3b7f1eb01644 to vehicle veh2
[Midd4VCServer] Assigning job 7ba0e60f-7e12-42df-a76a-cfda102dea80 to vehicle veh11
[Midd4VCServer] job 7ba0e60f-7e12-42df-a76a-cfda102dea80 completed by vehicle veh11
[Midd4VCServer] job 3c06aab4-9e7a-46e4-b284-3b7f1eb01644 completed by vehicle veh2
[Midd4VCServer] job received: 8f5f4676-e0e0-4c02-9d35-da579f41b604
[Midd4VCServer] Assigning job 8f5f4676-e0e0-4c02-9d35-da579f41b604 to vehicle veh1
[Midd4VCServer] job 8f5f4676-e0e0-4c02-9d35-da579f41b604 completed by vehicle veh1
[Midd4VCServer] Vehicle veh13 already registered.
[Midd4VCServer] job received: 0f0f972a-01d7-4829-8ef8-e9cb7025e226
[Midd4VC] Job 14bd11ca-1f9b-4cce-8b5b-693a4fdfbf5b timed out. Re-enqueueing.
[Midd4VC] Job d9d2eba9-500c-4966-a953-59e5a4744bff timed out. Re-enqueueing.
[Midd4VCServer] Assigning job d9d2eba9-500c-4966-a953-59e5a4744bff to vehicle veh40
[Midd4VCServer] Assigning job 14bd11ca-1f9b-4cce-8b5b-693a4fdfbf5b to vehicle veh39
[Midd4VCServer] Assigning job 0f0f972a-01d7-4829-8ef8-e9cb7025e226 to vehicle veh24
[Midd4VCServer] job 0f0f972a-01d7-4829-8ef8-e9cb7025e226 completed by vehicle veh24
[Midd4VCServer] job d9d2eba9-500c-4966-a953-59e5a4744bff completed by vehicle veh40
[Midd4VCServer] job received: 9085566e-8b09-43aa-8f5c-31d15bb6d345
[Midd4VCServer] Assigning job 9085566e-8b09-43aa-8f5c-31d15bb6d345 to vehicle veh20
[Midd4VCServer] job 9085566e-8b09-43aa-8f5c-31d15bb6d345 completed by vehicle veh20
[Midd4VCServer] job received: 8956089e-f130-49ee-b3c9-69d55360eb3b
[Midd4VCServer] Assigning job 8956089e-f130-49ee-b3c9-69d55360eb3b to vehicle veh4
[Midd4VCServer] job 8956089e-f130-49ee-b3c9-69d55360eb3b completed by vehicle veh4
[Midd4VCServer] job received: abe17e9e-1d49-4534-94d0-d08ac767e987
[Midd4VCServer] Assigning job abe17e9e-1d49-4534-94d0-d08ac767e987 to vehicle veh30
[Midd4VCServer] job abe17e9e-1d49-4534-94d0-d08ac767e987 completed by vehicle veh30
[Midd4VCServer] job received: b48ed183-6cde-4075-a068-2df4556743a7
[Midd4VC] Job 74a99085-e4b2-4c4a-8c31-a955f5664d14 timed out. Re-enqueueing.
[Midd4VC] Job 3144fc20-0cbf-4b55-83ba-375d2499ff1b timed out. Re-enqueueing.
[Midd4VC] Job ffaf5de0-3683-4b1c-b391-1b4f590fbf3c timed out. Re-enqueueing.
[Midd4VCServer] Assigning job ffaf5de0-3683-4b1c-b391-1b4f590fbf3c to vehicle veh22
[Midd4VCServer] Assigning job 3144fc20-0cbf-4b55-83ba-375d2499ff1b to vehicle veh15
[Midd4VCServer] Assigning job 74a99085-e4b2-4c4a-8c31-a955f5664d14 to vehicle veh14
[Midd4VCServer] Assigning job b48ed183-6cde-4075-a068-2df4556743a7 to vehicle veh2
[Midd4VCServer] job ffaf5de0-3683-4b1c-b391-1b4f590fbf3c completed by vehicle veh22
[Midd4VCServer] job b48ed183-6cde-4075-a068-2df4556743a7 completed by vehicle veh2
[Midd4VCServer] job 74a99085-e4b2-4c4a-8c31-a955f5664d14 completed by vehicle veh14
[Midd4VCServer] Vehicle veh18 already registered.
[Midd4VCServer] Vehicle veh26 already registered.
[Midd4VCServer] job received: ea7c8610-ca76-4990-bbb0-9cfab2e134f6
[Midd4VC] Job 8af27142-3784-428a-a9db-2d1b02f23639 timed out. Re-enqueueing.
[Midd4VC] Job 0c36b3b4-b931-40c5-9c08-ea3078181a9a timed out. Re-enqueueing.
[Midd4VC] Job a904c79c-3113-4901-9a98-0dc8649fd5a8 timed out. Re-enqueueing.
[Midd4VCServer] Assigning job a904c79c-3113-4901-9a98-0dc8649fd5a8 to vehicle veh13
[Midd4VCServer] Assigning job 0c36b3b4-b931-40c5-9c08-ea3078181a9a to vehicle veh22
[Midd4VCServer] Assigning job 8af27142-3784-428a-a9db-2d1b02f23639 to vehicle veh31
[Midd4VCServer] Assigning job ea7c8610-ca76-4990-bbb0-9cfab2e134f6 to vehicle veh35
[Midd4VCServer] job 0c36b3b4-b931-40c5-9c08-ea3078181a9a completed by vehicle veh22
[Midd4VCServer] job 8af27142-3784-428a-a9db-2d1b02f23639 completed by vehicle veh31
[Midd4VCServer] Vehicle veh7 already registered.
[Midd4VCServer] Vehicle veh23 already registered.
[Midd4VCServer] job received: aadd916b-e58a-4add-8ec0-e8441527d606
[Midd4VC] Job 988b6c44-1c17-4c67-838b-5eab07576e53 timed out. Re-enqueueing.
[Midd4VC] Job 6d72d5fb-18da-4e69-9104-20b9a3bf80e6 timed out. Re-enqueueing.
[Midd4VCServer] Assigning job 6d72d5fb-18da-4e69-9104-20b9a3bf80e6 to vehicle veh22
[Midd4VCServer] Assigning job 988b6c44-1c17-4c67-838b-5eab07576e53 to vehicle veh11
[Midd4VCServer] Assigning job aadd916b-e58a-4add-8ec0-e8441527d606 to vehicle veh10
[Midd4VCServer] job 6d72d5fb-18da-4e69-9104-20b9a3bf80e6 completed by vehicle veh22
[Midd4VCServer] job aadd916b-e58a-4add-8ec0-e8441527d606 completed by vehicle veh10
[Midd4VCServer] Vehicle veh34 already registered.
[Midd4VCServer] job received: eeeb5914-44da-44a3-bd79-b18cd11fa094
[Midd4VCServer] Assigning job eeeb5914-44da-44a3-bd79-b18cd11fa094 to vehicle veh22
[Midd4VCServer] job eeeb5914-44da-44a3-bd79-b18cd11fa094 completed by vehicle veh22
[Midd4VCServer] Vehicle veh27 already registered.
[Midd4VCServer] job received: 283561dc-ae81-4c08-9562-11ff468e6f7a
[Midd4VCServer] Assigning job 283561dc-ae81-4c08-9562-11ff468e6f7a to vehicle veh22
[Midd4VCServer] job 283561dc-ae81-4c08-9562-11ff468e6f7a completed by vehicle veh22
[Midd4VCServer] Vehicle veh28 already registered.
[Midd4VCServer] Vehicle veh33 already registered.
[Midd4VCServer] job received: 368c2c01-9b1f-4ab2-8596-6fd7b1646c43
[Midd4VC] Job 8a694d16-caba-48c9-8695-75adead8155f timed out. Re-enqueueing.
[Midd4VCServer] Assigning job 8a694d16-caba-48c9-8695-75adead8155f to vehicle veh22
[Midd4VCServer] Assigning job 368c2c01-9b1f-4ab2-8596-6fd7b1646c43 to vehicle veh1
[Midd4VCServer] job 8a694d16-caba-48c9-8695-75adead8155f completed by vehicle veh22
[Midd4VCServer] Vehicle veh17 already registered.
[Midd4VCServer] Vehicle veh9 already registered.
[Midd4VCServer] Vehicle veh36 already registered.
[Midd4VCServer] job received: da9e3c1d-a3fc-46bf-9b3c-f643bef215f2
[Midd4VC] Job f3017231-285d-4aae-8324-afe9eb3abda9 timed out. Re-enqueueing.
[Midd4VC] Job fde57acc-c17c-4fbb-940d-9134ff4f3cc6 timed out. Re-enqueueing.
[Midd4VC] Job 5b946658-b975-4c66-babc-71f03ecf2c96 timed out. Re-enqueueing.
[Midd4VC] Job ef83f359-c0e7-43ba-bd32-1bb5b3dc1fa6 timed out. Re-enqueueing.
[Midd4VCServer] Assigning job ef83f359-c0e7-43ba-bd32-1bb5b3dc1fa6 to vehicle veh28
[Midd4VCServer] Assigning job 5b946658-b975-4c66-babc-71f03ecf2c96 to vehicle veh34
[Midd4VCServer] Assigning job fde57acc-c17c-4fbb-940d-9134ff4f3cc6 to vehicle veh12
[Midd4VCServer] Assigning job f3017231-285d-4aae-8324-afe9eb3abda9 to vehicle veh18
[Midd4VCServer] Assigning job da9e3c1d-a3fc-46bf-9b3c-f643bef215f2 to vehicle veh22
[Midd4VCServer] job 5b946658-b975-4c66-babc-71f03ecf2c96 completed by vehicle veh34
[Midd4VCServer] job ef83f359-c0e7-43ba-bd32-1bb5b3dc1fa6 completed by vehicle veh28
[Midd4VCServer] job da9e3c1d-a3fc-46bf-9b3c-f643bef215f2 completed by vehicle veh22
[Midd4VCServer] job fde57acc-c17c-4fbb-940d-9134ff4f3cc6 completed by vehicle veh12
[Midd4VCServer] job received: 7dbb69e3-e79e-4a01-9478-21ab64369da9
[Midd4VCServer] Assigning job 7dbb69e3-e79e-4a01-9478-21ab64369da9 to vehicle veh28
[Midd4VCServer] job 7dbb69e3-e79e-4a01-9478-21ab64369da9 completed by vehicle veh28
[Midd4VCServer] Vehicle veh39 already registered.
[Midd4VCServer] job received: a26527f7-50d3-4db5-a111-b39d50ac9c4e
[Midd4VCServer] Assigning job a26527f7-50d3-4db5-a111-b39d50ac9c4e to vehicle veh34
[Midd4VCServer] job a26527f7-50d3-4db5-a111-b39d50ac9c4e completed by vehicle veh34
[Midd4VCServer] job received: f11bd720-11ed-4954-952e-164defaa1425
[Midd4VC] Job 00a77731-7681-4413-bcee-876a3b0e7c35 timed out. Re-enqueueing.
[Midd4VC] Job 7206321b-79bc-4e46-8ca2-65fa47b37a1f timed out. Re-enqueueing.
[Midd4VCServer] Assigning job 7206321b-79bc-4e46-8ca2-65fa47b37a1f to vehicle veh26
[Midd4VCServer] Assigning job 00a77731-7681-4413-bcee-876a3b0e7c35 to vehicle veh37
[Midd4VCServer] Assigning job f11bd720-11ed-4954-952e-164defaa1425 to vehicle veh28
[Midd4VCServer] job f11bd720-11ed-4954-952e-164defaa1425 completed by vehicle veh28
[Midd4VCServer] job received: 556e9e30-d278-4248-877b-556f2336e00b
[Midd4VCServer] Assigning job 556e9e30-d278-4248-877b-556f2336e00b to vehicle veh12
[Midd4VCServer] job 556e9e30-d278-4248-877b-556f2336e00b completed by vehicle veh12
[Midd4VCServer] job received: 1b19a17e-619b-4f27-9a22-017352f9fb7f
[Midd4VCServer] Assigning job 1b19a17e-619b-4f27-9a22-017352f9fb7f to vehicle veh34
[Midd4VCServer] job 1b19a17e-619b-4f27-9a22-017352f9fb7f completed by vehicle veh34
[Midd4VCServer] Vehicle veh19 already registered.
[Midd4VCServer] Vehicle veh16 already registered.
[Midd4VCServer] Vehicle veh1 already registered.
[Midd4VCServer] Vehicle veh11 already registered.
[Midd4VCServer] Vehicle veh30 already registered.
[Midd4VCServer] Vehicle veh29 already registered.
[Midd4VCServer] job received: 016e4dfe-42d8-4363-b2db-53e07ecce0cf
[Midd4VCServer] Assigning job 016e4dfe-42d8-4363-b2db-53e07ecce0cf to vehicle veh28
[Midd4VCServer] job 016e4dfe-42d8-4363-b2db-53e07ecce0cf completed by vehicle veh28
[Midd4VCServer] Vehicle veh40 already registered.
[Midd4VCServer] Vehicle veh6 already registered.
[Midd4VCServer] Vehicle veh27 already registered.
[Midd4VCServer] job received: 3435a251-7234-4964-91d6-3363a9ea48e8
[Midd4VC] Job 9a6570c2-64fa-4a1a-ad92-893d1d67b8b5 timed out. Re-enqueueing.
[Midd4VCServer] Assigning job 9a6570c2-64fa-4a1a-ad92-893d1d67b8b5 to vehicle veh12
[Midd4VCServer] Assigning job 3435a251-7234-4964-91d6-3363a9ea48e8 to vehicle veh5
[Midd4VCServer] job 3435a251-7234-4964-91d6-3363a9ea48e8 completed by vehicle veh5
[Midd4VCServer] job received: be75baa9-16c5-4204-a894-6d740e780183
[Midd4VCServer] Assigning job be75baa9-16c5-4204-a894-6d740e780183 to vehicle veh34
[Midd4VCServer] job be75baa9-16c5-4204-a894-6d740e780183 completed by vehicle veh34
[Midd4VCServer] Vehicle veh17 already registered.
[Midd4VCServer] job received: 389a2288-dae0-4a76-aa13-58a3d1e0d46f
[Midd4VCServer] Assigning job 389a2288-dae0-4a76-aa13-58a3d1e0d46f to vehicle veh28
[Midd4VCServer] job 389a2288-dae0-4a76-aa13-58a3d1e0d46f completed by vehicle veh28
[Midd4VCServer] job received: 248bc74b-a719-4953-8ccb-a9901dd9c474
[Midd4VCServer] Assigning job 248bc74b-a719-4953-8ccb-a9901dd9c474 to vehicle veh5
[Midd4VCServer] job 248bc74b-a719-4953-8ccb-a9901dd9c474 completed by vehicle veh5
[Midd4VCServer] Vehicle veh7 already registered.
[Midd4VCServer] job received: 63006998-3552-44d1-b132-4f00d0dfe4e7
[Midd4VCServer] Assigning job 63006998-3552-44d1-b132-4f00d0dfe4e7 to vehicle veh34
[Midd4VCServer] job 63006998-3552-44d1-b132-4f00d0dfe4e7 completed by vehicle veh34
[Midd4VCServer] Vehicle veh26 already registered.
[Midd4VCServer] job received: c3d91d08-36c4-4b5a-b0b6-b6402fd92fd5
[Midd4VCServer] Assigning job c3d91d08-36c4-4b5a-b0b6-b6402fd92fd5 to vehicle veh28
[Midd4VCServer] job received: 3520e897-43aa-4b97-91e9-2e6a0b7916e3
[Midd4VCServer] Assigning job 3520e897-43aa-4b97-91e9-2e6a0b7916e3 to vehicle veh5
[Midd4VCServer] job c3d91d08-36c4-4b5a-b0b6-b6402fd92fd5 completed by vehicle veh28
[Midd4VCServer] job 3520e897-43aa-4b97-91e9-2e6a0b7916e3 completed by vehicle veh5
[Midd4VCServer] Vehicle veh36 already registered.
[Midd4VCServer] Vehicle veh18 already registered.
[Midd4VCServer] Vehicle veh35 already registered.
[Midd4VCServer] Vehicle veh29 already registered.
[Midd4VCServer] job received: bffeeeff-7f42-4711-b916-813a1ba490dd
[Midd4VC] Job c057ed2f-dfc4-43ed-82a4-8d112b78874d timed out. Re-enqueueing.
[Midd4VCServer] Assigning job c057ed2f-dfc4-43ed-82a4-8d112b78874d to vehicle veh8
[Midd4VCServer] Assigning job bffeeeff-7f42-4711-b916-813a1ba490dd to vehicle veh34
[Midd4VCServer] job bffeeeff-7f42-4711-b916-813a1ba490dd completed by vehicle veh34
[Midd4VCServer] Vehicle veh3 already registered.
[Midd4VCServer] Vehicle veh12 already registered.
[Midd4VCServer] Vehicle veh15 already registered.
[Midd4VCServer] job received: e216dd92-d3b3-451c-bb82-a91c124f0cee
[Midd4VCServer] Assigning job e216dd92-d3b3-451c-bb82-a91c124f0cee to vehicle veh28
[Midd4VCServer] job e216dd92-d3b3-451c-bb82-a91c124f0cee completed by vehicle veh28
[Midd4VCServer] Vehicle veh8 already registered.
[Midd4VCServer] job received: 90267080-0cf7-4f82-a344-4295ff49ba01
[Midd4VCServer] Assigning job 90267080-0cf7-4f82-a344-4295ff49ba01 to vehicle veh40
[Midd4VCServer] job 90267080-0cf7-4f82-a344-4295ff49ba01 completed by vehicle veh40
[Midd4VCServer] Vehicle veh2 already registered.
[Midd4VCServer] job received: 56bc4df2-8fd5-4717-9ac5-693356e08f22
[Midd4VCServer] Assigning job 56bc4df2-8fd5-4717-9ac5-693356e08f22 to vehicle veh22
[Midd4VCServer] job received: a22b3de0-fa45-4653-a367-1948942825e9
[Midd4VCServer] Assigning job a22b3de0-fa45-4653-a367-1948942825e9 to vehicle veh24
[Midd4VCServer] Vehicle veh13 already registered.
[Midd4VCServer] job received: dd108d24-ad88-41d8-b423-4df6b323bad4
[Midd4VCServer] Assigning job dd108d24-ad88-41d8-b423-4df6b323bad4 to vehicle veh36
[Midd4VCServer] job received: da8d06b1-e047-47db-b887-34254e32811c
[Midd4VCServer] Assigning job da8d06b1-e047-47db-b887-34254e32811c to vehicle veh29
[Midd4VCServer] job da8d06b1-e047-47db-b887-34254e32811c completed by vehicle veh29
[Midd4VCServer] Vehicle veh9 already registered.
[Midd4VCServer] job received: d6cd36b6-900f-4aa6-889b-41fb99fdfadd
[Midd4VCServer] Assigning job d6cd36b6-900f-4aa6-889b-41fb99fdfadd to vehicle veh5
[Midd4VCServer] job d6cd36b6-900f-4aa6-889b-41fb99fdfadd completed by vehicle veh5
[Midd4VCServer] Vehicle veh37 already registered.
[Midd4VCServer] Vehicle veh6 already registered.
[Midd4VCServer] job received: bf803ca0-70a0-4b4e-b9d9-5cff8b673ca6
[Midd4VC] Job 80b134df-9eb0-4c72-aa7b-6f27ca8a1ed5 timed out. Re-enqueueing.
[Midd4VC] Job 8587ef02-7bba-4c89-a020-c2d709bfb3bd timed out. Re-enqueueing.
[Midd4VCServer] Assigning job 8587ef02-7bba-4c89-a020-c2d709bfb3bd to vehicle veh27
[Midd4VCServer] Assigning job 80b134df-9eb0-4c72-aa7b-6f27ca8a1ed5 to vehicle veh9
[Midd4VCServer] Assigning job bf803ca0-70a0-4b4e-b9d9-5cff8b673ca6 to vehicle veh23
[Midd4VCServer] job 80b134df-9eb0-4c72-aa7b-6f27ca8a1ed5 completed by vehicle veh9
[Midd4VCServer] job received: 4e91ceda-bb12-4b27-ae03-e3fb1feb7138
[Midd4VCServer] Assigning job 4e91ceda-bb12-4b27-ae03-e3fb1feb7138 to vehicle veh9
[Midd4VCServer] job 4e91ceda-bb12-4b27-ae03-e3fb1feb7138 completed by vehicle veh9
[Midd4VCServer] Vehicle veh24 already registered.
[Midd4VCServer] Vehicle veh38 already registered.
[Midd4VCServer] Vehicle veh31 already registered.
[Midd4VCServer] Vehicle veh19 already registered.
[Midd4VCServer] Vehicle veh33 already registered.
[Midd4VCServer] job received: ec15b8fc-63f6-450d-9d22-015603a82c69
[Midd4VCServer] Assigning job ec15b8fc-63f6-450d-9d22-015603a82c69 to vehicle veh9
[Midd4VCServer] job ec15b8fc-63f6-450d-9d22-015603a82c69 completed by vehicle veh9
[Midd4VCServer] job received: d4df4a31-63a4-45d9-81ba-5d5bb537b500
[Midd4VCServer] Assigning job d4df4a31-63a4-45d9-81ba-5d5bb537b500 to vehicle veh9
[Midd4VCServer] job d4df4a31-63a4-45d9-81ba-5d5bb537b500 completed by vehicle veh9
[Midd4VCServer] job received: 6e57e6ba-be62-4492-814d-52e0771f5157
[Midd4VCServer] Assigning job 6e57e6ba-be62-4492-814d-52e0771f5157 to vehicle veh20
[Midd4VCServer] job 6e57e6ba-be62-4492-814d-52e0771f5157 completed by vehicle veh20
[Midd4VCServer] job received: 1fc81caf-7435-4d57-ac52-9e10cc0686b5
[Midd4VCServer] Assigning job 1fc81caf-7435-4d57-ac52-9e10cc0686b5 to vehicle veh4
[Midd4VCServer] Vehicle veh16 already registered.
[Midd4VCServer] job received: 352223d9-44c3-4274-a318-fc97bd5dc084
[Midd4VCServer] Assigning job 352223d9-44c3-4274-a318-fc97bd5dc084 to vehicle veh34
[Midd4VCServer] job received: b6494d5d-29cc-4310-9bf9-94510be12094
[Midd4VCServer] Assigning job b6494d5d-29cc-4310-9bf9-94510be12094 to vehicle veh30
[Midd4VCServer] Vehicle veh21 already registered.
[Midd4VCServer] Vehicle veh32 already registered.
[Midd4VCServer] Vehicle veh2 already registered.
[Midd4VCServer] Vehicle veh11 already registered.
[Midd4VCServer] job received: ae7c5fb6-dcca-43fb-aa96-6eca0111c595
[Midd4VC] Job 14bd11ca-1f9b-4cce-8b5b-693a4fdfbf5b timed out. Re-enqueueing.
[Midd4VCServer] Assigning job 14bd11ca-1f9b-4cce-8b5b-693a4fdfbf5b to vehicle veh39
[Midd4VCServer] Assigning job ae7c5fb6-dcca-43fb-aa96-6eca0111c595 to vehicle veh25
[Midd4VCServer] job 14bd11ca-1f9b-4cce-8b5b-693a4fdfbf5b completed by vehicle veh39
[Midd4VCServer] Vehicle veh29 already registered.
[Midd4VCServer] Vehicle veh18 already registered.
[Midd4VCServer] Vehicle veh39 already registered.
[Midd4VCServer] job received: 974931ec-b9b9-42ff-b241-31fcb849f2d6
[Midd4VC] Job 3144fc20-0cbf-4b55-83ba-375d2499ff1b timed out. Re-enqueueing.
[Midd4VCServer] Assigning job 3144fc20-0cbf-4b55-83ba-375d2499ff1b to vehicle veh15
[Midd4VCServer] Assigning job 974931ec-b9b9-42ff-b241-31fcb849f2d6 to vehicle veh39
[Midd4VCServer] job 974931ec-b9b9-42ff-b241-31fcb849f2d6 completed by vehicle veh39
[Midd4VCServer] Vehicle veh28 already registered.
[Midd4VCServer] job received: 54da6a50-6fd0-4d72-81e0-5171d2664afa
[Midd4VCServer] Assigning job 54da6a50-6fd0-4d72-81e0-5171d2664afa to vehicle veh14
[Midd4VCServer] Vehicle veh31 already registered.
[Midd4VCServer] job received: d0d6e5d0-f4ab-465f-b576-b9a7485874ba
[Midd4VCServer] Assigning job d0d6e5d0-f4ab-465f-b576-b9a7485874ba to vehicle veh2
[Midd4VCServer] job d0d6e5d0-f4ab-465f-b576-b9a7485874ba completed by vehicle veh2
[Midd4VCServer] job received: 58d3038a-d835-49a7-8a30-5de7aa99c366
[Midd4VCServer] Assigning job 58d3038a-d835-49a7-8a30-5de7aa99c366 to vehicle veh31
[Midd4VCServer] job 58d3038a-d835-49a7-8a30-5de7aa99c366 completed by vehicle veh31
[Midd4VCServer] job received: 6f3ab2ca-827b-48ac-8ab3-debb291bc380
[Midd4VC] Job a904c79c-3113-4901-9a98-0dc8649fd5a8 timed out. Re-enqueueing.
[Midd4VC] Job ea7c8610-ca76-4990-bbb0-9cfab2e134f6 timed out. Re-enqueueing.
[Midd4VCServer] Assigning job ea7c8610-ca76-4990-bbb0-9cfab2e134f6 to vehicle veh13
[Midd4VCServer] Assigning job a904c79c-3113-4901-9a98-0dc8649fd5a8 to vehicle veh35
[Midd4VCServer] Assigning job 6f3ab2ca-827b-48ac-8ab3-debb291bc380 to vehicle veh6
[Midd4VCServer] job ea7c8610-ca76-4990-bbb0-9cfab2e134f6 completed by vehicle veh13
[Midd4VCServer] Vehicle veh17 already registered.
[Midd4VCServer] job received: 759ea2ab-7f97-4c68-ab11-4ca2191e58c6
[Midd4VC] Job 988b6c44-1c17-4c67-838b-5eab07576e53 timed out. Re-enqueueing.
[Midd4VCServer] Assigning job 988b6c44-1c17-4c67-838b-5eab07576e53 to vehicle veh13
[Midd4VCServer] Assigning job 759ea2ab-7f97-4c68-ab11-4ca2191e58c6 to vehicle veh11
[Midd4VCServer] job 988b6c44-1c17-4c67-838b-5eab07576e53 completed by vehicle veh13
[Midd4VCServer] job 759ea2ab-7f97-4c68-ab11-4ca2191e58c6 completed by vehicle veh11
[Midd4VCServer] Vehicle veh10 already registered.
[Midd4VCServer] Vehicle veh23 already registered.
[Midd4VCServer] Vehicle veh14 already registered.
[Midd4VCServer] Vehicle veh34 already registered.
[Midd4VCServer] job received: 6c335571-3d1a-4f90-a500-40bd7624d9dd
[Midd4VCServer] Assigning job 6c335571-3d1a-4f90-a500-40bd7624d9dd to vehicle veh13
[Midd4VCServer] job received: 3d2af1d6-d383-4d8f-957b-199c2f5f601d
[Midd4VC] Job 368c2c01-9b1f-4ab2-8596-6fd7b1646c43 timed out. Re-enqueueing.
[Midd4VCServer] Assigning job 368c2c01-9b1f-4ab2-8596-6fd7b1646c43 to vehicle veh1
[Midd4VCServer] Assigning job 3d2af1d6-d383-4d8f-957b-199c2f5f601d to vehicle veh28
[Midd4VCServer] job 3d2af1d6-d383-4d8f-957b-199c2f5f601d completed by vehicle veh28
[Midd4VCServer] job received: 04637bbe-9f11-4e4e-a119-264e2dcee0fe
[Midd4VCServer] Assigning job 04637bbe-9f11-4e4e-a119-264e2dcee0fe to vehicle veh11
[Midd4VCServer] job 04637bbe-9f11-4e4e-a119-264e2dcee0fe completed by vehicle veh11
[Midd4VCServer] Vehicle veh26 already registered.
[Midd4VCServer] Vehicle veh38 already registered.
[Midd4VCServer] Vehicle veh3 already registered.
[Midd4VCServer] job received: 4d8eee08-ed57-485b-8e60-52772a3e2d02
[Midd4VC] Job f3017231-285d-4aae-8324-afe9eb3abda9 timed out. Re-enqueueing.
[Midd4VCServer] Assigning job f3017231-285d-4aae-8324-afe9eb3abda9 to vehicle veh18
[Midd4VCServer] Assigning job 4d8eee08-ed57-485b-8e60-52772a3e2d02 to vehicle veh10
[Midd4VCServer] job f3017231-285d-4aae-8324-afe9eb3abda9 completed by vehicle veh18
[Midd4VCServer] job 4d8eee08-ed57-485b-8e60-52772a3e2d02 completed by vehicle veh10
[Midd4VCServer] Vehicle veh20 already registered.
[Midd4VCServer] Vehicle veh6 already registered.
[Midd4VCServer] job received: 95104191-6d27-4225-a3a6-ffd17e7dbab1
[Midd4VC] Job 7206321b-79bc-4e46-8ca2-65fa47b37a1f timed out. Re-enqueueing.
[Midd4VC] Job 00a77731-7681-4413-bcee-876a3b0e7c35 timed out. Re-enqueueing.
[Midd4VCServer] Assigning job 00a77731-7681-4413-bcee-876a3b0e7c35 to vehicle veh26
[Midd4VCServer] Assigning job 7206321b-79bc-4e46-8ca2-65fa47b37a1f to vehicle veh37
[Midd4VCServer] Assigning job 95104191-6d27-4225-a3a6-ffd17e7dbab1 to vehicle veh18
[Midd4VCServer] job 7206321b-79bc-4e46-8ca2-65fa47b37a1f completed by vehicle veh37
[Midd4VCServer] job 95104191-6d27-4225-a3a6-ffd17e7dbab1 completed by vehicle veh18
[Midd4VCServer] job received: 8c6e2edc-51cb-4091-b712-37649867d65a
[Midd4VCServer] Assigning job 8c6e2edc-51cb-4091-b712-37649867d65a to vehicle veh37
[Midd4VCServer] job 8c6e2edc-51cb-4091-b712-37649867d65a completed by vehicle veh37
[Midd4VCServer] job received: 83a50187-691b-4002-8009-4063d6a099cb
[Midd4VCServer] Assigning job 83a50187-691b-4002-8009-4063d6a099cb to vehicle veh37
[Midd4VCServer] job 83a50187-691b-4002-8009-4063d6a099cb completed by vehicle veh37
[Midd4VCServer] Vehicle veh25 already registered.
[Midd4VCServer] job received: e9ef034a-42a6-4dd5-8394-b88d24bcc129
[Midd4VCServer] Assigning job e9ef034a-42a6-4dd5-8394-b88d24bcc129 to vehicle veh37
[Midd4VCServer] job e9ef034a-42a6-4dd5-8394-b88d24bcc129 completed by vehicle veh37
[Midd4VCServer] job received: 9eeda7e0-31e1-42fb-8c6f-154b7d8dcee0
[Midd4VCServer] Assigning job 9eeda7e0-31e1-42fb-8c6f-154b7d8dcee0 to vehicle veh18
[Midd4VCServer] job 9eeda7e0-31e1-42fb-8c6f-154b7d8dcee0 completed by vehicle veh18
[Midd4VCServer] job received: 520ff7cf-b261-4a4d-ab20-a489699a3802
[Midd4VCServer] Assigning job 520ff7cf-b261-4a4d-ab20-a489699a3802 to vehicle veh37
[Midd4VCServer] job 520ff7cf-b261-4a4d-ab20-a489699a3802 completed by vehicle veh37
[Midd4VCServer] job received: eacd9e76-cc95-44de-9082-4ab1dd9aa03b
[Midd4VCServer] Assigning job eacd9e76-cc95-44de-9082-4ab1dd9aa03b to vehicle veh18
[Midd4VCServer] job eacd9e76-cc95-44de-9082-4ab1dd9aa03b completed by vehicle veh18
[Midd4VCServer] Vehicle veh24 already registered.
[Midd4VCServer] job received: 5501690c-7c4b-4df8-93a0-b294abf54dd3
[Midd4VC] Job 9a6570c2-64fa-4a1a-ad92-893d1d67b8b5 timed out. Re-enqueueing.
[Midd4VCServer] Assigning job 9a6570c2-64fa-4a1a-ad92-893d1d67b8b5 to vehicle veh12
[Midd4VCServer] Assigning job 5501690c-7c4b-4df8-93a0-b294abf54dd3 to vehicle veh37
[Midd4VCServer] job 5501690c-7c4b-4df8-93a0-b294abf54dd3 completed by vehicle veh37
[Midd4VCServer] Vehicle veh15 already registered.
[Midd4VCServer] Vehicle veh22 already registered.
[Midd4VCServer] job received: 04cbd40c-cf24-48e5-9019-6038051e836f
[Midd4VCServer] Assigning job 04cbd40c-cf24-48e5-9019-6038051e836f to vehicle veh18
[Midd4VCServer] job 04cbd40c-cf24-48e5-9019-6038051e836f completed by vehicle veh18
[Midd4VCServer] job received: 44be3ba7-3dab-4681-a9d8-96acf1a89837
[Midd4VCServer] Assigning job 44be3ba7-3dab-4681-a9d8-96acf1a89837 to vehicle veh40
[Midd4VCServer] Vehicle veh26 already registered.
[Midd4VCServer] Vehicle veh36 already registered.
[Midd4VCServer] job received: 5162e384-a801-40b5-b346-411222125ef8
[Midd4VC] Job c057ed2f-dfc4-43ed-82a4-8d112b78874d timed out. Re-enqueueing.
[Midd4VCServer] Assigning job c057ed2f-dfc4-43ed-82a4-8d112b78874d to vehicle veh8
[Midd4VCServer] Assigning job 5162e384-a801-40b5-b346-411222125ef8 to vehicle veh39
[Midd4VCServer] job received: 4c065876-49a7-4d1f-95b4-e3cda6e5db42
[Midd4VCServer] Assigning job 4c065876-49a7-4d1f-95b4-e3cda6e5db42 to vehicle veh3
[Midd4VCServer] Vehicle veh31 already registered.
[Midd4VCServer] job received: ea31b9a2-a2b9-4aba-b65a-d7522ab1576e
[Midd4VCServer] Assigning job ea31b9a2-a2b9-4aba-b65a-d7522ab1576e to vehicle veh19
[Midd4VCServer] job ea31b9a2-a2b9-4aba-b65a-d7522ab1576e completed by vehicle veh19
[Midd4VCServer] job received: f5380b74-984b-4bd2-bdcd-f0ddead87c99
[Midd4VCServer] Assigning job f5380b74-984b-4bd2-bdcd-f0ddead87c99 to vehicle veh29
[Midd4VCServer] Vehicle veh19 already registered.
[Midd4VCServer] Vehicle veh17 already registered.
[Midd4VCServer] Vehicle veh23 already registered.
[Midd4VCServer] Vehicle veh5 already registered.
[Midd4VCServer] Vehicle veh38 already registered.
[Midd4VCServer] job received: b24f64b4-26b1-4add-a850-4813155354d8
[Midd4VCServer] Assigning job b24f64b4-26b1-4add-a850-4813155354d8 to vehicle veh5
[Midd4VCServer] job b24f64b4-26b1-4add-a850-4813155354d8 completed by vehicle veh5
[Midd4VCServer] job received: 49ccfdf1-ddea-448e-aa72-760049f830f9
[Midd4VCServer] Assigning job 49ccfdf1-ddea-448e-aa72-760049f830f9 to vehicle veh9
[Midd4VCServer] job 49ccfdf1-ddea-448e-aa72-760049f830f9 completed by vehicle veh9
[Midd4VCServer] Vehicle veh37 already registered.
[Midd4VCServer] job received: 75421247-fd75-4b56-b7d2-d945cf93e430
[Midd4VC] Job 56bc4df2-8fd5-4717-9ac5-693356e08f22 timed out. Re-enqueueing.
[Midd4VCServer] Assigning job 56bc4df2-8fd5-4717-9ac5-693356e08f22 to vehicle veh22
[Midd4VCServer] Assigning job 75421247-fd75-4b56-b7d2-d945cf93e430 to vehicle veh37
[Midd4VCServer] job 56bc4df2-8fd5-4717-9ac5-693356e08f22 completed by vehicle veh22
[Midd4VCServer] job 75421247-fd75-4b56-b7d2-d945cf93e430 completed by vehicle veh37
[Midd4VCServer] job received: 56741488-b78d-402e-a7a8-85f2ab8c297d
[Midd4VC] Job a22b3de0-fa45-4653-a367-1948942825e9 timed out. Re-enqueueing.
[Midd4VCServer] Assigning job a22b3de0-fa45-4653-a367-1948942825e9 to vehicle veh24
[Midd4VCServer] Assigning job 56741488-b78d-402e-a7a8-85f2ab8c297d to vehicle veh22
[Midd4VCServer] job 56741488-b78d-402e-a7a8-85f2ab8c297d completed by vehicle veh22
[Midd4VCServer] Vehicle veh10 already registered.
[Midd4VCServer] job received: 5d9bfcda-b884-48f3-8aae-10abc587d689
[Midd4VC] Job dd108d24-ad88-41d8-b423-4df6b323bad4 timed out. Re-enqueueing.
[Midd4VC] Job 8587ef02-7bba-4c89-a020-c2d709bfb3bd timed out. Re-enqueueing.
[Midd4VC] Job bf803ca0-70a0-4b4e-b9d9-5cff8b673ca6 timed out. Re-enqueueing.
[Midd4VCServer] Assigning job bf803ca0-70a0-4b4e-b9d9-5cff8b673ca6 to vehicle veh27
[Midd4VCServer] Assigning job 8587ef02-7bba-4c89-a020-c2d709bfb3bd to vehicle veh36
[Midd4VCServer] Assigning job dd108d24-ad88-41d8-b423-4df6b323bad4 to vehicle veh23
[Midd4VCServer] Assigning job 5d9bfcda-b884-48f3-8aae-10abc587d689 to vehicle veh20
[Midd4VCServer] job 8587ef02-7bba-4c89-a020-c2d709bfb3bd completed by vehicle veh36
[Midd4VCServer] job received: dfd2dd1c-fdca-4234-809a-1cd46de00ec7
[Midd4VCServer] Assigning job dfd2dd1c-fdca-4234-809a-1cd46de00ec7 to vehicle veh36
[Midd4VCServer] job dfd2dd1c-fdca-4234-809a-1cd46de00ec7 completed by vehicle veh36
[Midd4VCServer] Vehicle veh4 already registered.
[Midd4VCServer] job received: ac678d0e-8d1b-42d2-9cde-62a78b786c3e
[Midd4VCServer] Assigning job ac678d0e-8d1b-42d2-9cde-62a78b786c3e to vehicle veh17
[Midd4VCServer] job ac678d0e-8d1b-42d2-9cde-62a78b786c3e completed by vehicle veh17
[Midd4VCServer] Vehicle veh29 already registered.
[Midd4VCServer] Vehicle veh40 already registered.
[Midd4VCServer] Vehicle veh12 already registered.
[Midd4VCServer] job received: 7096b526-6886-48c8-8393-14074247ea22
[Midd4VCServer] Assigning job 7096b526-6886-48c8-8393-14074247ea22 to vehicle veh2
[Midd4VCServer] Vehicle veh34 already registered.
[Midd4VCServer] Vehicle veh15 already registered.
[Midd4VCServer] job received: dab3dbd1-6335-4cfe-b69a-9f71134c91db
[Midd4VCServer] Assigning job dab3dbd1-6335-4cfe-b69a-9f71134c91db to vehicle veh31
[Midd4VCServer] Vehicle veh22 already registered.
[Midd4VCServer] job received: 3edca9df-b3e1-4a69-8f22-4e1abeba77d1
[Midd4VCServer] Assigning job 3edca9df-b3e1-4a69-8f22-4e1abeba77d1 to vehicle veh28
[Midd4VCServer] Vehicle veh1 already registered.
[Midd4VCServer] job received: 5be33fb5-617e-4a82-aff2-1cdb8064b448
[Midd4VC] Job 1fc81caf-7435-4d57-ac52-9e10cc0686b5 timed out. Re-enqueueing.
[Midd4VC] Job 352223d9-44c3-4274-a318-fc97bd5dc084 timed out. Re-enqueueing.
[Midd4VC] Job b6494d5d-29cc-4310-9bf9-94510be12094 timed out. Re-enqueueing.
[Midd4VCServer] Assigning job b6494d5d-29cc-4310-9bf9-94510be12094 to vehicle veh4
[Midd4VCServer] Assigning job 352223d9-44c3-4274-a318-fc97bd5dc084 to vehicle veh34
[Midd4VCServer] Assigning job 1fc81caf-7435-4d57-ac52-9e10cc0686b5 to vehicle veh30
[Midd4VCServer] Assigning job 5be33fb5-617e-4a82-aff2-1cdb8064b448 to vehicle veh11
[Midd4VCServer] job b6494d5d-29cc-4310-9bf9-94510be12094 completed by vehicle veh4
[Midd4VCServer] job 352223d9-44c3-4274-a318-fc97bd5dc084 completed by vehicle veh34
[Midd4VCServer] job received: 4759d4f0-30ac-4d95-b7ad-c43b65469894
[Midd4VCServer] Assigning job 4759d4f0-30ac-4d95-b7ad-c43b65469894 to vehicle veh4
[Midd4VCServer] job 4759d4f0-30ac-4d95-b7ad-c43b65469894 completed by vehicle veh4
[Midd4VCServer] job received: 540e48ba-ac14-4e61-a512-66871cf92b1c
[Midd4VCServer] Assigning job 540e48ba-ac14-4e61-a512-66871cf92b1c to vehicle veh34
[Midd4VCServer] job 540e48ba-ac14-4e61-a512-66871cf92b1c completed by vehicle veh34
[Midd4VCServer] job received: 7c247916-cacd-4b57-887d-9606f71213b1
[Midd4VCServer] Assigning job 7c247916-cacd-4b57-887d-9606f71213b1 to vehicle veh21
[Midd4VCServer] job 7c247916-cacd-4b57-887d-9606f71213b1 completed by vehicle veh21
[Midd4VCServer] job received: ff7d9b79-a4c1-4bc8-b5cf-8d6735ab4935
[Midd4VC] Job ae7c5fb6-dcca-43fb-aa96-6eca0111c595 timed out. Re-enqueueing.
[Midd4VCServer] Assigning job ae7c5fb6-dcca-43fb-aa96-6eca0111c595 to vehicle veh25
[Midd4VCServer] Assigning job ff7d9b79-a4c1-4bc8-b5cf-8d6735ab4935 to vehicle veh10
[Midd4VCServer] Vehicle veh27 already registered.
[Midd4VCServer] job received: e2ea1406-68b2-4998-aed8-03b5e17b9b6c
[Midd4VCServer] Assigning job e2ea1406-68b2-4998-aed8-03b5e17b9b6c to vehicle veh7
[Midd4VCServer] Vehicle veh37 already registered.
[Midd4VCServer] job received: bab421f7-49f2-4c9e-9cdb-4a9fd99c1d23
[Midd4VC] Job 3144fc20-0cbf-4b55-83ba-375d2499ff1b timed out. Re-enqueueing.
[Midd4VCServer] Assigning job 3144fc20-0cbf-4b55-83ba-375d2499ff1b to vehicle veh15
[Midd4VCServer] Assigning job bab421f7-49f2-4c9e-9cdb-4a9fd99c1d23 to vehicle veh18
[Midd4VCServer] job 3144fc20-0cbf-4b55-83ba-375d2499ff1b completed by vehicle veh15
[Midd4VCServer] job received: a0ad07a3-ed90-4794-9d5e-bd880ed2e9dc
[Midd4VCServer] Assigning job a0ad07a3-ed90-4794-9d5e-bd880ed2e9dc to vehicle veh15
[Midd4VCServer] job a0ad07a3-ed90-4794-9d5e-bd880ed2e9dc completed by vehicle veh15
[Midd4VCServer] job received: 878c59bb-50b1-41d9-a2b2-5b325e8fe249
[Midd4VC] Job 54da6a50-6fd0-4d72-81e0-5171d2664afa timed out. Re-enqueueing.
[Midd4VCServer] Assigning job 54da6a50-6fd0-4d72-81e0-5171d2664afa to vehicle veh15
[Midd4VCServer] Assigning job 878c59bb-50b1-41d9-a2b2-5b325e8fe249 to vehicle veh14
[Midd4VCServer] job 54da6a50-6fd0-4d72-81e0-5171d2664afa completed by vehicle veh15
[Midd4VCServer] job received: 7669fc0e-9438-4a7f-9b39-5ba4be1c289f
[Midd4VC] Job a904c79c-3113-4901-9a98-0dc8649fd5a8 timed out. Re-enqueueing.
[Midd4VC] Job 6f3ab2ca-827b-48ac-8ab3-debb291bc380 timed out. Re-enqueueing.
[Midd4VCServer] Assigning job 6f3ab2ca-827b-48ac-8ab3-debb291bc380 to vehicle veh15
[Midd4VCServer] Assigning job a904c79c-3113-4901-9a98-0dc8649fd5a8 to vehicle veh35
[Midd4VCServer] Assigning job 7669fc0e-9438-4a7f-9b39-5ba4be1c289f to vehicle veh6
[Midd4VCServer] job 6f3ab2ca-827b-48ac-8ab3-debb291bc380 completed by vehicle veh15
[Midd4VCServer] Vehicle veh28 already registered.
[Midd4VCServer] job received: 0d549d5f-a1a5-43e7-8005-0ceb0c36675b
[Midd4VCServer] Assigning job 0d549d5f-a1a5-43e7-8005-0ceb0c36675b to vehicle veh15
[Midd4VCServer] job 0d549d5f-a1a5-43e7-8005-0ceb0c36675b completed by vehicle veh15
[Midd4VCServer] Vehicle veh20 already registered.
[Midd4VCServer] Vehicle veh17 already registered.
[Midd4VCServer] job received: 6e6a574e-0784-480c-8e54-37940d6d6d6a
[Midd4VCServer] Assigning job 6e6a574e-0784-480c-8e54-37940d6d6d6a to vehicle veh15
[Midd4VCServer] job 6e6a574e-0784-480c-8e54-37940d6d6d6a completed by vehicle veh15
[Midd4VCServer] Vehicle veh10 already registered.
[Midd4VCServer] job received: c54e7832-8369-43a9-b525-ce2df4cf80ce
[Midd4VC] Job 6c335571-3d1a-4f90-a500-40bd7624d9dd timed out. Re-enqueueing.
[Midd4VCServer] Assigning job 6c335571-3d1a-4f90-a500-40bd7624d9dd to vehicle veh13
[Midd4VCServer] Assigning job c54e7832-8369-43a9-b525-ce2df4cf80ce to vehicle veh15
[Midd4VCServer] job c54e7832-8369-43a9-b525-ce2df4cf80ce completed by vehicle veh15
[Midd4VCServer] job received: f5c0cd55-b172-4645-b481-bebba34d842a
[Midd4VCServer] Assigning job f5c0cd55-b172-4645-b481-bebba34d842a to vehicle veh15
[Midd4VCServer] job f5c0cd55-b172-4645-b481-bebba34d842a completed by vehicle veh15
[Midd4VCServer] job received: 0f2ac3b1-d682-4cb8-a841-267c93bbf06a
[Midd4VC] Job 368c2c01-9b1f-4ab2-8596-6fd7b1646c43 timed out. Re-enqueueing.
[Midd4VCServer] Assigning job 368c2c01-9b1f-4ab2-8596-6fd7b1646c43 to vehicle veh1
[Midd4VCServer] Assigning job 0f2ac3b1-d682-4cb8-a841-267c93bbf06a to vehicle veh15
[Midd4VCServer] job received: a0277404-154b-4ff4-a343-41590d9daf06
[Midd4VCServer] Assigning job a0277404-154b-4ff4-a343-41590d9daf06 to vehicle veh22
[Midd4VCServer] job received: 9ffb09ad-7ab7-4121-8442-be64eb572435
[Midd4VCServer] Assigning job 9ffb09ad-7ab7-4121-8442-be64eb572435 to vehicle veh16
[Midd4VCServer] Vehicle veh14 already registered.
[Midd4VCServer] Vehicle veh32 already registered.
[Midd4VCServer] Vehicle veh15 already registered.
[Midd4VCServer] Vehicle veh22 already registered.
[Midd4VCServer] job received: 29a23cb9-0fef-4498-8dab-4e802f6d95a4
[Midd4VCServer] Assigning job 29a23cb9-0fef-4498-8dab-4e802f6d95a4 to vehicle veh19
[Midd4VCServer] job received: 8263fab9-5395-4718-9167-9302e6f89fe6
[Midd4VC] Job 00a77731-7681-4413-bcee-876a3b0e7c35 timed out. Re-enqueueing.
[Midd4VCServer] Assigning job 00a77731-7681-4413-bcee-876a3b0e7c35 to vehicle veh26
[Midd4VCServer] Assigning job 8263fab9-5395-4718-9167-9302e6f89fe6 to vehicle veh36
[Midd4VCServer] Vehicle veh2 already registered.
[Midd4VCServer] Vehicle veh4 already registered.
[Midd4VCServer] job received: e5b292c9-1afe-4f72-8b04-f49e7de002bb
[Midd4VCServer] Assigning job e5b292c9-1afe-4f72-8b04-f49e7de002bb to vehicle veh5
[Midd4VCServer] job e5b292c9-1afe-4f72-8b04-f49e7de002bb completed by vehicle veh5
[Midd4VCServer] Vehicle veh23 already registered.
[Midd4VCServer] Vehicle veh26 already registered.
[Midd4VCServer] Vehicle veh21 already registered.
[Midd4VCServer] job received: 3e3be3f9-7996-4943-bdad-b064f4655494
[Midd4VCServer] Assigning job 3e3be3f9-7996-4943-bdad-b064f4655494 to vehicle veh9
[Midd4VCServer] job 3e3be3f9-7996-4943-bdad-b064f4655494 completed by vehicle veh9
[Midd4VCServer] Vehicle veh20 already registered.
[Midd4VCServer] job received: a6f25c9c-1578-4c8a-93d5-abb3b3fa587e
[Midd4VC] Job 9a6570c2-64fa-4a1a-ad92-893d1d67b8b5 timed out. Re-enqueueing.
[Midd4VCServer] Assigning job 9a6570c2-64fa-4a1a-ad92-893d1d67b8b5 to vehicle veh12
[Midd4VCServer] Assigning job a6f25c9c-1578-4c8a-93d5-abb3b3fa587e to vehicle veh37
[Midd4VCServer] Vehicle veh33 already registered.
[Midd4VCServer] Vehicle veh14 already registered.
[Midd4VCServer] job received: 0b47a869-058e-45a4-8f85-c4badf6647ad
[Midd4VCServer] Assigning job 0b47a869-058e-45a4-8f85-c4badf6647ad to vehicle veh4
[Midd4VCServer] job 0b47a869-058e-45a4-8f85-c4badf6647ad completed by vehicle veh4
[Midd4VCServer] job received: 87e9bf8f-0527-4153-a9cf-7bc2cfcba636
[Midd4VCServer] Assigning job 87e9bf8f-0527-4153-a9cf-7bc2cfcba636 to vehicle veh34
[Midd4VCServer] job received: 63747855-62b8-4d04-b5d2-9d12e12ec0c3
[Midd4VC] Job 44be3ba7-3dab-4681-a9d8-96acf1a89837 timed out. Re-enqueueing.
[Midd4VCServer] Assigning job 44be3ba7-3dab-4681-a9d8-96acf1a89837 to vehicle veh40
[Midd4VCServer] Assigning job 63747855-62b8-4d04-b5d2-9d12e12ec0c3 to vehicle veh17
[Midd4VCServer] job received: 1007d80f-406d-4602-927e-97643291e830
[Midd4VCServer] Assigning job 1007d80f-406d-4602-927e-97643291e830 to vehicle veh21
[Midd4VCServer] job 1007d80f-406d-4602-927e-97643291e830 completed by vehicle veh21
[Midd4VCServer] Vehicle veh25 already registered.
[Midd4VCServer] Vehicle veh36 already registered.
[Midd4VCServer] job received: d7de31ae-748d-42c2-8019-4fe2599cba7e
[Midd4VCServer] Assigning job d7de31ae-748d-42c2-8019-4fe2599cba7e to vehicle veh38
[Midd4VCServer] Vehicle veh33 already registered.
[Midd4VCServer] Vehicle veh17 already registered.
[Midd4VCServer] job received: 1f21e53a-37f7-40ee-8a1e-a1f76dde11df
[Midd4VCServer] Assigning job 1f21e53a-37f7-40ee-8a1e-a1f76dde11df to vehicle veh5
[Midd4VCServer] job received: 35cd6b0f-e71e-43b1-a680-eaf1d1789b9d
[Midd4VCServer] Assigning job 35cd6b0f-e71e-43b1-a680-eaf1d1789b9d to vehicle veh9
[Midd4VCServer] job received: d0d5ed8d-64f8-4d9c-8e86-e6b4c38c631f
[Midd4VCServer] Assigning job d0d5ed8d-64f8-4d9c-8e86-e6b4c38c631f to vehicle veh4
[Midd4VCServer] job d0d5ed8d-64f8-4d9c-8e86-e6b4c38c631f completed by vehicle veh4
[Midd4VCServer] Vehicle veh37 already registered.
[Midd4VCServer] Vehicle veh1 already registered.
[Midd4VCServer] job received: 3e2ca5c1-b88c-465c-a3f4-2cd0800d0db7
[Midd4VC] Job c057ed2f-dfc4-43ed-82a4-8d112b78874d timed out. Re-enqueueing.
[Midd4VC] Job 5162e384-a801-40b5-b346-411222125ef8 timed out. Re-enqueueing.
[Midd4VC] Job 4c065876-49a7-4d1f-95b4-e3cda6e5db42 timed out. Re-enqueueing.
[Midd4VC] Job f5380b74-984b-4bd2-bdcd-f0ddead87c99 timed out. Re-enqueueing.
[Midd4VCServer] Assigning job f5380b74-984b-4bd2-bdcd-f0ddead87c99 to vehicle veh8
[Midd4VCServer] Assigning job 4c065876-49a7-4d1f-95b4-e3cda6e5db42 to vehicle veh39
[Midd4VCServer] Assigning job 5162e384-a801-40b5-b346-411222125ef8 to vehicle veh3
[Midd4VCServer] Assigning job c057ed2f-dfc4-43ed-82a4-8d112b78874d to vehicle veh29
[Midd4VCServer] Assigning job 3e2ca5c1-b88c-465c-a3f4-2cd0800d0db7 to vehicle veh33
[Midd4VCServer] job 3e2ca5c1-b88c-465c-a3f4-2cd0800d0db7 completed by vehicle veh33
[Midd4VCServer] job received: fa23221e-5792-44c6-a62e-45b4f6ddffca
[Midd4VCServer] Assigning job fa23221e-5792-44c6-a62e-45b4f6ddffca to vehicle veh32
[Midd4VCServer] Vehicle veh35 already registered.
[Midd4VCServer] Vehicle veh13 already registered.
[Midd4VCServer] Vehicle veh10 already registered.
[Midd4VCServer] job received: 54a34086-f66c-4fac-8ad6-084e254ec425
[Midd4VCServer] Assigning job 54a34086-f66c-4fac-8ad6-084e254ec425 to vehicle veh21
[Midd4VCServer] job 54a34086-f66c-4fac-8ad6-084e254ec425 completed by vehicle veh21
[Midd4VCServer] Vehicle veh3 already registered.
[Midd4VCServer] job received: 8c26696a-294f-4f6e-8f6b-0f897bb5bf0e
[Midd4VC] Job a22b3de0-fa45-4653-a367-1948942825e9 timed out. Re-enqueueing.
[Midd4VCServer] Assigning job a22b3de0-fa45-4653-a367-1948942825e9 to vehicle veh24
[Midd4VCServer] Assigning job 8c26696a-294f-4f6e-8f6b-0f897bb5bf0e to vehicle veh4
[Midd4VCServer] job a22b3de0-fa45-4653-a367-1948942825e9 completed by vehicle veh24
[Midd4VCServer] Vehicle veh6 already registered.
[Midd4VCServer] job received: 411442d3-6966-43e0-bf06-1ea420263deb
[Midd4VCServer] Assigning job 411442d3-6966-43e0-bf06-1ea420263deb to vehicle veh24
[Midd4VCServer] job 411442d3-6966-43e0-bf06-1ea420263deb completed by vehicle veh24
[Midd4VCServer] Vehicle veh39 already registered.
[Midd4VCServer] Vehicle veh24 already registered.
[Midd4VCServer] Vehicle veh23 already registered.
[Midd4VCServer] job received: a6410ec8-414c-4c85-adb6-ee2d5b4c77c6
[Midd4VCServer] Assigning job a6410ec8-414c-4c85-adb6-ee2d5b4c77c6 to vehicle veh24
[Midd4VCServer] job a6410ec8-414c-4c85-adb6-ee2d5b4c77c6 completed by vehicle veh24
[Midd4VCServer] Vehicle veh16 already registered.
[Midd4VCServer] Vehicle veh36 already registered.
[Midd4VCServer] Vehicle veh35 already registered.
[Midd4VCServer] job received: c0fa611c-11d9-4e95-8f44-44b77158cff1
[Midd4VC] Job bf803ca0-70a0-4b4e-b9d9-5cff8b673ca6 timed out. Re-enqueueing.
[Midd4VC] Job dd108d24-ad88-41d8-b423-4df6b323bad4 timed out. Re-enqueueing.
[Midd4VC] Job 5d9bfcda-b884-48f3-8aae-10abc587d689 timed out. Re-enqueueing.
[Midd4VCServer] Assigning job 5d9bfcda-b884-48f3-8aae-10abc587d689 to vehicle veh27
[Midd4VCServer] Assigning job dd108d24-ad88-41d8-b423-4df6b323bad4 to vehicle veh23
[Midd4VCServer] Assigning job bf803ca0-70a0-4b4e-b9d9-5cff8b673ca6 to vehicle veh20
[Midd4VCServer] Assigning job c0fa611c-11d9-4e95-8f44-44b77158cff1 to vehicle veh24
[Midd4VCServer] job dd108d24-ad88-41d8-b423-4df6b323bad4 completed by vehicle veh23
[Midd4VCServer] job c0fa611c-11d9-4e95-8f44-44b77158cff1 completed by vehicle veh24
[Midd4VCServer] job 5d9bfcda-b884-48f3-8aae-10abc587d689 completed by vehicle veh27
[Midd4VCServer] job received: 76958638-c2b2-4386-8b67-f016fae8ae8b
[Midd4VCServer] Assigning job 76958638-c2b2-4386-8b67-f016fae8ae8b to vehicle veh27
[Midd4VCServer] job 76958638-c2b2-4386-8b67-f016fae8ae8b completed by vehicle veh27
[Midd4VCServer] Vehicle veh28 already registered.
[Midd4VCServer] job received: e67feebb-88e0-436b-bf02-17bf37a29178
[Midd4VCServer] Assigning job e67feebb-88e0-436b-bf02-17bf37a29178 to vehicle veh27
[Midd4VCServer] Vehicle veh40 already registered.
[Midd4VCServer] job received: bbeee85d-7a17-49c6-a84b-a2500ef4b82f
[Midd4VC] Job 7096b526-6886-48c8-8393-14074247ea22 timed out. Re-enqueueing.
[Midd4VCServer] Assigning job 7096b526-6886-48c8-8393-14074247ea22 to vehicle veh23
[Midd4VCServer] Assigning job bbeee85d-7a17-49c6-a84b-a2500ef4b82f to vehicle veh2
[Midd4VCServer] job 7096b526-6886-48c8-8393-14074247ea22 completed by vehicle veh23
[Midd4VCServer] job received: 6324c996-0e59-4bfa-86b4-fb1448e2b3e1
[Midd4VC] Job dab3dbd1-6335-4cfe-b69a-9f71134c91db timed out. Re-enqueueing.
[Midd4VCServer] Assigning job dab3dbd1-6335-4cfe-b69a-9f71134c91db to vehicle veh31
[Midd4VCServer] Assigning job 6324c996-0e59-4bfa-86b4-fb1448e2b3e1 to vehicle veh23
[Midd4VCServer] job 6324c996-0e59-4bfa-86b4-fb1448e2b3e1 completed by vehicle veh23
[Midd4VCServer] job received: 3135c032-4b9a-4d11-a29d-46ae83ca71f6
[Midd4VCServer] Assigning job 3135c032-4b9a-4d11-a29d-46ae83ca71f6 to vehicle veh23
[Midd4VCServer] job 3135c032-4b9a-4d11-a29d-46ae83ca71f6 completed by vehicle veh23
[Midd4VCServer] Vehicle veh20 already registered.
[Midd4VCServer] job received: 4b400b61-1d14-4eb8-a80a-36bdcb98fea4
[Midd4VC] Job 3edca9df-b3e1-4a69-8f22-4e1abeba77d1 timed out. Re-enqueueing.
[Midd4VCServer] Assigning job 3edca9df-b3e1-4a69-8f22-4e1abeba77d1 to vehicle veh28
[Midd4VCServer] Assigning job 4b400b61-1d14-4eb8-a80a-36bdcb98fea4 to vehicle veh24
[Midd4VCServer] job 3edca9df-b3e1-4a69-8f22-4e1abeba77d1 completed by vehicle veh28
[Midd4VCServer] job 4b400b61-1d14-4eb8-a80a-36bdcb98fea4 completed by vehicle veh24
[Midd4VCServer] Vehicle veh15 already registered.
[Midd4VCServer] job received: 34aebe5b-8935-4f78-a786-4d2569cb5449
[Midd4VCServer] Assigning job 34aebe5b-8935-4f78-a786-4d2569cb5449 to vehicle veh28
[Midd4VCServer] job 34aebe5b-8935-4f78-a786-4d2569cb5449 completed by vehicle veh28
[Midd4VCServer] Vehicle veh11 already registered.
[Midd4VCServer] job received: 273dd82e-6677-491f-8af0-36beddd7660a
[Midd4VC] Job 1fc81caf-7435-4d57-ac52-9e10cc0686b5 timed out. Re-enqueueing.
[Midd4VC] Job 5be33fb5-617e-4a82-aff2-1cdb8064b448 timed out. Re-enqueueing.
[Midd4VCServer] Assigning job 5be33fb5-617e-4a82-aff2-1cdb8064b448 to vehicle veh30
[Midd4VCServer] Assigning job 1fc81caf-7435-4d57-ac52-9e10cc0686b5 to vehicle veh11
[Midd4VCServer] Assigning job 273dd82e-6677-491f-8af0-36beddd7660a to vehicle veh28
[Midd4VCServer] job 1fc81caf-7435-4d57-ac52-9e10cc0686b5 completed by vehicle veh11
[Midd4VCServer] job 273dd82e-6677-491f-8af0-36beddd7660a completed by vehicle veh28
[Midd4VCServer] Vehicle veh14 already registered.
[Midd4VCServer] Vehicle veh38 already registered.
[Midd4VCServer] Vehicle veh18 already registered.
[Midd4VCServer] job received: b9a31f98-a609-48cb-a2a1-6b8db8478f15
[Midd4VC] Job ae7c5fb6-dcca-43fb-aa96-6eca0111c595 timed out. Re-enqueueing.
[Midd4VC] Job ff7d9b79-a4c1-4bc8-b5cf-8d6735ab4935 timed out. Re-enqueueing.
[Midd4VC] Job e2ea1406-68b2-4998-aed8-03b5e17b9b6c timed out. Re-enqueueing.
[Midd4VC] Job bab421f7-49f2-4c9e-9cdb-4a9fd99c1d23 timed out. Re-enqueueing.
[Midd4VCServer] Assigning job bab421f7-49f2-4c9e-9cdb-4a9fd99c1d23 to vehicle veh25
[Midd4VCServer] Assigning job e2ea1406-68b2-4998-aed8-03b5e17b9b6c to vehicle veh10
[Midd4VCServer] Assigning job ff7d9b79-a4c1-4bc8-b5cf-8d6735ab4935 to vehicle veh7
[Midd4VCServer] Assigning job ae7c5fb6-dcca-43fb-aa96-6eca0111c595 to vehicle veh18
[Midd4VCServer] Assigning job b9a31f98-a609-48cb-a2a1-6b8db8478f15 to vehicle veh11
[Midd4VCServer] job e2ea1406-68b2-4998-aed8-03b5e17b9b6c completed by vehicle veh10
[Midd4VCServer] job b9a31f98-a609-48cb-a2a1-6b8db8478f15 completed by vehicle veh11
[Midd4VCServer] job ae7c5fb6-dcca-43fb-aa96-6eca0111c595 completed by vehicle veh18
[Midd4VCServer] Vehicle veh6 already registered.
[Midd4VCServer] Vehicle veh30 already registered.
[Midd4VCServer] Vehicle veh2 already registered.
[Midd4VCServer] Vehicle veh4 already registered.
[Midd4VCServer] job received: a3f118c2-064c-4834-96df-edc85cca5ab3
[Midd4VC] Job 878c59bb-50b1-41d9-a2b2-5b325e8fe249 timed out. Re-enqueueing.
[Midd4VCServer] Assigning job 878c59bb-50b1-41d9-a2b2-5b325e8fe249 to vehicle veh14
[Midd4VCServer] Assigning job a3f118c2-064c-4834-96df-edc85cca5ab3 to vehicle veh10
[Midd4VCServer] job a3f118c2-064c-4834-96df-edc85cca5ab3 completed by vehicle veh10
[Midd4VCServer] job received: 5f3f26bf-abe5-436f-b88c-bf125b7f7601
[Midd4VC] Job a904c79c-3113-4901-9a98-0dc8649fd5a8 timed out. Re-enqueueing.
[Midd4VC] Job 7669fc0e-9438-4a7f-9b39-5ba4be1c289f timed out. Re-enqueueing.
[Midd4VCServer] Assigning job 7669fc0e-9438-4a7f-9b39-5ba4be1c289f to vehicle veh35
[Midd4VCServer] Assigning job a904c79c-3113-4901-9a98-0dc8649fd5a8 to vehicle veh6
[Midd4VCServer] Assigning job 5f3f26bf-abe5-436f-b88c-bf125b7f7601 to vehicle veh18
[Midd4VCServer] job a904c79c-3113-4901-9a98-0dc8649fd5a8 completed by vehicle veh6
[Midd4VCServer] job 5f3f26bf-abe5-436f-b88c-bf125b7f7601 completed by vehicle veh18
[Midd4VCServer] job received: 1a2287b8-d5b3-4cbb-86b9-cd0099fe4315
[Midd4VCServer] Assigning job 1a2287b8-d5b3-4cbb-86b9-cd0099fe4315 to vehicle veh6
[Midd4VCServer] job 1a2287b8-d5b3-4cbb-86b9-cd0099fe4315 completed by vehicle veh6
[Midd4VCServer] job received: e9fb3972-0963-4aa0-a929-ee759294f333
[Midd4VCServer] Assigning job e9fb3972-0963-4aa0-a929-ee759294f333 to vehicle veh6
[Midd4VCServer] job e9fb3972-0963-4aa0-a929-ee759294f333 completed by vehicle veh6
[Midd4VCServer] job received: 406ec973-a452-449f-acbf-4cb8153d2bcb
[Midd4VCServer] Assigning job 406ec973-a452-449f-acbf-4cb8153d2bcb to vehicle veh6
[Midd4VCServer] job 406ec973-a452-449f-acbf-4cb8153d2bcb completed by vehicle veh6
[Midd4VCServer] job received: b47a7b1a-c007-48f2-9a09-3179a3280674
[Midd4VCServer] Assigning job b47a7b1a-c007-48f2-9a09-3179a3280674 to vehicle veh11
[Midd4VCServer] job b47a7b1a-c007-48f2-9a09-3179a3280674 completed by vehicle veh11
[Midd4VCServer] job received: d340f7de-729e-4c9a-ac4d-9a5663696380
[Midd4VCServer] Assigning job d340f7de-729e-4c9a-ac4d-9a5663696380 to vehicle veh10
[Midd4VCServer] job d340f7de-729e-4c9a-ac4d-9a5663696380 completed by vehicle veh10
[Midd4VCServer] job received: 80506f21-7ae8-418b-881c-c35cf7b52d10
[Midd4VCServer] Assigning job 80506f21-7ae8-418b-881c-c35cf7b52d10 to vehicle veh18
[Midd4VCServer] Vehicle veh3 already registered.
[Midd4VCServer] Vehicle veh38 already registered.
[Midd4VCServer] job received: 114b0164-5d60-4d2f-ad66-69a1aff2c895
[Midd4VC] Job 6c335571-3d1a-4f90-a500-40bd7624d9dd timed out. Re-enqueueing.
[Midd4VC] Job 368c2c01-9b1f-4ab2-8596-6fd7b1646c43 timed out. Re-enqueueing.
[Midd4VC] Job 0f2ac3b1-d682-4cb8-a841-267c93bbf06a timed out. Re-enqueueing.
[Midd4VCServer] Assigning job 0f2ac3b1-d682-4cb8-a841-267c93bbf06a to vehicle veh13
[Midd4VCServer] Assigning job 368c2c01-9b1f-4ab2-8596-6fd7b1646c43 to vehicle veh1
[Midd4VCServer] Assigning job 6c335571-3d1a-4f90-a500-40bd7624d9dd to vehicle veh15
[Midd4VCServer] Assigning job 114b0164-5d60-4d2f-ad66-69a1aff2c895 to vehicle veh23
[Midd4VCServer] job 0f2ac3b1-d682-4cb8-a841-267c93bbf06a completed by vehicle veh13
[Midd4VCServer] job 114b0164-5d60-4d2f-ad66-69a1aff2c895 completed by vehicle veh23
[Midd4VCServer] job received: 40484fed-5851-45a4-aaaf-bbdca3d162fe
[Midd4VCServer] Assigning job 40484fed-5851-45a4-aaaf-bbdca3d162fe to vehicle veh13
[Midd4VCServer] job 40484fed-5851-45a4-aaaf-bbdca3d162fe completed by vehicle veh13
[Midd4VCServer] Vehicle veh8 already registered.
[Midd4VCServer] job received: 13c76fb4-a81f-42da-a7a6-386de45889fe
[Midd4VC] Job a0277404-154b-4ff4-a343-41590d9daf06 timed out. Re-enqueueing.
[Midd4VC] Job 9ffb09ad-7ab7-4121-8442-be64eb572435 timed out. Re-enqueueing.
[Midd4VCServer] Assigning job 9ffb09ad-7ab7-4121-8442-be64eb572435 to vehicle veh13
[Midd4VCServer] Assigning job a0277404-154b-4ff4-a343-41590d9daf06 to vehicle veh22
[Midd4VCServer] Assigning job 13c76fb4-a81f-42da-a7a6-386de45889fe to vehicle veh16
[Midd4VCServer] job 9ffb09ad-7ab7-4121-8442-be64eb572435 completed by vehicle veh13
[Midd4VCServer] job received: 9ff35fcd-1b24-41ec-b9af-63917ce84cab
[Midd4VCServer] Assigning job 9ff35fcd-1b24-41ec-b9af-63917ce84cab to vehicle veh13
[Midd4VCServer] job 9ff35fcd-1b24-41ec-b9af-63917ce84cab completed by vehicle veh13
[Midd4VCServer] Vehicle veh29 already registered.
[Midd4VCServer] Vehicle veh32 already registered.
[Midd4VCServer] Vehicle veh9 already registered.
[Midd4VCServer] job received: 54fde782-5705-400a-934f-ef7dc51875cf
[Midd4VC] Job 29a23cb9-0fef-4498-8dab-4e802f6d95a4 timed out. Re-enqueueing.
[Midd4VC] Job 00a77731-7681-4413-bcee-876a3b0e7c35 timed out. Re-enqueueing.
[Midd4VC] Job 8263fab9-5395-4718-9167-9302e6f89fe6 timed out. Re-enqueueing.
[Midd4VCServer] Assigning job 8263fab9-5395-4718-9167-9302e6f89fe6 to vehicle veh26
[Midd4VCServer] Assigning job 00a77731-7681-4413-bcee-876a3b0e7c35 to vehicle veh13
[Midd4VCServer] Assigning job 29a23cb9-0fef-4498-8dab-4e802f6d95a4 to vehicle veh19
[Midd4VCServer] Assigning job 54fde782-5705-400a-934f-ef7dc51875cf to vehicle veh36
[Midd4VCServer] job 00a77731-7681-4413-bcee-876a3b0e7c35 completed by vehicle veh13
[Midd4VCServer] Vehicle veh23 already registered.
[Midd4VCServer] Vehicle veh28 already registered.
[Midd4VCServer] job received: 5c6b5bb3-e11a-4154-b653-b6a9c6f28b66
[Midd4VCServer] Assigning job 5c6b5bb3-e11a-4154-b653-b6a9c6f28b66 to vehicle veh13
[Midd4VCServer] job 5c6b5bb3-e11a-4154-b653-b6a9c6f28b66 completed by vehicle veh13
[Midd4VCServer] Vehicle veh21 already registered.
[Midd4VCServer] job received: 7debfbb2-4abe-4d6f-9e9c-ff93f95adf50
[Midd4VCServer] Assigning job 7debfbb2-4abe-4d6f-9e9c-ff93f95adf50 to vehicle veh13
[Midd4VCServer] job 7debfbb2-4abe-4d6f-9e9c-ff93f95adf50 completed by vehicle veh13
[Midd4VCServer] job received: 25605212-3243-46d6-9f9e-5f50207304ce
[Midd4VCServer] Assigning job 25605212-3243-46d6-9f9e-5f50207304ce to vehicle veh13
[Midd4VCServer] job 25605212-3243-46d6-9f9e-5f50207304ce completed by vehicle veh13
[Midd4VCServer] Vehicle veh4 already registered.
[Midd4VCServer] job received: fcd904a1-77cb-4fc2-abb5-c3223e82de33
[Midd4VCServer] Assigning job fcd904a1-77cb-4fc2-abb5-c3223e82de33 to vehicle veh13
[Midd4VCServer] job received: f931c2b9-df01-4db1-9144-44545c07fa1c
[Midd4VCServer] Assigning job f931c2b9-df01-4db1-9144-44545c07fa1c to vehicle veh33
[Midd4VCServer] job fcd904a1-77cb-4fc2-abb5-c3223e82de33 completed by vehicle veh13
[Midd4VCServer] job f931c2b9-df01-4db1-9144-44545c07fa1c completed by vehicle veh33
[Midd4VCServer] job received: 0a4cf646-fb90-427c-8d79-e683cdd5787e
[Midd4VC] Job 9a6570c2-64fa-4a1a-ad92-893d1d67b8b5 timed out. Re-enqueueing.
[Midd4VC] Job a6f25c9c-1578-4c8a-93d5-abb3b3fa587e timed out. Re-enqueueing.
[Midd4VCServer] Assigning job a6f25c9c-1578-4c8a-93d5-abb3b3fa587e to vehicle veh12
[Midd4VCServer] Assigning job 9a6570c2-64fa-4a1a-ad92-893d1d67b8b5 to vehicle veh37
[Midd4VCServer] Assigning job 0a4cf646-fb90-427c-8d79-e683cdd5787e to vehicle veh13
[Midd4VCServer] job 0a4cf646-fb90-427c-8d79-e683cdd5787e completed by vehicle veh13
[Midd4VCServer] job received: e5ffc01a-fa2f-403a-a51b-f172a6a8e6ab
[Midd4VCServer] Assigning job e5ffc01a-fa2f-403a-a51b-f172a6a8e6ab to vehicle veh13
[Midd4VCServer] job e5ffc01a-fa2f-403a-a51b-f172a6a8e6ab completed by vehicle veh13
[Midd4VCServer] job received: a6ed53b1-a8c9-41e1-b920-60065a4bb76d
[Midd4VC] Job 87e9bf8f-0527-4153-a9cf-7bc2cfcba636 timed out. Re-enqueueing.
[Midd4VCServer] Assigning job 87e9bf8f-0527-4153-a9cf-7bc2cfcba636 to vehicle veh34
[Midd4VCServer] Assigning job a6ed53b1-a8c9-41e1-b920-60065a4bb76d to vehicle veh6
[Midd4VCServer] Vehicle veh31 already registered.
[Midd4VCServer] Vehicle veh5 already registered.
[Midd4VCServer] job received: ef2b24a3-ea32-4549-a046-6bd22fee37a7
[Midd4VC] Job 44be3ba7-3dab-4681-a9d8-96acf1a89837 timed out. Re-enqueueing.
[Midd4VC] Job 63747855-62b8-4d04-b5d2-9d12e12ec0c3 timed out. Re-enqueueing.
[Midd4VCServer] Assigning job 63747855-62b8-4d04-b5d2-9d12e12ec0c3 to vehicle veh40
[Midd4VCServer] Assigning job 44be3ba7-3dab-4681-a9d8-96acf1a89837 to vehicle veh17
[Midd4VCServer] Assigning job ef2b24a3-ea32-4549-a046-6bd22fee37a7 to vehicle veh28
[Midd4VCServer] job 63747855-62b8-4d04-b5d2-9d12e12ec0c3 completed by vehicle veh40
[Midd4VCServer] job ef2b24a3-ea32-4549-a046-6bd22fee37a7 completed by vehicle veh28
[Midd4VCServer] Vehicle veh24 already registered.
[Midd4VCServer] Vehicle veh15 already registered.
[Midd4VCServer] Vehicle veh27 already registered.
[Midd4VCServer] Vehicle veh12 already registered.
[Midd4VCServer] job received: 5d602be8-307d-4072-8320-63580504a947
[Midd4VC] Job d7de31ae-748d-42c2-8019-4fe2599cba7e timed out. Re-enqueueing.
[Midd4VC] Job 1f21e53a-37f7-40ee-8a1e-a1f76dde11df timed out. Re-enqueueing.
[Midd4VC] Job 35cd6b0f-e71e-43b1-a680-eaf1d1789b9d timed out. Re-enqueueing.
[Midd4VC] Job f5380b74-984b-4bd2-bdcd-f0ddead87c99 timed out. Re-enqueueing.
[Midd4VC] Job 4c065876-49a7-4d1f-95b4-e3cda6e5db42 timed out. Re-enqueueing.
[Midd4VC] Job 5162e384-a801-40b5-b346-411222125ef8 timed out. Re-enqueueing.
[Midd4VC] Job c057ed2f-dfc4-43ed-82a4-8d112b78874d timed out. Re-enqueueing.
[Midd4VCServer] Assigning job c057ed2f-dfc4-43ed-82a4-8d112b78874d to vehicle veh8
[Midd4VCServer] Assigning job 5162e384-a801-40b5-b346-411222125ef8 to vehicle veh39
[Midd4VCServer] Assigning job 4c065876-49a7-4d1f-95b4-e3cda6e5db42 to vehicle veh3
[Midd4VCServer] Assigning job f5380b74-984b-4bd2-bdcd-f0ddead87c99 to vehicle veh29
[Midd4VCServer] Assigning job 35cd6b0f-e71e-43b1-a680-eaf1d1789b9d to vehicle veh40
[Midd4VCServer] Assigning job 1f21e53a-37f7-40ee-8a1e-a1f76dde11df to vehicle veh38
[Midd4VCServer] Assigning job d7de31ae-748d-42c2-8019-4fe2599cba7e to vehicle veh5
[Midd4VCServer] Assigning job 5d602be8-307d-4072-8320-63580504a947 to vehicle veh9
[Midd4VCServer] job 35cd6b0f-e71e-43b1-a680-eaf1d1789b9d completed by vehicle veh40
[Midd4VCServer] job f5380b74-984b-4bd2-bdcd-f0ddead87c99 completed by vehicle veh29
[Midd4VCServer] job 5d602be8-307d-4072-8320-63580504a947 completed by vehicle veh9
[Midd4VCServer] job d7de31ae-748d-42c2-8019-4fe2599cba7e completed by vehicle veh5
[Midd4VCServer] job 1f21e53a-37f7-40ee-8a1e-a1f76dde11df completed by vehicle veh38
[Midd4VCServer] Vehicle veh30 already registered.
[Midd4VCServer] job received: 3fae96e8-2018-468d-bc60-2ffc86ff0d92
[Midd4VCServer] Assigning job 3fae96e8-2018-468d-bc60-2ffc86ff0d92 to vehicle veh29
[Midd4VCServer] job 3fae96e8-2018-468d-bc60-2ffc86ff0d92 completed by vehicle veh29
[Midd4VCServer] job received: 16a9f512-ce1f-49cd-9659-80dd73e6a679
[Midd4VC] Job fa23221e-5792-44c6-a62e-45b4f6ddffca timed out. Re-enqueueing.
[Midd4VCServer] Assigning job fa23221e-5792-44c6-a62e-45b4f6ddffca to vehicle veh40
[Midd4VCServer] Assigning job 16a9f512-ce1f-49cd-9659-80dd73e6a679 to vehicle veh29
[Midd4VCServer] job fa23221e-5792-44c6-a62e-45b4f6ddffca completed by vehicle veh40
[Midd4VCServer] job 16a9f512-ce1f-49cd-9659-80dd73e6a679 completed by vehicle veh29
[Midd4VCServer] job received: 1daf83ca-9d79-4149-9830-9d7f3632b71b
[Midd4VCServer] Assigning job 1daf83ca-9d79-4149-9830-9d7f3632b71b to vehicle veh32
[Midd4VCServer] job 1daf83ca-9d79-4149-9830-9d7f3632b71b completed by vehicle veh32
[Midd4VCServer] job received: 79508104-2995-48e6-b6de-44f63c4b8765
[Midd4VCServer] Assigning job 79508104-2995-48e6-b6de-44f63c4b8765 to vehicle veh38
[Midd4VCServer] job 79508104-2995-48e6-b6de-44f63c4b8765 completed by vehicle veh38
[Midd4VCServer] job received: 03252c82-1dd6-4566-a201-c46dbe555271
[Midd4VCServer] Assigning job 03252c82-1dd6-4566-a201-c46dbe555271 to vehicle veh40
[Midd4VCServer] job 03252c82-1dd6-4566-a201-c46dbe555271 completed by vehicle veh40
[Midd4VCServer] job received: 1e890ed3-c8b5-48b1-b5c9-fd74bb5856bd
[Midd4VCServer] Assigning job 1e890ed3-c8b5-48b1-b5c9-fd74bb5856bd to vehicle veh29
[Midd4VCServer] job 1e890ed3-c8b5-48b1-b5c9-fd74bb5856bd completed by vehicle veh29
[Midd4VCServer] Vehicle veh18 already registered.
[Midd4VCServer] job received: 2a222c7e-91bd-4633-a181-d84900d2bc91
[Midd4VCServer] Assigning job 2a222c7e-91bd-4633-a181-d84900d2bc91 to vehicle veh5
[Midd4VCServer] job 2a222c7e-91bd-4633-a181-d84900d2bc91 completed by vehicle veh5
[Midd4VCServer] Vehicle veh8 already registered.
[Midd4VCServer] job received: 8d63e17d-1caa-4f2e-935f-7c79e0b5917a
[Midd4VC] Job 8c26696a-294f-4f6e-8f6b-0f897bb5bf0e timed out. Re-enqueueing.
[Midd4VCServer] Assigning job 8c26696a-294f-4f6e-8f6b-0f897bb5bf0e to vehicle veh9
[Midd4VCServer] Assigning job 8d63e17d-1caa-4f2e-935f-7c79e0b5917a to vehicle veh4
[Midd4VCServer] job 8d63e17d-1caa-4f2e-935f-7c79e0b5917a completed by vehicle veh4
[Midd4VCServer] job 8c26696a-294f-4f6e-8f6b-0f897bb5bf0e completed by vehicle veh9
[Midd4VCServer] Vehicle veh25 already registered.
[Midd4VCServer] Vehicle veh17 already registered.
[Midd4VCServer] job received: e55a2c6e-ae32-403e-9c1f-09ce8076ec97
[Midd4VCServer] Assigning job e55a2c6e-ae32-403e-9c1f-09ce8076ec97 to vehicle veh32
[Midd4VCServer] job e55a2c6e-ae32-403e-9c1f-09ce8076ec97 completed by vehicle veh32
[Midd4VCServer] job received: 189cffc7-f5ba-4be4-9196-04fea6e7f9f3
[Midd4VC] Job bf803ca0-70a0-4b4e-b9d9-5cff8b673ca6 timed out. Re-enqueueing.
[Midd4VC] Job e67feebb-88e0-436b-bf02-17bf37a29178 timed out. Re-enqueueing.
[Midd4VCServer] Assigning job e67feebb-88e0-436b-bf02-17bf37a29178 to vehicle veh27
[Midd4VCServer] Assigning job bf803ca0-70a0-4b4e-b9d9-5cff8b673ca6 to vehicle veh20
[Midd4VCServer] Assigning job 189cffc7-f5ba-4be4-9196-04fea6e7f9f3 to vehicle veh13
[Midd4VCServer] job bf803ca0-70a0-4b4e-b9d9-5cff8b673ca6 completed by vehicle veh20
[Midd4VCServer] job received: c1fb45c2-ae71-4754-84bc-f261cca14c6d
[Midd4VCServer] Assigning job c1fb45c2-ae71-4754-84bc-f261cca14c6d to vehicle veh20
[Midd4VCServer] job c1fb45c2-ae71-4754-84bc-f261cca14c6d completed by vehicle veh20
[Midd4VCServer] job received: 01df6462-976e-40b1-98f6-fd21557883b6
[Midd4VC] Job bbeee85d-7a17-49c6-a84b-a2500ef4b82f timed out. Re-enqueueing.
[Midd4VC] Job dab3dbd1-6335-4cfe-b69a-9f71134c91db timed out. Re-enqueueing.
[Midd4VCServer] Assigning job dab3dbd1-6335-4cfe-b69a-9f71134c91db to vehicle veh2
[Midd4VCServer] Assigning job bbeee85d-7a17-49c6-a84b-a2500ef4b82f to vehicle veh31
[Midd4VCServer] Assigning job 01df6462-976e-40b1-98f6-fd21557883b6 to vehicle veh20
[Midd4VCServer] Vehicle veh11 already registered.
[Midd4VCServer] Vehicle veh39 already registered.
[Midd4VCServer] Vehicle veh16 already registered.
[Midd4VCServer] job received: 58ac10af-4f2e-43bc-a46e-8542577b959c
[Midd4VCServer] Assigning job 58ac10af-4f2e-43bc-a46e-8542577b959c to vehicle veh11
[Midd4VCServer] job 58ac10af-4f2e-43bc-a46e-8542577b959c completed by vehicle veh11
[Midd4VCServer] job received: 5c20fe5b-438e-41c8-944d-b736604097cf
[Midd4VCServer] Assigning job 5c20fe5b-438e-41c8-944d-b736604097cf to vehicle veh21
[Midd4VCServer] job 5c20fe5b-438e-41c8-944d-b736604097cf completed by vehicle veh21
[Midd4VCServer] Vehicle veh36 already registered.
[Midd4VCServer] Vehicle veh35 already registered.
[Midd4VCServer] job received: 852b1c02-e8b4-4302-a4d4-0bb0f21bc920
[Midd4VC] Job 5be33fb5-617e-4a82-aff2-1cdb8064b448 timed out. Re-enqueueing.
[Midd4VCServer] Assigning job 5be33fb5-617e-4a82-aff2-1cdb8064b448 to vehicle veh30
[Midd4VCServer] Assigning job 852b1c02-e8b4-4302-a4d4-0bb0f21bc920 to vehicle veh10
[Midd4VCServer] job received: 89fd9041-9fac-4bba-9afa-75b038da62cf
[Midd4VCServer] Assigning job 89fd9041-9fac-4bba-9afa-75b038da62cf to vehicle veh38
[Midd4VCServer] job 89fd9041-9fac-4bba-9afa-75b038da62cf completed by vehicle veh38
[Midd4VCServer] Vehicle veh21 already registered.
[Midd4VCServer] Vehicle veh22 already registered.
[Midd4VCServer] job received: 15adf9dc-3668-4c47-806e-26ad4ebc9e84
[Midd4VCServer] Assigning job 15adf9dc-3668-4c47-806e-26ad4ebc9e84 to vehicle veh40
[Midd4VCServer] Vehicle veh20 already registered.
[Midd4VCServer] Vehicle veh31 already registered.
[Midd4VCServer] job received: 4a4abda8-c855-4668-b13d-5dced21117a6
[Midd4VCServer] Assigning job 4a4abda8-c855-4668-b13d-5dced21117a6 to vehicle veh24
[Midd4VCServer] job received: fa7dafde-1c5d-474e-8366-1c5a088f2f44
[Midd4VCServer] Assigning job fa7dafde-1c5d-474e-8366-1c5a088f2f44 to vehicle veh29
[Midd4VCServer] job fa7dafde-1c5d-474e-8366-1c5a088f2f44 completed by vehicle veh29
[Midd4VCServer] job received: aa69a319-95c1-4ff8-bf86-29a38148db20
[Midd4VCServer] Assigning job aa69a319-95c1-4ff8-bf86-29a38148db20 to vehicle veh5
[Midd4VCServer] job aa69a319-95c1-4ff8-bf86-29a38148db20 completed by vehicle veh5
[Midd4VCServer] Vehicle veh6 already registered.
[Midd4VCServer] job received: 6194c894-2206-43e3-ab32-6bbd2f4ab312
[Midd4VC] Job bab421f7-49f2-4c9e-9cdb-4a9fd99c1d23 timed out. Re-enqueueing.
[Midd4VC] Job ff7d9b79-a4c1-4bc8-b5cf-8d6735ab4935 timed out. Re-enqueueing.
[Midd4VCServer] Assigning job ff7d9b79-a4c1-4bc8-b5cf-8d6735ab4935 to vehicle veh25
[Midd4VCServer] Assigning job bab421f7-49f2-4c9e-9cdb-4a9fd99c1d23 to vehicle veh7
[Midd4VCServer] Assigning job 6194c894-2206-43e3-ab32-6bbd2f4ab312 to vehicle veh9
[Midd4VCServer] job 6194c894-2206-43e3-ab32-6bbd2f4ab312 completed by vehicle veh9
[Midd4VCServer] job ff7d9b79-a4c1-4bc8-b5cf-8d6735ab4935 completed by vehicle veh25
[Midd4VCServer] job received: 9bb1a7ca-c2a3-4c5f-94aa-bed53646fe4b
[Midd4VCServer] Assigning job 9bb1a7ca-c2a3-4c5f-94aa-bed53646fe4b to vehicle veh25
[Midd4VCServer] job 9bb1a7ca-c2a3-4c5f-94aa-bed53646fe4b completed by vehicle veh25
[Midd4VCServer] Vehicle veh30 already registered.
[Midd4VCServer] Vehicle veh10 already registered.
[Midd4VCServer] job received: a41875e2-4cfb-4e41-99e1-f1ffd53a5d52
[Midd4VC] Job 878c59bb-50b1-41d9-a2b2-5b325e8fe249 timed out. Re-enqueueing.
[Midd4VC] Job 7669fc0e-9438-4a7f-9b39-5ba4be1c289f timed out. Re-enqueueing.
[Midd4VCServer] Assigning job 7669fc0e-9438-4a7f-9b39-5ba4be1c289f to vehicle veh35
[Midd4VCServer] Assigning job 878c59bb-50b1-41d9-a2b2-5b325e8fe249 to vehicle veh14
[Midd4VCServer] Assigning job a41875e2-4cfb-4e41-99e1-f1ffd53a5d52 to vehicle veh25
[Midd4VCServer] job 7669fc0e-9438-4a7f-9b39-5ba4be1c289f completed by vehicle veh35
[Midd4VCServer] job a41875e2-4cfb-4e41-99e1-f1ffd53a5d52 completed by vehicle veh25
[Midd4VCServer] Vehicle veh32 already registered.
[Midd4VCServer] Vehicle veh39 already registered.
[Midd4VCServer] Vehicle veh26 already registered.
[Midd4VCServer] Vehicle veh1 already registered.
[Midd4VCServer] job received: 511fc2bc-f1a8-41d0-b613-e2e84f5548fa
[Midd4VCServer] Assigning job 511fc2bc-f1a8-41d0-b613-e2e84f5548fa to vehicle veh35
[Midd4VCServer] job 511fc2bc-f1a8-41d0-b613-e2e84f5548fa completed by vehicle veh35
[Midd4VCServer] Vehicle veh25 already registered.
[Midd4VCServer] job received: 60a04380-3a14-4e1e-a97c-beadcca34e22
[Midd4VC] Job 80506f21-7ae8-418b-881c-c35cf7b52d10 timed out. Re-enqueueing.
[Midd4VCServer] Assigning job 80506f21-7ae8-418b-881c-c35cf7b52d10 to vehicle veh35
[Midd4VCServer] Assigning job 60a04380-3a14-4e1e-a97c-beadcca34e22 to vehicle veh25
[Midd4VCServer] job 80506f21-7ae8-418b-881c-c35cf7b52d10 completed by vehicle veh35
[Midd4VCServer] job 60a04380-3a14-4e1e-a97c-beadcca34e22 completed by vehicle veh25
[Midd4VCServer] Vehicle veh40 already registered.
[Midd4VCServer] job received: e0cdf68e-b287-49fb-9bfa-4e494a09f929
[Midd4VCServer] Assigning job e0cdf68e-b287-49fb-9bfa-4e494a09f929 to vehicle veh35
[Midd4VCServer] job e0cdf68e-b287-49fb-9bfa-4e494a09f929 completed by vehicle veh35
[Midd4VCServer] Vehicle veh15 already registered.
[Midd4VCServer] Vehicle veh20 already registered.
[Midd4VCServer] Vehicle veh6 already registered.
[Midd4VCServer] Vehicle veh3 already registered.
[Midd4VCServer] job received: 5c829159-0a7a-45eb-83f1-020bad4fc3e6
[Midd4VC] Job 368c2c01-9b1f-4ab2-8596-6fd7b1646c43 timed out. Re-enqueueing.
[Midd4VC] Job 6c335571-3d1a-4f90-a500-40bd7624d9dd timed out. Re-enqueueing.
[Midd4VCServer] Assigning job 6c335571-3d1a-4f90-a500-40bd7624d9dd to vehicle veh1
[Midd4VCServer] Assigning job 368c2c01-9b1f-4ab2-8596-6fd7b1646c43 to vehicle veh15
[Midd4VCServer] Assigning job 5c829159-0a7a-45eb-83f1-020bad4fc3e6 to vehicle veh35
[Midd4VCServer] job 6c335571-3d1a-4f90-a500-40bd7624d9dd completed by vehicle veh1
[Midd4VCServer] job 5c829159-0a7a-45eb-83f1-020bad4fc3e6 completed by vehicle veh35
[Midd4VCServer] job 368c2c01-9b1f-4ab2-8596-6fd7b1646c43 completed by vehicle veh15
[Midd4VCServer] job received: abcb24cc-9808-4537-a445-12d8b576d2be
[Midd4VCServer] Assigning job abcb24cc-9808-4537-a445-12d8b576d2be to vehicle veh1
[Midd4VCServer] job abcb24cc-9808-4537-a445-12d8b576d2be completed by vehicle veh1
[Midd4VCServer] job received: 5bd6bb8d-1729-4d2e-93a4-b8b2bc7fef71
[Midd4VCServer] Assigning job 5bd6bb8d-1729-4d2e-93a4-b8b2bc7fef71 to vehicle veh1
[Midd4VCServer] job 5bd6bb8d-1729-4d2e-93a4-b8b2bc7fef71 completed by vehicle veh1
[Midd4VCServer] job received: 57c951d6-c26c-46a8-89e1-df5e9e4e3315
[Midd4VC] Job a0277404-154b-4ff4-a343-41590d9daf06 timed out. Re-enqueueing.
[Midd4VC] Job 13c76fb4-a81f-42da-a7a6-386de45889fe timed out. Re-enqueueing.
[Midd4VCServer] Assigning job 13c76fb4-a81f-42da-a7a6-386de45889fe to vehicle veh22
[Midd4VCServer] Assigning job a0277404-154b-4ff4-a343-41590d9daf06 to vehicle veh16
[Midd4VCServer] Assigning job 57c951d6-c26c-46a8-89e1-df5e9e4e3315 to vehicle veh15
[Midd4VCServer] Vehicle veh36 already registered.
[Midd4VCServer] job received: 8667df9c-0f6c-4d09-969f-f3e0d1980912
[Midd4VCServer] Assigning job 8667df9c-0f6c-4d09-969f-f3e0d1980912 to vehicle veh1
[Midd4VCServer] job 8667df9c-0f6c-4d09-969f-f3e0d1980912 completed by vehicle veh1
[Midd4VCServer] job received: 56bbf1d1-0725-4eb1-a161-0d5f4ab6f079
[Midd4VCServer] Assigning job 56bbf1d1-0725-4eb1-a161-0d5f4ab6f079 to vehicle veh1
[Midd4VCServer] job 56bbf1d1-0725-4eb1-a161-0d5f4ab6f079 completed by vehicle veh1
[Midd4VCServer] Vehicle veh12 already registered.
[Midd4VCServer] job received: 7a830839-3821-43e6-98c2-0bc1385a9bf8
[Midd4VC] Job 8263fab9-5395-4718-9167-9302e6f89fe6 timed out. Re-enqueueing.
[Midd4VC] Job 29a23cb9-0fef-4498-8dab-4e802f6d95a4 timed out. Re-enqueueing.
[Midd4VC] Job 54fde782-5705-400a-934f-ef7dc51875cf timed out. Re-enqueueing.
[Midd4VCServer] Assigning job 54fde782-5705-400a-934f-ef7dc51875cf to vehicle veh26
[Midd4VCServer] Assigning job 29a23cb9-0fef-4498-8dab-4e802f6d95a4 to vehicle veh19
[Midd4VCServer] Assigning job 8263fab9-5395-4718-9167-9302e6f89fe6 to vehicle veh36
[Midd4VCServer] Assigning job 7a830839-3821-43e6-98c2-0bc1385a9bf8 to vehicle veh18
[Midd4VCServer] job 8263fab9-5395-4718-9167-9302e6f89fe6 completed by vehicle veh36
[Midd4VCServer] Vehicle veh35 already registered.
[Midd4VCServer] job received: c0d19df6-1264-446e-87fa-5efd7b0e36e2
[Midd4VCServer] Assigning job c0d19df6-1264-446e-87fa-5efd7b0e36e2 to vehicle veh36
[Midd4VCServer] Vehicle veh33 already registered.
[Midd4VCServer] job c0d19df6-1264-446e-87fa-5efd7b0e36e2 completed by vehicle veh36
[Midd4VCServer] job received: 53a86ee5-59f2-4664-a0c2-f8331219a445
[Midd4VCServer] Assigning job 53a86ee5-59f2-4664-a0c2-f8331219a445 to vehicle veh36
[Midd4VCServer] job 53a86ee5-59f2-4664-a0c2-f8331219a445 completed by vehicle veh36
[Midd4VCServer] Vehicle veh15 already registered.
[Midd4VCServer] job received: 56396afa-2ec9-40fb-b151-ee9b43b13f34
[Midd4VCServer] Assigning job 56396afa-2ec9-40fb-b151-ee9b43b13f34 to vehicle veh25
[Midd4VCServer] job 56396afa-2ec9-40fb-b151-ee9b43b13f34 completed by vehicle veh25
[Midd4VCServer] Vehicle veh31 already registered.
[Midd4VCServer] job received: de214952-9fc1-49b8-b979-8b1e9119b17b
[Midd4VCServer] Assigning job de214952-9fc1-49b8-b979-8b1e9119b17b to vehicle veh35
[Midd4VCServer] Vehicle veh1 already registered.
[Midd4VCServer] job received: 39c4d67c-cd12-485a-9b5c-216bd949fb77
[Midd4VC] Job a6f25c9c-1578-4c8a-93d5-abb3b3fa587e timed out. Re-enqueueing.
[Midd4VC] Job 9a6570c2-64fa-4a1a-ad92-893d1d67b8b5 timed out. Re-enqueueing.
[Midd4VCServer] Assigning job 9a6570c2-64fa-4a1a-ad92-893d1d67b8b5 to vehicle veh12
[Midd4VCServer] Assigning job a6f25c9c-1578-4c8a-93d5-abb3b3fa587e to vehicle veh37
[Midd4VCServer] Assigning job 39c4d67c-cd12-485a-9b5c-216bd949fb77 to vehicle veh1
[Midd4VCServer] job 39c4d67c-cd12-485a-9b5c-216bd949fb77 completed by vehicle veh1
[Midd4VCServer] Vehicle veh35 already registered.
[Midd4VCServer] Vehicle veh28 already registered.
[Midd4VCServer] Vehicle veh34 already registered.
[Midd4VCServer] job received: 9259cfbc-3388-4c5e-a825-8f171d814454
[Midd4VC] Job 87e9bf8f-0527-4153-a9cf-7bc2cfcba636 timed out. Re-enqueueing.
[Midd4VC] Job a6ed53b1-a8c9-41e1-b920-60065a4bb76d timed out. Re-enqueueing.
[Midd4VC] Job 44be3ba7-3dab-4681-a9d8-96acf1a89837 timed out. Re-enqueueing.
[Midd4VCServer] Assigning job 44be3ba7-3dab-4681-a9d8-96acf1a89837 to vehicle veh34
[Midd4VCServer] Assigning job a6ed53b1-a8c9-41e1-b920-60065a4bb76d to vehicle veh17
[Midd4VCServer] Assigning job 87e9bf8f-0527-4153-a9cf-7bc2cfcba636 to vehicle veh6
[Midd4VCServer] Assigning job 9259cfbc-3388-4c5e-a825-8f171d814454 to vehicle veh36
[Midd4VCServer] job 87e9bf8f-0527-4153-a9cf-7bc2cfcba636 completed by vehicle veh6
[Midd4VCServer] job 9259cfbc-3388-4c5e-a825-8f171d814454 completed by vehicle veh36
[Midd4VCServer] job 44be3ba7-3dab-4681-a9d8-96acf1a89837 completed by vehicle veh34
[Midd4VCServer] Vehicle veh29 already registered.
[Midd4VCServer] job received: 7c63f4c3-5ff3-40ae-a0de-b1719bf56773
[Midd4VCServer] Assigning job 7c63f4c3-5ff3-40ae-a0de-b1719bf56773 to vehicle veh34
[Midd4VCServer] job 7c63f4c3-5ff3-40ae-a0de-b1719bf56773 completed by vehicle veh34
[Midd4VCServer] job received: 855418a2-2d49-47be-bddb-f47b2d84d89b
[Midd4VCServer] Assigning job 855418a2-2d49-47be-bddb-f47b2d84d89b to vehicle veh34
[Midd4VCServer] job 855418a2-2d49-47be-bddb-f47b2d84d89b completed by vehicle veh34
[Midd4VCServer] Vehicle veh2 already registered.
[Midd4VCServer] Vehicle veh16 already registered.
[Midd4VCServer] Vehicle veh17 already registered.
[Midd4VCServer] Vehicle veh21 already registered.
[Midd4VCServer] job received: 634bc5ad-656b-4458-ae72-174af4a1056f
[Midd4VC] Job c057ed2f-dfc4-43ed-82a4-8d112b78874d timed out. Re-enqueueing.
[Midd4VC] Job 5162e384-a801-40b5-b346-411222125ef8 timed out. Re-enqueueing.
[Midd4VC] Job 4c065876-49a7-4d1f-95b4-e3cda6e5db42 timed out. Re-enqueueing.
[Midd4VCServer] Assigning job 4c065876-49a7-4d1f-95b4-e3cda6e5db42 to vehicle veh8
[Midd4VCServer] Assigning job 5162e384-a801-40b5-b346-411222125ef8 to vehicle veh39
[Midd4VCServer] Assigning job c057ed2f-dfc4-43ed-82a4-8d112b78874d to vehicle veh3
[Midd4VCServer] Assigning job 634bc5ad-656b-4458-ae72-174af4a1056f to vehicle veh23
[Midd4VCServer] job 4c065876-49a7-4d1f-95b4-e3cda6e5db42 completed by vehicle veh8
[Midd4VCServer] job 5162e384-a801-40b5-b346-411222125ef8 completed by vehicle veh39
[Midd4VCServer] Vehicle veh19 already registered.
[Midd4VCServer] job received: 56dec9c6-5df2-4d8e-b0fa-50488c721efa
[Midd4VCServer] Assigning job 56dec9c6-5df2-4d8e-b0fa-50488c721efa to vehicle veh8
[Midd4VCServer] job 56dec9c6-5df2-4d8e-b0fa-50488c721efa completed by vehicle veh8
[Midd4VCServer] Vehicle veh9 already registered.
[Midd4VCServer] job received: aca11e74-72a3-493b-b023-183f8c0f7362
[Midd4VCServer] Assigning job aca11e74-72a3-493b-b023-183f8c0f7362 to vehicle veh8
[Midd4VCServer] job aca11e74-72a3-493b-b023-183f8c0f7362 completed by vehicle veh8
[Midd4VCServer] job received: 48f7bc1f-45e8-44fb-af84-8ec58eeab2ce
[Midd4VCServer] Assigning job 48f7bc1f-45e8-44fb-af84-8ec58eeab2ce to vehicle veh8
[Midd4VCServer] job 48f7bc1f-45e8-44fb-af84-8ec58eeab2ce completed by vehicle veh8
[Midd4VCServer] Vehicle veh4 already registered.
[Midd4VCServer] Vehicle veh7 already registered.
[Midd4VCServer] job received: 89ddda71-492b-411f-8cef-445e717f96d5
[Midd4VCServer] Assigning job 89ddda71-492b-411f-8cef-445e717f96d5 to vehicle veh8
[Midd4VCServer] job 89ddda71-492b-411f-8cef-445e717f96d5 completed by vehicle veh8
[Midd4VCServer] job received: 4b1ad5fb-3e33-4287-b6d8-52d5b8c90b62
[Midd4VCServer] Assigning job 4b1ad5fb-3e33-4287-b6d8-52d5b8c90b62 to vehicle veh8
[Midd4VCServer] job 4b1ad5fb-3e33-4287-b6d8-52d5b8c90b62 completed by vehicle veh8
[Midd4VCServer] job received: 87a345b0-b807-4acc-ad51-ff0627899633
[Midd4VCServer] Assigning job 87a345b0-b807-4acc-ad51-ff0627899633 to vehicle veh8
[Midd4VCServer] job 87a345b0-b807-4acc-ad51-ff0627899633 completed by vehicle veh8
[Midd4VCServer] job received: 731cd5b8-3a8b-4d70-89e1-8bbb5a28b376
[Midd4VCServer] Assigning job 731cd5b8-3a8b-4d70-89e1-8bbb5a28b376 to vehicle veh39
[Midd4VCServer] job 731cd5b8-3a8b-4d70-89e1-8bbb5a28b376 completed by vehicle veh39
[Midd4VCServer] Vehicle veh33 already registered.
[Midd4VCServer] job received: 46768ab6-bbc5-4517-af2c-231ff7564dee
[Midd4VCServer] Assigning job 46768ab6-bbc5-4517-af2c-231ff7564dee to vehicle veh8
[Midd4VCServer] job 46768ab6-bbc5-4517-af2c-231ff7564dee completed by vehicle veh8
[Midd4VCServer] job received: 0ebd5511-85a3-4a4d-98fc-b5c56cd54b6f
[Midd4VC] Job e67feebb-88e0-436b-bf02-17bf37a29178 timed out. Re-enqueueing.
[Midd4VC] Job 189cffc7-f5ba-4be4-9196-04fea6e7f9f3 timed out. Re-enqueueing.
[Midd4VCServer] Assigning job 189cffc7-f5ba-4be4-9196-04fea6e7f9f3 to vehicle veh27
[Midd4VCServer] Assigning job e67feebb-88e0-436b-bf02-17bf37a29178 to vehicle veh39
[Midd4VCServer] Assigning job 0ebd5511-85a3-4a4d-98fc-b5c56cd54b6f to vehicle veh8
[Midd4VCServer] job e67feebb-88e0-436b-bf02-17bf37a29178 completed by vehicle veh39
[Midd4VCServer] job 0ebd5511-85a3-4a4d-98fc-b5c56cd54b6f completed by vehicle veh8
[Midd4VCServer] Vehicle veh25 already registered.
[Midd4VCServer] Vehicle veh20 already registered.
[Midd4VCServer] Vehicle veh33 already registered.
[Midd4VCServer] job received: f024d6fd-f8c6-4583-881e-888662eef012
[Midd4VC] Job dab3dbd1-6335-4cfe-b69a-9f71134c91db timed out. Re-enqueueing.
[Midd4VC] Job bbeee85d-7a17-49c6-a84b-a2500ef4b82f timed out. Re-enqueueing.
[Midd4VC] Job 01df6462-976e-40b1-98f6-fd21557883b6 timed out. Re-enqueueing.
[Midd4VCServer] Assigning job 01df6462-976e-40b1-98f6-fd21557883b6 to vehicle veh2
[Midd4VCServer] Assigning job bbeee85d-7a17-49c6-a84b-a2500ef4b82f to vehicle veh31
[Midd4VCServer] Assigning job dab3dbd1-6335-4cfe-b69a-9f71134c91db to vehicle veh20
[Midd4VCServer] Assigning job f024d6fd-f8c6-4583-881e-888662eef012 to vehicle veh39
[Midd4VCServer] job dab3dbd1-6335-4cfe-b69a-9f71134c91db completed by vehicle veh20
[Midd4VCServer] job 01df6462-976e-40b1-98f6-fd21557883b6 completed by vehicle veh2
[Midd4VCServer] job f024d6fd-f8c6-4583-881e-888662eef012 completed by vehicle veh39
[Midd4VCServer] Vehicle veh24 already registered.
[Midd4VCServer] job received: 23bb134e-24ce-480b-aa65-258f00936ecd
[Midd4VCServer] Assigning job 23bb134e-24ce-480b-aa65-258f00936ecd to vehicle veh2
[Midd4VCServer] job 23bb134e-24ce-480b-aa65-258f00936ecd completed by vehicle veh2
[Midd4VCServer] job received: f04239ce-3a60-46fb-97b7-0090796d9228
[Midd4VCServer] Assigning job f04239ce-3a60-46fb-97b7-0090796d9228 to vehicle veh2
[Midd4VCServer] job f04239ce-3a60-46fb-97b7-0090796d9228 completed by vehicle veh2
[Midd4VCServer] Vehicle veh13 already registered.
[Midd4VCServer] job received: a8f1f820-47c2-42f9-bb33-9119f97237b6
[Midd4VCServer] Assigning job a8f1f820-47c2-42f9-bb33-9119f97237b6 to vehicle veh20
[Midd4VCServer] job a8f1f820-47c2-42f9-bb33-9119f97237b6 completed by vehicle veh20
[Midd4VCServer] Vehicle veh12 already registered.
[Midd4VCServer] job received: 04805fd3-cd33-4e0d-a965-a5c01e60c569
[Midd4VC] Job 5be33fb5-617e-4a82-aff2-1cdb8064b448 timed out. Re-enqueueing.
[Midd4VC] Job 852b1c02-e8b4-4302-a4d4-0bb0f21bc920 timed out. Re-enqueueing.
[Midd4VC] Job 15adf9dc-3668-4c47-806e-26ad4ebc9e84 timed out. Re-enqueueing.
[Midd4VCServer] Assigning job 15adf9dc-3668-4c47-806e-26ad4ebc9e84 to vehicle veh30
[Midd4VCServer] Assigning job 852b1c02-e8b4-4302-a4d4-0bb0f21bc920 to vehicle veh8
[Midd4VCServer] Assigning job 5be33fb5-617e-4a82-aff2-1cdb8064b448 to vehicle veh2
[Midd4VCServer] Assigning job 04805fd3-cd33-4e0d-a965-a5c01e60c569 to vehicle veh13
[Midd4VCServer] job 5be33fb5-617e-4a82-aff2-1cdb8064b448 completed by vehicle veh2
[Midd4VCServer] job 04805fd3-cd33-4e0d-a965-a5c01e60c569 completed by vehicle veh13
[Midd4VCServer] job received: 0714be87-c867-49da-8496-5dd066bef45d
[Midd4VCServer] Assigning job 0714be87-c867-49da-8496-5dd066bef45d to vehicle veh10
[Midd4VCServer] Vehicle veh37 already registered.
[Midd4VCServer] job received: 6dc93af1-bf61-452f-9b56-42fe59ac4f8f
[Midd4VC] Job 4a4abda8-c855-4668-b13d-5dced21117a6 timed out. Re-enqueueing.
[Midd4VCServer] Assigning job 4a4abda8-c855-4668-b13d-5dced21117a6 to vehicle veh40
[Midd4VCServer] Assigning job 6dc93af1-bf61-452f-9b56-42fe59ac4f8f to vehicle veh39
[Midd4VCServer] job 6dc93af1-bf61-452f-9b56-42fe59ac4f8f completed by vehicle veh39
[Midd4VCServer] job received: b4e0df55-9c08-40fd-95b5-6d6c420a1a5b
[Midd4VCServer] Assigning job b4e0df55-9c08-40fd-95b5-6d6c420a1a5b to vehicle veh24
[Midd4VCServer] job received: 767b8fde-f86a-4d9b-ad47-bdfad7f8a34a
[Midd4VCServer] Assigning job 767b8fde-f86a-4d9b-ad47-bdfad7f8a34a to vehicle veh20
[Midd4VCServer] Vehicle veh8 already registered.
[Midd4VCServer] job received: e1d81f5f-7bf5-495e-a403-6669069ccf7a
[Midd4VC] Job bab421f7-49f2-4c9e-9cdb-4a9fd99c1d23 timed out. Re-enqueueing.
[Midd4VCServer] Assigning job bab421f7-49f2-4c9e-9cdb-4a9fd99c1d23 to vehicle veh7
[Midd4VCServer] Assigning job e1d81f5f-7bf5-495e-a403-6669069ccf7a to vehicle veh4
[Midd4VCServer] job bab421f7-49f2-4c9e-9cdb-4a9fd99c1d23 completed by vehicle veh7
[Midd4VCServer] job received: 2e750fbe-b438-4ea5-84e9-0ffa2613b53e
[Midd4VCServer] Assigning job 2e750fbe-b438-4ea5-84e9-0ffa2613b53e to vehicle veh7
[Midd4VCServer] job 2e750fbe-b438-4ea5-84e9-0ffa2613b53e completed by vehicle veh7
[Midd4VCServer] Vehicle veh5 already registered.
[Midd4VCServer] Vehicle veh38 already registered.
[Midd4VCServer] Vehicle veh26 already registered.
[Midd4VCServer] Vehicle veh35 already registered.
[Midd4VCServer] job received: ef0e62a7-ff60-4f5c-ac41-02c23fd0e3b5
[Midd4VC] Job 878c59bb-50b1-41d9-a2b2-5b325e8fe249 timed out. Re-enqueueing.
[Midd4VCServer] Assigning job 878c59bb-50b1-41d9-a2b2-5b325e8fe249 to vehicle veh14
[Midd4VCServer] Assigning job ef0e62a7-ff60-4f5c-ac41-02c23fd0e3b5 to vehicle veh7
[Midd4VCServer] job ef0e62a7-ff60-4f5c-ac41-02c23fd0e3b5 completed by vehicle veh7
[Midd4VCServer] Vehicle veh13 already registered.
[Midd4VCServer] job received: 60fc9dac-403f-4add-9d55-1e4c79dc6922
[Midd4VCServer] Assigning job 60fc9dac-403f-4add-9d55-1e4c79dc6922 to vehicle veh7
[Midd4VCServer] job 60fc9dac-403f-4add-9d55-1e4c79dc6922 completed by vehicle veh7
[Midd4VCServer] job received: a203fab1-3ca0-4ef3-b42d-7c92ec664cbb
[Midd4VCServer] Assigning job a203fab1-3ca0-4ef3-b42d-7c92ec664cbb to vehicle veh33
[Midd4VCServer] job received: 528e7d08-a644-4a37-85f5-50518eed7e0e
[Midd4VCServer] Assigning job 528e7d08-a644-4a37-85f5-50518eed7e0e to vehicle veh34
[Midd4VCServer] job 528e7d08-a644-4a37-85f5-50518eed7e0e completed by vehicle veh34
[Midd4VCServer] Vehicle veh22 already registered.
[Midd4VCServer] job received: e9fba4e4-3df6-4bed-84f3-6b2d9cf1510f
[Midd4VCServer] Assigning job e9fba4e4-3df6-4bed-84f3-6b2d9cf1510f to vehicle veh25
[Midd4VCServer] job received: c8f77d53-ceac-4832-9507-3b8f6313d51a
[Midd4VCServer] Assigning job c8f77d53-ceac-4832-9507-3b8f6313d51a to vehicle veh32
[Midd4VCServer] job c8f77d53-ceac-4832-9507-3b8f6313d51a completed by vehicle veh32
[Midd4VCServer] job received: 33544f3a-4ac6-4ce3-ab80-c139c0cd6b48
[Midd4VCServer] Assigning job 33544f3a-4ac6-4ce3-ab80-c139c0cd6b48 to vehicle veh2
[Midd4VCServer] job 33544f3a-4ac6-4ce3-ab80-c139c0cd6b48 completed by vehicle veh2
[Midd4VCServer] Vehicle veh36 already registered.
[Midd4VCServer] Vehicle veh29 already registered.
[Midd4VCServer] Vehicle veh32 already registered.
[Midd4VCServer] job received: 5addeb41-2650-4e09-a393-5c12ba6c46fe
[Midd4VC] Job 13c76fb4-a81f-42da-a7a6-386de45889fe timed out. Re-enqueueing.
[Midd4VC] Job a0277404-154b-4ff4-a343-41590d9daf06 timed out. Re-enqueueing.
[Midd4VC] Job 57c951d6-c26c-46a8-89e1-df5e9e4e3315 timed out. Re-enqueueing.
[Midd4VCServer] Assigning job 57c951d6-c26c-46a8-89e1-df5e9e4e3315 to vehicle veh22
[Midd4VCServer] Assigning job a0277404-154b-4ff4-a343-41590d9daf06 to vehicle veh16
[Midd4VCServer] Assigning job 13c76fb4-a81f-42da-a7a6-386de45889fe to vehicle veh15
[Midd4VCServer] Assigning job 5addeb41-2650-4e09-a393-5c12ba6c46fe to vehicle veh6
[Midd4VCServer] job 57c951d6-c26c-46a8-89e1-df5e9e4e3315 completed by vehicle veh22
[Midd4VCServer] job 13c76fb4-a81f-42da-a7a6-386de45889fe completed by vehicle veh15
[Midd4VCServer] Vehicle veh20 already registered.
[Midd4VCServer] Vehicle veh3 already registered.
[Midd4VCServer] Vehicle veh23 already registered.
[Midd4VCServer] job received: 0e5faf8f-0236-441b-a1ae-53608bb97edb
[Midd4VC] Job 54fde782-5705-400a-934f-ef7dc51875cf timed out. Re-enqueueing.
[Midd4VC] Job 29a23cb9-0fef-4498-8dab-4e802f6d95a4 timed out. Re-enqueueing.
[Midd4VC] Job 7a830839-3821-43e6-98c2-0bc1385a9bf8 timed out. Re-enqueueing.
[Midd4VCServer] Assigning job 7a830839-3821-43e6-98c2-0bc1385a9bf8 to vehicle veh26
[Midd4VCServer] Assigning job 29a23cb9-0fef-4498-8dab-4e802f6d95a4 to vehicle veh19
[Midd4VCServer] Assigning job 54fde782-5705-400a-934f-ef7dc51875cf to vehicle veh22
[Midd4VCServer] Assigning job 0e5faf8f-0236-441b-a1ae-53608bb97edb to vehicle veh15
[Midd4VCServer] job 29a23cb9-0fef-4498-8dab-4e802f6d95a4 completed by vehicle veh19
[Midd4VCServer] job 54fde782-5705-400a-934f-ef7dc51875cf completed by vehicle veh22
[Midd4VCServer] job received: a5588abf-97f4-4427-812f-eae5914964c6
[Midd4VCServer] Assigning job a5588abf-97f4-4427-812f-eae5914964c6 to vehicle veh19
[Midd4VCServer] job received: ae5c9aa4-0684-492c-ba60-6183a1daad2f
[Midd4VCServer] Assigning job ae5c9aa4-0684-492c-ba60-6183a1daad2f to vehicle veh18
[Midd4VCServer] job received: 94b51de3-ba26-42d5-b93a-d48c135fed73
[Midd4VCServer] Assigning job 94b51de3-ba26-42d5-b93a-d48c135fed73 to vehicle veh22
[Midd4VCServer] job 94b51de3-ba26-42d5-b93a-d48c135fed73 completed by vehicle veh22
[Midd4VCServer] Vehicle veh12 already registered.
[Midd4VCServer] Vehicle veh25 already registered.
[Midd4VCServer] job received: 4a1aadeb-664c-4606-904a-756a665b0f0d
[Midd4VCServer] Assigning job 4a1aadeb-664c-4606-904a-756a665b0f0d to vehicle veh22
[Midd4VCServer] job 4a1aadeb-664c-4606-904a-756a665b0f0d completed by vehicle veh22
[Midd4VCServer] Vehicle veh21 already registered.
[Midd4VCServer] job received: 56b0765d-d3da-4861-b112-18587e9d5315
[Midd4VCServer] Assigning job 56b0765d-d3da-4861-b112-18587e9d5315 to vehicle veh28
[Midd4VCServer] job received: c012912b-faba-4f7c-be60-9d759d0b1878
[Midd4VCServer] Assigning job c012912b-faba-4f7c-be60-9d759d0b1878 to vehicle veh13
[Midd4VCServer] job c012912b-faba-4f7c-be60-9d759d0b1878 completed by vehicle veh13
[Midd4VCServer] job received: b78df1cf-3ad0-4284-acef-86482d23f274
[Midd4VCServer] Assigning job b78df1cf-3ad0-4284-acef-86482d23f274 to vehicle veh11
[Midd4VCServer] job received: b5d33424-cfe4-472d-a770-485c5a81ef25
[Midd4VCServer] Assigning job b5d33424-cfe4-472d-a770-485c5a81ef25 to vehicle veh21
[Midd4VCServer] job b5d33424-cfe4-472d-a770-485c5a81ef25 completed by vehicle veh21
[Midd4VCServer] Vehicle veh13 already registered.
[Midd4VCServer] job received: 52895d54-6adb-4332-bf34-cf5d0bebd9d1
[Midd4VC] Job de214952-9fc1-49b8-b979-8b1e9119b17b timed out. Re-enqueueing.
[Midd4VCServer] Assigning job de214952-9fc1-49b8-b979-8b1e9119b17b to vehicle veh35
[Midd4VCServer] Assigning job 52895d54-6adb-4332-bf34-cf5d0bebd9d1 to vehicle veh7
[Midd4VCServer] job 52895d54-6adb-4332-bf34-cf5d0bebd9d1 completed by vehicle veh7
[Midd4VCServer] Vehicle veh17 already registered.
[Midd4VCServer] Vehicle veh39 already registered.
[Midd4VCServer] job received: 03eea48f-21f9-4746-ba96-2ec859231051
[Midd4VC] Job 9a6570c2-64fa-4a1a-ad92-893d1d67b8b5 timed out. Re-enqueueing.
[Midd4VC] Job a6f25c9c-1578-4c8a-93d5-abb3b3fa587e timed out. Re-enqueueing.
[Midd4VC] Job a6ed53b1-a8c9-41e1-b920-60065a4bb76d timed out. Re-enqueueing.
[Midd4VCServer] Assigning job a6ed53b1-a8c9-41e1-b920-60065a4bb76d to vehicle veh12
[Midd4VCServer] Assigning job a6f25c9c-1578-4c8a-93d5-abb3b3fa587e to vehicle veh37
[Midd4VCServer] Assigning job 9a6570c2-64fa-4a1a-ad92-893d1d67b8b5 to vehicle veh17
[Midd4VCServer] Assigning job 03eea48f-21f9-4746-ba96-2ec859231051 to vehicle veh1
[Midd4VCServer] job 9a6570c2-64fa-4a1a-ad92-893d1d67b8b5 completed by vehicle veh17
[Midd4VCServer] Vehicle veh4 already registered.
[Midd4VCServer] job received: 40e61530-6d39-4358-8199-82e40d1c2b8b
[Midd4VCServer] Assigning job 40e61530-6d39-4358-8199-82e40d1c2b8b to vehicle veh17
[Midd4VCServer] job 40e61530-6d39-4358-8199-82e40d1c2b8b completed by vehicle veh17
[Midd4VCServer] job received: 98b788d1-a6c9-457b-8db0-2ca587d497a1
[Midd4VCServer] Assigning job 98b788d1-a6c9-457b-8db0-2ca587d497a1 to vehicle veh17
[Midd4VCServer] job 98b788d1-a6c9-457b-8db0-2ca587d497a1 completed by vehicle veh17
[Midd4VCServer] Vehicle veh35 already registered.
[Midd4VCServer] Vehicle veh8 already registered.
[Midd4VCServer] Vehicle veh26 already registered.
[Midd4VCServer] job received: 5593a6d3-b8b0-4dab-8b54-d65c9d57604f
[Midd4VC] Job c057ed2f-dfc4-43ed-82a4-8d112b78874d timed out. Re-enqueueing.
[Midd4VC] Job 634bc5ad-656b-4458-ae72-174af4a1056f timed out. Re-enqueueing.
[Midd4VCServer] Assigning job 634bc5ad-656b-4458-ae72-174af4a1056f to vehicle veh3
[Midd4VCServer] Assigning job c057ed2f-dfc4-43ed-82a4-8d112b78874d to vehicle veh23
[Midd4VCServer] Assigning job 5593a6d3-b8b0-4dab-8b54-d65c9d57604f to vehicle veh17
[Midd4VCServer] job 634bc5ad-656b-4458-ae72-174af4a1056f completed by vehicle veh3
[Midd4VCServer] job 5593a6d3-b8b0-4dab-8b54-d65c9d57604f completed by vehicle veh17
[Midd4VCServer] job received: 95544e1d-30af-4288-98fe-5ec601d141e3
[Midd4VCServer] Assigning job 95544e1d-30af-4288-98fe-5ec601d141e3 to vehicle veh3
[Midd4VCServer] job 95544e1d-30af-4288-98fe-5ec601d141e3 completed by vehicle veh3
[Midd4VCServer] job received: 10d05813-d978-4d31-bf1d-7bbfa12af711
[Midd4VCServer] Assigning job 10d05813-d978-4d31-bf1d-7bbfa12af711 to vehicle veh3
[Midd4VCServer] job 10d05813-d978-4d31-bf1d-7bbfa12af711 completed by vehicle veh3
[Midd4VCServer] Vehicle veh38 already registered.
[Midd4VCServer] job received: 84745c09-9809-4487-99a5-767a08cce95c
[Midd4VCServer] Assigning job 84745c09-9809-4487-99a5-767a08cce95c to vehicle veh3
[Midd4VCServer] job 84745c09-9809-4487-99a5-767a08cce95c completed by vehicle veh3
[Midd4VCServer] Vehicle veh30 already registered.
[Midd4VCServer] job received: 0e2d3dd0-b01e-4a5f-855e-b3f1e69463ee
[Midd4VCServer] Assigning job 0e2d3dd0-b01e-4a5f-855e-b3f1e69463ee to vehicle veh3
[Midd4VCServer] job 0e2d3dd0-b01e-4a5f-855e-b3f1e69463ee completed by vehicle veh3
[Midd4VCServer] job received: 6a32ec13-3c10-4121-95e5-ded77c1a2375
[Midd4VCServer] Assigning job 6a32ec13-3c10-4121-95e5-ded77c1a2375 to vehicle veh38
[Midd4VCServer] job 6a32ec13-3c10-4121-95e5-ded77c1a2375 completed by vehicle veh38
[Midd4VCServer] Vehicle veh4 already registered.
[Midd4VCServer] Vehicle veh40 already registered.
[Midd4VCServer] Vehicle veh16 already registered.
[Midd4VCServer] Vehicle veh21 already registered.
[Midd4VCServer] job received: d21337c4-ee18-4854-9656-b1bf72d53607
[Midd4VCServer] Assigning job d21337c4-ee18-4854-9656-b1bf72d53607 to vehicle veh39
[Midd4VCServer] job d21337c4-ee18-4854-9656-b1bf72d53607 completed by vehicle veh39
[Midd4VCServer] Vehicle veh28 already registered.
[Midd4VCServer] job received: 2fe2c592-4534-4c72-a1fd-a47671a7c0ab
[Midd4VCServer] Assigning job 2fe2c592-4534-4c72-a1fd-a47671a7c0ab to vehicle veh22
[Midd4VCServer] Vehicle veh31 already registered.
[Midd4VCServer] Vehicle veh15 already registered.
[Midd4VCServer] Vehicle veh14 already registered.
[Midd4VCServer] Vehicle veh3 already registered.
[Midd4VCServer] job received: 44bd2953-89c4-4fc0-a2a3-b83b3252ea91
[Midd4VC] Job 189cffc7-f5ba-4be4-9196-04fea6e7f9f3 timed out. Re-enqueueing.
[Midd4VCServer] Assigning job 189cffc7-f5ba-4be4-9196-04fea6e7f9f3 to vehicle veh27
[Midd4VCServer] Assigning job 44bd2953-89c4-4fc0-a2a3-b83b3252ea91 to vehicle veh3
[Midd4VCServer] job 44bd2953-89c4-4fc0-a2a3-b83b3252ea91 completed by vehicle veh3
[Midd4VCServer] job received: 6a475bcc-aff5-4740-8a45-e316a712914b
[Midd4VCServer] Assigning job 6a475bcc-aff5-4740-8a45-e316a712914b to vehicle veh36
[Midd4VCServer] job received: 7e1f9d38-2479-4a72-aa27-019beee85f7b
[Midd4VCServer] Assigning job 7e1f9d38-2479-4a72-aa27-019beee85f7b to vehicle veh29
[Midd4VCServer] job received: f9e983de-df49-4ef9-89ae-cbc5223b7007
[Midd4VCServer] Assigning job f9e983de-df49-4ef9-89ae-cbc5223b7007 to vehicle veh5
[Midd4VCServer] Vehicle veh6 already registered.
[Midd4VCServer] job received: 7a22af77-2a8d-441b-a535-2367c2fb8a12
[Midd4VC] Job bbeee85d-7a17-49c6-a84b-a2500ef4b82f timed out. Re-enqueueing.
[Midd4VCServer] Assigning job bbeee85d-7a17-49c6-a84b-a2500ef4b82f to vehicle veh31
[Midd4VCServer] Assigning job 7a22af77-2a8d-441b-a535-2367c2fb8a12 to vehicle veh9
[Midd4VCServer] job bbeee85d-7a17-49c6-a84b-a2500ef4b82f completed by vehicle veh31
[Midd4VCServer] Vehicle veh24 already registered.
[Midd4VCServer] Vehicle veh34 already registered.
[Midd4VCServer] job received: 9ae338b6-5c98-4910-b5fe-1c95dd2c88aa
[Midd4VCServer] Assigning job 9ae338b6-5c98-4910-b5fe-1c95dd2c88aa to vehicle veh31
[Midd4VCServer] job received: 11541e5e-2707-4558-89c3-ce0624866909
[Midd4VCServer] Assigning job 11541e5e-2707-4558-89c3-ce0624866909 to vehicle veh34
[Midd4VCServer] job 11541e5e-2707-4558-89c3-ce0624866909 completed by vehicle veh34
[Midd4VCServer] Vehicle veh9 already registered.
[Midd4VCServer] job received: 610b92e4-beb4-49b6-be37-b9859be69b5f
[Midd4VC] Job 15adf9dc-3668-4c47-806e-26ad4ebc9e84 timed out. Re-enqueueing.
[Midd4VC] Job 852b1c02-e8b4-4302-a4d4-0bb0f21bc920 timed out. Re-enqueueing.
[Midd4VC] Job 0714be87-c867-49da-8496-5dd066bef45d timed out. Re-enqueueing.
[Midd4VC] Job 4a4abda8-c855-4668-b13d-5dced21117a6 timed out. Re-enqueueing.
[Midd4VCServer] Assigning job 4a4abda8-c855-4668-b13d-5dced21117a6 to vehicle veh30
[Midd4VCServer] Assigning job 0714be87-c867-49da-8496-5dd066bef45d to vehicle veh8
[Midd4VCServer] Assigning job 852b1c02-e8b4-4302-a4d4-0bb0f21bc920 to vehicle veh10
[Midd4VCServer] Assigning job 15adf9dc-3668-4c47-806e-26ad4ebc9e84 to vehicle veh40
[Midd4VCServer] Assigning job 610b92e4-beb4-49b6-be37-b9859be69b5f to vehicle veh17
[Midd4VCServer] Vehicle veh12 already registered.
[Midd4VCServer] job received: 61b8adc7-3424-4e77-b128-8326f2d4ecfd
[Midd4VCServer] Assigning job 61b8adc7-3424-4e77-b128-8326f2d4ecfd to vehicle veh32
[Midd4VCServer] Vehicle veh24 already registered.
[Midd4VCServer] job received: aaef9894-a1e5-42a0-b4c1-7145f9e797ab
[Midd4VC] Job b4e0df55-9c08-40fd-95b5-6d6c420a1a5b timed out. Re-enqueueing.
[Midd4VCServer] Assigning job b4e0df55-9c08-40fd-95b5-6d6c420a1a5b to vehicle veh24
[Midd4VCServer] Assigning job aaef9894-a1e5-42a0-b4c1-7145f9e797ab to vehicle veh2
[Midd4VCServer] job b4e0df55-9c08-40fd-95b5-6d6c420a1a5b completed by vehicle veh24
[Midd4VCServer] Vehicle veh29 already registered.
[Midd4VCServer] Vehicle veh3 already registered.
[Midd4VCServer] job received: 4368da5e-20ab-4dba-9ae1-6f1cbb7a1a64
[Midd4VC] Job 767b8fde-f86a-4d9b-ad47-bdfad7f8a34a timed out. Re-enqueueing.
[Midd4VC] Job e1d81f5f-7bf5-495e-a403-6669069ccf7a timed out. Re-enqueueing.
[Midd4VCServer] Assigning job e1d81f5f-7bf5-495e-a403-6669069ccf7a to vehicle veh20
[Midd4VCServer] Assigning job 767b8fde-f86a-4d9b-ad47-bdfad7f8a34a to vehicle veh4
[Midd4VCServer] Assigning job 4368da5e-20ab-4dba-9ae1-6f1cbb7a1a64 to vehicle veh24
[Midd4VCServer] job 767b8fde-f86a-4d9b-ad47-bdfad7f8a34a completed by vehicle veh4
[Midd4VCServer] job 4368da5e-20ab-4dba-9ae1-6f1cbb7a1a64 completed by vehicle veh24
[Midd4VCServer] job received: d4b6ad88-88ef-4778-9add-5157b3c53ae7
[Midd4VCServer] Assigning job d4b6ad88-88ef-4778-9add-5157b3c53ae7 to vehicle veh4
[Midd4VCServer] job d4b6ad88-88ef-4778-9add-5157b3c53ae7 completed by vehicle veh4
[Midd4VCServer] Vehicle veh8 already registered.
[Midd4VCServer] job received: fd863e58-442c-4c03-946e-0cf341e14529
[Midd4VCServer] Assigning job fd863e58-442c-4c03-946e-0cf341e14529 to vehicle veh13
[Midd4VCServer] job received: 394795aa-e005-4037-92f1-62984d9e0a4a
[Midd4VCServer] Assigning job 394795aa-e005-4037-92f1-62984d9e0a4a to vehicle veh21
[Midd4VCServer] job 394795aa-e005-4037-92f1-62984d9e0a4a completed by vehicle veh21
[Midd4VCServer] job received: 05e99db4-edb0-4680-8034-fbf7d40c1b69
[Midd4VC] Job 878c59bb-50b1-41d9-a2b2-5b325e8fe249 timed out. Re-enqueueing.
[Midd4VCServer] Assigning job 878c59bb-50b1-41d9-a2b2-5b325e8fe249 to vehicle veh14
[Midd4VCServer] Assigning job 05e99db4-edb0-4680-8034-fbf7d40c1b69 to vehicle veh7
[Midd4VCServer] job 878c59bb-50b1-41d9-a2b2-5b325e8fe249 completed by vehicle veh14
[Midd4VCServer] job received: 6acdb58c-514e-4853-831e-61b03634844e
[Midd4VC] Job a203fab1-3ca0-4ef3-b42d-7c92ec664cbb timed out. Re-enqueueing.
[Midd4VCServer] Assigning job a203fab1-3ca0-4ef3-b42d-7c92ec664cbb to vehicle veh14
[Midd4VCServer] Assigning job 6acdb58c-514e-4853-831e-61b03634844e to vehicle veh33
[Midd4VCServer] job 6acdb58c-514e-4853-831e-61b03634844e completed by vehicle veh33
[Midd4VCServer] job a203fab1-3ca0-4ef3-b42d-7c92ec664cbb completed by vehicle veh14
[Midd4VCServer] Vehicle veh35 already registered.
[Midd4VCServer] Vehicle veh33 already registered.
[Midd4VCServer] Vehicle veh18 already registered.
[Midd4VCServer] Vehicle veh10 already registered.
[Midd4VCServer] job received: 8f82ae45-1634-4b46-8f08-743f75e8cd99
[Midd4VCServer] Assigning job 8f82ae45-1634-4b46-8f08-743f75e8cd99 to vehicle veh14
[Midd4VCServer] job 8f82ae45-1634-4b46-8f08-743f75e8cd99 completed by vehicle veh14
[Midd4VCServer] Vehicle veh27 already registered.
[Midd4VCServer] Vehicle veh25 already registered.
[Midd4VCServer] Vehicle veh31 already registered.
[Midd4VCServer] Vehicle veh32 already registered.
[Midd4VCServer] job received: 5d7e5548-e7f9-48a0-983e-56ba98cce30f
[Midd4VC] Job e9fba4e4-3df6-4bed-84f3-6b2d9cf1510f timed out. Re-enqueueing.
[Midd4VCServer] Assigning job e9fba4e4-3df6-4bed-84f3-6b2d9cf1510f to vehicle veh14
[Midd4VCServer] Assigning job 5d7e5548-e7f9-48a0-983e-56ba98cce30f to vehicle veh25
[Midd4VCServer] job 5d7e5548-e7f9-48a0-983e-56ba98cce30f completed by vehicle veh25
[Midd4VCServer] job e9fba4e4-3df6-4bed-84f3-6b2d9cf1510f completed by vehicle veh14
[Midd4VCServer] job received: 9400a098-ca68-4b1f-9688-a9074b1c8221
[Midd4VC] Job a0277404-154b-4ff4-a343-41590d9daf06 timed out. Re-enqueueing.
[Midd4VC] Job 5addeb41-2650-4e09-a393-5c12ba6c46fe timed out. Re-enqueueing.
[Midd4VCServer] Assigning job 5addeb41-2650-4e09-a393-5c12ba6c46fe to vehicle veh16
[Midd4VCServer] Assigning job a0277404-154b-4ff4-a343-41590d9daf06 to vehicle veh14
[Midd4VCServer] Assigning job 9400a098-ca68-4b1f-9688-a9074b1c8221 to vehicle veh6
[Midd4VCServer] Vehicle veh32 already registered.
[Midd4VCServer] job received: 4f98f32d-4da5-4eae-b69b-54655700484a
[Midd4VC] Job 7a830839-3821-43e6-98c2-0bc1385a9bf8 timed out. Re-enqueueing.
[Midd4VC] Job 0e5faf8f-0236-441b-a1ae-53608bb97edb timed out. Re-enqueueing.
[Midd4VC] Job a5588abf-97f4-4427-812f-eae5914964c6 timed out. Re-enqueueing.
[Midd4VCServer] Assigning job a5588abf-97f4-4427-812f-eae5914964c6 to vehicle veh26
[Midd4VCServer] Assigning job 0e5faf8f-0236-441b-a1ae-53608bb97edb to vehicle veh19
[Midd4VCServer] Assigning job 7a830839-3821-43e6-98c2-0bc1385a9bf8 to vehicle veh15
[Midd4VCServer] Assigning job 4f98f32d-4da5-4eae-b69b-54655700484a to vehicle veh33
[Midd4VCServer] Vehicle veh19 already registered.
[Midd4VCServer] job 0e5faf8f-0236-441b-a1ae-53608bb97edb completed by vehicle veh19
[Midd4VCServer] job received: b7d99745-d531-4369-aa24-c5131fd2babd
[Midd4VCServer] Assigning job b7d99745-d531-4369-aa24-c5131fd2babd to vehicle veh19
[Midd4VCServer] job b7d99745-d531-4369-aa24-c5131fd2babd completed by vehicle veh19
[Midd4VCServer] job received: a83e6eb6-5c0b-46e9-bf33-239907dee06e
[Midd4VC] Job ae5c9aa4-0684-492c-ba60-6183a1daad2f timed out. Re-enqueueing.
[Midd4VCServer] Assigning job ae5c9aa4-0684-492c-ba60-6183a1daad2f to vehicle veh18
[Midd4VCServer] Assigning job a83e6eb6-5c0b-46e9-bf33-239907dee06e to vehicle veh19
[Midd4VCServer] job a83e6eb6-5c0b-46e9-bf33-239907dee06e completed by vehicle veh19
[Midd4VCServer] job received: 2f87d1f4-bfdb-4e7f-a5e8-ee838e6d9528
[Midd4VCServer] Assigning job 2f87d1f4-bfdb-4e7f-a5e8-ee838e6d9528 to vehicle veh19
[Midd4VCServer] job 2f87d1f4-bfdb-4e7f-a5e8-ee838e6d9528 completed by vehicle veh19
[Midd4VCServer] job received: dfa8c147-9302-4f54-a8f1-c3bdb0b4315c
[Midd4VCServer] Assigning job dfa8c147-9302-4f54-a8f1-c3bdb0b4315c to vehicle veh25
[Midd4VCServer] job dfa8c147-9302-4f54-a8f1-c3bdb0b4315c completed by vehicle veh25
[Midd4VCServer] job received: 276b2c3c-d30e-4f76-8a2c-fcb188b76342
[Midd4VCServer] Assigning job 276b2c3c-d30e-4f76-8a2c-fcb188b76342 to vehicle veh38
[Midd4VCServer] Vehicle veh22 already registered.
[Midd4VCServer] Vehicle veh11 already registered.
[Midd4VCServer] Vehicle veh18 already registered.
[Midd4VCServer] job received: fcd5ee63-4ac8-48da-9cad-60f1ed451b0c
[Midd4VCServer] Assigning job fcd5ee63-4ac8-48da-9cad-60f1ed451b0c to vehicle veh39
[Midd4VCServer] Vehicle veh16 already registered.
[Midd4VCServer] job received: b95cc41a-28cc-41fc-b4da-4aefd824fcc4
[Midd4VC] Job 56b0765d-d3da-4861-b112-18587e9d5315 timed out. Re-enqueueing.
[Midd4VC] Job b78df1cf-3ad0-4284-acef-86482d23f274 timed out. Re-enqueueing.
[Midd4VCServer] Assigning job b78df1cf-3ad0-4284-acef-86482d23f274 to vehicle veh28
[Midd4VCServer] Assigning job 56b0765d-d3da-4861-b112-18587e9d5315 to vehicle veh11
[Midd4VCServer] Assigning job b95cc41a-28cc-41fc-b4da-4aefd824fcc4 to vehicle veh3
[Midd4VCServer] job 56b0765d-d3da-4861-b112-18587e9d5315 completed by vehicle veh11
[Midd4VCServer] job b95cc41a-28cc-41fc-b4da-4aefd824fcc4 completed by vehicle veh3
[Midd4VCServer] job b78df1cf-3ad0-4284-acef-86482d23f274 completed by vehicle veh28
[Midd4VCServer] Vehicle veh7 already registered.
[Midd4VCServer] Vehicle veh28 already registered.
[Midd4VCServer] job received: da500f91-4254-4d35-af63-a91b06bf5e25
[Midd4VC] Job de214952-9fc1-49b8-b979-8b1e9119b17b timed out. Re-enqueueing.
[Midd4VCServer] Assigning job de214952-9fc1-49b8-b979-8b1e9119b17b to vehicle veh35
[Midd4VCServer] Assigning job da500f91-4254-4d35-af63-a91b06bf5e25 to vehicle veh28
[Midd4VCServer] job da500f91-4254-4d35-af63-a91b06bf5e25 completed by vehicle veh28
[Midd4VCServer] job received: 6cbc674a-1520-4ee9-a25a-7b9c69cc26cf
[Midd4VC] Job a6ed53b1-a8c9-41e1-b920-60065a4bb76d timed out. Re-enqueueing.
[Midd4VC] Job a6f25c9c-1578-4c8a-93d5-abb3b3fa587e timed out. Re-enqueueing.
[Midd4VC] Job 03eea48f-21f9-4746-ba96-2ec859231051 timed out. Re-enqueueing.
[Midd4VCServer] Assigning job 03eea48f-21f9-4746-ba96-2ec859231051 to vehicle veh12
[Midd4VCServer] Assigning job a6f25c9c-1578-4c8a-93d5-abb3b3fa587e to vehicle veh37
[Midd4VCServer] Assigning job a6ed53b1-a8c9-41e1-b920-60065a4bb76d to vehicle veh1
[Midd4VCServer] Assigning job 6cbc674a-1520-4ee9-a25a-7b9c69cc26cf to vehicle veh11
[Midd4VCServer] job 6cbc674a-1520-4ee9-a25a-7b9c69cc26cf completed by vehicle veh11
[Midd4VCServer] Vehicle veh31 already registered.
[Midd4VCServer] Vehicle veh2 already registered.
[Midd4VCServer] job received: f284ac3e-71e3-4c5b-8b72-3db434453b67
[Midd4VCServer] Assigning job f284ac3e-71e3-4c5b-8b72-3db434453b67 to vehicle veh19
[Midd4VCServer] job f284ac3e-71e3-4c5b-8b72-3db434453b67 completed by vehicle veh19
[Midd4VCServer] job received: b08d0835-96b6-4dea-86a6-3364849547bd
[Midd4VCServer] Assigning job b08d0835-96b6-4dea-86a6-3364849547bd to vehicle veh24
[Midd4VCServer] job b08d0835-96b6-4dea-86a6-3364849547bd completed by vehicle veh24
[Midd4VCServer] job received: 9925df87-53c2-43c5-a1cc-8a6710d3fef7
[Midd4VCServer] Assigning job 9925df87-53c2-43c5-a1cc-8a6710d3fef7 to vehicle veh4
[Midd4VCServer] Vehicle veh1 already registered.
[Midd4VCServer] Vehicle veh13 already registered.
[Midd4VCServer] Vehicle veh40 already registered.
[Midd4VCServer] Vehicle veh39 already registered.
[Midd4VCServer] Vehicle veh25 already registered.
[Midd4VCServer] Vehicle veh4 already registered.
[Midd4VCServer] Vehicle veh34 already registered.
[Midd4VCServer] job received: 81543e1c-fe38-438d-afa3-39fa9c007d2e
[Midd4VC] Job c057ed2f-dfc4-43ed-82a4-8d112b78874d timed out. Re-enqueueing.
[Midd4VCServer] Assigning job c057ed2f-dfc4-43ed-82a4-8d112b78874d to vehicle veh23
[Midd4VCServer] Assigning job 81543e1c-fe38-438d-afa3-39fa9c007d2e to vehicle veh34
[Midd4VCServer] job 81543e1c-fe38-438d-afa3-39fa9c007d2e completed by vehicle veh34
[Midd4VCServer] Vehicle veh20 already registered.
[Midd4VCServer] job received: a14b95aa-fd35-40e1-8812-e15987d0db45
[Midd4VCServer] Assigning job a14b95aa-fd35-40e1-8812-e15987d0db45 to vehicle veh25
[Midd4VCServer] job a14b95aa-fd35-40e1-8812-e15987d0db45 completed by vehicle veh25
[Midd4VCServer] Vehicle veh26 already registered.
[Midd4VCServer] job received: d7669093-c37f-497c-b67a-ef2ed0b2efc9
[Midd4VCServer] Assigning job d7669093-c37f-497c-b67a-ef2ed0b2efc9 to vehicle veh28
[Midd4VCServer] job received: d6fc38b1-74ca-4a22-972c-aff99a420f9e
[Midd4VCServer] Assigning job d6fc38b1-74ca-4a22-972c-aff99a420f9e to vehicle veh11
[Midd4VCServer] job d6fc38b1-74ca-4a22-972c-aff99a420f9e completed by vehicle veh11
[Midd4VCServer] job received: 55edef92-cebb-4b14-8b54-2e752a8f7856
[Midd4VCServer] Assigning job 55edef92-cebb-4b14-8b54-2e752a8f7856 to vehicle veh21
[Midd4VCServer] job 55edef92-cebb-4b14-8b54-2e752a8f7856 completed by vehicle veh21
[Midd4VCServer] job received: 096b5c92-7e18-422b-bc3b-db444c00e07c
[Midd4VCServer] Assigning job 096b5c92-7e18-422b-bc3b-db444c00e07c to vehicle veh3
[Midd4VCServer] Vehicle veh21 already registered.
[Midd4VCServer] Vehicle veh33 already registered.
[Midd4VCServer] Vehicle veh12 already registered.
[Midd4VCServer] Vehicle veh22 already registered.
[Midd4VCServer] Vehicle veh38 already registered.
[Midd4VCServer] job received: c3ee9a1d-0849-452b-9ad9-4f5389a12fe0
[Midd4VC] Job 2fe2c592-4534-4c72-a1fd-a47671a7c0ab timed out. Re-enqueueing.
[Midd4VCServer] Assigning job 2fe2c592-4534-4c72-a1fd-a47671a7c0ab to vehicle veh22
[Midd4VCServer] Assigning job c3ee9a1d-0849-452b-9ad9-4f5389a12fe0 to vehicle veh19
[Midd4VCServer] job 2fe2c592-4534-4c72-a1fd-a47671a7c0ab completed by vehicle veh22
[Midd4VCServer] Vehicle veh6 already registered.
[Midd4VCServer] job received: 30b5b8d6-6f31-4c60-940b-427c278fbe13
[Midd4VC] Job 189cffc7-f5ba-4be4-9196-04fea6e7f9f3 timed out. Re-enqueueing.
[Midd4VCServer] Assigning job 189cffc7-f5ba-4be4-9196-04fea6e7f9f3 to vehicle veh27
[Midd4VCServer] Assigning job 30b5b8d6-6f31-4c60-940b-427c278fbe13 to vehicle veh22
[Midd4VCServer] job 189cffc7-f5ba-4be4-9196-04fea6e7f9f3 completed by vehicle veh27
[Midd4VCServer] job 30b5b8d6-6f31-4c60-940b-427c278fbe13 completed by vehicle veh22
[Midd4VCServer] Vehicle veh23 already registered.
[Midd4VCServer] job received: 523eda52-ca52-41fc-a885-bd4b89fae459
[Midd4VC] Job 6a475bcc-aff5-4740-8a45-e316a712914b timed out. Re-enqueueing.
[Midd4VCServer] Assigning job 6a475bcc-aff5-4740-8a45-e316a712914b to vehicle veh27
[Midd4VCServer] Assigning job 523eda52-ca52-41fc-a885-bd4b89fae459 to vehicle veh36
[Midd4VCServer] job 6a475bcc-aff5-4740-8a45-e316a712914b completed by vehicle veh27
[Midd4VCServer] job received: 7b0c9cb2-3185-4dd3-89b9-23234275b75e
[Midd4VC] Job 7e1f9d38-2479-4a72-aa27-019beee85f7b timed out. Re-enqueueing.
[Midd4VC] Job f9e983de-df49-4ef9-89ae-cbc5223b7007 timed out. Re-enqueueing.
[Midd4VCServer] Assigning job f9e983de-df49-4ef9-89ae-cbc5223b7007 to vehicle veh27
[Midd4VCServer] Assigning job 7e1f9d38-2479-4a72-aa27-019beee85f7b to vehicle veh29
[Midd4VCServer] Assigning job 7b0c9cb2-3185-4dd3-89b9-23234275b75e to vehicle veh5
[Midd4VCServer] job f9e983de-df49-4ef9-89ae-cbc5223b7007 completed by vehicle veh27
[Midd4VCServer] job received: 3711a1b1-c3ad-4551-b4e3-1c5bdc8f64fd
[Midd4VC] Job 7a22af77-2a8d-441b-a535-2367c2fb8a12 timed out. Re-enqueueing.
[Midd4VCServer] Assigning job 7a22af77-2a8d-441b-a535-2367c2fb8a12 to vehicle veh27
[Midd4VCServer] Assigning job 3711a1b1-c3ad-4551-b4e3-1c5bdc8f64fd to vehicle veh9
[Midd4VCServer] job 7a22af77-2a8d-441b-a535-2367c2fb8a12 completed by vehicle veh27
[Midd4VCServer] job 3711a1b1-c3ad-4551-b4e3-1c5bdc8f64fd completed by vehicle veh9
[Midd4VCServer] Vehicle veh9 already registered.
[Midd4VCServer] Vehicle veh3 already registered.
[Midd4VCServer] job received: c7d0aa7f-6481-4390-a55e-3b9707d907dd
[Midd4VCServer] Assigning job c7d0aa7f-6481-4390-a55e-3b9707d907dd to vehicle veh27
[Midd4VCServer] job c7d0aa7f-6481-4390-a55e-3b9707d907dd completed by vehicle veh27
[Midd4VCServer] job received: c318b7c2-9b4c-464e-9ebe-556bdda7bd62
[Midd4VCServer] Assigning job c318b7c2-9b4c-464e-9ebe-556bdda7bd62 to vehicle veh27
[Midd4VCServer] job c318b7c2-9b4c-464e-9ebe-556bdda7bd62 completed by vehicle veh27
[Midd4VCServer] Vehicle veh10 already registered.
[Midd4VCServer] Vehicle veh5 already registered.
[Midd4VCServer] job received: bbbd0181-9f59-4581-8c4a-d993cd15ca15
[Midd4VCServer] Assigning job bbbd0181-9f59-4581-8c4a-d993cd15ca15 to vehicle veh27
[Midd4VCServer] job bbbd0181-9f59-4581-8c4a-d993cd15ca15 completed by vehicle veh27
[Midd4VCServer] job received: 368994ac-3dbd-4115-9471-2ee78827b30b
[Midd4VCServer] Assigning job 368994ac-3dbd-4115-9471-2ee78827b30b to vehicle veh27
[Midd4VCServer] job 368994ac-3dbd-4115-9471-2ee78827b30b completed by vehicle veh27
[Midd4VCServer] Vehicle veh26 already registered.
[Midd4VCServer] Vehicle veh24 already registered.
[Midd4VCServer] job received: 9a5fcf06-8495-4cc0-8490-0760867b4e7e
[Midd4VC] Job 9ae338b6-5c98-4910-b5fe-1c95dd2c88aa timed out. Re-enqueueing.
[Midd4VCServer] Assigning job 9ae338b6-5c98-4910-b5fe-1c95dd2c88aa to vehicle veh27
[Midd4VCServer] Assigning job 9a5fcf06-8495-4cc0-8490-0760867b4e7e to vehicle veh31
[Midd4VCServer] job 9ae338b6-5c98-4910-b5fe-1c95dd2c88aa completed by vehicle veh27
[Midd4VCServer] job 9a5fcf06-8495-4cc0-8490-0760867b4e7e completed by vehicle veh31
[Midd4VCServer] Vehicle veh31 already registered.
[Midd4VCServer] Vehicle veh28 already registered.
[Midd4VCServer] Vehicle veh20 already registered.
[Midd4VCServer] job received: f9cad8a2-cfbf-427e-998b-9350544f0e95
[Midd4VC] Job 4a4abda8-c855-4668-b13d-5dced21117a6 timed out. Re-enqueueing.
[Midd4VC] Job 0714be87-c867-49da-8496-5dd066bef45d timed out. Re-enqueueing.
[Midd4VC] Job 852b1c02-e8b4-4302-a4d4-0bb0f21bc920 timed out. Re-enqueueing.
[Midd4VC] Job 15adf9dc-3668-4c47-806e-26ad4ebc9e84 timed out. Re-enqueueing.
[Midd4VC] Job 610b92e4-beb4-49b6-be37-b9859be69b5f timed out. Re-enqueueing.
[Midd4VC] Job 61b8adc7-3424-4e77-b128-8326f2d4ecfd timed out. Re-enqueueing.
[Midd4VC] Job aaef9894-a1e5-42a0-b4c1-7145f9e797ab timed out. Re-enqueueing.
[Midd4VCServer] Assigning job aaef9894-a1e5-42a0-b4c1-7145f9e797ab to vehicle veh30
[Midd4VCServer] Assigning job 61b8adc7-3424-4e77-b128-8326f2d4ecfd to vehicle veh27
[Midd4VCServer] Assigning job 610b92e4-beb4-49b6-be37-b9859be69b5f to vehicle veh31
[Midd4VCServer] Assigning job 15adf9dc-3668-4c47-806e-26ad4ebc9e84 to vehicle veh8
[Midd4VCServer] Assigning job 852b1c02-e8b4-4302-a4d4-0bb0f21bc920 to vehicle veh10
[Midd4VCServer] Assigning job 0714be87-c867-49da-8496-5dd066bef45d to vehicle veh40
[Midd4VCServer] Assigning job 4a4abda8-c855-4668-b13d-5dced21117a6 to vehicle veh17
[Midd4VCServer] Assigning job f9cad8a2-cfbf-427e-998b-9350544f0e95 to vehicle veh32
[Midd4VCServer] job 610b92e4-beb4-49b6-be37-b9859be69b5f completed by vehicle veh31
[Midd4VCServer] job 61b8adc7-3424-4e77-b128-8326f2d4ecfd completed by vehicle veh27
[Midd4VCServer] job 852b1c02-e8b4-4302-a4d4-0bb0f21bc920 completed by vehicle veh10
[Midd4VCServer] job 0714be87-c867-49da-8496-5dd066bef45d completed by vehicle veh40
[Midd4VCServer] job received: 2c4780a8-e86a-415f-b8ee-fff3c01efd0a
[Midd4VCServer] Assigning job 2c4780a8-e86a-415f-b8ee-fff3c01efd0a to vehicle veh27
[Midd4VCServer] job 2c4780a8-e86a-415f-b8ee-fff3c01efd0a completed by vehicle veh27
[Midd4VCServer] job received: 7e61e539-5e57-4712-b3b1-be0f4db7886c
[Midd4VCServer] Assigning job 7e61e539-5e57-4712-b3b1-be0f4db7886c to vehicle veh31
[Midd4VCServer] job 7e61e539-5e57-4712-b3b1-be0f4db7886c completed by vehicle veh31
[Midd4VCServer] job received: 3a2bafe4-2ed1-4e2c-80dc-2e0154466309
[Midd4VCServer] Assigning job 3a2bafe4-2ed1-4e2c-80dc-2e0154466309 to vehicle veh27
[Midd4VCServer] job 3a2bafe4-2ed1-4e2c-80dc-2e0154466309 completed by vehicle veh27
[Midd4VCServer] Vehicle veh25 already registered.
[Midd4VCServer] job received: 0b1b30e3-3f9c-41a2-8cd4-3f3502da47df
[Midd4VCServer] Assigning job 0b1b30e3-3f9c-41a2-8cd4-3f3502da47df to vehicle veh31
[Midd4VCServer] job 0b1b30e3-3f9c-41a2-8cd4-3f3502da47df completed by vehicle veh31
[Midd4VCServer] Vehicle veh34 already registered.
[Midd4VCServer] job received: 79fe590f-fe15-4f4e-a310-d547ed408472
[Midd4VC] Job e1d81f5f-7bf5-495e-a403-6669069ccf7a timed out. Re-enqueueing.
[Midd4VC] Job fd863e58-442c-4c03-946e-0cf341e14529 timed out. Re-enqueueing.
[Midd4VCServer] Assigning job fd863e58-442c-4c03-946e-0cf341e14529 to vehicle veh20
[Midd4VCServer] Assigning job e1d81f5f-7bf5-495e-a403-6669069ccf7a to vehicle veh10
[Midd4VCServer] Assigning job 79fe590f-fe15-4f4e-a310-d547ed408472 to vehicle veh40
[Midd4VCServer] job e1d81f5f-7bf5-495e-a403-6669069ccf7a completed by vehicle veh10
[Midd4VCServer] job 79fe590f-fe15-4f4e-a310-d547ed408472 completed by vehicle veh40
[Midd4VCServer] Vehicle veh19 already registered.
[Midd4VCServer] job received: b2955715-d2e9-49d8-a713-226deac17123
[Midd4VCServer] Assigning job b2955715-d2e9-49d8-a713-226deac17123 to vehicle veh27
[Midd4VCServer] Vehicle veh8 already registered.
[Midd4VCServer] Vehicle veh33 already registered.
[Midd4VCServer] Vehicle veh32 already registered.
[Midd4VCServer] Vehicle veh6 already registered.
[Midd4VCServer] Vehicle veh14 already registered.
[Midd4VCServer] Vehicle veh29 already registered.
[Midd4VCServer] job received: 0481d9d0-b489-4da0-be36-cb8bcc2cb6a5
[Midd4VC] Job 05e99db4-edb0-4680-8034-fbf7d40c1b69 timed out. Re-enqueueing.
[Midd4VCServer] Assigning job 05e99db4-edb0-4680-8034-fbf7d40c1b69 to vehicle veh2
[Midd4VCServer] Assigning job 0481d9d0-b489-4da0-be36-cb8bcc2cb6a5 to vehicle veh31
[Midd4VCServer] job 0481d9d0-b489-4da0-be36-cb8bcc2cb6a5 completed by vehicle veh31
[Midd4VCServer] job received: 8008538d-5408-48d1-879f-e2f1c17d0941
[Midd4VCServer] Assigning job 8008538d-5408-48d1-879f-e2f1c17d0941 to vehicle veh13
[Midd4VCServer] Vehicle veh7 already registered.
[Midd4VCServer] Vehicle veh27 already registered.
[Midd4VCServer] job received: cdb5b67f-3437-4762-b8dd-49dae8f44c89
[Midd4VC] Job 5addeb41-2650-4e09-a393-5c12ba6c46fe timed out. Re-enqueueing.
[Midd4VC] Job a0277404-154b-4ff4-a343-41590d9daf06 timed out. Re-enqueueing.
[Midd4VC] Job 9400a098-ca68-4b1f-9688-a9074b1c8221 timed out. Re-enqueueing.
[Midd4VCServer] Assigning job 9400a098-ca68-4b1f-9688-a9074b1c8221 to vehicle veh16
[Midd4VCServer] Assigning job a0277404-154b-4ff4-a343-41590d9daf06 to vehicle veh14
[Midd4VCServer] Assigning job 5addeb41-2650-4e09-a393-5c12ba6c46fe to vehicle veh6
[Midd4VCServer] Assigning job cdb5b67f-3437-4762-b8dd-49dae8f44c89 to vehicle veh10
[Midd4VCServer] job a0277404-154b-4ff4-a343-41590d9daf06 completed by vehicle veh14
[Midd4VCServer] job 5addeb41-2650-4e09-a393-5c12ba6c46fe completed by vehicle veh6
[Midd4VCServer] job received: e3257ef3-8dc1-44f5-a227-66a935d60307
[Midd4VCServer] Assigning job e3257ef3-8dc1-44f5-a227-66a935d60307 to vehicle veh14
[Midd4VCServer] job e3257ef3-8dc1-44f5-a227-66a935d60307 completed by vehicle veh14
[Midd4VCServer] job received: 63608019-70d8-408f-87e9-e931442ded6f
[Midd4VCServer] Assigning job 63608019-70d8-408f-87e9-e931442ded6f to vehicle veh14
[Midd4VCServer] job 63608019-70d8-408f-87e9-e931442ded6f completed by vehicle veh14
[Midd4VCServer] job received: 9a7692d8-7e11-4a76-a1ca-391722e25443
[Midd4VCServer] Assigning job 9a7692d8-7e11-4a76-a1ca-391722e25443 to vehicle veh6
[Midd4VCServer] job 9a7692d8-7e11-4a76-a1ca-391722e25443 completed by vehicle veh6
[Midd4VCServer] Vehicle veh2 already registered.
[Midd4VCServer] job received: 6a4ebe6e-8f56-4fe1-8330-1152e98a3f6e
[Midd4VCServer] Assigning job 6a4ebe6e-8f56-4fe1-8330-1152e98a3f6e to vehicle veh7
[Midd4VCServer] job 6a4ebe6e-8f56-4fe1-8330-1152e98a3f6e completed by vehicle veh7
[Midd4VCServer] Vehicle veh34 already registered.
[Midd4VCServer] job received: a912c971-a294-4aeb-aa5a-ea039f9c9613
[Midd4VCServer] Assigning job a912c971-a294-4aeb-aa5a-ea039f9c9613 to vehicle veh40
[Midd4VCServer] job a912c971-a294-4aeb-aa5a-ea039f9c9613 completed by vehicle veh40
[Midd4VCServer] Vehicle veh22 already registered.
[Midd4VCServer] Vehicle veh12 already registered.
[Midd4VCServer] Vehicle veh39 already registered.
[Midd4VCServer] Vehicle veh10 already registered.
[Midd4VCServer] Vehicle veh30 already registered.
[Midd4VCServer] Vehicle veh27 already registered.
[Midd4VCServer] job received: e9eb9d25-f3ce-419b-9b25-b16166d2c3b4
[Midd4VC] Job a5588abf-97f4-4427-812f-eae5914964c6 timed out. Re-enqueueing.
[Midd4VC] Job 7a830839-3821-43e6-98c2-0bc1385a9bf8 timed out. Re-enqueueing.
[Midd4VC] Job 4f98f32d-4da5-4eae-b69b-54655700484a timed out. Re-enqueueing.
[Midd4VC] Job ae5c9aa4-0684-492c-ba60-6183a1daad2f timed out. Re-enqueueing.
[Midd4VC] Job 276b2c3c-d30e-4f76-8a2c-fcb188b76342 timed out. Re-enqueueing.
[Midd4VCServer] Assigning job 276b2c3c-d30e-4f76-8a2c-fcb188b76342 to vehicle veh26
[Midd4VCServer] Assigning job ae5c9aa4-0684-492c-ba60-6183a1daad2f to vehicle veh15
[Midd4VCServer] Assigning job 4f98f32d-4da5-4eae-b69b-54655700484a to vehicle veh18
[Midd4VCServer] Assigning job 7a830839-3821-43e6-98c2-0bc1385a9bf8 to vehicle veh33
[Midd4VCServer] Assigning job a5588abf-97f4-4427-812f-eae5914964c6 to vehicle veh38
[Midd4VCServer] Assigning job e9eb9d25-f3ce-419b-9b25-b16166d2c3b4 to vehicle veh9
[Midd4VCServer] job 7a830839-3821-43e6-98c2-0bc1385a9bf8 completed by vehicle veh33
[Midd4VCServer] job e9eb9d25-f3ce-419b-9b25-b16166d2c3b4 completed by vehicle veh9
[Midd4VCServer] job received: 8f93a317-ec0f-49ad-bc28-262037dfcd34
[Midd4VCServer] Assigning job 8f93a317-ec0f-49ad-bc28-262037dfcd34 to vehicle veh33
[Midd4VCServer] job 8f93a317-ec0f-49ad-bc28-262037dfcd34 completed by vehicle veh33
[Midd4VCServer] Vehicle veh17 already registered.
[Midd4VCServer] Vehicle veh24 already registered.
[Midd4VCServer] job received: a4b3a2e3-0bb0-42b8-9717-b2358ed41f77
[Midd4VCServer] Assigning job a4b3a2e3-0bb0-42b8-9717-b2358ed41f77 to vehicle veh14
[Midd4VCServer] job a4b3a2e3-0bb0-42b8-9717-b2358ed41f77 completed by vehicle veh14
[Midd4VCServer] Vehicle veh35 already registered.
[Midd4VCServer] Vehicle veh13 already registered.
[Midd4VCServer] Vehicle veh26 already registered.
[Midd4VCServer] job received: 9194ebd6-f84f-4e32-aa32-f415799a8589
[Midd4VC] Job fcd5ee63-4ac8-48da-9cad-60f1ed451b0c timed out. Re-enqueueing.
[Midd4VCServer] Assigning job fcd5ee63-4ac8-48da-9cad-60f1ed451b0c to vehicle veh39
[Midd4VCServer] Assigning job 9194ebd6-f84f-4e32-aa32-f415799a8589 to vehicle veh31
[Midd4VCServer] job fcd5ee63-4ac8-48da-9cad-60f1ed451b0c completed by vehicle veh39
[Midd4VCServer] job 9194ebd6-f84f-4e32-aa32-f415799a8589 completed by vehicle veh31
[Midd4VCServer] Vehicle veh38 already registered.
[Midd4VCServer] job received: de082d30-80b1-4afd-8e06-107c091dddd8
[Midd4VCServer] Assigning job de082d30-80b1-4afd-8e06-107c091dddd8 to vehicle veh6
[Midd4VCServer] job received: 1a4c7ec0-b923-470b-9643-c03a6d40fe53
[Midd4VCServer] Assigning job 1a4c7ec0-b923-470b-9643-c03a6d40fe53 to vehicle veh7
[Midd4VCServer] job 1a4c7ec0-b923-470b-9643-c03a6d40fe53 completed by vehicle veh7
[Midd4VCServer] Vehicle veh1 already registered.
[Midd4VCServer] job received: 04482d06-d45b-4ada-a81b-e9293e81a160
[Midd4VCServer] Assigning job 04482d06-d45b-4ada-a81b-e9293e81a160 to vehicle veh40
[Midd4VCServer] Vehicle veh37 already registered.
[Midd4VCServer] Vehicle veh20 already registered.
[Midd4VCServer] job received: 04edab76-3788-4bfa-a0b0-fcc3656da919
[Midd4VC] Job de214952-9fc1-49b8-b979-8b1e9119b17b timed out. Re-enqueueing.
[Midd4VC] Job 03eea48f-21f9-4746-ba96-2ec859231051 timed out. Re-enqueueing.
[Midd4VC] Job a6f25c9c-1578-4c8a-93d5-abb3b3fa587e timed out. Re-enqueueing.
[Midd4VC] Job a6ed53b1-a8c9-41e1-b920-60065a4bb76d timed out. Re-enqueueing.
[Midd4VCServer] Assigning job a6ed53b1-a8c9-41e1-b920-60065a4bb76d to vehicle veh12
[Midd4VCServer] Assigning job a6f25c9c-1578-4c8a-93d5-abb3b3fa587e to vehicle veh37
[Midd4VCServer] Assigning job 03eea48f-21f9-4746-ba96-2ec859231051 to vehicle veh35
[Midd4VCServer] Assigning job de214952-9fc1-49b8-b979-8b1e9119b17b to vehicle veh1
[Midd4VCServer] Assigning job 04edab76-3788-4bfa-a0b0-fcc3656da919 to vehicle veh39
[Midd4VCServer] job a6f25c9c-1578-4c8a-93d5-abb3b3fa587e completed by vehicle veh37
[Midd4VCServer] job 03eea48f-21f9-4746-ba96-2ec859231051 completed by vehicle veh35
[Midd4VCServer] job 04edab76-3788-4bfa-a0b0-fcc3656da919 completed by vehicle veh39
[Midd4VCServer] job de214952-9fc1-49b8-b979-8b1e9119b17b completed by vehicle veh1
[Midd4VCServer] Vehicle veh10 already registered.
[Midd4VCServer] job received: af958e49-bbb8-4e90-8f51-92d5f09a785f
[Midd4VC] Job 9925df87-53c2-43c5-a1cc-8a6710d3fef7 timed out. Re-enqueueing.
[Midd4VCServer] Assigning job 9925df87-53c2-43c5-a1cc-8a6710d3fef7 to vehicle veh37
[Midd4VCServer] Assigning job af958e49-bbb8-4e90-8f51-92d5f09a785f to vehicle veh35
[Midd4VCServer] job 9925df87-53c2-43c5-a1cc-8a6710d3fef7 completed by vehicle veh37
[Midd4VCServer] job af958e49-bbb8-4e90-8f51-92d5f09a785f completed by vehicle veh35
[Midd4VCServer] Vehicle veh21 already registered.
[Midd4VCServer] job received: d4d0b77d-deea-4eb4-8425-a05f743aed72
[Midd4VCServer] Assigning job d4d0b77d-deea-4eb4-8425-a05f743aed72 to vehicle veh37
[Midd4VCServer] job d4d0b77d-deea-4eb4-8425-a05f743aed72 completed by vehicle veh37
[Midd4VCServer] Vehicle veh18 already registered.
[Midd4VCServer] job received: c6ec284f-ca65-400f-93f6-6d421db9a5b7
[Midd4VCServer] Assigning job c6ec284f-ca65-400f-93f6-6d421db9a5b7 to vehicle veh37
[Midd4VCServer] job c6ec284f-ca65-400f-93f6-6d421db9a5b7 completed by vehicle veh37
[Midd4VCServer] job received: f088a29a-5625-4e79-b366-ba629ee6bbb8
[Midd4VCServer] Assigning job f088a29a-5625-4e79-b366-ba629ee6bbb8 to vehicle veh37
[Midd4VCServer] job f088a29a-5625-4e79-b366-ba629ee6bbb8 completed by vehicle veh37
[Midd4VCServer] Vehicle veh11 already registered.
[Midd4VCServer] Vehicle veh3 already registered.
[Midd4VCServer] job received: 0a96a1ba-0edf-429d-befa-354b97f2697a
[Midd4VC] Job c057ed2f-dfc4-43ed-82a4-8d112b78874d timed out. Re-enqueueing.
[Midd4VC] Job d7669093-c37f-497c-b67a-ef2ed0b2efc9 timed out. Re-enqueueing.
[Midd4VCServer] Assigning job d7669093-c37f-497c-b67a-ef2ed0b2efc9 to vehicle veh23
[Midd4VCServer] Assigning job c057ed2f-dfc4-43ed-82a4-8d112b78874d to vehicle veh35
[Midd4VCServer] Assigning job 0a96a1ba-0edf-429d-befa-354b97f2697a to vehicle veh1
[Midd4VCServer] job c057ed2f-dfc4-43ed-82a4-8d112b78874d completed by vehicle veh35
[Midd4VCServer] job 0a96a1ba-0edf-429d-befa-354b97f2697a completed by vehicle veh1
[Midd4VCServer] Vehicle veh39 already registered.
[Midd4VCServer] Vehicle veh29 already registered.
[Midd4VCServer] job received: e3369b2d-ce30-44b4-a872-ba011fd02ae0
[Midd4VC] Job 096b5c92-7e18-422b-bc3b-db444c00e07c timed out. Re-enqueueing.
[Midd4VCServer] Assigning job 096b5c92-7e18-422b-bc3b-db444c00e07c to vehicle veh37
[Midd4VCServer] Assigning job e3369b2d-ce30-44b4-a872-ba011fd02ae0 to vehicle veh4
[Midd4VCServer] job 096b5c92-7e18-422b-bc3b-db444c00e07c completed by vehicle veh37
[Midd4VCServer] Vehicle veh6 already registered.
[Midd4VCServer] job received: 329e72bc-2346-402c-bdb0-5d278ab9c235
[Midd4VCServer] Assigning job 329e72bc-2346-402c-bdb0-5d278ab9c235 to vehicle veh35
[Midd4VCServer] job 329e72bc-2346-402c-bdb0-5d278ab9c235 completed by vehicle veh35
[Midd4VCServer] job received: d468d294-4c33-4dc6-8a4d-57e492460f7b
[Midd4VCServer] Assigning job d468d294-4c33-4dc6-8a4d-57e492460f7b to vehicle veh28
[Midd4VCServer] job received: befc24ae-ba98-4f36-a559-2391a6e16edc
[Midd4VCServer] Assigning job befc24ae-ba98-4f36-a559-2391a6e16edc to vehicle veh1
[Midd4VCServer] job befc24ae-ba98-4f36-a559-2391a6e16edc completed by vehicle veh1
[Midd4VCServer] job received: 5b282867-0ee6-4252-9480-801b0fee1cd0
[Midd4VCServer] Assigning job 5b282867-0ee6-4252-9480-801b0fee1cd0 to vehicle veh22
[Midd4VCServer] Vehicle veh5 already registered.
[Midd4VCServer] Vehicle veh25 already registered.
[Midd4VCServer] job received: d1b1f67d-c8af-4344-b459-85577edf6747
[Midd4VC] Job c3ee9a1d-0849-452b-9ad9-4f5389a12fe0 timed out. Re-enqueueing.
[Midd4VCServer] Assigning job c3ee9a1d-0849-452b-9ad9-4f5389a12fe0 to vehicle veh3
[Midd4VCServer] Assigning job d1b1f67d-c8af-4344-b459-85577edf6747 to vehicle veh19
[Midd4VCServer] job d1b1f67d-c8af-4344-b459-85577edf6747 completed by vehicle veh19
[Midd4VCServer] Vehicle veh4 already registered.
[Midd4VCServer] Vehicle veh7 already registered.
[Midd4VCServer] Vehicle veh12 already registered.
[Midd4VCServer] Vehicle veh23 already registered.
[Midd4VCServer] Vehicle veh8 already registered.
[Midd4VCServer] Vehicle veh34 already registered.
[Midd4VCServer] Vehicle veh9 already registered.
[Midd4VCServer] Vehicle veh2 already registered.
[Midd4VCServer] Vehicle veh15 already registered.
[Midd4VCServer] Vehicle veh22 already registered.
[Midd4VCServer] job received: 6840f735-6bcc-4436-87dc-f78e754136a1
[Midd4VC] Job 523eda52-ca52-41fc-a885-bd4b89fae459 timed out. Re-enqueueing.
[Midd4VC] Job 7e1f9d38-2479-4a72-aa27-019beee85f7b timed out. Re-enqueueing.
[Midd4VC] Job 7b0c9cb2-3185-4dd3-89b9-23234275b75e timed out. Re-enqueueing.
[Midd4VCServer] Assigning job 7b0c9cb2-3185-4dd3-89b9-23234275b75e to vehicle veh36
[Midd4VCServer] Assigning job 7e1f9d38-2479-4a72-aa27-019beee85f7b to vehicle veh29
[Midd4VCServer] Assigning job 523eda52-ca52-41fc-a885-bd4b89fae459 to vehicle veh5
[Midd4VCServer] Assigning job 6840f735-6bcc-4436-87dc-f78e754136a1 to vehicle veh24
[Midd4VCServer] job 7e1f9d38-2479-4a72-aa27-019beee85f7b completed by vehicle veh29
[Midd4VCServer] job received: 18528b28-d883-4861-8ca1-4a7556b290cc
[Midd4VCServer] Assigning job 18528b28-d883-4861-8ca1-4a7556b290cc to vehicle veh29
[Midd4VCServer] job 18528b28-d883-4861-8ca1-4a7556b290cc completed by vehicle veh29
[Midd4VCServer] Vehicle veh31 already registered.
[Midd4VCServer] job received: f9c4f9f1-f7b4-4b8d-87e7-86f90f2faad4
[Midd4VCServer] Assigning job f9c4f9f1-f7b4-4b8d-87e7-86f90f2faad4 to vehicle veh29
[Midd4VCServer] job f9c4f9f1-f7b4-4b8d-87e7-86f90f2faad4 completed by vehicle veh29
[Midd4VCServer] job received: f598091e-1dfe-4a1a-b9ae-8131aa16804b
[Midd4VCServer] Assigning job f598091e-1dfe-4a1a-b9ae-8131aa16804b to vehicle veh9
[Midd4VCServer] job f598091e-1dfe-4a1a-b9ae-8131aa16804b completed by vehicle veh9
[Midd4VCServer] Vehicle veh13 already registered.
[Midd4VCServer] Vehicle veh37 already registered.
[Midd4VCServer] job received: 9b40b09e-37ae-4e93-b9a2-7de6695ba10b
[Midd4VCServer] Assigning job 9b40b09e-37ae-4e93-b9a2-7de6695ba10b to vehicle veh37
[Midd4VCServer] job 9b40b09e-37ae-4e93-b9a2-7de6695ba10b completed by vehicle veh37
[Midd4VCServer] job received: 6ba68807-89dd-44fd-9c75-a9d68bcaf1ac
[Midd4VCServer] Assigning job 6ba68807-89dd-44fd-9c75-a9d68bcaf1ac to vehicle veh33
[Midd4VCServer] job received: 70c0da0d-4ac5-4442-8b0e-5c0e9e856de4
[Midd4VCServer] Assigning job 70c0da0d-4ac5-4442-8b0e-5c0e9e856de4 to vehicle veh34
[Midd4VCServer] job 70c0da0d-4ac5-4442-8b0e-5c0e9e856de4 completed by vehicle veh34
[Midd4VCServer] job received: aec94e2a-d76a-42a3-b39a-1e46c2c191df
[Midd4VCServer] Assigning job aec94e2a-d76a-42a3-b39a-1e46c2c191df to vehicle veh25
[Midd4VCServer] job aec94e2a-d76a-42a3-b39a-1e46c2c191df completed by vehicle veh25
[Midd4VCServer] Vehicle veh11 already registered.
[Midd4VCServer] job received: 8efd8251-51ba-4e3d-ad42-c228a8c34940
[Midd4VC] Job aaef9894-a1e5-42a0-b4c1-7145f9e797ab timed out. Re-enqueueing.
[Midd4VC] Job 15adf9dc-3668-4c47-806e-26ad4ebc9e84 timed out. Re-enqueueing.
[Midd4VC] Job 4a4abda8-c855-4668-b13d-5dced21117a6 timed out. Re-enqueueing.
[Midd4VC] Job f9cad8a2-cfbf-427e-998b-9350544f0e95 timed out. Re-enqueueing.
[Midd4VCServer] Assigning job f9cad8a2-cfbf-427e-998b-9350544f0e95 to vehicle veh30
[Midd4VCServer] Assigning job 4a4abda8-c855-4668-b13d-5dced21117a6 to vehicle veh8
[Midd4VCServer] Assigning job 15adf9dc-3668-4c47-806e-26ad4ebc9e84 to vehicle veh17
[Midd4VCServer] Assigning job aaef9894-a1e5-42a0-b4c1-7145f9e797ab to vehicle veh32
[Midd4VCServer] Assigning job 8efd8251-51ba-4e3d-ad42-c228a8c34940 to vehicle veh14
[Midd4VCServer] job f9cad8a2-cfbf-427e-998b-9350544f0e95 completed by vehicle veh30
[Midd4VCServer] job 4a4abda8-c855-4668-b13d-5dced21117a6 completed by vehicle veh8
[Midd4VCServer] job 15adf9dc-3668-4c47-806e-26ad4ebc9e84 completed by vehicle veh17
[Midd4VCServer] job received: 1be7dbb2-8618-4f68-8ce9-d0294f2b8e59
[Midd4VCServer] Assigning job 1be7dbb2-8618-4f68-8ce9-d0294f2b8e59 to vehicle veh30
[Midd4VCServer] job 1be7dbb2-8618-4f68-8ce9-d0294f2b8e59 completed by vehicle veh30
[Midd4VCServer] job received: 50796219-b2a0-433a-9203-0cde7ab4965a
[Midd4VCServer] Assigning job 50796219-b2a0-433a-9203-0cde7ab4965a to vehicle veh30
[Midd4VCServer] job 50796219-b2a0-433a-9203-0cde7ab4965a completed by vehicle veh30
[Midd4VCServer] Vehicle veh5 already registered.
[Midd4VCServer] job received: 3ef0e05a-1a63-4479-ad86-7853c050b02d
[Midd4VCServer] Assigning job 3ef0e05a-1a63-4479-ad86-7853c050b02d to vehicle veh30
[Midd4VCServer] job 3ef0e05a-1a63-4479-ad86-7853c050b02d completed by vehicle veh30
[Midd4VCServer] job received: 71bd6da5-03fb-4b6b-a04d-170565e6386a
[Midd4VCServer] Assigning job 71bd6da5-03fb-4b6b-a04d-170565e6386a to vehicle veh30
[Midd4VCServer] job received: 02adf077-85ce-42a5-a04f-1a532c4ca316
[Midd4VCServer] Assigning job 02adf077-85ce-42a5-a04f-1a532c4ca316 to vehicle veh8
[Midd4VCServer] Vehicle veh39 already registered.
[Midd4VCServer] Vehicle veh6 already registered.
[Midd4VCServer] job received: 318c24b9-736a-47f7-bc97-78956c0f8ad5
[Midd4VC] Job fd863e58-442c-4c03-946e-0cf341e14529 timed out. Re-enqueueing.
[Midd4VC] Job b2955715-d2e9-49d8-a713-226deac17123 timed out. Re-enqueueing.
[Midd4VCServer] Assigning job b2955715-d2e9-49d8-a713-226deac17123 to vehicle veh20
[Midd4VCServer] Assigning job fd863e58-442c-4c03-946e-0cf341e14529 to vehicle veh27
[Midd4VCServer] Assigning job 318c24b9-736a-47f7-bc97-78956c0f8ad5 to vehicle veh17
[Midd4VCServer] job b2955715-d2e9-49d8-a713-226deac17123 completed by vehicle veh20
[Midd4VCServer] Vehicle veh37 already registered.
[Midd4VCServer] Vehicle veh38 already registered.
[Midd4VCServer] job received: 1628847b-3527-4802-9718-f87fe0e2fd2d
[Midd4VC] Job 05e99db4-edb0-4680-8034-fbf7d40c1b69 timed out. Re-enqueueing.
[Midd4VCServer] Assigning job 05e99db4-edb0-4680-8034-fbf7d40c1b69 to vehicle veh20
[Midd4VCServer] Assigning job 1628847b-3527-4802-9718-f87fe0e2fd2d to vehicle veh2
[Midd4VCServer] job 1628847b-3527-4802-9718-f87fe0e2fd2d completed by vehicle veh2
[Midd4VCServer] job 05e99db4-edb0-4680-8034-fbf7d40c1b69 completed by vehicle veh20
[Midd4VCServer] job received: 432558ff-7892-4400-9b0a-7f0ecd88c793
[Midd4VCServer] Assigning job 432558ff-7892-4400-9b0a-7f0ecd88c793 to vehicle veh20
[Midd4VCServer] job 432558ff-7892-4400-9b0a-7f0ecd88c793 completed by vehicle veh20
[Midd4VCServer] Vehicle veh14 already registered.
[Midd4VCServer] Vehicle veh8 already registered.
[Midd4VCServer] job received: a1688020-f2e3-4e42-add4-29ca6034ac6a
[Midd4VC] Job 8008538d-5408-48d1-879f-e2f1c17d0941 timed out. Re-enqueueing.
[Midd4VCServer] Assigning job 8008538d-5408-48d1-879f-e2f1c17d0941 to vehicle veh13
[Midd4VCServer] Assigning job a1688020-f2e3-4e42-add4-29ca6034ac6a to vehicle veh2
[Midd4VCServer] job 8008538d-5408-48d1-879f-e2f1c17d0941 completed by vehicle veh13
[Midd4VCServer] job a1688020-f2e3-4e42-add4-29ca6034ac6a completed by vehicle veh2
[Midd4VCServer] Vehicle veh4 already registered.
[Midd4VCServer] Vehicle veh40 already registered.
[Midd4VCServer] job received: 1616086c-9b75-4a49-9c2f-f1c4377889b1
[Midd4VC] Job 9400a098-ca68-4b1f-9688-a9074b1c8221 timed out. Re-enqueueing.
[Midd4VC] Job cdb5b67f-3437-4762-b8dd-49dae8f44c89 timed out. Re-enqueueing.
[Midd4VCServer] Assigning job cdb5b67f-3437-4762-b8dd-49dae8f44c89 to vehicle veh16
[Midd4VCServer] Assigning job 9400a098-ca68-4b1f-9688-a9074b1c8221 to vehicle veh10
[Midd4VCServer] Assigning job 1616086c-9b75-4a49-9c2f-f1c4377889b1 to vehicle veh13
[Midd4VCServer] job 1616086c-9b75-4a49-9c2f-f1c4377889b1 completed by vehicle veh13
[Midd4VCServer] job received: 7c70829a-d727-4bb3-beee-72b368b4b52f
[Midd4VCServer] Assigning job 7c70829a-d727-4bb3-beee-72b368b4b52f to vehicle veh20
[Midd4VCServer] job 7c70829a-d727-4bb3-beee-72b368b4b52f completed by vehicle veh20
[Midd4VCServer] Vehicle veh32 already registered.
[Midd4VCServer] Vehicle veh24 already registered.
[Midd4VCServer] Vehicle veh30 already registered.
[Midd4VCServer] Vehicle veh29 already registered.
[Midd4VCServer] job received: 7ef40bf3-e76f-4134-9925-a1ca14e60080
[Midd4VCServer] Assigning job 7ef40bf3-e76f-4134-9925-a1ca14e60080 to vehicle veh2
[Midd4VCServer] job 7ef40bf3-e76f-4134-9925-a1ca14e60080 completed by vehicle veh2
[Midd4VCServer] job received: a08320f2-95c8-4537-bf9b-7fb360baffc6
[Midd4VCServer] Assigning job a08320f2-95c8-4537-bf9b-7fb360baffc6 to vehicle veh31
[Midd4VCServer] Vehicle veh34 already registered.
[Midd4VCServer] Vehicle veh18 already registered.
[Midd4VCServer] job received: 564a18fd-3a2b-4ab8-b4e6-24381dc8486d
[Midd4VCServer] Assigning job 564a18fd-3a2b-4ab8-b4e6-24381dc8486d to vehicle veh35
[Midd4VCServer] job received: d3b58409-1e87-40ba-904e-541a504157e5
[Midd4VCServer] Assigning job d3b58409-1e87-40ba-904e-541a504157e5 to vehicle veh13
[Midd4VCServer] job d3b58409-1e87-40ba-904e-541a504157e5 completed by vehicle veh13
[Midd4VCServer] Vehicle veh12 already registered.
[Midd4VCServer] Vehicle veh19 already registered.
[Midd4VCServer] job received: 2ebb1c78-3ba4-42be-8724-599ccc865b57
[Midd4VC] Job 276b2c3c-d30e-4f76-8a2c-fcb188b76342 timed out. Re-enqueueing.
[Midd4VC] Job ae5c9aa4-0684-492c-ba60-6183a1daad2f timed out. Re-enqueueing.
[Midd4VC] Job 4f98f32d-4da5-4eae-b69b-54655700484a timed out. Re-enqueueing.
[Midd4VC] Job a5588abf-97f4-4427-812f-eae5914964c6 timed out. Re-enqueueing.
[Midd4VCServer] Assigning job a5588abf-97f4-4427-812f-eae5914964c6 to vehicle veh26
[Midd4VCServer] Assigning job 4f98f32d-4da5-4eae-b69b-54655700484a to vehicle veh15
[Midd4VCServer] Assigning job ae5c9aa4-0684-492c-ba60-6183a1daad2f to vehicle veh18
[Midd4VCServer] Assigning job 276b2c3c-d30e-4f76-8a2c-fcb188b76342 to vehicle veh38
[Midd4VCServer] Assigning job 2ebb1c78-3ba4-42be-8724-599ccc865b57 to vehicle veh11
[Midd4VCServer] job ae5c9aa4-0684-492c-ba60-6183a1daad2f completed by vehicle veh18
[Midd4VCServer] job received: 8c5efa41-bd1f-4b1e-9d3c-b87ca3e3ee79
[Midd4VCServer] Assigning job 8c5efa41-bd1f-4b1e-9d3c-b87ca3e3ee79 to vehicle veh18
[Midd4VCServer] job 8c5efa41-bd1f-4b1e-9d3c-b87ca3e3ee79 completed by vehicle veh18
[Midd4VCServer] Vehicle veh8 already registered.
[Midd4VCServer] Vehicle veh10 already registered.
[Midd4VCServer] Vehicle veh22 already registered.
[Midd4VCServer] Vehicle veh16 already registered.
[Midd4VCServer] job received: 1ccdc363-3b44-41c2-a49d-392bab49fc7d
[Midd4VCServer] Assigning job 1ccdc363-3b44-41c2-a49d-392bab49fc7d to vehicle veh18
[Midd4VCServer] job received: 1efa8782-7020-4f84-9cb3-d59721efa2a8
[Midd4VCServer] Assigning job 1efa8782-7020-4f84-9cb3-d59721efa2a8 to vehicle veh21
[Midd4VCServer] job received: d60476c6-1556-49c5-a8fa-3848f9f06a91
[Midd4VCServer] Assigning job d60476c6-1556-49c5-a8fa-3848f9f06a91 to vehicle veh7
[Midd4VCServer] job d60476c6-1556-49c5-a8fa-3848f9f06a91 completed by vehicle veh7
[Midd4VCServer] job received: 547dd153-5d53-4fba-859a-8e6a9da24572
[Midd4VC] Job de082d30-80b1-4afd-8e06-107c091dddd8 timed out. Re-enqueueing.
[Midd4VC] Job 04482d06-d45b-4ada-a81b-e9293e81a160 timed out. Re-enqueueing.
[Midd4VCServer] Assigning job 04482d06-d45b-4ada-a81b-e9293e81a160 to vehicle veh6
[Midd4VCServer] Assigning job de082d30-80b1-4afd-8e06-107c091dddd8 to vehicle veh40
[Midd4VCServer] Assigning job 547dd153-5d53-4fba-859a-8e6a9da24572 to vehicle veh1
[Midd4VCServer] job de082d30-80b1-4afd-8e06-107c091dddd8 completed by vehicle veh40
[Midd4VCServer] job received: 1c43db3c-f599-4608-b857-0d3b97d8e22a
[Midd4VC] Job a6ed53b1-a8c9-41e1-b920-60065a4bb76d timed out. Re-enqueueing.
[Midd4VCServer] Assigning job a6ed53b1-a8c9-41e1-b920-60065a4bb76d to vehicle veh12
[Midd4VCServer] Assigning job 1c43db3c-f599-4608-b857-0d3b97d8e22a to vehicle veh40
[Midd4VCServer] job 1c43db3c-f599-4608-b857-0d3b97d8e22a completed by vehicle veh40
[Midd4VCServer] job a6ed53b1-a8c9-41e1-b920-60065a4bb76d completed by vehicle veh12
[Midd4VCServer] Vehicle veh39 already registered.
[Midd4VCServer] job received: 6491cbeb-cafd-404e-9b04-7a744375c73c
[Midd4VCServer] Assigning job 6491cbeb-cafd-404e-9b04-7a744375c73c to vehicle veh12
[Midd4VCServer] job 6491cbeb-cafd-404e-9b04-7a744375c73c completed by vehicle veh12
[Midd4VCServer] Vehicle veh26 already registered.
[Midd4VCServer] job received: 134f66d6-8c26-4997-bbb8-0f77a7b9e242
[Midd4VCServer] Assigning job 134f66d6-8c26-4997-bbb8-0f77a7b9e242 to vehicle veh12
[Midd4VCServer] job 134f66d6-8c26-4997-bbb8-0f77a7b9e242 completed by vehicle veh12
[Midd4VCServer] Vehicle veh19 already registered.
[Midd4VCServer] Vehicle veh20 already registered.
[Midd4VCServer] job received: d881b8b9-e1fa-4ce4-a0c5-8511bb9dabf9
[Midd4VCServer] Assigning job d881b8b9-e1fa-4ce4-a0c5-8511bb9dabf9 to vehicle veh12
[Midd4VCServer] job d881b8b9-e1fa-4ce4-a0c5-8511bb9dabf9 completed by vehicle veh12
[Midd4VCServer] job received: 3aeee281-5e67-4f26-bab5-c6d03b325ae3
[Midd4VCServer] Assigning job 3aeee281-5e67-4f26-bab5-c6d03b325ae3 to vehicle veh12
[Midd4VCServer] job 3aeee281-5e67-4f26-bab5-c6d03b325ae3 completed by vehicle veh12
[Midd4VCServer] Vehicle veh39 already registered.
[Midd4VCServer] Vehicle veh15 already registered.
[Midd4VCServer] Vehicle veh2 already registered.
[Midd4VCServer] job received: 0b48165d-a17c-4788-aa29-be867b334b65
[Midd4VC] Job d7669093-c37f-497c-b67a-ef2ed0b2efc9 timed out. Re-enqueueing.
[Midd4VCServer] Assigning job d7669093-c37f-497c-b67a-ef2ed0b2efc9 to vehicle veh12
[Midd4VCServer] Assigning job 0b48165d-a17c-4788-aa29-be867b334b65 to vehicle veh23
[Midd4VCServer] job d7669093-c37f-497c-b67a-ef2ed0b2efc9 completed by vehicle veh12
[Midd4VCServer] job received: 380b1ca3-48dc-4f82-a4d9-c20e0192e632
[Midd4VC] Job e3369b2d-ce30-44b4-a872-ba011fd02ae0 timed out. Re-enqueueing.
[Midd4VCServer] Assigning job e3369b2d-ce30-44b4-a872-ba011fd02ae0 to vehicle veh12
[Midd4VCServer] Assigning job 380b1ca3-48dc-4f82-a4d9-c20e0192e632 to vehicle veh4
[Midd4VCServer] job e3369b2d-ce30-44b4-a872-ba011fd02ae0 completed by vehicle veh12
[Midd4VCServer] Vehicle veh35 already registered.
[Midd4VCServer] Vehicle veh9 already registered.
[Midd4VCServer] Vehicle veh24 already registered.
[Midd4VCServer] job received: 06f4b70b-7f4b-4d9a-8674-2c9f07694685
[Midd4VC] Job d468d294-4c33-4dc6-8a4d-57e492460f7b timed out. Re-enqueueing.
[Midd4VC] Job 5b282867-0ee6-4252-9480-801b0fee1cd0 timed out. Re-enqueueing.
[Midd4VCServer] Assigning job 5b282867-0ee6-4252-9480-801b0fee1cd0 to vehicle veh12
[Midd4VCServer] Assigning job d468d294-4c33-4dc6-8a4d-57e492460f7b to vehicle veh28
[Midd4VCServer] Assigning job 06f4b70b-7f4b-4d9a-8674-2c9f07694685 to vehicle veh22
[Midd4VCServer] job received: c0d44fef-83d4-4713-b21a-5c6634526416
[Midd4VCServer] Assigning job c0d44fef-83d4-4713-b21a-5c6634526416 to vehicle veh39
[Midd4VCServer] job received: b73eb463-6eda-41eb-bd84-2322bd759551
[Midd4VCServer] Assigning job b73eb463-6eda-41eb-bd84-2322bd759551 to vehicle veh19
[Midd4VCServer] job b73eb463-6eda-41eb-bd84-2322bd759551 completed by vehicle veh19
[Midd4VCServer] Vehicle veh11 already registered.
[Midd4VCServer] job received: 85798c32-c8e0-4c34-8c30-4f4308ee372e
[Midd4VC] Job c3ee9a1d-0849-452b-9ad9-4f5389a12fe0 timed out. Re-enqueueing.
[Midd4VCServer] Assigning job c3ee9a1d-0849-452b-9ad9-4f5389a12fe0 to vehicle veh3
[Midd4VCServer] Assigning job 85798c32-c8e0-4c34-8c30-4f4308ee372e to vehicle veh29
[Midd4VCServer] Vehicle veh27 already registered.
[Midd4VCServer] Vehicle veh34 already registered.
[Midd4VCServer] job received: 0f244b78-7206-473c-b30d-52599843cec8
[Midd4VCServer] Assigning job 0f244b78-7206-473c-b30d-52599843cec8 to vehicle veh9
[Midd4VCServer] job received: 34ae9bf5-29b7-4e53-90dc-b0e311376f76
[Midd4VCServer] Assigning job 34ae9bf5-29b7-4e53-90dc-b0e311376f76 to vehicle veh37
[Midd4VCServer] job received: f5aee1ac-bfda-47e9-9bb0-85f6d5695115
[Midd4VCServer] Assigning job f5aee1ac-bfda-47e9-9bb0-85f6d5695115 to vehicle veh20
[Midd4VCServer] Vehicle veh33 already registered.
[Midd4VCServer] job received: ebb30793-c4cb-48db-a1e8-12f61d37c009
[Midd4VC] Job 7b0c9cb2-3185-4dd3-89b9-23234275b75e timed out. Re-enqueueing.
[Midd4VC] Job 523eda52-ca52-41fc-a885-bd4b89fae459 timed out. Re-enqueueing.
[Midd4VC] Job 6840f735-6bcc-4436-87dc-f78e754136a1 timed out. Re-enqueueing.
[Midd4VCServer] Assigning job 6840f735-6bcc-4436-87dc-f78e754136a1 to vehicle veh36
[Midd4VCServer] Assigning job 523eda52-ca52-41fc-a885-bd4b89fae459 to vehicle veh5
[Midd4VCServer] Assigning job 7b0c9cb2-3185-4dd3-89b9-23234275b75e to vehicle veh24
[Midd4VCServer] Assigning job ebb30793-c4cb-48db-a1e8-12f61d37c009 to vehicle veh34
[Midd4VCServer] job 7b0c9cb2-3185-4dd3-89b9-23234275b75e completed by vehicle veh24
[Midd4VCServer] job ebb30793-c4cb-48db-a1e8-12f61d37c009 completed by vehicle veh34
[Midd4VCServer] Vehicle veh16 already registered.
[Midd4VCServer] job received: d50b8915-6563-4439-b476-9fd15d91ea18
[Midd4VC] Job 6ba68807-89dd-44fd-9c75-a9d68bcaf1ac timed out. Re-enqueueing.
[Midd4VCServer] Assigning job 6ba68807-89dd-44fd-9c75-a9d68bcaf1ac to vehicle veh33
[Midd4VCServer] Assigning job d50b8915-6563-4439-b476-9fd15d91ea18 to vehicle veh24
[Midd4VCServer] job 6ba68807-89dd-44fd-9c75-a9d68bcaf1ac completed by vehicle veh33
[Midd4VCServer] job d50b8915-6563-4439-b476-9fd15d91ea18 completed by vehicle veh24
[Midd4VCServer] Vehicle veh18 already registered.
[Midd4VCServer] job received: aa0c6698-9f30-4f86-90d3-68eab90546f8
[Midd4VCServer] Assigning job aa0c6698-9f30-4f86-90d3-68eab90546f8 to vehicle veh33
[Midd4VCServer] job aa0c6698-9f30-4f86-90d3-68eab90546f8 completed by vehicle veh33
[Midd4VCServer] Vehicle veh25 already registered.
[Midd4VCServer] job received: 42ba2ca6-c319-49d1-a52a-d41f3336b84a
[Midd4VCServer] Assigning job 42ba2ca6-c319-49d1-a52a-d41f3336b84a to vehicle veh25
[Midd4VCServer] job 42ba2ca6-c319-49d1-a52a-d41f3336b84a completed by vehicle veh25
[Midd4VCServer] job received: 7d2e8407-e4bf-4d00-bf13-35f5f5a7f0da
[Midd4VCServer] Assigning job 7d2e8407-e4bf-4d00-bf13-35f5f5a7f0da to vehicle veh2
[Midd4VCServer] job 7d2e8407-e4bf-4d00-bf13-35f5f5a7f0da completed by vehicle veh2
[Midd4VCServer] job received: f6c8c4cf-fc4e-4c4a-b787-b78413fb5efd
[Midd4VC] Job aaef9894-a1e5-42a0-b4c1-7145f9e797ab timed out. Re-enqueueing.
[Midd4VC] Job 8efd8251-51ba-4e3d-ad42-c228a8c34940 timed out. Re-enqueueing.
[Midd4VCServer] Assigning job 8efd8251-51ba-4e3d-ad42-c228a8c34940 to vehicle veh32
[Midd4VCServer] Assigning job aaef9894-a1e5-42a0-b4c1-7145f9e797ab to vehicle veh14
[Midd4VCServer] Assigning job f6c8c4cf-fc4e-4c4a-b787-b78413fb5efd to vehicle veh13
[Midd4VCServer] job received: c5e9ae44-bdb6-4c84-9aff-f41610df152e
[Midd4VCServer] Assigning job c5e9ae44-bdb6-4c84-9aff-f41610df152e to vehicle veh7
[Midd4VCServer] Vehicle veh18 already registered.
[Midd4VCServer] job received: 1cc545fa-3a23-40d1-8b4e-9f98e095ef9e
[Midd4VCServer] Assigning job 1cc545fa-3a23-40d1-8b4e-9f98e095ef9e to vehicle veh40
[Midd4VCServer] Vehicle veh9 already registered.
[Midd4VCServer] Vehicle veh20 already registered.
[Midd4VCServer] Vehicle veh6 already registered.
[Midd4VCServer] job received: 5b22db30-7faf-47b8-8ac6-fa528dbf8a38
[Midd4VC] Job 71bd6da5-03fb-4b6b-a04d-170565e6386a timed out. Re-enqueueing.
[Midd4VC] Job 02adf077-85ce-42a5-a04f-1a532c4ca316 timed out. Re-enqueueing.
[Midd4VCServer] Assigning job 02adf077-85ce-42a5-a04f-1a532c4ca316 to vehicle veh30
[Midd4VCServer] Assigning job 71bd6da5-03fb-4b6b-a04d-170565e6386a to vehicle veh8
[Midd4VCServer] Assigning job 5b22db30-7faf-47b8-8ac6-fa528dbf8a38 to vehicle veh19
[Midd4VCServer] Vehicle veh22 already registered.
[Midd4VCServer] job received: b5569da3-0b5a-4335-a264-8b1861b6d5be
[Midd4VCServer] Assigning job b5569da3-0b5a-4335-a264-8b1861b6d5be to vehicle veh24
[Midd4VCServer] job b5569da3-0b5a-4335-a264-8b1861b6d5be completed by vehicle veh24
[Midd4VCServer] job received: d11453b5-0401-4b86-b118-5cad3a681160
[Midd4VCServer] Assigning job d11453b5-0401-4b86-b118-5cad3a681160 to vehicle veh33
[Midd4VCServer] job received: 149fa6ac-6127-4523-ab0b-aa71067c98b1
[Midd4VC] Job fd863e58-442c-4c03-946e-0cf341e14529 timed out. Re-enqueueing.
[Midd4VC] Job 318c24b9-736a-47f7-bc97-78956c0f8ad5 timed out. Re-enqueueing.
[Midd4VCServer] Assigning job 318c24b9-736a-47f7-bc97-78956c0f8ad5 to vehicle veh27
[Midd4VCServer] Assigning job fd863e58-442c-4c03-946e-0cf341e14529 to vehicle veh17
[Midd4VCServer] Assigning job 149fa6ac-6127-4523-ab0b-aa71067c98b1 to vehicle veh34
[Midd4VCServer] job 149fa6ac-6127-4523-ab0b-aa71067c98b1 completed by vehicle veh34
[Midd4VCServer] Vehicle veh11 already registered.
[Midd4VCServer] Vehicle veh1 already registered.
[Midd4VCServer] Vehicle veh5 already registered.
[Midd4VCServer] Vehicle veh37 already registered.
[Midd4VCServer] Vehicle veh19 already registered.
[Midd4VCServer] Vehicle veh13 already registered.
[Midd4VCServer] job received: 9398df3e-8819-4a85-b81c-0fb279bb72e0
[Midd4VC] Job cdb5b67f-3437-4762-b8dd-49dae8f44c89 timed out. Re-enqueueing.
[Midd4VC] Job 9400a098-ca68-4b1f-9688-a9074b1c8221 timed out. Re-enqueueing.
[Midd4VCServer] Assigning job 9400a098-ca68-4b1f-9688-a9074b1c8221 to vehicle veh16
[Midd4VCServer] Assigning job cdb5b67f-3437-4762-b8dd-49dae8f44c89 to vehicle veh10
[Midd4VCServer] Assigning job 9398df3e-8819-4a85-b81c-0fb279bb72e0 to vehicle veh25
[Midd4VCServer] job 9398df3e-8819-4a85-b81c-0fb279bb72e0 completed by vehicle veh25
[Midd4VCServer] Vehicle veh14 already registered.
[Midd4VCServer] job received: a52de751-95d7-4fc6-98bd-64714be2819a
[Midd4VCServer] Assigning job a52de751-95d7-4fc6-98bd-64714be2819a to vehicle veh2
[Midd4VCServer] job a52de751-95d7-4fc6-98bd-64714be2819a completed by vehicle veh2
[Midd4VCServer] job received: 9b945156-77b2-4ca0-af35-2aae355b0cc2
[Midd4VCServer] Assigning job 9b945156-77b2-4ca0-af35-2aae355b0cc2 to vehicle veh24
[Midd4VCServer] job 9b945156-77b2-4ca0-af35-2aae355b0cc2 completed by vehicle veh24
[Midd4VCServer] job received: 733e5ee8-685d-4364-9ba9-ee1d365175a4
[Midd4VCServer] Assigning job 733e5ee8-685d-4364-9ba9-ee1d365175a4 to vehicle veh34
[Midd4VCServer] job 733e5ee8-685d-4364-9ba9-ee1d365175a4 completed by vehicle veh34
[Midd4VCServer] job received: 06ccc0d3-ba25-478e-a405-a609ce3ad54d
[Midd4VCServer] Assigning job 06ccc0d3-ba25-478e-a405-a609ce3ad54d to vehicle veh25
[Midd4VCServer] job 06ccc0d3-ba25-478e-a405-a609ce3ad54d completed by vehicle veh25
[Midd4VCServer] job received: 3d931408-cc56-4ea4-818b-8d6e072f04f4
[Midd4VCServer] Assigning job 3d931408-cc56-4ea4-818b-8d6e072f04f4 to vehicle veh2
[Midd4VCServer] job 3d931408-cc56-4ea4-818b-8d6e072f04f4 completed by vehicle veh2
[Midd4VCServer] Vehicle veh37 already registered.
[Midd4VCServer] job received: a1747766-8d1d-4333-82c8-75be05d6294c
[Midd4VC] Job a08320f2-95c8-4537-bf9b-7fb360baffc6 timed out. Re-enqueueing.
[Midd4VCServer] Assigning job a08320f2-95c8-4537-bf9b-7fb360baffc6 to vehicle veh31
[Midd4VCServer] Assigning job a1747766-8d1d-4333-82c8-75be05d6294c to vehicle veh24
[Midd4VCServer] job a1747766-8d1d-4333-82c8-75be05d6294c completed by vehicle veh24
[Midd4VCServer] Vehicle veh3 already registered.
[Midd4VCServer] job received: b3e0a4e9-d6f1-44e8-a1d1-9994fba47d0f
[Midd4VC] Job 564a18fd-3a2b-4ab8-b4e6-24381dc8486d timed out. Re-enqueueing.
[Midd4VCServer] Assigning job 564a18fd-3a2b-4ab8-b4e6-24381dc8486d to vehicle veh35
[Midd4VCServer] Assigning job b3e0a4e9-d6f1-44e8-a1d1-9994fba47d0f to vehicle veh34
[Midd4VCServer] job b3e0a4e9-d6f1-44e8-a1d1-9994fba47d0f completed by vehicle veh34
[Midd4VCServer] Vehicle veh13 already registered.
[Midd4VCServer] job received: 32a3a2d5-9b6a-4cd9-a801-46abef83783f
[Midd4VC] Job a5588abf-97f4-4427-812f-eae5914964c6 timed out. Re-enqueueing.
[Midd4VC] Job 4f98f32d-4da5-4eae-b69b-54655700484a timed out. Re-enqueueing.
[Midd4VC] Job 276b2c3c-d30e-4f76-8a2c-fcb188b76342 timed out. Re-enqueueing.
[Midd4VC] Job 2ebb1c78-3ba4-42be-8724-599ccc865b57 timed out. Re-enqueueing.
[Midd4VCServer] Assigning job 2ebb1c78-3ba4-42be-8724-599ccc865b57 to vehicle veh26
[Midd4VCServer] Assigning job 276b2c3c-d30e-4f76-8a2c-fcb188b76342 to vehicle veh15
[Midd4VCServer] Assigning job 4f98f32d-4da5-4eae-b69b-54655700484a to vehicle veh38
[Midd4VCServer] Assigning job a5588abf-97f4-4427-812f-eae5914964c6 to vehicle veh11
[Midd4VCServer] Assigning job 32a3a2d5-9b6a-4cd9-a801-46abef83783f to vehicle veh25
[Midd4VCServer] job 2ebb1c78-3ba4-42be-8724-599ccc865b57 completed by vehicle veh26
[Midd4VCServer] job 32a3a2d5-9b6a-4cd9-a801-46abef83783f completed by vehicle veh25
[Midd4VCServer] job 276b2c3c-d30e-4f76-8a2c-fcb188b76342 completed by vehicle veh15
[Midd4VCServer] Vehicle veh40 already registered.
[Midd4VCServer] Vehicle veh15 already registered.
[Midd4VCServer] Vehicle veh30 already registered.
[Midd4VCServer] job received: 96525096-26da-4669-ae19-d700aa255244
[Midd4VC] Job 1ccdc363-3b44-41c2-a49d-392bab49fc7d timed out. Re-enqueueing.
[Midd4VC] Job 1efa8782-7020-4f84-9cb3-d59721efa2a8 timed out. Re-enqueueing.
[Midd4VCServer] Assigning job 1efa8782-7020-4f84-9cb3-d59721efa2a8 to vehicle veh26
[Midd4VCServer] Assigning job 1ccdc363-3b44-41c2-a49d-392bab49fc7d to vehicle veh15
[Midd4VCServer] Assigning job 96525096-26da-4669-ae19-d700aa255244 to vehicle veh18
[Midd4VCServer] job 1efa8782-7020-4f84-9cb3-d59721efa2a8 completed by vehicle veh26
[Midd4VCServer] job received: 6376fb41-eff7-4f33-b09c-a9d407f8c4b6
[Midd4VCServer] Assigning job 6376fb41-eff7-4f33-b09c-a9d407f8c4b6 to vehicle veh26
[Midd4VCServer] job 6376fb41-eff7-4f33-b09c-a9d407f8c4b6 completed by vehicle veh26
[Midd4VCServer] job received: 4d51bb92-600f-41bb-98e4-2e608c6a32a6
[Midd4VCServer] Assigning job 4d51bb92-600f-41bb-98e4-2e608c6a32a6 to vehicle veh26
[Midd4VCServer] job 4d51bb92-600f-41bb-98e4-2e608c6a32a6 completed by vehicle veh26
[Midd4VCServer] Vehicle veh4 already registered.
[Midd4VCServer] Vehicle veh15 already registered.
[Midd4VCServer] Vehicle veh35 already registered.
[Midd4VCServer] Vehicle veh27 already registered.
[Midd4VCServer] job received: 1a0bcab0-d93d-4b5d-ae46-fd47c19e16aa
[Midd4VC] Job 04482d06-d45b-4ada-a81b-e9293e81a160 timed out. Re-enqueueing.
[Midd4VC] Job 547dd153-5d53-4fba-859a-8e6a9da24572 timed out. Re-enqueueing.
[Midd4VCServer] Assigning job 547dd153-5d53-4fba-859a-8e6a9da24572 to vehicle veh26
[Midd4VCServer] Assigning job 04482d06-d45b-4ada-a81b-e9293e81a160 to vehicle veh6
[Midd4VCServer] Assigning job 1a0bcab0-d93d-4b5d-ae46-fd47c19e16aa to vehicle veh21
[Midd4VCServer] job 04482d06-d45b-4ada-a81b-e9293e81a160 completed by vehicle veh6
[Midd4VCServer] job received: aa4e7fe9-2bdb-4f00-a56a-413fdea0682b
[Midd4VCServer] Assigning job aa4e7fe9-2bdb-4f00-a56a-413fdea0682b to vehicle veh6
[Midd4VCServer] job aa4e7fe9-2bdb-4f00-a56a-413fdea0682b completed by vehicle veh6
[Midd4VCServer] Vehicle veh10 already registered.
[Midd4VCServer] job received: 6c33b938-277a-4f2d-846a-2a26da9c9e0d
[Midd4VCServer] Assigning job 6c33b938-277a-4f2d-846a-2a26da9c9e0d to vehicle veh1
[Midd4VCServer] job received: bbfc6bd7-db3a-4fc4-9e42-3dc5a6e950b6
[Midd4VCServer] Assigning job bbfc6bd7-db3a-4fc4-9e42-3dc5a6e950b6 to vehicle veh6
[Midd4VCServer] job bbfc6bd7-db3a-4fc4-9e42-3dc5a6e950b6 completed by vehicle veh6
[Midd4VCServer] job received: d1a1535a-bc14-4fbe-98bb-0f82809e8f1d
[Midd4VCServer] Assigning job d1a1535a-bc14-4fbe-98bb-0f82809e8f1d to vehicle veh6
[Midd4VCServer] job d1a1535a-bc14-4fbe-98bb-0f82809e8f1d completed by vehicle veh6
[Midd4VCServer] Vehicle veh36 already registered.
[Midd4VCServer] Vehicle veh28 already registered.
[Midd4VCServer] Vehicle veh29 already registered.
[Midd4VCServer] job received: b12f297a-41a3-4d7c-bfd6-cd45a71e2aa8
[Midd4VCServer] Assigning job b12f297a-41a3-4d7c-bfd6-cd45a71e2aa8 to vehicle veh6
[Midd4VCServer] job b12f297a-41a3-4d7c-bfd6-cd45a71e2aa8 completed by vehicle veh6
[Midd4VCServer] Vehicle veh2 already registered.
[Midd4VCServer] Vehicle veh5 already registered.
[Midd4VCServer] job received: 1a919af3-82cc-43cd-9f06-f2e380aaa5dd
[Midd4VCServer] Assigning job 1a919af3-82cc-43cd-9f06-f2e380aaa5dd to vehicle veh2
[Midd4VCServer] job 1a919af3-82cc-43cd-9f06-f2e380aaa5dd completed by vehicle veh2
[Midd4VCServer] job received: 83b5c856-c24c-4064-9875-798eb94e8153
[Midd4VCServer] Assigning job 83b5c856-c24c-4064-9875-798eb94e8153 to vehicle veh6
[Midd4VCServer] job 83b5c856-c24c-4064-9875-798eb94e8153 completed by vehicle veh6
[Midd4VCServer] Vehicle veh27 already registered.
[Midd4VCServer] Vehicle veh39 already registered.
[Midd4VCServer] job received: bc9d2cba-1662-49c5-99ee-8d82d2276cf3
[Midd4VCServer] Assigning job bc9d2cba-1662-49c5-99ee-8d82d2276cf3 to vehicle veh24
[Midd4VCServer] job bc9d2cba-1662-49c5-99ee-8d82d2276cf3 completed by vehicle veh24
[Midd4VCServer] Vehicle veh24 already registered.
[Midd4VCServer] job received: c9b92566-7fa9-4874-b331-d31dac0304de
[Midd4VC] Job 0b48165d-a17c-4788-aa29-be867b334b65 timed out. Re-enqueueing.
[Midd4VC] Job 380b1ca3-48dc-4f82-a4d9-c20e0192e632 timed out. Re-enqueueing.
[Midd4VCServer] Assigning job 380b1ca3-48dc-4f82-a4d9-c20e0192e632 to vehicle veh23
[Midd4VCServer] Assigning job 0b48165d-a17c-4788-aa29-be867b334b65 to vehicle veh4
[Midd4VCServer] Assigning job c9b92566-7fa9-4874-b331-d31dac0304de to vehicle veh34
[Midd4VCServer] job 0b48165d-a17c-4788-aa29-be867b334b65 completed by vehicle veh4
[Midd4VCServer] job c9b92566-7fa9-4874-b331-d31dac0304de completed by vehicle veh34
[Midd4VCServer] job received: 30fabf58-7a5d-4ae3-870e-5e9bb8a1bf7a
[Midd4VC] Job 5b282867-0ee6-4252-9480-801b0fee1cd0 timed out. Re-enqueueing.
[Midd4VC] Job d468d294-4c33-4dc6-8a4d-57e492460f7b timed out. Re-enqueueing.
[Midd4VC] Job 06f4b70b-7f4b-4d9a-8674-2c9f07694685 timed out. Re-enqueueing.
[Midd4VC] Job c0d44fef-83d4-4713-b21a-5c6634526416 timed out. Re-enqueueing.
[Midd4VCServer] Assigning job c0d44fef-83d4-4713-b21a-5c6634526416 to vehicle veh12
[Midd4VCServer] Assigning job 06f4b70b-7f4b-4d9a-8674-2c9f07694685 to vehicle veh28
[Midd4VCServer] Assigning job d468d294-4c33-4dc6-8a4d-57e492460f7b to vehicle veh22
[Midd4VCServer] Assigning job 5b282867-0ee6-4252-9480-801b0fee1cd0 to vehicle veh4
[Midd4VCServer] Assigning job 30fabf58-7a5d-4ae3-870e-5e9bb8a1bf7a to vehicle veh39
[Midd4VCServer] job 5b282867-0ee6-4252-9480-801b0fee1cd0 completed by vehicle veh4
[Midd4VCServer] job 30fabf58-7a5d-4ae3-870e-5e9bb8a1bf7a completed by vehicle veh39
[Midd4VCServer] Vehicle veh19 already registered.
[Midd4VCServer] job received: 9b762077-6b49-4cd0-a22c-c17b367a5e06
[Midd4VC] Job c3ee9a1d-0849-452b-9ad9-4f5389a12fe0 timed out. Re-enqueueing.
[Midd4VC] Job 85798c32-c8e0-4c34-8c30-4f4308ee372e timed out. Re-enqueueing.
[Midd4VCServer] Assigning job 85798c32-c8e0-4c34-8c30-4f4308ee372e to vehicle veh3
[Midd4VCServer] Assigning job c3ee9a1d-0849-452b-9ad9-4f5389a12fe0 to vehicle veh29
[Midd4VCServer] Assigning job 9b762077-6b49-4cd0-a22c-c17b367a5e06 to vehicle veh4
[Midd4VCServer] job c3ee9a1d-0849-452b-9ad9-4f5389a12fe0 completed by vehicle veh29
[Midd4VCServer] job 9b762077-6b49-4cd0-a22c-c17b367a5e06 completed by vehicle veh4
[Midd4VCServer] Vehicle veh21 already registered.
[Midd4VCServer] Vehicle veh30 already registered.
[Midd4VCServer] job received: 30915154-bb0d-495e-89b9-4861e5174fef
[Midd4VC] Job 0f244b78-7206-473c-b30d-52599843cec8 timed out. Re-enqueueing.
[Midd4VCServer] Assigning job 0f244b78-7206-473c-b30d-52599843cec8 to vehicle veh9
[Midd4VCServer] Assigning job 30915154-bb0d-495e-89b9-4861e5174fef to vehicle veh39
[Midd4VCServer] job 0f244b78-7206-473c-b30d-52599843cec8 completed by vehicle veh9
[Midd4VCServer] job 30915154-bb0d-495e-89b9-4861e5174fef completed by vehicle veh39
[Midd4VCServer] job received: f675677c-0242-423f-b865-8a018797816d
[Midd4VCServer] Assigning job f675677c-0242-423f-b865-8a018797816d to vehicle veh29
[Midd4VCServer] job f675677c-0242-423f-b865-8a018797816d completed by vehicle veh29
[Midd4VCServer] job received: 352c5f6a-ea54-40aa-bac3-7d030c09f1dc
[Midd4VCServer] Assigning job 352c5f6a-ea54-40aa-bac3-7d030c09f1dc to vehicle veh9
[Midd4VCServer] job 352c5f6a-ea54-40aa-bac3-7d030c09f1dc completed by vehicle veh9
[Midd4VCServer] Vehicle veh38 already registered.
[Midd4VCServer] job received: e712b1d3-53c9-47c7-bc59-5f30344aa101
[Midd4VC] Job 34ae9bf5-29b7-4e53-90dc-b0e311376f76 timed out. Re-enqueueing.
[Midd4VCServer] Assigning job 34ae9bf5-29b7-4e53-90dc-b0e311376f76 to vehicle veh37
[Midd4VCServer] Assigning job e712b1d3-53c9-47c7-bc59-5f30344aa101 to vehicle veh4
[Midd4VCServer] job e712b1d3-53c9-47c7-bc59-5f30344aa101 completed by vehicle veh4
[Midd4VCServer] job received: 508d4b18-385b-4bfe-a1b1-c1fac078e5a6
[Midd4VC] Job f5aee1ac-bfda-47e9-9bb0-85f6d5695115 timed out. Re-enqueueing.
[Midd4VCServer] Assigning job f5aee1ac-bfda-47e9-9bb0-85f6d5695115 to vehicle veh20
[Midd4VCServer] Assigning job 508d4b18-385b-4bfe-a1b1-c1fac078e5a6 to vehicle veh39
[Midd4VCServer] job 508d4b18-385b-4bfe-a1b1-c1fac078e5a6 completed by vehicle veh39
[Midd4VCServer] job received: d685daae-943b-4ef7-95e7-78b8bd859721
[Midd4VCServer] Assigning job d685daae-943b-4ef7-95e7-78b8bd859721 to vehicle veh29
[Midd4VCServer] job d685daae-943b-4ef7-95e7-78b8bd859721 completed by vehicle veh29
[Midd4VCServer] Vehicle veh5 already registered.
[Midd4VCServer] Vehicle veh12 already registered.
[Midd4VCServer] Vehicle veh26 already registered.
[Midd4VCServer] Vehicle veh17 already registered.
[Midd4VCServer] Vehicle veh32 already registered.
[Midd4VCServer] Vehicle veh37 already registered.
[Midd4VCServer] job received: 65249251-9ed1-400a-9fe3-02c245306d0d
[Midd4VC] Job 6840f735-6bcc-4436-87dc-f78e754136a1 timed out. Re-enqueueing.
[Midd4VC] Job 523eda52-ca52-41fc-a885-bd4b89fae459 timed out. Re-enqueueing.
[Midd4VCServer] Assigning job 523eda52-ca52-41fc-a885-bd4b89fae459 to vehicle veh36
[Midd4VCServer] Assigning job 6840f735-6bcc-4436-87dc-f78e754136a1 to vehicle veh5
[Midd4VCServer] Assigning job 65249251-9ed1-400a-9fe3-02c245306d0d to vehicle veh9
[Midd4VCServer] job 6840f735-6bcc-4436-87dc-f78e754136a1 completed by vehicle veh5
[Midd4VCServer] job 65249251-9ed1-400a-9fe3-02c245306d0d completed by vehicle veh9
[Midd4VCServer] Vehicle veh33 already registered.
[Midd4VCServer] job received: 861377f1-33d8-46d2-89a6-7aea1c50bb38
[Midd4VCServer] Assigning job 861377f1-33d8-46d2-89a6-7aea1c50bb38 to vehicle veh5
[Midd4VCServer] job 861377f1-33d8-46d2-89a6-7aea1c50bb38 completed by vehicle veh5
[Midd4VCServer] job received: ac2324f1-0420-41f2-bd8b-ea991c0332a2
[Midd4VCServer] Assigning job ac2324f1-0420-41f2-bd8b-ea991c0332a2 to vehicle veh5
[Midd4VCServer] job ac2324f1-0420-41f2-bd8b-ea991c0332a2 completed by vehicle veh5
[Midd4VCServer] Vehicle veh15 already registered.
[Midd4VCServer] Vehicle veh21 already registered.
[Midd4VCServer] Vehicle veh31 already registered.
[Midd4VCServer] Vehicle veh20 already registered.
[Midd4VCServer] job received: d66d88cb-af72-4ef2-9b31-8b82b6a478ab
[Midd4VC] Job 8efd8251-51ba-4e3d-ad42-c228a8c34940 timed out. Re-enqueueing.
[Midd4VC] Job aaef9894-a1e5-42a0-b4c1-7145f9e797ab timed out. Re-enqueueing.
[Midd4VC] Job f6c8c4cf-fc4e-4c4a-b787-b78413fb5efd timed out. Re-enqueueing.
[Midd4VC] Job c5e9ae44-bdb6-4c84-9aff-f41610df152e timed out. Re-enqueueing.
[Midd4VCServer] Assigning job c5e9ae44-bdb6-4c84-9aff-f41610df152e to vehicle veh32
[Midd4VCServer] Assigning job f6c8c4cf-fc4e-4c4a-b787-b78413fb5efd to vehicle veh14
[Midd4VCServer] Assigning job aaef9894-a1e5-42a0-b4c1-7145f9e797ab to vehicle veh5
[Midd4VCServer] Assigning job 8efd8251-51ba-4e3d-ad42-c228a8c34940 to vehicle veh13
[Midd4VCServer] Assigning job d66d88cb-af72-4ef2-9b31-8b82b6a478ab to vehicle veh7
[Midd4VCServer] job aaef9894-a1e5-42a0-b4c1-7145f9e797ab completed by vehicle veh5
[Midd4VCServer] job received: 978d9d53-8196-4858-9d7a-4ef62b195164
[Midd4VCServer] Assigning job 978d9d53-8196-4858-9d7a-4ef62b195164 to vehicle veh5
[Midd4VCServer] job 978d9d53-8196-4858-9d7a-4ef62b195164 completed by vehicle veh5
[Midd4VCServer] job received: 044dc753-0451-4322-81e8-4b6c2ffb944f
[Midd4VC] Job 1cc545fa-3a23-40d1-8b4e-9f98e095ef9e timed out. Re-enqueueing.
[Midd4VCServer] Assigning job 1cc545fa-3a23-40d1-8b4e-9f98e095ef9e to vehicle veh40
[Midd4VCServer] Assigning job 044dc753-0451-4322-81e8-4b6c2ffb944f to vehicle veh5
[Midd4VCServer] job 044dc753-0451-4322-81e8-4b6c2ffb944f completed by vehicle veh5
[Midd4VCServer] job received: 99fc296b-163e-4ee2-9193-68c860b6265e
[Midd4VCServer] Assigning job 99fc296b-163e-4ee2-9193-68c860b6265e to vehicle veh4
[Midd4VCServer] job 99fc296b-163e-4ee2-9193-68c860b6265e completed by vehicle veh4
[Midd4VCServer] job received: f5c08467-5072-4164-bf61-102706a77886
[Midd4VCServer] Assigning job f5c08467-5072-4164-bf61-102706a77886 to vehicle veh39
[Midd4VCServer] Vehicle veh29 already registered.
[Midd4VCServer] job received: 4dc90085-0e05-4889-9f74-faa43bce7d90
[Midd4VC] Job 02adf077-85ce-42a5-a04f-1a532c4ca316 timed out. Re-enqueueing.
[Midd4VC] Job 71bd6da5-03fb-4b6b-a04d-170565e6386a timed out. Re-enqueueing.
[Midd4VC] Job 5b22db30-7faf-47b8-8ac6-fa528dbf8a38 timed out. Re-enqueueing.
[Midd4VC] Job d11453b5-0401-4b86-b118-5cad3a681160 timed out. Re-enqueueing.
[Midd4VCServer] Assigning job d11453b5-0401-4b86-b118-5cad3a681160 to vehicle veh30
[Midd4VCServer] Assigning job 5b22db30-7faf-47b8-8ac6-fa528dbf8a38 to vehicle veh8
[Midd4VCServer] Assigning job 71bd6da5-03fb-4b6b-a04d-170565e6386a to vehicle veh19
[Midd4VCServer] Assigning job 02adf077-85ce-42a5-a04f-1a532c4ca316 to vehicle veh33
[Midd4VCServer] Assigning job 4dc90085-0e05-4889-9f74-faa43bce7d90 to vehicle veh29
[Midd4VCServer] job 71bd6da5-03fb-4b6b-a04d-170565e6386a completed by vehicle veh19
[Midd4VCServer] job 02adf077-85ce-42a5-a04f-1a532c4ca316 completed by vehicle veh33
[Midd4VCServer] job 4dc90085-0e05-4889-9f74-faa43bce7d90 completed by vehicle veh29
[Midd4VCServer] Vehicle veh36 already registered.
[Midd4VCServer] job received: 63bbac4a-9255-417b-a189-2706ce167b0d
[Midd4VC] Job 318c24b9-736a-47f7-bc97-78956c0f8ad5 timed out. Re-enqueueing.
[Midd4VC] Job fd863e58-442c-4c03-946e-0cf341e14529 timed out. Re-enqueueing.
[Midd4VCServer] Assigning job fd863e58-442c-4c03-946e-0cf341e14529 to vehicle veh27
[Midd4VCServer] Assigning job 318c24b9-736a-47f7-bc97-78956c0f8ad5 to vehicle veh17
[Midd4VCServer] Assigning job 63bbac4a-9255-417b-a189-2706ce167b0d to vehicle veh19
[Midd4VCServer] job fd863e58-442c-4c03-946e-0cf341e14529 completed by vehicle veh27
[Midd4VCServer] job 318c24b9-736a-47f7-bc97-78956c0f8ad5 completed by vehicle veh17
[Midd4VCServer] job 63bbac4a-9255-417b-a189-2706ce167b0d completed by vehicle veh19
[Midd4VCServer] Vehicle veh32 already registered.
[Midd4VCServer] Vehicle veh35 already registered.
[Midd4VCServer] job received: 10437956-9edb-49fc-8002-c86aa8f7e26b
[Midd4VCServer] Assigning job 10437956-9edb-49fc-8002-c86aa8f7e26b to vehicle veh27
[Midd4VCServer] job 10437956-9edb-49fc-8002-c86aa8f7e26b completed by vehicle veh27
[Midd4VCServer] job received: caa550ec-e840-4452-8349-a6e39d8603ec
[Midd4VCServer] Assigning job caa550ec-e840-4452-8349-a6e39d8603ec to vehicle veh27
[Midd4VCServer] job caa550ec-e840-4452-8349-a6e39d8603ec completed by vehicle veh27
[Midd4VCServer] Vehicle veh28 already registered.
[Midd4VCServer] Vehicle veh13 already registered.
[Midd4VCServer] Vehicle veh14 already registered.
[Midd4VCServer] Vehicle veh18 already registered.
[Midd4VCServer] job received: 17416ad2-dde0-4e1c-a263-4975279e651d
[Midd4VCServer] Assigning job 17416ad2-dde0-4e1c-a263-4975279e651d to vehicle veh17
[Midd4VCServer] job 17416ad2-dde0-4e1c-a263-4975279e651d completed by vehicle veh17
[Midd4VCServer] job received: 0c06c898-02ae-4f3e-9e80-c305e459a5a4
[Midd4VC] Job 9400a098-ca68-4b1f-9688-a9074b1c8221 timed out. Re-enqueueing.
[Midd4VC] Job cdb5b67f-3437-4762-b8dd-49dae8f44c89 timed out. Re-enqueueing.
[Midd4VCServer] Assigning job cdb5b67f-3437-4762-b8dd-49dae8f44c89 to vehicle veh16
[Midd4VCServer] Assigning job 9400a098-ca68-4b1f-9688-a9074b1c8221 to vehicle veh10
[Midd4VCServer] Assigning job 0c06c898-02ae-4f3e-9e80-c305e459a5a4 to vehicle veh27
[Midd4VCServer] job 0c06c898-02ae-4f3e-9e80-c305e459a5a4 completed by vehicle veh27
[Midd4VCServer] job received: e3d94254-ba49-4e98-8d0b-9eaf90f92478
[Midd4VCServer] Assigning job e3d94254-ba49-4e98-8d0b-9eaf90f92478 to vehicle veh17
[Midd4VCServer] job e3d94254-ba49-4e98-8d0b-9eaf90f92478 completed by vehicle veh17
[Midd4VCServer] Vehicle veh11 already registered.
[Midd4VCServer] Vehicle veh7 already registered.
[Midd4VCServer] job received: c10c1a7d-da17-4c73-ae19-4e42ef92a1f6
[Midd4VCServer] Assigning job c10c1a7d-da17-4c73-ae19-4e42ef92a1f6 to vehicle veh27
[Midd4VCServer] job c10c1a7d-da17-4c73-ae19-4e42ef92a1f6 completed by vehicle veh27
[Midd4VCServer] Vehicle veh31 already registered.
[Midd4VCServer] job received: c5dbf90a-ce55-4f53-953f-903eed4d3f1d
[Midd4VC] Job a08320f2-95c8-4537-bf9b-7fb360baffc6 timed out. Re-enqueueing.
[Midd4VCServer] Assigning job a08320f2-95c8-4537-bf9b-7fb360baffc6 to vehicle veh31
[Midd4VCServer] Assigning job c5dbf90a-ce55-4f53-953f-903eed4d3f1d to vehicle veh17
[Midd4VCServer] job a08320f2-95c8-4537-bf9b-7fb360baffc6 completed by vehicle veh31
[Midd4VCServer] job received: a8e1e60c-f899-45f7-955b-ea5c113aef76
[Midd4VCServer] Assigning job a8e1e60c-f899-45f7-955b-ea5c113aef76 to vehicle veh31
[Midd4VCServer] job a8e1e60c-f899-45f7-955b-ea5c113aef76 completed by vehicle veh31
[Midd4VCServer] job received: 70e786e6-3442-4c6d-927c-7a1522cd1c6b
[Midd4VC] Job 564a18fd-3a2b-4ab8-b4e6-24381dc8486d timed out. Re-enqueueing.
[Midd4VCServer] Assigning job 564a18fd-3a2b-4ab8-b4e6-24381dc8486d to vehicle veh35
[Midd4VCServer] Assigning job 70e786e6-3442-4c6d-927c-7a1522cd1c6b to vehicle veh31
[Midd4VCServer] job 564a18fd-3a2b-4ab8-b4e6-24381dc8486d completed by vehicle veh35
[Midd4VCServer] Vehicle veh38 already registered.
[Midd4VCServer] job received: 5aa1032a-b394-4a2f-9296-c255bea3fb8d
[Midd4VC] Job 4f98f32d-4da5-4eae-b69b-54655700484a timed out. Re-enqueueing.
[Midd4VC] Job a5588abf-97f4-4427-812f-eae5914964c6 timed out. Re-enqueueing.
[Midd4VCServer] Assigning job a5588abf-97f4-4427-812f-eae5914964c6 to vehicle veh38
[Midd4VCServer] Assigning job 4f98f32d-4da5-4eae-b69b-54655700484a to vehicle veh11
[Midd4VCServer] Assigning job 5aa1032a-b394-4a2f-9296-c255bea3fb8d to vehicle veh35
[Midd4VCServer] job a5588abf-97f4-4427-812f-eae5914964c6 completed by vehicle veh38
[Midd4VCServer] job 5aa1032a-b394-4a2f-9296-c255bea3fb8d completed by vehicle veh35
[Midd4VCServer] Vehicle veh10 already registered.
[Midd4VCServer] job received: 7ac64a45-acb8-4cb9-b1b1-1c8cc0570a8b
[Midd4VCServer] Assigning job 7ac64a45-acb8-4cb9-b1b1-1c8cc0570a8b to vehicle veh38
[Midd4VCServer] job 7ac64a45-acb8-4cb9-b1b1-1c8cc0570a8b completed by vehicle veh38
[Midd4VCServer] Vehicle veh12 already registered.
[Midd4VCServer] Vehicle veh11 already registered.
[Midd4VCServer] Vehicle veh21 already registered.
[Midd4VCServer] Vehicle veh17 already registered.
[Midd4VCServer] job received: f013a54e-0147-4c07-bca1-4468ca662c54
[Midd4VC] Job 1ccdc363-3b44-41c2-a49d-392bab49fc7d timed out. Re-enqueueing.
[Midd4VC] Job 96525096-26da-4669-ae19-d700aa255244 timed out. Re-enqueueing.
[Midd4VCServer] Assigning job 96525096-26da-4669-ae19-d700aa255244 to vehicle veh15
[Midd4VCServer] Assigning job 1ccdc363-3b44-41c2-a49d-392bab49fc7d to vehicle veh18
[Midd4VCServer] Assigning job f013a54e-0147-4c07-bca1-4468ca662c54 to vehicle veh38
[Midd4VCServer] job f013a54e-0147-4c07-bca1-4468ca662c54 completed by vehicle veh38
[Midd4VCServer] Vehicle veh22 already registered.
[Midd4VCServer] job received: ce55a70a-aef6-42ea-af54-6256122980c8
[Midd4VC] Job 547dd153-5d53-4fba-859a-8e6a9da24572 timed out. Re-enqueueing.
[Midd4VC] Job 1a0bcab0-d93d-4b5d-ae46-fd47c19e16aa timed out. Re-enqueueing.
[Midd4VCServer] Assigning job 1a0bcab0-d93d-4b5d-ae46-fd47c19e16aa to vehicle veh26
[Midd4VCServer] Assigning job 547dd153-5d53-4fba-859a-8e6a9da24572 to vehicle veh21
[Midd4VCServer] Assigning job ce55a70a-aef6-42ea-af54-6256122980c8 to vehicle veh38
[Midd4VCServer] job 1a0bcab0-d93d-4b5d-ae46-fd47c19e16aa completed by vehicle veh26
[Midd4VCServer] job 547dd153-5d53-4fba-859a-8e6a9da24572 completed by vehicle veh21
[Midd4VCServer] job ce55a70a-aef6-42ea-af54-6256122980c8 completed by vehicle veh38
[Midd4VCServer] job received: d4498bd9-b761-44b4-9fd4-367bc0878c43
[Midd4VCServer] Assigning job d4498bd9-b761-44b4-9fd4-367bc0878c43 to vehicle veh26
[Midd4VCServer] job d4498bd9-b761-44b4-9fd4-367bc0878c43 completed by vehicle veh26
[Midd4VCServer] Vehicle veh20 already registered.
[Midd4VCServer] Vehicle veh33 already registered.
[Midd4VCServer] Vehicle veh6 already registered.
[Midd4VCServer] Vehicle veh7 already registered.
[Midd4VCServer] job received: 873e0dcf-16f3-40ae-85bd-1e0968eb9619
[Midd4VC] Job 6c33b938-277a-4f2d-846a-2a26da9c9e0d timed out. Re-enqueueing.
[Midd4VCServer] Assigning job 6c33b938-277a-4f2d-846a-2a26da9c9e0d to vehicle veh26
[Midd4VCServer] Assigning job 873e0dcf-16f3-40ae-85bd-1e0968eb9619 to vehicle veh1
[Midd4VCServer] job 6c33b938-277a-4f2d-846a-2a26da9c9e0d completed by vehicle veh26
[Midd4VCServer] job received: a91bc9f8-7ec6-4f10-8500-c36a460c2123
[Midd4VCServer] Assigning job a91bc9f8-7ec6-4f10-8500-c36a460c2123 to vehicle veh26
[Midd4VCServer] job a91bc9f8-7ec6-4f10-8500-c36a460c2123 completed by vehicle veh26
[Midd4VCServer] job received: d4288602-7dda-4d3f-be9a-57f4492d1dd4
[Midd4VCServer] Assigning job d4288602-7dda-4d3f-be9a-57f4492d1dd4 to vehicle veh26
[Midd4VCServer] job d4288602-7dda-4d3f-be9a-57f4492d1dd4 completed by vehicle veh26
[Midd4VCServer] Vehicle veh40 already registered.
[Midd4VCServer] job received: aa9445cb-f632-400a-adb3-b37e28c7b0aa
[Midd4VCServer] Assigning job aa9445cb-f632-400a-adb3-b37e28c7b0aa to vehicle veh26
[Midd4VCServer] job aa9445cb-f632-400a-adb3-b37e28c7b0aa completed by vehicle veh26
[Midd4VCServer] job received: 79fa349a-5716-4b5b-a8ac-eacacbfeb354
[Midd4VCServer] Assigning job 79fa349a-5716-4b5b-a8ac-eacacbfeb354 to vehicle veh26
[Midd4VCServer] job 79fa349a-5716-4b5b-a8ac-eacacbfeb354 completed by vehicle veh26
[Midd4VCServer] job received: b8d58bdd-6ab0-4ecf-a794-d6a20259c78b
[Midd4VCServer] Assigning job b8d58bdd-6ab0-4ecf-a794-d6a20259c78b to vehicle veh26
[Midd4VCServer] job b8d58bdd-6ab0-4ecf-a794-d6a20259c78b completed by vehicle veh26
[Midd4VCServer] Vehicle veh36 already registered.
[Midd4VCServer] Vehicle veh22 already registered.
[Midd4VCServer] Vehicle veh19 already registered.
[Midd4VCServer] job received: cbf32dd9-55ce-4d56-aca6-97c2707b9873
[Midd4VCServer] Assigning job cbf32dd9-55ce-4d56-aca6-97c2707b9873 to vehicle veh26
[Midd4VCServer] Vehicle veh39 already registered.
[Midd4VCServer] job received: e7985461-c060-46d8-9f65-b49f33e05b3a
[Midd4VC] Job 380b1ca3-48dc-4f82-a4d9-c20e0192e632 timed out. Re-enqueueing.
[Midd4VCServer] Assigning job 380b1ca3-48dc-4f82-a4d9-c20e0192e632 to vehicle veh23
[Midd4VCServer] Assigning job e7985461-c060-46d8-9f65-b49f33e05b3a to vehicle veh21
[Midd4VCServer] Vehicle veh17 already registered.
[Midd4VCServer] job received: bc9b6b06-e6df-4af1-9dd8-5fbdaec7b1e2
[Midd4VC] Job c0d44fef-83d4-4713-b21a-5c6634526416 timed out. Re-enqueueing.
[Midd4VC] Job 06f4b70b-7f4b-4d9a-8674-2c9f07694685 timed out. Re-enqueueing.
[Midd4VC] Job d468d294-4c33-4dc6-8a4d-57e492460f7b timed out. Re-enqueueing.
[Midd4VC] Job 85798c32-c8e0-4c34-8c30-4f4308ee372e timed out. Re-enqueueing.
[Midd4VCServer] Assigning job 85798c32-c8e0-4c34-8c30-4f4308ee372e to vehicle veh12
[Midd4VCServer] Assigning job d468d294-4c33-4dc6-8a4d-57e492460f7b to vehicle veh28
[Midd4VCServer] Assigning job 06f4b70b-7f4b-4d9a-8674-2c9f07694685 to vehicle veh22
[Midd4VCServer] Assigning job c0d44fef-83d4-4713-b21a-5c6634526416 to vehicle veh3
[Midd4VCServer] Assigning job bc9b6b06-e6df-4af1-9dd8-5fbdaec7b1e2 to vehicle veh35
[Midd4VCServer] job d468d294-4c33-4dc6-8a4d-57e492460f7b completed by vehicle veh28
[Midd4VCServer] Vehicle veh4 already registered.
[Midd4VCServer] job received: 0d0ba056-bdf9-46d7-af61-0b9534eef58d
[Midd4VCServer] Assigning job 0d0ba056-bdf9-46d7-af61-0b9534eef58d to vehicle veh28
[Midd4VCServer] job 0d0ba056-bdf9-46d7-af61-0b9534eef58d completed by vehicle veh28
[Midd4VCServer] Vehicle veh1 already registered.
[Midd4VCServer] job received: 00c2c157-6f62-4d36-a39c-40540b7b32b9
[Midd4VC] Job 34ae9bf5-29b7-4e53-90dc-b0e311376f76 timed out. Re-enqueueing.
[Midd4VC] Job f5aee1ac-bfda-47e9-9bb0-85f6d5695115 timed out. Re-enqueueing.
[Midd4VCServer] Assigning job f5aee1ac-bfda-47e9-9bb0-85f6d5695115 to vehicle veh37
[Midd4VCServer] Assigning job 34ae9bf5-29b7-4e53-90dc-b0e311376f76 to vehicle veh20
[Midd4VCServer] Assigning job 00c2c157-6f62-4d36-a39c-40540b7b32b9 to vehicle veh28
[Midd4VCServer] job 34ae9bf5-29b7-4e53-90dc-b0e311376f76 completed by vehicle veh20
[Midd4VCServer] job 00c2c157-6f62-4d36-a39c-40540b7b32b9 completed by vehicle veh28
[Midd4VCServer] Vehicle veh33 already registered.
[Midd4VCServer] Vehicle veh6 already registered.
[Midd4VCServer] job received: 2d19f21b-ce2c-4c5d-8788-37048c420c83
[Midd4VCServer] Assigning job 2d19f21b-ce2c-4c5d-8788-37048c420c83 to vehicle veh20
[Midd4VCServer] job 2d19f21b-ce2c-4c5d-8788-37048c420c83 completed by vehicle veh20
[Midd4VCServer] job received: 56b5ef18-6100-49b4-b846-2235f8a9ee69
[Midd4VCServer] Assigning job 56b5ef18-6100-49b4-b846-2235f8a9ee69 to vehicle veh28
[Midd4VCServer] job 56b5ef18-6100-49b4-b846-2235f8a9ee69 completed by vehicle veh28
[Midd4VCServer] Vehicle veh36 already registered.
[Midd4VCServer] Vehicle veh9 already registered.
[Midd4VCServer] job received: 10eded47-9e32-48d3-97e3-347744ce8add
[Midd4VCServer] Assigning job 10eded47-9e32-48d3-97e3-347744ce8add to vehicle veh38
[Midd4VCServer] Vehicle veh3 already registered.
[Midd4VCServer] job received: 4cffea3c-da56-4f7a-93e0-380bc4fe0bc4
[Midd4VCServer] Assigning job 4cffea3c-da56-4f7a-93e0-380bc4fe0bc4 to vehicle veh27
[Midd4VCServer] job received: 7280620c-4faa-4c30-9c58-cdab89e3198f
[Midd4VCServer] Assigning job 7280620c-4faa-4c30-9c58-cdab89e3198f to vehicle veh20
[Midd4VCServer] job 7280620c-4faa-4c30-9c58-cdab89e3198f completed by vehicle veh20
[Midd4VCServer] job received: 61ac17a1-3971-4fcc-a243-91593aa7b376
[Midd4VCServer] Assigning job 61ac17a1-3971-4fcc-a243-91593aa7b376 to vehicle veh33
[Midd4VCServer] job 61ac17a1-3971-4fcc-a243-91593aa7b376 completed by vehicle veh33
[Midd4VCServer] Vehicle veh25 already registered.
[Midd4VCServer] Vehicle veh13 already registered.
[Midd4VCServer] job received: 94bbfcc5-734d-4f13-abda-61eca4947d6a
[Midd4VC] Job 523eda52-ca52-41fc-a885-bd4b89fae459 timed out. Re-enqueueing.
[Midd4VCServer] Assigning job 523eda52-ca52-41fc-a885-bd4b89fae459 to vehicle veh36
[Midd4VCServer] Assigning job 94bbfcc5-734d-4f13-abda-61eca4947d6a to vehicle veh28
[Midd4VCServer] job 523eda52-ca52-41fc-a885-bd4b89fae459 completed by vehicle veh36
[Midd4VCServer] Vehicle veh1 already registered.
[Midd4VCServer] Vehicle veh11 already registered.
[Midd4VCServer] Vehicle veh22 already registered.
[Midd4VCServer] job received: 55629885-ff4e-42e2-a1ff-3b29567035ca
[Midd4VCServer] Assigning job 55629885-ff4e-42e2-a1ff-3b29567035ca to vehicle veh36
[Midd4VCServer] job 55629885-ff4e-42e2-a1ff-3b29567035ca completed by vehicle veh36
[Midd4VCServer] Vehicle veh40 already registered.
[Midd4VCServer] Vehicle veh20 already registered.
[Midd4VCServer] Vehicle veh16 already registered.
[Midd4VCServer] job received: 66198549-4fe1-40c1-b5fa-5d68912f71f8
[Midd4VCServer] Assigning job 66198549-4fe1-40c1-b5fa-5d68912f71f8 to vehicle veh36
[Midd4VCServer] job 66198549-4fe1-40c1-b5fa-5d68912f71f8 completed by vehicle veh36
[Midd4VCServer] Vehicle veh28 already registered.
[Midd4VCServer] Vehicle veh9 already registered.
[Midd4VCServer] Vehicle veh10 already registered.
[Midd4VCServer] Vehicle veh27 already registered.
[Midd4VCServer] Vehicle veh17 already registered.
[Midd4VCServer] Vehicle veh13 already registered.
[Midd4VCServer] Vehicle veh14 already registered.
[Midd4VCServer] job received: 6469062e-9ce4-48af-8c98-2021168b44d2
[Midd4VC] Job c5e9ae44-bdb6-4c84-9aff-f41610df152e timed out. Re-enqueueing.
[Midd4VC] Job f6c8c4cf-fc4e-4c4a-b787-b78413fb5efd timed out. Re-enqueueing.
[Midd4VC] Job 8efd8251-51ba-4e3d-ad42-c228a8c34940 timed out. Re-enqueueing.
[Midd4VC] Job d66d88cb-af72-4ef2-9b31-8b82b6a478ab timed out. Re-enqueueing.
[Midd4VC] Job 1cc545fa-3a23-40d1-8b4e-9f98e095ef9e timed out. Re-enqueueing.
[Midd4VC] Job f5c08467-5072-4164-bf61-102706a77886 timed out. Re-enqueueing.
[Midd4VCServer] Assigning job f5c08467-5072-4164-bf61-102706a77886 to vehicle veh32
[Midd4VCServer] Assigning job 1cc545fa-3a23-40d1-8b4e-9f98e095ef9e to vehicle veh14
[Midd4VCServer] Assigning job d66d88cb-af72-4ef2-9b31-8b82b6a478ab to vehicle veh36
[Midd4VCServer] Assigning job 8efd8251-51ba-4e3d-ad42-c228a8c34940 to vehicle veh13
[Midd4VCServer] Assigning job f6c8c4cf-fc4e-4c4a-b787-b78413fb5efd to vehicle veh7
[Midd4VCServer] Assigning job c5e9ae44-bdb6-4c84-9aff-f41610df152e to vehicle veh40
[Midd4VCServer] Assigning job 6469062e-9ce4-48af-8c98-2021168b44d2 to vehicle veh39
[Midd4VCServer] job 8efd8251-51ba-4e3d-ad42-c228a8c34940 completed by vehicle veh13
[Midd4VCServer] job 1cc545fa-3a23-40d1-8b4e-9f98e095ef9e completed by vehicle veh14
[Midd4VCServer] job f6c8c4cf-fc4e-4c4a-b787-b78413fb5efd completed by vehicle veh7
[Midd4VCServer] job d66d88cb-af72-4ef2-9b31-8b82b6a478ab completed by vehicle veh36
[Midd4VCServer] job 6469062e-9ce4-48af-8c98-2021168b44d2 completed by vehicle veh39
[Midd4VCServer] job c5e9ae44-bdb6-4c84-9aff-f41610df152e completed by vehicle veh40
[Midd4VCServer] job received: 03b81183-ae46-483c-bdc3-cba2df068745
[Midd4VCServer] Assigning job 03b81183-ae46-483c-bdc3-cba2df068745 to vehicle veh14
[Midd4VCServer] job 03b81183-ae46-483c-bdc3-cba2df068745 completed by vehicle veh14
[Midd4VCServer] job received: 569e23f6-7bde-47f8-98f6-999fe93c3a6f
[Midd4VCServer] Assigning job 569e23f6-7bde-47f8-98f6-999fe93c3a6f to vehicle veh36
[Midd4VCServer] job 569e23f6-7bde-47f8-98f6-999fe93c3a6f completed by vehicle veh36
[Midd4VCServer] job received: c6621598-dfc1-41cf-b84c-5e41c134f198
[Midd4VC] Job d11453b5-0401-4b86-b118-5cad3a681160 timed out. Re-enqueueing.
[Midd4VC] Job 5b22db30-7faf-47b8-8ac6-fa528dbf8a38 timed out. Re-enqueueing.
[Midd4VCServer] Assigning job 5b22db30-7faf-47b8-8ac6-fa528dbf8a38 to vehicle veh30
[Midd4VCServer] Assigning job d11453b5-0401-4b86-b118-5cad3a681160 to vehicle veh8
[Midd4VCServer] Assigning job c6621598-dfc1-41cf-b84c-5e41c134f198 to vehicle veh14
[Midd4VCServer] job c6621598-dfc1-41cf-b84c-5e41c134f198 completed by vehicle veh14
[Midd4VCServer] job received: 37901dea-c39a-4f3f-87f7-76c0498cd54b
[Midd4VCServer] Assigning job 37901dea-c39a-4f3f-87f7-76c0498cd54b to vehicle veh13
[Midd4VCServer] job 37901dea-c39a-4f3f-87f7-76c0498cd54b completed by vehicle veh13
[Midd4VCServer] Vehicle veh23 already registered.
[Midd4VCServer] job received: 01e5b214-270d-4cd8-b545-ad7e3cead322
[Midd4VCServer] Assigning job 01e5b214-270d-4cd8-b545-ad7e3cead322 to vehicle veh7
[Midd4VCServer] job 01e5b214-270d-4cd8-b545-ad7e3cead322 completed by vehicle veh7
[Midd4VCServer] Vehicle veh10 already registered.
[Midd4VCServer] job received: 79acc774-fc05-49ef-af45-06e528af0836
[Midd4VCServer] Assigning job 79acc774-fc05-49ef-af45-06e528af0836 to vehicle veh40
[Midd4VCServer] job 79acc774-fc05-49ef-af45-06e528af0836 completed by vehicle veh40
[Midd4VCServer] Vehicle veh28 already registered.
[Midd4VCServer] Vehicle veh25 already registered.
[Midd4VCServer] Vehicle veh3 already registered.
[Midd4VCServer] job received: bc63506e-0d07-4330-962b-de0d2ea8d05b
[Midd4VCServer] Assigning job bc63506e-0d07-4330-962b-de0d2ea8d05b to vehicle veh36
[Midd4VCServer] job bc63506e-0d07-4330-962b-de0d2ea8d05b completed by vehicle veh36
[Midd4VCServer] job received: 95e89283-5152-48c1-823a-c4d4f15263c3
[Midd4VCServer] Assigning job 95e89283-5152-48c1-823a-c4d4f15263c3 to vehicle veh14
[Midd4VCServer] job 95e89283-5152-48c1-823a-c4d4f15263c3 completed by vehicle veh14
[Midd4VCServer] Vehicle veh34 already registered.
[Midd4VCServer] Vehicle veh38 already registered.
[Midd4VCServer] Vehicle veh20 already registered.
[Midd4VCServer] job received: dc6eccb2-ebdb-482e-8374-b44be70931ea
[Midd4VC] Job cdb5b67f-3437-4762-b8dd-49dae8f44c89 timed out. Re-enqueueing.
[Midd4VC] Job 9400a098-ca68-4b1f-9688-a9074b1c8221 timed out. Re-enqueueing.
[Midd4VCServer] Assigning job 9400a098-ca68-4b1f-9688-a9074b1c8221 to vehicle veh16
[Midd4VCServer] Assigning job cdb5b67f-3437-4762-b8dd-49dae8f44c89 to vehicle veh10
[Midd4VCServer] Assigning job dc6eccb2-ebdb-482e-8374-b44be70931ea to vehicle veh13
[Midd4VCServer] job cdb5b67f-3437-4762-b8dd-49dae8f44c89 completed by vehicle veh10
[Midd4VCServer] job received: 057e225a-1e0e-4efc-937b-42536d3570cf
[Midd4VCServer] Assigning job 057e225a-1e0e-4efc-937b-42536d3570cf to vehicle veh10
[Midd4VCServer] job 057e225a-1e0e-4efc-937b-42536d3570cf completed by vehicle veh10
[Midd4VCServer] job received: d231751d-e217-4bbf-8071-949cafb2daf8
[Midd4VCServer] Assigning job d231751d-e217-4bbf-8071-949cafb2daf8 to vehicle veh10
[Midd4VCServer] job d231751d-e217-4bbf-8071-949cafb2daf8 completed by vehicle veh10
[Midd4VCServer] Vehicle veh31 already registered.
[Midd4VCServer] Vehicle veh5 already registered.
[Midd4VCServer] job received: 90ee8005-0491-46aa-97e4-24b8ae388f69
[Midd4VC] Job c5dbf90a-ce55-4f53-953f-903eed4d3f1d timed out. Re-enqueueing.
[Midd4VC] Job 70e786e6-3442-4c6d-927c-7a1522cd1c6b timed out. Re-enqueueing.
[Midd4VCServer] Assigning job 70e786e6-3442-4c6d-927c-7a1522cd1c6b to vehicle veh10
[Midd4VCServer] Assigning job c5dbf90a-ce55-4f53-953f-903eed4d3f1d to vehicle veh17
[Midd4VCServer] Assigning job 90ee8005-0491-46aa-97e4-24b8ae388f69 to vehicle veh31
[Midd4VCServer] job 70e786e6-3442-4c6d-927c-7a1522cd1c6b completed by vehicle veh10
[Midd4VCServer] job 90ee8005-0491-46aa-97e4-24b8ae388f69 completed by vehicle veh31
[Midd4VCServer] job received: 1cd3dfea-4c28-44c2-9d72-75d4e7b7565d
[Midd4VCServer] Assigning job 1cd3dfea-4c28-44c2-9d72-75d4e7b7565d to vehicle veh10
[Midd4VCServer] job 1cd3dfea-4c28-44c2-9d72-75d4e7b7565d completed by vehicle veh10
[Midd4VCServer] Vehicle veh29 already registered.
[Midd4VCServer] Vehicle veh15 already registered.
[Midd4VCServer] job received: b9601185-2dff-4f30-b694-d6c80a4b7e24
[Midd4VC] Job 4f98f32d-4da5-4eae-b69b-54655700484a timed out. Re-enqueueing.
[Midd4VCServer] Assigning job 4f98f32d-4da5-4eae-b69b-54655700484a to vehicle veh11
[Midd4VCServer] Assigning job b9601185-2dff-4f30-b694-d6c80a4b7e24 to vehicle veh31
[Midd4VCServer] job 4f98f32d-4da5-4eae-b69b-54655700484a completed by vehicle veh11
[Midd4VCServer] job b9601185-2dff-4f30-b694-d6c80a4b7e24 completed by vehicle veh31
[Midd4VCServer] Vehicle veh36 already registered.
[Midd4VCServer] job received: 1ea79ed0-08e2-4991-9000-c4a6e3a9f2ab
[Midd4VC] Job 96525096-26da-4669-ae19-d700aa255244 timed out. Re-enqueueing.
[Midd4VC] Job 1ccdc363-3b44-41c2-a49d-392bab49fc7d timed out. Re-enqueueing.
[Midd4VCServer] Assigning job 1ccdc363-3b44-41c2-a49d-392bab49fc7d to vehicle veh15
[Midd4VCServer] Assigning job 96525096-26da-4669-ae19-d700aa255244 to vehicle veh18
[Midd4VCServer] Assigning job 1ea79ed0-08e2-4991-9000-c4a6e3a9f2ab to vehicle veh11
[Midd4VCServer] job 1ccdc363-3b44-41c2-a49d-392bab49fc7d completed by vehicle veh15
[Midd4VCServer] job 1ea79ed0-08e2-4991-9000-c4a6e3a9f2ab completed by vehicle veh11
[Midd4VCServer] job received: b0e458e1-5071-4779-ad5c-3113e6adfc7b
[Midd4VCServer] Assigning job b0e458e1-5071-4779-ad5c-3113e6adfc7b to vehicle veh15
[Midd4VCServer] job b0e458e1-5071-4779-ad5c-3113e6adfc7b completed by vehicle veh15
[Midd4VCServer] job received: 73b156a2-9040-4382-87db-82833fa0bc26
[Midd4VCServer] Assigning job 73b156a2-9040-4382-87db-82833fa0bc26 to vehicle veh15
[Midd4VCServer] job 73b156a2-9040-4382-87db-82833fa0bc26 completed by vehicle veh15
[Midd4VCServer] Vehicle veh25 already registered.
[Midd4VCServer] Vehicle veh8 already registered.
[Midd4VCServer] Vehicle veh17 already registered.
[Midd4VCServer] Vehicle veh32 already registered.
[Midd4VCServer] Vehicle veh7 already registered.
[Midd4VCServer] job received: a5f2cd88-a6f2-4690-89b6-a04d0cbe6935
[Midd4VCServer] Assigning job a5f2cd88-a6f2-4690-89b6-a04d0cbe6935 to vehicle veh15
[Midd4VCServer] job a5f2cd88-a6f2-4690-89b6-a04d0cbe6935 completed by vehicle veh15
[Midd4VCServer] job received: ac83edf7-3692-4686-a8f0-a03b8d6371fa
[Midd4VCServer] Assigning job ac83edf7-3692-4686-a8f0-a03b8d6371fa to vehicle veh15
[Midd4VCServer] job ac83edf7-3692-4686-a8f0-a03b8d6371fa completed by vehicle veh15
[Midd4VCServer] Vehicle veh36 already registered.
[Midd4VCServer] Vehicle veh24 already registered.
[Midd4VCServer] job received: f6353227-c718-42b2-9637-f565bed77b17
[Midd4VC] Job 873e0dcf-16f3-40ae-85bd-1e0968eb9619 timed out. Re-enqueueing.
[Midd4VCServer] Assigning job 873e0dcf-16f3-40ae-85bd-1e0968eb9619 to vehicle veh1
[Midd4VCServer] Assigning job f6353227-c718-42b2-9637-f565bed77b17 to vehicle veh15
[Midd4VCServer] job f6353227-c718-42b2-9637-f565bed77b17 completed by vehicle veh15
[Midd4VCServer] Vehicle veh33 already registered.
[Midd4VCServer] job received: 0ec70a00-7d6d-4a68-a889-dbbd470f10a7
[Midd4VCServer] Assigning job 0ec70a00-7d6d-4a68-a889-dbbd470f10a7 to vehicle veh15
[Midd4VCServer] job 0ec70a00-7d6d-4a68-a889-dbbd470f10a7 completed by vehicle veh15
[Midd4VCServer] job received: 9c979062-d4ec-4303-b5b9-30fbd5810be7
[Midd4VCServer] Assigning job 9c979062-d4ec-4303-b5b9-30fbd5810be7 to vehicle veh11
[Midd4VCServer] job 9c979062-d4ec-4303-b5b9-30fbd5810be7 completed by vehicle veh11
[Midd4VCServer] Vehicle veh16 already registered.
[Midd4VCServer] Vehicle veh35 already registered.
[Midd4VCServer] job received: c8336898-79ed-4fba-833e-ee3197298cb8
[Midd4VCServer] Assigning job c8336898-79ed-4fba-833e-ee3197298cb8 to vehicle veh15
[Midd4VCServer] job c8336898-79ed-4fba-833e-ee3197298cb8 completed by vehicle veh15
[Midd4VCServer] Vehicle veh5 already registered.
[Midd4VCServer] Vehicle veh34 already registered.
[Midd4VCServer] Vehicle veh24 already registered.
[Midd4VCServer] Vehicle veh7 already registered.
[Midd4VCServer] Vehicle veh20 already registered.
[Midd4VCServer] Vehicle veh23 already registered.
[Midd4VCServer] Vehicle veh17 already registered.
[Midd4VCServer] job received: 104f65ab-2857-4f66-b0cf-da90beef4900
[Midd4VC] Job cbf32dd9-55ce-4d56-aca6-97c2707b9873 timed out. Re-enqueueing.
[Midd4VCServer] Assigning job cbf32dd9-55ce-4d56-aca6-97c2707b9873 to vehicle veh26
[Midd4VCServer] Assigning job 104f65ab-2857-4f66-b0cf-da90beef4900 to vehicle veh11
[Midd4VCServer] job 104f65ab-2857-4f66-b0cf-da90beef4900 completed by vehicle veh11
[Midd4VCServer] job received: b58b18c8-db94-4126-b746-48a63d9b51f9
[Midd4VCServer] Assigning job b58b18c8-db94-4126-b746-48a63d9b51f9 to vehicle veh10
[Midd4VCServer] job received: d93c2111-a248-49c5-ba78-7a7df91ed777
[Midd4VCServer] Assigning job d93c2111-a248-49c5-ba78-7a7df91ed777 to vehicle veh7
[Midd4VCServer] job d93c2111-a248-49c5-ba78-7a7df91ed777 completed by vehicle veh7
[Midd4VCServer] job received: 01b4740a-d4fe-4164-8b4f-bea1d6129e84
[Midd4VCServer] Assigning job 01b4740a-d4fe-4164-8b4f-bea1d6129e84 to vehicle veh40
[Midd4VCServer] job 01b4740a-d4fe-4164-8b4f-bea1d6129e84 completed by vehicle veh40
[Midd4VCServer] Vehicle veh40 already registered.
[Midd4VCServer] Vehicle veh21 already registered.
[Midd4VCServer] Vehicle veh13 already registered.
[Midd4VCServer] Vehicle veh18 already registered.
[Midd4VCServer] job received: 6951cfe8-4629-41ba-8b67-eeec254f000f
[Midd4VC] Job 380b1ca3-48dc-4f82-a4d9-c20e0192e632 timed out. Re-enqueueing.
[Midd4VC] Job e7985461-c060-46d8-9f65-b49f33e05b3a timed out. Re-enqueueing.
[Midd4VCServer] Assigning job e7985461-c060-46d8-9f65-b49f33e05b3a to vehicle veh23
[Midd4VCServer] Assigning job 380b1ca3-48dc-4f82-a4d9-c20e0192e632 to vehicle veh21
[Midd4VCServer] Assigning job 6951cfe8-4629-41ba-8b67-eeec254f000f to vehicle veh19
[Midd4VCServer] job e7985461-c060-46d8-9f65-b49f33e05b3a completed by vehicle veh23
[Midd4VCServer] job 380b1ca3-48dc-4f82-a4d9-c20e0192e632 completed by vehicle veh21
[Midd4VCServer] job received: 4cd7134c-86be-4ade-abe3-c39bc4044b5b
[Midd4VCServer] Assigning job 4cd7134c-86be-4ade-abe3-c39bc4044b5b to vehicle veh23
[Midd4VCServer] job 4cd7134c-86be-4ade-abe3-c39bc4044b5b completed by vehicle veh23
[Midd4VCServer] job received: 375f9a96-f06b-47ab-849e-a5f86ec736b9
[Midd4VCServer] Assigning job 375f9a96-f06b-47ab-849e-a5f86ec736b9 to vehicle veh23
[Midd4VCServer] job 375f9a96-f06b-47ab-849e-a5f86ec736b9 completed by vehicle veh23
[Midd4VCServer] job received: 239667bd-5a62-48f5-a6c4-a8de5f5b5519
[Midd4VC] Job 85798c32-c8e0-4c34-8c30-4f4308ee372e timed out. Re-enqueueing.
[Midd4VC] Job 06f4b70b-7f4b-4d9a-8674-2c9f07694685 timed out. Re-enqueueing.
[Midd4VC] Job c0d44fef-83d4-4713-b21a-5c6634526416 timed out. Re-enqueueing.
[Midd4VC] Job bc9b6b06-e6df-4af1-9dd8-5fbdaec7b1e2 timed out. Re-enqueueing.
[Midd4VCServer] Assigning job bc9b6b06-e6df-4af1-9dd8-5fbdaec7b1e2 to vehicle veh12
[Midd4VCServer] Assigning job c0d44fef-83d4-4713-b21a-5c6634526416 to vehicle veh22
[Midd4VCServer] Assigning job 06f4b70b-7f4b-4d9a-8674-2c9f07694685 to vehicle veh3
[Midd4VCServer] Assigning job 85798c32-c8e0-4c34-8c30-4f4308ee372e to vehicle veh23
[Midd4VCServer] Assigning job 239667bd-5a62-48f5-a6c4-a8de5f5b5519 to vehicle veh35
[Midd4VCServer] job 85798c32-c8e0-4c34-8c30-4f4308ee372e completed by vehicle veh23
[Midd4VCServer] job 06f4b70b-7f4b-4d9a-8674-2c9f07694685 completed by vehicle veh3
[Midd4VCServer] Vehicle veh9 already registered.
[Midd4VCServer] job received: 168a2647-7ce9-4402-a0cc-8d050b772f73
[Midd4VCServer] Assigning job 168a2647-7ce9-4402-a0cc-8d050b772f73 to vehicle veh3
[Midd4VCServer] job 168a2647-7ce9-4402-a0cc-8d050b772f73 completed by vehicle veh3
[Midd4VCServer] Vehicle veh34 already registered.
[Midd4VCServer] Vehicle veh37 already registered.
[Midd4VCServer] job received: 27ab7567-4516-459f-816a-8eaee96fa15c
[Midd4VC] Job f5aee1ac-bfda-47e9-9bb0-85f6d5695115 timed out. Re-enqueueing.
[Midd4VC] Job 10eded47-9e32-48d3-97e3-347744ce8add timed out. Re-enqueueing.
[Midd4VCServer] Assigning job 10eded47-9e32-48d3-97e3-347744ce8add to vehicle veh37
[Midd4VCServer] Assigning job f5aee1ac-bfda-47e9-9bb0-85f6d5695115 to vehicle veh23
[Midd4VCServer] Assigning job 27ab7567-4516-459f-816a-8eaee96fa15c to vehicle veh3
[Midd4VCServer] job 10eded47-9e32-48d3-97e3-347744ce8add completed by vehicle veh37
[Midd4VCServer] job 27ab7567-4516-459f-816a-8eaee96fa15c completed by vehicle veh3
[Midd4VCServer] job f5aee1ac-bfda-47e9-9bb0-85f6d5695115 completed by vehicle veh23
[Midd4VCServer] Vehicle veh19 already registered.
[Midd4VCServer] Vehicle veh35 already registered.
[Midd4VCServer] job received: e7be02d3-1eb5-4b86-bec0-04938fe777ed
[Midd4VC] Job 4cffea3c-da56-4f7a-93e0-380bc4fe0bc4 timed out. Re-enqueueing.
[Midd4VCServer] Assigning job 4cffea3c-da56-4f7a-93e0-380bc4fe0bc4 to vehicle veh37
[Midd4VCServer] Assigning job e7be02d3-1eb5-4b86-bec0-04938fe777ed to vehicle veh23
[Midd4VCServer] job 4cffea3c-da56-4f7a-93e0-380bc4fe0bc4 completed by vehicle veh37
[Midd4VCServer] job e7be02d3-1eb5-4b86-bec0-04938fe777ed completed by vehicle veh23
[Midd4VCServer] Vehicle veh38 already registered.
[Midd4VCServer] Vehicle veh25 already registered.
[Midd4VCServer] Vehicle veh5 already registered.
[Midd4VCServer] job received: f4ea37ee-5fbb-431f-b513-09c5c905681a
[Midd4VC] Job 94bbfcc5-734d-4f13-abda-61eca4947d6a timed out. Re-enqueueing.
[Midd4VCServer] Assigning job 94bbfcc5-734d-4f13-abda-61eca4947d6a to vehicle veh21
[Midd4VCServer] Assigning job f4ea37ee-5fbb-431f-b513-09c5c905681a to vehicle veh38
[Midd4VCServer] job f4ea37ee-5fbb-431f-b513-09c5c905681a completed by vehicle veh38
[Midd4VCServer] job 94bbfcc5-734d-4f13-abda-61eca4947d6a completed by vehicle veh21
[Midd4VCServer] Vehicle veh15 already registered.
[Midd4VCServer] job received: 7e76760e-951d-4218-978e-a8517139188d
[Midd4VCServer] Assigning job 7e76760e-951d-4218-978e-a8517139188d to vehicle veh3
[Midd4VCServer] job 7e76760e-951d-4218-978e-a8517139188d completed by vehicle veh3
[Midd4VCServer] Vehicle veh33 already registered.
[Midd4VCServer] Vehicle veh8 already registered.
[Midd4VCServer] job received: 4f57d922-954c-486d-8e77-05f891334e84
[Midd4VCServer] Assigning job 4f57d922-954c-486d-8e77-05f891334e84 to vehicle veh27
[Midd4VCServer] job received: f9894be8-ac10-4560-bf60-229f1f6a02de
[Midd4VCServer] Assigning job f9894be8-ac10-4560-bf60-229f1f6a02de to vehicle veh37
[Midd4VCServer] job f9894be8-ac10-4560-bf60-229f1f6a02de completed by vehicle veh37
[Midd4VCServer] Vehicle veh10 already registered.
[Midd4VCServer] Vehicle veh16 already registered.
[Midd4VCServer] job received: c7b62137-5971-439d-af95-d70614be9f07
[Midd4VCServer] Assigning job c7b62137-5971-439d-af95-d70614be9f07 to vehicle veh23
[Midd4VCServer] job c7b62137-5971-439d-af95-d70614be9f07 completed by vehicle veh23
[Midd4VCServer] job received: f50132ce-2c8d-4e50-94b8-5193da514a87
[Midd4VCServer] Assigning job f50132ce-2c8d-4e50-94b8-5193da514a87 to vehicle veh28
[Midd4VCServer] Vehicle veh22 already registered.
[Midd4VCServer] job received: b5f3fd12-d8f0-4b1e-87e3-259043cb40ee
[Midd4VCServer] Assigning job b5f3fd12-d8f0-4b1e-87e3-259043cb40ee to vehicle veh21
[Midd4VCServer] job b5f3fd12-d8f0-4b1e-87e3-259043cb40ee completed by vehicle veh21
[Midd4VCServer] job received: 44a84f91-e108-4a70-8227-5c4d31f71ee3
[Midd4VCServer] Assigning job 44a84f91-e108-4a70-8227-5c4d31f71ee3 to vehicle veh38
[Midd4VCServer] job 44a84f91-e108-4a70-8227-5c4d31f71ee3 completed by vehicle veh38
[Midd4VCServer] job received: 49decd63-3f4e-4c59-85c5-e0bcf04c587e
[Midd4VCServer] Assigning job 49decd63-3f4e-4c59-85c5-e0bcf04c587e to vehicle veh3
[Midd4VCServer] job 49decd63-3f4e-4c59-85c5-e0bcf04c587e completed by vehicle veh3
[Midd4VCServer] job received: 39e99ff4-661b-4c00-b249-7852f825dfb1
[Midd4VC] Job f5c08467-5072-4164-bf61-102706a77886 timed out. Re-enqueueing.
[Midd4VCServer] Assigning job f5c08467-5072-4164-bf61-102706a77886 to vehicle veh32
[Midd4VCServer] Assigning job 39e99ff4-661b-4c00-b249-7852f825dfb1 to vehicle veh36
[Midd4VCServer] job f5c08467-5072-4164-bf61-102706a77886 completed by vehicle veh32
[Midd4VCServer] job 39e99ff4-661b-4c00-b249-7852f825dfb1 completed by vehicle veh36
[Midd4VCServer] job received: 0d47b6ec-336f-4893-92ff-9798ffd9812f
[Midd4VC] Job 5b22db30-7faf-47b8-8ac6-fa528dbf8a38 timed out. Re-enqueueing.
[Midd4VC] Job d11453b5-0401-4b86-b118-5cad3a681160 timed out. Re-enqueueing.
[Midd4VCServer] Assigning job d11453b5-0401-4b86-b118-5cad3a681160 to vehicle veh30
[Midd4VCServer] Assigning job 5b22db30-7faf-47b8-8ac6-fa528dbf8a38 to vehicle veh8
[Midd4VCServer] Assigning job 0d47b6ec-336f-4893-92ff-9798ffd9812f to vehicle veh32
[Midd4VCServer] job 5b22db30-7faf-47b8-8ac6-fa528dbf8a38 completed by vehicle veh8
[Midd4VCServer] job 0d47b6ec-336f-4893-92ff-9798ffd9812f completed by vehicle veh32
[Midd4VCServer] Vehicle veh26 already registered.
[Midd4VCServer] job received: 3cfb2384-1fb7-4d76-8309-5671bfbc6c90
[Midd4VCServer] Assigning job 3cfb2384-1fb7-4d76-8309-5671bfbc6c90 to vehicle veh8
[Midd4VCServer] job 3cfb2384-1fb7-4d76-8309-5671bfbc6c90 completed by vehicle veh8
[Midd4VCServer] job received: ac056721-f6cc-46cb-b532-82a7079cf452
[Midd4VCServer] Assigning job ac056721-f6cc-46cb-b532-82a7079cf452 to vehicle veh8
[Midd4VCServer] job ac056721-f6cc-46cb-b532-82a7079cf452 completed by vehicle veh8
[Midd4VCServer] job received: d60b3fde-9dad-4110-9245-358d79f4e53a
[Midd4VCServer] Assigning job d60b3fde-9dad-4110-9245-358d79f4e53a to vehicle veh8
[Midd4VCServer] job d60b3fde-9dad-4110-9245-358d79f4e53a completed by vehicle veh8
[Midd4VCServer] job received: 9d2b3210-247f-424e-9f07-e31547f09a5d
[Midd4VCServer] Assigning job 9d2b3210-247f-424e-9f07-e31547f09a5d to vehicle veh32
[Midd4VCServer] job 9d2b3210-247f-424e-9f07-e31547f09a5d completed by vehicle veh32
[Midd4VCServer] job received: 5cc67795-dd8d-4029-a526-9b9d5974385c
[Midd4VCServer] Assigning job 5cc67795-dd8d-4029-a526-9b9d5974385c to vehicle veh8
[Midd4VCServer] job 5cc67795-dd8d-4029-a526-9b9d5974385c completed by vehicle veh8
[Midd4VCServer] Vehicle veh18 already registered.
[Midd4VCServer] job received: df3ecfe1-0aad-4ea6-b0a9-5c85ab721f86
[Midd4VCServer] Assigning job df3ecfe1-0aad-4ea6-b0a9-5c85ab721f86 to vehicle veh32
[Midd4VCServer] job df3ecfe1-0aad-4ea6-b0a9-5c85ab721f86 completed by vehicle veh32
[Midd4VCServer] job received: ee50d434-6ffd-466c-8836-60c0e9d1594c
[Midd4VCServer] Assigning job ee50d434-6ffd-466c-8836-60c0e9d1594c to vehicle veh8
[Midd4VCServer] job ee50d434-6ffd-466c-8836-60c0e9d1594c completed by vehicle veh8
[Midd4VCServer] Vehicle veh37 already registered.
[Midd4VCServer] job received: 02036726-6369-4cf8-ab4a-9fcbc50659fb
[Midd4VCServer] Assigning job 02036726-6369-4cf8-ab4a-9fcbc50659fb to vehicle veh32
[Midd4VCServer] job 02036726-6369-4cf8-ab4a-9fcbc50659fb completed by vehicle veh32
[Midd4VCServer] Vehicle veh20 already registered.
[Midd4VCServer] job received: 874f38e9-ee20-4f6c-826d-a29a34f1564e
[Midd4VC] Job 9400a098-ca68-4b1f-9688-a9074b1c8221 timed out. Re-enqueueing.
[Midd4VC] Job dc6eccb2-ebdb-482e-8374-b44be70931ea timed out. Re-enqueueing.
[Midd4VCServer] Assigning job dc6eccb2-ebdb-482e-8374-b44be70931ea to vehicle veh16
[Midd4VCServer] Assigning job 9400a098-ca68-4b1f-9688-a9074b1c8221 to vehicle veh8
[Midd4VCServer] Assigning job 874f38e9-ee20-4f6c-826d-a29a34f1564e to vehicle veh32
[Midd4VCServer] job 9400a098-ca68-4b1f-9688-a9074b1c8221 completed by vehicle veh8
[Midd4VCServer] job 874f38e9-ee20-4f6c-826d-a29a34f1564e completed by vehicle veh32
[Midd4VCServer] Vehicle veh27 already registered.
[Midd4VCServer] Vehicle veh13 already registered.
[Midd4VCServer] Vehicle veh5 already registered.
[Midd4VCServer] Vehicle veh37 already registered.
[Midd4VCServer] Vehicle veh22 already registered.
[Midd4VCServer] Vehicle veh21 already registered.
[Midd4VCServer] job received: bdef5c9a-fde9-4169-8dbd-61092e477527
[Midd4VC] Job c5dbf90a-ce55-4f53-953f-903eed4d3f1d timed out. Re-enqueueing.
[Midd4VCServer] Assigning job c5dbf90a-ce55-4f53-953f-903eed4d3f1d to vehicle veh17
[Midd4VCServer] Assigning job bdef5c9a-fde9-4169-8dbd-61092e477527 to vehicle veh13
[Midd4VCServer] Vehicle veh24 already registered.
[Midd4VCServer] job received: 388187da-6d9c-4866-9405-d658fe41e981
[Midd4VC] Job 96525096-26da-4669-ae19-d700aa255244 timed out. Re-enqueueing.
[Midd4VCServer] Assigning job 96525096-26da-4669-ae19-d700aa255244 to vehicle veh18
[Midd4VCServer] Assigning job 388187da-6d9c-4866-9405-d658fe41e981 to vehicle veh5
[Midd4VCServer] job 388187da-6d9c-4866-9405-d658fe41e981 completed by vehicle veh5
[Midd4VCServer] Vehicle veh15 already registered.
[Midd4VCServer] Vehicle veh32 already registered.
[Midd4VCServer] job received: 2078ea38-66df-4896-be97-46b245d6b0d1
[Midd4VCServer] Assigning job 2078ea38-66df-4896-be97-46b245d6b0d1 to vehicle veh9
[Midd4VCServer] job received: cf0756fd-9b7f-4083-a03f-0c6a2ecd10b5
[Midd4VCServer] Assigning job cf0756fd-9b7f-4083-a03f-0c6a2ecd10b5 to vehicle veh37
[Midd4VCServer] job cf0756fd-9b7f-4083-a03f-0c6a2ecd10b5 completed by vehicle veh37
[Midd4VCServer] Vehicle veh14 already registered.
[Midd4VCServer] job received: 698fe3d2-51d8-4e05-8cdf-ab1f03ba58cf
[Midd4VCServer] Assigning job 698fe3d2-51d8-4e05-8cdf-ab1f03ba58cf to vehicle veh23
[Midd4VCServer] job received: ad9c9b1c-f566-4469-bfe3-e00a5547ed75
[Midd4VCServer] Assigning job ad9c9b1c-f566-4469-bfe3-e00a5547ed75 to vehicle veh20
[Midd4VCServer] job ad9c9b1c-f566-4469-bfe3-e00a5547ed75 completed by vehicle veh20
[Midd4VCServer] Vehicle veh35 already registered.
[Midd4VCServer] Vehicle veh6 already registered.
[Midd4VCServer] job received: b6025096-2e08-468f-8b29-634b150a4d40
[Midd4VC] Job 873e0dcf-16f3-40ae-85bd-1e0968eb9619 timed out. Re-enqueueing.
[Midd4VCServer] Assigning job 873e0dcf-16f3-40ae-85bd-1e0968eb9619 to vehicle veh1
[Midd4VCServer] Assigning job b6025096-2e08-468f-8b29-634b150a4d40 to vehicle veh4
[Midd4VCServer] job received: 58bd4c2e-c19e-4127-ba82-3ed183cf6b7f
[Midd4VCServer] Assigning job 58bd4c2e-c19e-4127-ba82-3ed183cf6b7f to vehicle veh33
[Midd4VCServer] Vehicle veh36 already registered.
[Midd4VCServer] Vehicle veh26 already registered.
[Midd4VCServer] job received: 1e72417d-80cc-4983-9e61-909b8c31f539
[Midd4VCServer] Assigning job 1e72417d-80cc-4983-9e61-909b8c31f539 to vehicle veh8
[Midd4VCServer] Vehicle veh28 already registered.
[Midd4VCServer] job received: b80730c2-9003-45cc-a09a-109b843ec199
[Midd4VCServer] Assigning job b80730c2-9003-45cc-a09a-109b843ec199 to vehicle veh15
[Midd4VCServer] Vehicle veh2 already registered.
[Midd4VCServer] Vehicle veh12 already registered.
[Midd4VCServer] Vehicle veh29 already registered.
[Midd4VCServer] Vehicle veh15 already registered.
[Midd4VCServer] job received: e20e9365-737e-48d5-a3b9-3baf59852959
[Midd4VC] Job cbf32dd9-55ce-4d56-aca6-97c2707b9873 timed out. Re-enqueueing.
[Midd4VCServer] Assigning job cbf32dd9-55ce-4d56-aca6-97c2707b9873 to vehicle veh26
[Midd4VCServer] Assigning job e20e9365-737e-48d5-a3b9-3baf59852959 to vehicle veh14
[Midd4VCServer] Vehicle veh4 already registered.
[Midd4VCServer] job received: 046d3537-3135-4a99-83f4-21037e7c1fd6
[Midd4VC] Job b58b18c8-db94-4126-b746-48a63d9b51f9 timed out. Re-enqueueing.
[Midd4VCServer] Assigning job b58b18c8-db94-4126-b746-48a63d9b51f9 to vehicle veh10
[Midd4VCServer] Assigning job 046d3537-3135-4a99-83f4-21037e7c1fd6 to vehicle veh32
[Midd4VCServer] Vehicle veh38 already registered.
[Midd4VCServer] job received: a5fca853-1b6c-4b6d-8ac4-229e4348dc10
[Midd4VCServer] Assigning job a5fca853-1b6c-4b6d-8ac4-229e4348dc10 to vehicle veh31
[Midd4VCServer] job a5fca853-1b6c-4b6d-8ac4-229e4348dc10 completed by vehicle veh31
[Midd4VCServer] Vehicle veh14 already registered.
[Midd4VCServer] job received: 2e1a3153-2a2f-4d68-bc4d-af4094ec7c3c
[Midd4VCServer] Assigning job 2e1a3153-2a2f-4d68-bc4d-af4094ec7c3c to vehicle veh11
[Midd4VCServer] job received: 2cbfa803-23d9-4dea-b7f8-2f865ddc5588
[Midd4VC] Job 6951cfe8-4629-41ba-8b67-eeec254f000f timed out. Re-enqueueing.
[Midd4VCServer] Assigning job 6951cfe8-4629-41ba-8b67-eeec254f000f to vehicle veh19
[Midd4VCServer] Assigning job 2cbfa803-23d9-4dea-b7f8-2f865ddc5588 to vehicle veh21
[Midd4VCServer] Vehicle veh31 already registered.
[Midd4VCServer] job received: f88d2c59-1687-4960-9b47-4a5d192a166a
[Midd4VC] Job bc9b6b06-e6df-4af1-9dd8-5fbdaec7b1e2 timed out. Re-enqueueing.
[Midd4VC] Job c0d44fef-83d4-4713-b21a-5c6634526416 timed out. Re-enqueueing.
[Midd4VC] Job 239667bd-5a62-48f5-a6c4-a8de5f5b5519 timed out. Re-enqueueing.
[Midd4VCServer] Assigning job 239667bd-5a62-48f5-a6c4-a8de5f5b5519 to vehicle veh12
[Midd4VCServer] Assigning job c0d44fef-83d4-4713-b21a-5c6634526416 to vehicle veh22
[Midd4VCServer] Assigning job bc9b6b06-e6df-4af1-9dd8-5fbdaec7b1e2 to vehicle veh35
[Midd4VCServer] Assigning job f88d2c59-1687-4960-9b47-4a5d192a166a to vehicle veh7
[Midd4VCServer] job c0d44fef-83d4-4713-b21a-5c6634526416 completed by vehicle veh22
[Midd4VCServer] job bc9b6b06-e6df-4af1-9dd8-5fbdaec7b1e2 completed by vehicle veh35
[Midd4VCServer] job 239667bd-5a62-48f5-a6c4-a8de5f5b5519 completed by vehicle veh12
[Midd4VCServer] job received: 81520ded-a5b4-4a8b-929f-b773cbcc019f
[Midd4VCServer] Assigning job 81520ded-a5b4-4a8b-929f-b773cbcc019f to vehicle veh12
[Midd4VCServer] job 81520ded-a5b4-4a8b-929f-b773cbcc019f completed by vehicle veh12
[Midd4VCServer] job received: a8cc3638-bcbd-4b4a-8fc5-0f2e585ad669
[Midd4VCServer] Assigning job a8cc3638-bcbd-4b4a-8fc5-0f2e585ad669 to vehicle veh12
[Midd4VCServer] job a8cc3638-bcbd-4b4a-8fc5-0f2e585ad669 completed by vehicle veh12
[Midd4VCServer] job received: 9c518279-bd64-45d4-8089-62a5bf00ecf2
[Midd4VCServer] Assigning job 9c518279-bd64-45d4-8089-62a5bf00ecf2 to vehicle veh12
[Midd4VCServer] job 9c518279-bd64-45d4-8089-62a5bf00ecf2 completed by vehicle veh12
[Midd4VCServer] job received: 684a5760-9afa-47eb-98c4-c7ae46294607
[Midd4VCServer] Assigning job 684a5760-9afa-47eb-98c4-c7ae46294607 to vehicle veh12
[Midd4VCServer] Vehicle veh18 already registered.
[Midd4VCServer] Vehicle veh10 already registered.
[Midd4VCServer] Vehicle veh24 already registered.
[Midd4VCServer] Vehicle veh23 already registered.
[Midd4VCServer] Vehicle veh27 already registered.
[Midd4VCServer] job received: ac3090f2-8d5b-4ee6-8084-86024ab76ca4
[Midd4VCServer] Assigning job ac3090f2-8d5b-4ee6-8084-86024ab76ca4 to vehicle veh22
[Midd4VCServer] job ac3090f2-8d5b-4ee6-8084-86024ab76ca4 completed by vehicle veh22
[Midd4VCServer] Vehicle veh13 already registered.
[Midd4VCServer] job received: 35578619-7d57-413f-aafa-2f8be798c5b4
[Midd4VC] Job 4f57d922-954c-486d-8e77-05f891334e84 timed out. Re-enqueueing.
[Midd4VCServer] Assigning job 4f57d922-954c-486d-8e77-05f891334e84 to vehicle veh22
[Midd4VCServer] Assigning job 35578619-7d57-413f-aafa-2f8be798c5b4 to vehicle veh27
[Midd4VCServer] job 4f57d922-954c-486d-8e77-05f891334e84 completed by vehicle veh22
[Midd4VCServer] job 35578619-7d57-413f-aafa-2f8be798c5b4 completed by vehicle veh27
[Midd4VCServer] Vehicle veh34 already registered.
[Midd4VCServer] Vehicle veh21 already registered.
[Midd4VCServer] Vehicle veh32 already registered.
[Midd4VCServer] Vehicle veh10 already registered.
[Midd4VCServer] job received: f2c306bf-6b55-497d-b263-b5d8d670ea6e
[Midd4VCServer] Assigning job f2c306bf-6b55-497d-b263-b5d8d670ea6e to vehicle veh22
[Midd4VCServer] job f2c306bf-6b55-497d-b263-b5d8d670ea6e completed by vehicle veh22
[Midd4VCServer] job received: 182d82d0-077c-440e-ac58-cb659ba7c360
[Midd4VCServer] Assigning job 182d82d0-077c-440e-ac58-cb659ba7c360 to vehicle veh35
[Midd4VCServer] job 182d82d0-077c-440e-ac58-cb659ba7c360 completed by vehicle veh35
[Midd4VCServer] job received: 8f4eeafd-b44d-49c3-9847-66c39b1366fc
[Midd4VCServer] Assigning job 8f4eeafd-b44d-49c3-9847-66c39b1366fc to vehicle veh22
[Midd4VCServer] job 8f4eeafd-b44d-49c3-9847-66c39b1366fc completed by vehicle veh22
[Midd4VCServer] Vehicle veh8 already registered.
[Midd4VCServer] job received: dc55b2e2-6620-419c-b3fd-5c422b2215a4
[Midd4VCServer] Assigning job dc55b2e2-6620-419c-b3fd-5c422b2215a4 to vehicle veh27
[Midd4VCServer] job dc55b2e2-6620-419c-b3fd-5c422b2215a4 completed by vehicle veh27
[Midd4VCServer] job received: 0753d7ae-83ce-42d4-bbbf-8c1b12140b9d
[Midd4VCServer] Assigning job 0753d7ae-83ce-42d4-bbbf-8c1b12140b9d to vehicle veh35
[Midd4VCServer] job 0753d7ae-83ce-42d4-bbbf-8c1b12140b9d completed by vehicle veh35
[Midd4VCServer] Vehicle veh28 already registered.
[Midd4VCServer] job received: eef1d14f-78fc-4203-834d-2dbb837d50f9
[Midd4VC] Job f50132ce-2c8d-4e50-94b8-5193da514a87 timed out. Re-enqueueing.
[Midd4VCServer] Assigning job f50132ce-2c8d-4e50-94b8-5193da514a87 to vehicle veh28
[Midd4VCServer] Assigning job eef1d14f-78fc-4203-834d-2dbb837d50f9 to vehicle veh38
[Midd4VCServer] job f50132ce-2c8d-4e50-94b8-5193da514a87 completed by vehicle veh28
[Midd4VCServer] job received: ca873c47-a046-4aa8-bc91-9b6e01774459
[Midd4VCServer] Assigning job ca873c47-a046-4aa8-bc91-9b6e01774459 to vehicle veh28
[Midd4VCServer] job ca873c47-a046-4aa8-bc91-9b6e01774459 completed by vehicle veh28
[Midd4VCServer] Vehicle veh39 already registered.
[Midd4VCServer] Vehicle veh10 already registered.
[Midd4VCServer] Vehicle veh2 already registered.
[Midd4VCServer] job received: e60f0d33-bd4f-45b4-87cf-b3d2daae6ec6
[Midd4VCServer] Assigning job e60f0d33-bd4f-45b4-87cf-b3d2daae6ec6 to vehicle veh40
[Midd4VCServer] job received: ebdcfd61-7290-4392-9a34-eb8913279375
[Midd4VC] Job d11453b5-0401-4b86-b118-5cad3a681160 timed out. Re-enqueueing.
[Midd4VCServer] Assigning job d11453b5-0401-4b86-b118-5cad3a681160 to vehicle veh30
[Midd4VCServer] Assigning job ebdcfd61-7290-4392-9a34-eb8913279375 to vehicle veh39
[Midd4VCServer] job ebdcfd61-7290-4392-9a34-eb8913279375 completed by vehicle veh39
[Midd4VCServer] Vehicle veh13 already registered.
[Midd4VCServer] Vehicle veh23 already registered.
[Midd4VCServer] Vehicle veh11 already registered.
[Midd4VCServer] job received: 7860b53c-f418-4565-90e3-5b6d2cf92b47
[Midd4VCServer] Assigning job 7860b53c-f418-4565-90e3-5b6d2cf92b47 to vehicle veh22
[Midd4VCServer] Vehicle veh38 already registered.
[Midd4VCServer] job received: 5327954e-4728-4c4b-8174-b0ed6d107539
[Midd4VCServer] Assigning job 5327954e-4728-4c4b-8174-b0ed6d107539 to vehicle veh3
[Midd4VCServer] Vehicle veh40 already registered.
[Midd4VCServer] job received: 5e430d16-3bb5-4b6d-8213-7227e437003e
[Midd4VCServer] Assigning job 5e430d16-3bb5-4b6d-8213-7227e437003e to vehicle veh27
[Midd4VCServer] job received: c7ec2ca7-f49a-43de-8f61-572e7008ca13
[Midd4VCServer] Assigning job c7ec2ca7-f49a-43de-8f61-572e7008ca13 to vehicle veh36
[Midd4VCServer] job received: 4b47fb0b-bcf8-41a3-8025-775893753e8b
[Midd4VCServer] Assigning job 4b47fb0b-bcf8-41a3-8025-775893753e8b to vehicle veh29
[Midd4VCServer] Vehicle veh7 already registered.
[Midd4VCServer] Vehicle veh15 already registered.
[Midd4VCServer] job received: bc0a7eba-6d45-4772-a14d-dcb270ac2638
[Midd4VCServer] Assigning job bc0a7eba-6d45-4772-a14d-dcb270ac2638 to vehicle veh5
[Midd4VCServer] Vehicle veh31 already registered.
[Midd4VCServer] Vehicle veh37 already registered.
[Midd4VCServer] job received: dc5659cc-7649-4ed4-8612-acc4b4eb860f
[Midd4VC] Job dc6eccb2-ebdb-482e-8374-b44be70931ea timed out. Re-enqueueing.
[Midd4VCServer] Assigning job dc6eccb2-ebdb-482e-8374-b44be70931ea to vehicle veh16
[Midd4VCServer] Assigning job dc5659cc-7649-4ed4-8612-acc4b4eb860f to vehicle veh37
[Midd4VCServer] job dc5659cc-7649-4ed4-8612-acc4b4eb860f completed by vehicle veh37
[Midd4VCServer] job received: 425dd663-c804-46de-9242-5cc73d03de5a
[Midd4VCServer] Assigning job 425dd663-c804-46de-9242-5cc73d03de5a to vehicle veh20
[Midd4VCServer] job received: 004f587e-8976-496b-bd8c-a151559ef914
[Midd4VCServer] Assigning job 004f587e-8976-496b-bd8c-a151559ef914 to vehicle veh25
[Midd4VCServer] job 004f587e-8976-496b-bd8c-a151559ef914 completed by vehicle veh25
[Midd4VCServer] Vehicle veh25 already registered.
[Midd4VCServer] job received: 8af955cf-9243-4857-b42e-7ad94ff913c1
[Midd4VCServer] Assigning job 8af955cf-9243-4857-b42e-7ad94ff913c1 to vehicle veh2
[Midd4VCServer] job 8af955cf-9243-4857-b42e-7ad94ff913c1 completed by vehicle veh2
[Midd4VCServer] job received: b9021506-3068-42ce-96e3-11f728d94eee
[Midd4VC] Job c5dbf90a-ce55-4f53-953f-903eed4d3f1d timed out. Re-enqueueing.
[Midd4VC] Job bdef5c9a-fde9-4169-8dbd-61092e477527 timed out. Re-enqueueing.
[Midd4VCServer] Assigning job bdef5c9a-fde9-4169-8dbd-61092e477527 to vehicle veh17
[Midd4VCServer] Assigning job c5dbf90a-ce55-4f53-953f-903eed4d3f1d to vehicle veh13
[Midd4VCServer] Assigning job b9021506-3068-42ce-96e3-11f728d94eee to vehicle veh31
[Midd4VCServer] job b9021506-3068-42ce-96e3-11f728d94eee completed by vehicle veh31
[Midd4VCServer] Vehicle veh28 already registered.
[Midd4VCServer] job received: 00ace066-16da-44f9-921d-f4e94ea995e3
[Midd4VC] Job 96525096-26da-4669-ae19-d700aa255244 timed out. Re-enqueueing.
[Midd4VCServer] Assigning job 96525096-26da-4669-ae19-d700aa255244 to vehicle veh18
[Midd4VCServer] Assigning job 00ace066-16da-44f9-921d-f4e94ea995e3 to vehicle veh6
[Midd4VCServer] job 96525096-26da-4669-ae19-d700aa255244 completed by vehicle veh18
[Midd4VCServer] job received: 5e5a8980-473d-424b-ab1b-613e2286aa53
[Midd4VCServer] Assigning job 5e5a8980-473d-424b-ab1b-613e2286aa53 to vehicle veh18
[Midd4VCServer] job 5e5a8980-473d-424b-ab1b-613e2286aa53 completed by vehicle veh18
[Midd4VCServer] job received: 305ac4a1-2f5b-4fd2-bfbc-b3d262340335
[Midd4VCServer] Assigning job 305ac4a1-2f5b-4fd2-bfbc-b3d262340335 to vehicle veh18
[Midd4VCServer] job 305ac4a1-2f5b-4fd2-bfbc-b3d262340335 completed by vehicle veh18
[Midd4VCServer] Vehicle veh12 already registered.
[Midd4VCServer] Vehicle veh36 already registered.
[Midd4VCServer] Vehicle veh8 already registered.
[Midd4VCServer] Vehicle veh39 already registered.
[Midd4VCServer] Vehicle veh16 already registered.
[Midd4VCServer] Vehicle veh30 already registered.
[Midd4VCServer] Vehicle veh29 already registered.
[Midd4VCServer] job received: 214f7c15-8a43-45e2-8b58-596a164e228a
[Midd4VC] Job 2078ea38-66df-4896-be97-46b245d6b0d1 timed out. Re-enqueueing.
[Midd4VCServer] Assigning job 2078ea38-66df-4896-be97-46b245d6b0d1 to vehicle veh18
[Midd4VCServer] Assigning job 214f7c15-8a43-45e2-8b58-596a164e228a to vehicle veh9
[Midd4VCServer] job 2078ea38-66df-4896-be97-46b245d6b0d1 completed by vehicle veh18
[Midd4VCServer] job received: a9ff9830-4dd1-4d66-ae11-898f7c6fa645
[Midd4VC] Job 698fe3d2-51d8-4e05-8cdf-ab1f03ba58cf timed out. Re-enqueueing.
[Midd4VCServer] Assigning job 698fe3d2-51d8-4e05-8cdf-ab1f03ba58cf to vehicle veh18
[Midd4VCServer] Assigning job a9ff9830-4dd1-4d66-ae11-898f7c6fa645 to vehicle veh23
[Midd4VCServer] job 698fe3d2-51d8-4e05-8cdf-ab1f03ba58cf completed by vehicle veh18
[Midd4VCServer] Vehicle veh40 already registered.
[Midd4VCServer] job received: acb5ebf5-9cd1-44e8-9bf1-3042cda17930
[Midd4VC] Job 873e0dcf-16f3-40ae-85bd-1e0968eb9619 timed out. Re-enqueueing.
[Midd4VC] Job b6025096-2e08-468f-8b29-634b150a4d40 timed out. Re-enqueueing.
[Midd4VC] Job 58bd4c2e-c19e-4127-ba82-3ed183cf6b7f timed out. Re-enqueueing.
[Midd4VC] Job 1e72417d-80cc-4983-9e61-909b8c31f539 timed out. Re-enqueueing.
[Midd4VCServer] Assigning job 1e72417d-80cc-4983-9e61-909b8c31f539 to vehicle veh1
[Midd4VCServer] Assigning job 58bd4c2e-c19e-4127-ba82-3ed183cf6b7f to vehicle veh18
[Midd4VCServer] Assigning job b6025096-2e08-468f-8b29-634b150a4d40 to vehicle veh4
[Midd4VCServer] Assigning job 873e0dcf-16f3-40ae-85bd-1e0968eb9619 to vehicle veh33
[Midd4VCServer] Assigning job acb5ebf5-9cd1-44e8-9bf1-3042cda17930 to vehicle veh8
[Midd4VCServer] job b6025096-2e08-468f-8b29-634b150a4d40 completed by vehicle veh4
[Midd4VCServer] job 58bd4c2e-c19e-4127-ba82-3ed183cf6b7f completed by vehicle veh18
[Midd4VCServer] job 1e72417d-80cc-4983-9e61-909b8c31f539 completed by vehicle veh1
[Midd4VCServer] job acb5ebf5-9cd1-44e8-9bf1-3042cda17930 completed by vehicle veh8
[Midd4VCServer] Vehicle veh1 already registered.
[Midd4VCServer] job received: 85699eba-9f92-4e59-b5e0-2870813ab455
[Midd4VC] Job b80730c2-9003-45cc-a09a-109b843ec199 timed out. Re-enqueueing.
[Midd4VCServer] Assigning job b80730c2-9003-45cc-a09a-109b843ec199 to vehicle veh1
[Midd4VCServer] Assigning job 85699eba-9f92-4e59-b5e0-2870813ab455 to vehicle veh18
[Midd4VCServer] job b80730c2-9003-45cc-a09a-109b843ec199 completed by vehicle veh1
[Midd4VCServer] job 85699eba-9f92-4e59-b5e0-2870813ab455 completed by vehicle veh18
[Midd4VCServer] job received: 386060e3-493d-4a45-aa84-a0d356d47ec0
[Midd4VCServer] Assigning job 386060e3-493d-4a45-aa84-a0d356d47ec0 to vehicle veh1
[Midd4VCServer] job 386060e3-493d-4a45-aa84-a0d356d47ec0 completed by vehicle veh1
[Midd4VCServer] job received: c22f9a88-04c8-4773-b4b3-3dc044de0fb1
[Midd4VCServer] Assigning job c22f9a88-04c8-4773-b4b3-3dc044de0fb1 to vehicle veh1
[Midd4VCServer] job c22f9a88-04c8-4773-b4b3-3dc044de0fb1 completed by vehicle veh1
[Midd4VCServer] Vehicle veh20 already registered.
[Midd4VCServer] Vehicle veh34 already registered.
[Midd4VCServer] Vehicle veh35 already registered.
[Midd4VCServer] job received: bd218d09-d12e-4c83-83b8-25ede2a1e6bc
[Midd4VC] Job cbf32dd9-55ce-4d56-aca6-97c2707b9873 timed out. Re-enqueueing.
[Midd4VC] Job e20e9365-737e-48d5-a3b9-3baf59852959 timed out. Re-enqueueing.
[Midd4VCServer] Assigning job e20e9365-737e-48d5-a3b9-3baf59852959 to vehicle veh26
[Midd4VCServer] Assigning job cbf32dd9-55ce-4d56-aca6-97c2707b9873 to vehicle veh15
[Midd4VCServer] Assigning job bd218d09-d12e-4c83-83b8-25ede2a1e6bc to vehicle veh14
[Midd4VCServer] Vehicle veh6 already registered.
[Midd4VCServer] job received: 7d225bd5-be2e-4839-9f57-8cdc39341255
[Midd4VC] Job b58b18c8-db94-4126-b746-48a63d9b51f9 timed out. Re-enqueueing.
[Midd4VC] Job 046d3537-3135-4a99-83f4-21037e7c1fd6 timed out. Re-enqueueing.
[Midd4VC] Job 2e1a3153-2a2f-4d68-bc4d-af4094ec7c3c timed out. Re-enqueueing.
[Midd4VC] Job 6951cfe8-4629-41ba-8b67-eeec254f000f timed out. Re-enqueueing.
[Midd4VC] Job 2cbfa803-23d9-4dea-b7f8-2f865ddc5588 timed out. Re-enqueueing.
[Midd4VCServer] Assigning job 2cbfa803-23d9-4dea-b7f8-2f865ddc5588 to vehicle veh10
[Midd4VCServer] Assigning job 6951cfe8-4629-41ba-8b67-eeec254f000f to vehicle veh19
[Midd4VCServer] Assigning job 2e1a3153-2a2f-4d68-bc4d-af4094ec7c3c to vehicle veh32
[Midd4VCServer] Assigning job 046d3537-3135-4a99-83f4-21037e7c1fd6 to vehicle veh11
[Midd4VCServer] Assigning job b58b18c8-db94-4126-b746-48a63d9b51f9 to vehicle veh21
[Midd4VCServer] Assigning job 7d225bd5-be2e-4839-9f57-8cdc39341255 to vehicle veh1
[Midd4VCServer] job 2e1a3153-2a2f-4d68-bc4d-af4094ec7c3c completed by vehicle veh32
[Midd4VCServer] job 7d225bd5-be2e-4839-9f57-8cdc39341255 completed by vehicle veh1
[Midd4VCServer] Vehicle veh33 already registered.
[Midd4VCServer] Vehicle veh1 already registered.
[Midd4VCServer] job received: 24c962ec-d00e-4ff1-acc9-f22db3b83774
[Midd4VCServer] Assigning job 24c962ec-d00e-4ff1-acc9-f22db3b83774 to vehicle veh18
[Midd4VCServer] job 24c962ec-d00e-4ff1-acc9-f22db3b83774 completed by vehicle veh18
[Midd4VCServer] Vehicle veh26 already registered.
[Midd4VCServer] Vehicle veh25 already registered.
[Midd4VCServer] job received: 72fa786d-eff6-46b4-b203-fee8422de744
[Midd4VCServer] Assigning job 72fa786d-eff6-46b4-b203-fee8422de744 to vehicle veh4
[Midd4VCServer] job 72fa786d-eff6-46b4-b203-fee8422de744 completed by vehicle veh4
[Midd4VCServer] job received: 26579cb8-95f4-4a78-a6b5-393e8e98fe56
[Midd4VCServer] Assigning job 26579cb8-95f4-4a78-a6b5-393e8e98fe56 to vehicle veh8
[Midd4VCServer] job 26579cb8-95f4-4a78-a6b5-393e8e98fe56 completed by vehicle veh8
[Midd4VCServer] job received: 197fb8b1-b988-48e2-8c97-200d1a404107
[Midd4VCServer] Assigning job 197fb8b1-b988-48e2-8c97-200d1a404107 to vehicle veh32
[Midd4VCServer] job 197fb8b1-b988-48e2-8c97-200d1a404107 completed by vehicle veh32
[Midd4VCServer] job received: 67f6ab9f-d295-41cd-9132-12499e3ea80f
[Midd4VCServer] Assigning job 67f6ab9f-d295-41cd-9132-12499e3ea80f to vehicle veh35
[Midd4VCServer] job 67f6ab9f-d295-41cd-9132-12499e3ea80f completed by vehicle veh35
[Midd4VCServer] Vehicle veh23 already registered.
[Midd4VCServer] Vehicle veh14 already registered.
[Midd4VCServer] Vehicle veh10 already registered.
[Midd4VCServer] job received: e89ff963-1075-42dc-8e06-0ea37a4af6e2
[Midd4VC] Job f88d2c59-1687-4960-9b47-4a5d192a166a timed out. Re-enqueueing.
[Midd4VCServer] Assigning job f88d2c59-1687-4960-9b47-4a5d192a166a to vehicle veh7
[Midd4VCServer] Assigning job e89ff963-1075-42dc-8e06-0ea37a4af6e2 to vehicle veh28
[Midd4VCServer] job received: 99298266-904d-4808-8e5c-720b3c7a7b3f
[Midd4VC] Job 684a5760-9afa-47eb-98c4-c7ae46294607 timed out. Re-enqueueing.
[Midd4VCServer] Assigning job 684a5760-9afa-47eb-98c4-c7ae46294607 to vehicle veh12
[Midd4VCServer] Assigning job 99298266-904d-4808-8e5c-720b3c7a7b3f to vehicle veh1
[Midd4VCServer] job 684a5760-9afa-47eb-98c4-c7ae46294607 completed by vehicle veh12
[Midd4VCServer] job received: 1102ca93-6279-44dc-b2e7-222053de82dc
[Midd4VCServer] Assigning job 1102ca93-6279-44dc-b2e7-222053de82dc to vehicle veh12
[Midd4VCServer] job 1102ca93-6279-44dc-b2e7-222053de82dc completed by vehicle veh12
[Midd4VCServer] Vehicle veh39 already registered.
[Midd4VCServer] Vehicle veh4 already registered.
[Midd4VCServer] Vehicle veh11 already registered.
[Midd4VCServer] job received: 2314dac9-7e3b-4622-a179-131b0ab105d0
[Midd4VCServer] Assigning job 2314dac9-7e3b-4622-a179-131b0ab105d0 to vehicle veh12
[Midd4VCServer] Vehicle veh2 already registered.
[Midd4VCServer] job received: a72066c8-4164-413d-a05e-8a1ec1ce0fc4
[Midd4VCServer] Assigning job a72066c8-4164-413d-a05e-8a1ec1ce0fc4 to vehicle veh18
[Midd4VCServer] Vehicle veh36 already registered.
[Midd4VCServer] job received: 6ecfe243-4c08-4e10-ab4a-c1820075eb61
[Midd4VCServer] Assigning job 6ecfe243-4c08-4e10-ab4a-c1820075eb61 to vehicle veh39
[Midd4VCServer] Vehicle veh24 already registered.
[Midd4VCServer] Vehicle veh15 already registered.
[Midd4VCServer] Vehicle veh7 already registered.
[Midd4VCServer] Vehicle veh12 already registered.
[Midd4VCServer] Vehicle veh18 already registered.
[Midd4VCServer] job received: d4f86953-6e9a-416a-a839-3868a898e392
[Midd4VCServer] Assigning job d4f86953-6e9a-416a-a839-3868a898e392 to vehicle veh24
[Midd4VCServer] job d4f86953-6e9a-416a-a839-3868a898e392 completed by vehicle veh24
[Midd4VCServer] job received: 5bb840b4-5592-4f05-808b-1133641aabb4
[Midd4VCServer] Assigning job 5bb840b4-5592-4f05-808b-1133641aabb4 to vehicle veh37
[Midd4VCServer] job received: 68ef4ac1-d266-4318-a391-60d3a040d298
[Midd4VCServer] Assigning job 68ef4ac1-d266-4318-a391-60d3a040d298 to vehicle veh4
[Midd4VCServer] job 68ef4ac1-d266-4318-a391-60d3a040d298 completed by vehicle veh4
[Midd4VCServer] Vehicle veh16 already registered.
[Midd4VCServer] Vehicle veh13 already registered.
[Midd4VCServer] Vehicle veh20 already registered.
[Midd4VCServer] job received: a9cf012b-2e01-4b00-a2ca-4c5df9ad82ef
[Midd4VC] Job eef1d14f-78fc-4203-834d-2dbb837d50f9 timed out. Re-enqueueing.
[Midd4VCServer] Assigning job eef1d14f-78fc-4203-834d-2dbb837d50f9 to vehicle veh38
[Midd4VCServer] Assigning job a9cf012b-2e01-4b00-a2ca-4c5df9ad82ef to vehicle veh34
[Midd4VCServer] Vehicle veh39 already registered.
[Midd4VCServer] Vehicle veh35 already registered.
[Midd4VCServer] job received: 660e3431-74bf-4075-b217-fe286575f700
[Midd4VCServer] Assigning job 660e3431-74bf-4075-b217-fe286575f700 to vehicle veh8
[Midd4VCServer] job received: 3e93dc03-b682-4286-86e9-202a311c7d2a
[Midd4VCServer] Assigning job 3e93dc03-b682-4286-86e9-202a311c7d2a to vehicle veh25
[Midd4VCServer] Vehicle veh28 already registered.
[Midd4VCServer] job received: d5eedab9-e6a9-4117-8ab5-0333089b72ab
[Midd4VCServer] Assigning job d5eedab9-e6a9-4117-8ab5-0333089b72ab to vehicle veh32
[Midd4VCServer] Vehicle veh6 already registered.
[Midd4VCServer] job received: 167efe21-4a6f-451f-ac2e-2ca6a1af2046
[Midd4VCServer] Assigning job 167efe21-4a6f-451f-ac2e-2ca6a1af2046 to vehicle veh2
[Midd4VCServer] job 167efe21-4a6f-451f-ac2e-2ca6a1af2046 completed by vehicle veh2
[Midd4VCServer] Vehicle veh9 already registered.
[Midd4VCServer] Vehicle veh5 already registered.
[Midd4VCServer] Vehicle veh29 already registered.
[Midd4VCServer] job received: 617331f5-4f7e-4f13-8222-68d86d4035ca
[Midd4VC] Job e60f0d33-bd4f-45b4-87cf-b3d2daae6ec6 timed out. Re-enqueueing.
[Midd4VC] Job d11453b5-0401-4b86-b118-5cad3a681160 timed out. Re-enqueueing.
[Midd4VC] Job 7860b53c-f418-4565-90e3-5b6d2cf92b47 timed out. Re-enqueueing.
[Midd4VCServer] Assigning job 7860b53c-f418-4565-90e3-5b6d2cf92b47 to vehicle veh30
[Midd4VCServer] Assigning job d11453b5-0401-4b86-b118-5cad3a681160 to vehicle veh40
[Midd4VCServer] Assigning job e60f0d33-bd4f-45b4-87cf-b3d2daae6ec6 to vehicle veh22
[Midd4VCServer] Assigning job 617331f5-4f7e-4f13-8222-68d86d4035ca to vehicle veh31
[Midd4VCServer] Vehicle veh27 already registered.
[Midd4VCServer] job received: 760c07a5-867a-4d34-991c-e49eb66a675a
[Midd4VC] Job 5327954e-4728-4c4b-8174-b0ed6d107539 timed out. Re-enqueueing.
[Midd4VC] Job 5e430d16-3bb5-4b6d-8213-7227e437003e timed out. Re-enqueueing.
[Midd4VCServer] Assigning job 5e430d16-3bb5-4b6d-8213-7227e437003e to vehicle veh3
[Midd4VCServer] Assigning job 5327954e-4728-4c4b-8174-b0ed6d107539 to vehicle veh27
[Midd4VCServer] Assigning job 760c07a5-867a-4d34-991c-e49eb66a675a to vehicle veh35
[Midd4VCServer] job 5327954e-4728-4c4b-8174-b0ed6d107539 completed by vehicle veh27
[Midd4VCServer] job 760c07a5-867a-4d34-991c-e49eb66a675a completed by vehicle veh35
[Midd4VCServer] job received: f6fdd76a-9397-4527-823c-c61f2e95cc56
[Midd4VC] Job c7ec2ca7-f49a-43de-8f61-572e7008ca13 timed out. Re-enqueueing.
[Midd4VC] Job 4b47fb0b-bcf8-41a3-8025-775893753e8b timed out. Re-enqueueing.
[Midd4VCServer] Assigning job 4b47fb0b-bcf8-41a3-8025-775893753e8b to vehicle veh36
[Midd4VCServer] Assigning job c7ec2ca7-f49a-43de-8f61-572e7008ca13 to vehicle veh29
[Midd4VCServer] Assigning job f6fdd76a-9397-4527-823c-c61f2e95cc56 to vehicle veh27
[Midd4VCServer] job c7ec2ca7-f49a-43de-8f61-572e7008ca13 completed by vehicle veh29
[Midd4VCServer] job f6fdd76a-9397-4527-823c-c61f2e95cc56 completed by vehicle veh27
[Midd4VCServer] Vehicle veh37 already registered.
[Midd4VCServer] Vehicle veh9 already registered.
[Midd4VCServer] job received: 16bf20db-5040-4f9d-acfb-61a511af5464
[Midd4VC] Job bc0a7eba-6d45-4772-a14d-dcb270ac2638 timed out. Re-enqueueing.
[Midd4VCServer] Assigning job bc0a7eba-6d45-4772-a14d-dcb270ac2638 to vehicle veh5
[Midd4VCServer] Assigning job 16bf20db-5040-4f9d-acfb-61a511af5464 to vehicle veh29
[Midd4VCServer] job bc0a7eba-6d45-4772-a14d-dcb270ac2638 completed by vehicle veh5
[Midd4VCServer] job 16bf20db-5040-4f9d-acfb-61a511af5464 completed by vehicle veh29
[Midd4VCServer] job received: 9bcfc737-6721-47cc-8a29-e039cc877f77
[Midd4VCServer] Assigning job 9bcfc737-6721-47cc-8a29-e039cc877f77 to vehicle veh5
[Midd4VCServer] job 9bcfc737-6721-47cc-8a29-e039cc877f77 completed by vehicle veh5
[Midd4VCServer] Vehicle veh40 already registered.
[Midd4VCServer] Vehicle veh4 already registered.
[Midd4VCServer] job received: 3c477e31-988b-4684-8c63-71dc3c0ea916
[Midd4VCServer] Assigning job 3c477e31-988b-4684-8c63-71dc3c0ea916 to vehicle veh24
[Midd4VCServer] Vehicle veh32 already registered.
[Midd4VCServer] Vehicle veh34 already registered.
[Midd4VCServer] Vehicle veh15 already registered.
[Midd4VCServer] Vehicle veh27 already registered.
[Midd4VCServer] job received: c1a29f66-5290-4bb8-914c-27f99603d964
[Midd4VC] Job dc6eccb2-ebdb-482e-8374-b44be70931ea timed out. Re-enqueueing.
[Midd4VCServer] Assigning job dc6eccb2-ebdb-482e-8374-b44be70931ea to vehicle veh16
[Midd4VCServer] Assigning job c1a29f66-5290-4bb8-914c-27f99603d964 to vehicle veh27
[Midd4VCServer] job c1a29f66-5290-4bb8-914c-27f99603d964 completed by vehicle veh27
[Midd4VCServer] job dc6eccb2-ebdb-482e-8374-b44be70931ea completed by vehicle veh16
[Midd4VCServer] Vehicle veh16 already registered.
[Midd4VCServer] job received: 92e79e87-dd43-4fc9-8c46-26b57e510d4e
[Midd4VCServer] Assigning job 92e79e87-dd43-4fc9-8c46-26b57e510d4e to vehicle veh16
[Midd4VCServer] job 92e79e87-dd43-4fc9-8c46-26b57e510d4e completed by vehicle veh16
[Midd4VCServer] Vehicle veh17 already registered.
[Midd4VCServer] Vehicle veh39 already registered.
[Midd4VCServer] job received: 913864a6-5e92-4e9d-a4da-32030a711be5
[Midd4VC] Job 425dd663-c804-46de-9242-5cc73d03de5a timed out. Re-enqueueing.
[Midd4VCServer] Assigning job 425dd663-c804-46de-9242-5cc73d03de5a to vehicle veh16
[Midd4VCServer] Assigning job 913864a6-5e92-4e9d-a4da-32030a711be5 to vehicle veh20
[Midd4VCServer] job 913864a6-5e92-4e9d-a4da-32030a711be5 completed by vehicle veh20
[Midd4VCServer] job 425dd663-c804-46de-9242-5cc73d03de5a completed by vehicle veh16
[Midd4VCServer] Vehicle veh8 already registered.
[Midd4VCServer] job received: 8aaa322e-f809-4891-b00b-f9925d3a4517
[Midd4VC] Job bdef5c9a-fde9-4169-8dbd-61092e477527 timed out. Re-enqueueing.
[Midd4VC] Job c5dbf90a-ce55-4f53-953f-903eed4d3f1d timed out. Re-enqueueing.
[Midd4VCServer] Assigning job c5dbf90a-ce55-4f53-953f-903eed4d3f1d to vehicle veh16
[Midd4VCServer] Assigning job bdef5c9a-fde9-4169-8dbd-61092e477527 to vehicle veh17
[Midd4VCServer] Assigning job 8aaa322e-f809-4891-b00b-f9925d3a4517 to vehicle veh13
[Midd4VCServer] job c5dbf90a-ce55-4f53-953f-903eed4d3f1d completed by vehicle veh16
[Midd4VCServer] job bdef5c9a-fde9-4169-8dbd-61092e477527 completed by vehicle veh17
[Midd4VCServer] Vehicle veh14 already registered.
[Midd4VCServer] job received: 473d2ad4-2f13-48c3-9917-62bc80c89468
[Midd4VCServer] Assigning job 473d2ad4-2f13-48c3-9917-62bc80c89468 to vehicle veh16
[Midd4VCServer] job 473d2ad4-2f13-48c3-9917-62bc80c89468 completed by vehicle veh16
[Midd4VCServer] Vehicle veh22 already registered.
[Midd4VCServer] job received: a046fc9d-5aa3-4999-bfda-c8932995399f
[Midd4VCServer] Assigning job a046fc9d-5aa3-4999-bfda-c8932995399f to vehicle veh16
[Midd4VCServer] job a046fc9d-5aa3-4999-bfda-c8932995399f completed by vehicle veh16
[Midd4VCServer] Vehicle veh11 already registered.
[Midd4VCServer] job received: 4c390373-9138-4c62-a7e6-288359e43709
[Midd4VC] Job 00ace066-16da-44f9-921d-f4e94ea995e3 timed out. Re-enqueueing.
[Midd4VCServer] Assigning job 00ace066-16da-44f9-921d-f4e94ea995e3 to vehicle veh16
[Midd4VCServer] Assigning job 4c390373-9138-4c62-a7e6-288359e43709 to vehicle veh17
[Midd4VCServer] job 4c390373-9138-4c62-a7e6-288359e43709 completed by vehicle veh17
[Midd4VCServer] job 00ace066-16da-44f9-921d-f4e94ea995e3 completed by vehicle veh16
[Midd4VCServer] job received: 0142303e-0e3f-49c0-8e7b-218084703f10
[Midd4VC] Job 214f7c15-8a43-45e2-8b58-596a164e228a timed out. Re-enqueueing.
[Midd4VCServer] Assigning job 214f7c15-8a43-45e2-8b58-596a164e228a to vehicle veh16
[Midd4VCServer] Assigning job 0142303e-0e3f-49c0-8e7b-218084703f10 to vehicle veh9
[Midd4VCServer] job 214f7c15-8a43-45e2-8b58-596a164e228a completed by vehicle veh16
[Midd4VCServer] Vehicle veh34 already registered.
[Midd4VCServer] job received: 6ef36abe-b82c-4b0c-bba6-4beece1e412b
[Midd4VC] Job a9ff9830-4dd1-4d66-ae11-898f7c6fa645 timed out. Re-enqueueing.
[Midd4VCServer] Assigning job a9ff9830-4dd1-4d66-ae11-898f7c6fa645 to vehicle veh16
[Midd4VCServer] Assigning job 6ef36abe-b82c-4b0c-bba6-4beece1e412b to vehicle veh23
[Midd4VCServer] job a9ff9830-4dd1-4d66-ae11-898f7c6fa645 completed by vehicle veh16
[Midd4VCServer] job received: d8ce3007-09c8-4dc7-bd78-d4ec8cbb3623
[Midd4VCServer] Assigning job d8ce3007-09c8-4dc7-bd78-d4ec8cbb3623 to vehicle veh16
[Midd4VCServer] job d8ce3007-09c8-4dc7-bd78-d4ec8cbb3623 completed by vehicle veh16
[Midd4VCServer] job received: 0ea67af5-27a5-4847-baf9-8978bc239631
[Midd4VC] Job 873e0dcf-16f3-40ae-85bd-1e0968eb9619 timed out. Re-enqueueing.
[Midd4VCServer] Assigning job 873e0dcf-16f3-40ae-85bd-1e0968eb9619 to vehicle veh16
[Midd4VCServer] Assigning job 0ea67af5-27a5-4847-baf9-8978bc239631 to vehicle veh33
[Midd4VCServer] job 873e0dcf-16f3-40ae-85bd-1e0968eb9619 completed by vehicle veh16
[Midd4VCServer] job received: 6b1962a7-e9d9-42b1-86d9-b872b77eda43
[Midd4VCServer] Assigning job 6b1962a7-e9d9-42b1-86d9-b872b77eda43 to vehicle veh17
[Midd4VCServer] job 6b1962a7-e9d9-42b1-86d9-b872b77eda43 completed by vehicle veh17
[Midd4VCServer] Vehicle veh23 already registered.
[Midd4VCServer] job received: ee85d31e-1c4b-4838-bd19-fbc0f1150e6b
[Midd4VCServer] Assigning job ee85d31e-1c4b-4838-bd19-fbc0f1150e6b to vehicle veh16
[Midd4VCServer] job ee85d31e-1c4b-4838-bd19-fbc0f1150e6b completed by vehicle veh16
[Midd4VCServer] Vehicle veh12 already registered.
[Midd4VCServer] Vehicle veh10 already registered.
[Midd4VCServer] Vehicle veh7 already registered.
[Midd4VCServer] job received: 2bdb9dfb-049f-4cc1-83cf-2d25c2dcdada
[Midd4VC] Job e20e9365-737e-48d5-a3b9-3baf59852959 timed out. Re-enqueueing.
[Midd4VC] Job cbf32dd9-55ce-4d56-aca6-97c2707b9873 timed out. Re-enqueueing.
[Midd4VC] Job bd218d09-d12e-4c83-83b8-25ede2a1e6bc timed out. Re-enqueueing.
[Midd4VCServer] Assigning job bd218d09-d12e-4c83-83b8-25ede2a1e6bc to vehicle veh26
[Midd4VCServer] Assigning job cbf32dd9-55ce-4d56-aca6-97c2707b9873 to vehicle veh15
[Midd4VCServer] Assigning job e20e9365-737e-48d5-a3b9-3baf59852959 to vehicle veh14
[Midd4VCServer] Assigning job 2bdb9dfb-049f-4cc1-83cf-2d25c2dcdada to vehicle veh17
[Midd4VCServer] Vehicle veh36 already registered.
[Midd4VCServer] job received: 4fe94fa5-cd8d-448f-a8a5-533d54b2865c
[Midd4VCServer] Assigning job 4fe94fa5-cd8d-448f-a8a5-533d54b2865c to vehicle veh6
[Midd4VCServer] job received: 397a357f-4099-4439-95c1-c071e4d8b40f
[Midd4VCServer] Assigning job 397a357f-4099-4439-95c1-c071e4d8b40f to vehicle veh16
[Midd4VCServer] job 397a357f-4099-4439-95c1-c071e4d8b40f completed by vehicle veh16
[Midd4VCServer] Vehicle veh38 already registered.
[Midd4VCServer] Vehicle veh37 already registered.
[Midd4VCServer] job received: ae42547f-3c24-46f7-acdc-4811f5624737
[Midd4VC] Job 2cbfa803-23d9-4dea-b7f8-2f865ddc5588 timed out. Re-enqueueing.
[Midd4VC] Job 6951cfe8-4629-41ba-8b67-eeec254f000f timed out. Re-enqueueing.
[Midd4VC] Job 046d3537-3135-4a99-83f4-21037e7c1fd6 timed out. Re-enqueueing.
[Midd4VC] Job b58b18c8-db94-4126-b746-48a63d9b51f9 timed out. Re-enqueueing.
[Midd4VCServer] Assigning job b58b18c8-db94-4126-b746-48a63d9b51f9 to vehicle veh10
[Midd4VCServer] Assigning job 046d3537-3135-4a99-83f4-21037e7c1fd6 to vehicle veh19
[Midd4VCServer] Assigning job 6951cfe8-4629-41ba-8b67-eeec254f000f to vehicle veh11
[Midd4VCServer] Assigning job 2cbfa803-23d9-4dea-b7f8-2f865ddc5588 to vehicle veh21
[Midd4VCServer] Assigning job ae42547f-3c24-46f7-acdc-4811f5624737 to vehicle veh20
[Midd4VCServer] job b58b18c8-db94-4126-b746-48a63d9b51f9 completed by vehicle veh10
[Midd4VCServer] job 6951cfe8-4629-41ba-8b67-eeec254f000f completed by vehicle veh11
[Midd4VCServer] job ae42547f-3c24-46f7-acdc-4811f5624737 completed by vehicle veh20
[Midd4VCServer] Vehicle veh22 already registered.
[Midd4VCServer] job received: 92aed941-2d6f-4ad2-b448-d1282eb7eae7
[Midd4VCServer] Assigning job 92aed941-2d6f-4ad2-b448-d1282eb7eae7 to vehicle veh10
[Midd4VCServer] job 92aed941-2d6f-4ad2-b448-d1282eb7eae7 completed by vehicle veh10
[Midd4VCServer] job received: 07a7d2e0-d1f1-4e1f-b2b6-8067fb5345b5
[Midd4VCServer] Assigning job 07a7d2e0-d1f1-4e1f-b2b6-8067fb5345b5 to vehicle veh11
[Midd4VCServer] job 07a7d2e0-d1f1-4e1f-b2b6-8067fb5345b5 completed by vehicle veh11
[Midd4VCServer] Vehicle veh33 already registered.
[Midd4VCServer] Vehicle veh7 already registered.
[Midd4VCServer] job received: b598c8eb-ce7c-4db2-ac52-7029a99aa985
[Midd4VCServer] Assigning job b598c8eb-ce7c-4db2-ac52-7029a99aa985 to vehicle veh10
[Midd4VCServer] job b598c8eb-ce7c-4db2-ac52-7029a99aa985 completed by vehicle veh10
[Midd4VCServer] Vehicle veh24 already registered.
[Midd4VCServer] job received: b01d1339-4618-45e1-b1ee-8b21b77bd26b
[Midd4VCServer] Assigning job b01d1339-4618-45e1-b1ee-8b21b77bd26b to vehicle veh11
[Midd4VCServer] job b01d1339-4618-45e1-b1ee-8b21b77bd26b completed by vehicle veh11
[Midd4VCServer] job received: b26377e5-0155-4ed6-b983-ea830ee0a45b
[Midd4VC] Job f88d2c59-1687-4960-9b47-4a5d192a166a timed out. Re-enqueueing.
[Midd4VC] Job e89ff963-1075-42dc-8e06-0ea37a4af6e2 timed out. Re-enqueueing.
[Midd4VC] Job 99298266-904d-4808-8e5c-720b3c7a7b3f timed out. Re-enqueueing.
[Midd4VCServer] Assigning job 99298266-904d-4808-8e5c-720b3c7a7b3f to vehicle veh7
[Midd4VCServer] Assigning job e89ff963-1075-42dc-8e06-0ea37a4af6e2 to vehicle veh28
[Midd4VCServer] Assigning job f88d2c59-1687-4960-9b47-4a5d192a166a to vehicle veh1
[Midd4VCServer] Assigning job b26377e5-0155-4ed6-b983-ea830ee0a45b to vehicle veh10
[Midd4VCServer] job 99298266-904d-4808-8e5c-720b3c7a7b3f completed by vehicle veh7
[Midd4VCServer] job e89ff963-1075-42dc-8e06-0ea37a4af6e2 completed by vehicle veh28
[Midd4VCServer] job b26377e5-0155-4ed6-b983-ea830ee0a45b completed by vehicle veh10
[Midd4VCServer] job received: 69e9173b-a4b5-483d-826e-098032cb4507
[Midd4VC] Job 2314dac9-7e3b-4622-a179-131b0ab105d0 timed out. Re-enqueueing.
[Midd4VCServer] Assigning job 2314dac9-7e3b-4622-a179-131b0ab105d0 to vehicle veh12
[Midd4VCServer] Assigning job 69e9173b-a4b5-483d-826e-098032cb4507 to vehicle veh7
[Midd4VCServer] job 69e9173b-a4b5-483d-826e-098032cb4507 completed by vehicle veh7
[Midd4VCServer] job 2314dac9-7e3b-4622-a179-131b0ab105d0 completed by vehicle veh12
[Midd4VCServer] job received: ad492b88-0d3a-475d-9e62-f0ebe07b6d38
[Midd4VC] Job a72066c8-4164-413d-a05e-8a1ec1ce0fc4 timed out. Re-enqueueing.
[Midd4VCServer] Assigning job a72066c8-4164-413d-a05e-8a1ec1ce0fc4 to vehicle veh12
[Midd4VCServer] Assigning job ad492b88-0d3a-475d-9e62-f0ebe07b6d38 to vehicle veh18
[Midd4VCServer] job a72066c8-4164-413d-a05e-8a1ec1ce0fc4 completed by vehicle veh12
[Midd4VCServer] job received: 8b557e83-8cbb-4be4-bd8b-976e5e47a53b
[Midd4VC] Job 6ecfe243-4c08-4e10-ab4a-c1820075eb61 timed out. Re-enqueueing.
[Midd4VCServer] Assigning job 6ecfe243-4c08-4e10-ab4a-c1820075eb61 to vehicle veh12
[Midd4VCServer] Assigning job 8b557e83-8cbb-4be4-bd8b-976e5e47a53b to vehicle veh39
[Midd4VCServer] job 6ecfe243-4c08-4e10-ab4a-c1820075eb61 completed by vehicle veh12
[Midd4VCServer] Vehicle veh8 already registered.
[Midd4VCServer] Vehicle veh17 already registered.
[Midd4VCServer] job received: 9b002511-7752-4b50-a143-7c55f6fce4e7
[Midd4VCServer] Assigning job 9b002511-7752-4b50-a143-7c55f6fce4e7 to vehicle veh12
[Midd4VCServer] job 9b002511-7752-4b50-a143-7c55f6fce4e7 completed by vehicle veh12
[Midd4VCServer] job received: 81f673c4-4108-4b9e-bfa2-3c5ff9e0908a
[Midd4VCServer] Assigning job 81f673c4-4108-4b9e-bfa2-3c5ff9e0908a to vehicle veh12
[Midd4VCServer] job 81f673c4-4108-4b9e-bfa2-3c5ff9e0908a completed by vehicle veh12
[Midd4VCServer] job received: 5e5e5e86-1bbf-4bfa-b3f2-c5a69617a681
[Midd4VCServer] Assigning job 5e5e5e86-1bbf-4bfa-b3f2-c5a69617a681 to vehicle veh28
[Midd4VCServer] job 5e5e5e86-1bbf-4bfa-b3f2-c5a69617a681 completed by vehicle veh28
[Midd4VCServer] Vehicle veh23 already registered.
[Midd4VCServer] job received: e1e33740-6ef8-4a8c-a34c-0bfc09d5f7ae
[Midd4VCServer] Assigning job e1e33740-6ef8-4a8c-a34c-0bfc09d5f7ae to vehicle veh12
[Midd4VCServer] job e1e33740-6ef8-4a8c-a34c-0bfc09d5f7ae completed by vehicle veh12
[Midd4VCServer] Vehicle veh32 already registered.
[Midd4VCServer] job received: dcbfe876-c53d-4abc-b38a-5a0ab4d28a81
[Midd4VC] Job 5bb840b4-5592-4f05-808b-1133641aabb4 timed out. Re-enqueueing.
[Midd4VCServer] Assigning job 5bb840b4-5592-4f05-808b-1133641aabb4 to vehicle veh37
[Midd4VCServer] Assigning job dcbfe876-c53d-4abc-b38a-5a0ab4d28a81 to vehicle veh7
[Midd4VCServer] job dcbfe876-c53d-4abc-b38a-5a0ab4d28a81 completed by vehicle veh7
[Midd4VCServer] job received: afd961ff-7429-41f1-9b09-14e0465c5bdc
[Midd4VCServer] Assigning job afd961ff-7429-41f1-9b09-14e0465c5bdc to vehicle veh16
[Midd4VCServer] Vehicle veh20 already registered.
[Midd4VCServer] job afd961ff-7429-41f1-9b09-14e0465c5bdc completed by vehicle veh16
[Midd4VCServer] Vehicle veh25 already registered.
[Midd4VCServer] Vehicle veh4 already registered.
[Midd4VCServer] Vehicle veh3 already registered.
[Midd4VCServer] job received: 5c03fba8-0802-4336-9e07-2a5e1685415f
[Midd4VC] Job eef1d14f-78fc-4203-834d-2dbb837d50f9 timed out. Re-enqueueing.
[Midd4VC] Job a9cf012b-2e01-4b00-a2ca-4c5df9ad82ef timed out. Re-enqueueing.
[Midd4VC] Job 660e3431-74bf-4075-b217-fe286575f700 timed out. Re-enqueueing.
[Midd4VC] Job 3e93dc03-b682-4286-86e9-202a311c7d2a timed out. Re-enqueueing.
[Midd4VC] Job d5eedab9-e6a9-4117-8ab5-0333089b72ab timed out. Re-enqueueing.
[Midd4VCServer] Assigning job d5eedab9-e6a9-4117-8ab5-0333089b72ab to vehicle veh38
[Midd4VCServer] Assigning job 3e93dc03-b682-4286-86e9-202a311c7d2a to vehicle veh34
[Midd4VCServer] Assigning job 660e3431-74bf-4075-b217-fe286575f700 to vehicle veh8
[Midd4VCServer] Assigning job a9cf012b-2e01-4b00-a2ca-4c5df9ad82ef to vehicle veh25
[Midd4VCServer] Assigning job eef1d14f-78fc-4203-834d-2dbb837d50f9 to vehicle veh32
[Midd4VCServer] Assigning job 5c03fba8-0802-4336-9e07-2a5e1685415f to vehicle veh29
[Midd4VCServer] job eef1d14f-78fc-4203-834d-2dbb837d50f9 completed by vehicle veh32
[Midd4VCServer] job a9cf012b-2e01-4b00-a2ca-4c5df9ad82ef completed by vehicle veh25
[Midd4VCServer] job 660e3431-74bf-4075-b217-fe286575f700 completed by vehicle veh8
[Midd4VCServer] Vehicle veh6 already registered.
[Midd4VCServer] job received: 5685ed37-c9c1-4acb-927b-8ff40f434c92
[Midd4VCServer] Assigning job 5685ed37-c9c1-4acb-927b-8ff40f434c92 to vehicle veh5
[Midd4VCServer] job received: c244f925-dfa4-4856-b038-dace89eab42f
[Midd4VCServer] Assigning job c244f925-dfa4-4856-b038-dace89eab42f to vehicle veh20
[Midd4VCServer] job c244f925-dfa4-4856-b038-dace89eab42f completed by vehicle veh20
[Midd4VCServer] Vehicle veh2 already registered.
[Midd4VCServer] Vehicle veh36 already registered.
[Midd4VCServer] job received: 7605149a-8734-44fb-8b16-3f987bf7bec0
[Midd4VCServer] Assigning job 7605149a-8734-44fb-8b16-3f987bf7bec0 to vehicle veh4
[Midd4VCServer] job 7605149a-8734-44fb-8b16-3f987bf7bec0 completed by vehicle veh4
[Midd4VCServer] job received: c4055d10-1d51-40bf-8c2f-c5c33760563b
[Midd4VCServer] Assigning job c4055d10-1d51-40bf-8c2f-c5c33760563b to vehicle veh8
[Midd4VCServer] job c4055d10-1d51-40bf-8c2f-c5c33760563b completed by vehicle veh8
[Midd4VCServer] Vehicle veh39 already registered.
[Midd4VCServer] Vehicle veh22 already registered.
[Midd4VCServer] job received: c3a0dec0-04bc-4ef2-8e5e-dd46f393883f
[Midd4VC] Job 7860b53c-f418-4565-90e3-5b6d2cf92b47 timed out. Re-enqueueing.
[Midd4VC] Job d11453b5-0401-4b86-b118-5cad3a681160 timed out. Re-enqueueing.
[Midd4VC] Job e60f0d33-bd4f-45b4-87cf-b3d2daae6ec6 timed out. Re-enqueueing.
[Midd4VC] Job 617331f5-4f7e-4f13-8222-68d86d4035ca timed out. Re-enqueueing.
[Midd4VCServer] Assigning job 617331f5-4f7e-4f13-8222-68d86d4035ca to vehicle veh30
[Midd4VCServer] Assigning job e60f0d33-bd4f-45b4-87cf-b3d2daae6ec6 to vehicle veh40
[Midd4VCServer] Assigning job d11453b5-0401-4b86-b118-5cad3a681160 to vehicle veh22
[Midd4VCServer] Assigning job 7860b53c-f418-4565-90e3-5b6d2cf92b47 to vehicle veh31
[Midd4VCServer] Assigning job c3a0dec0-04bc-4ef2-8e5e-dd46f393883f to vehicle veh25
[Midd4VCServer] job c3a0dec0-04bc-4ef2-8e5e-dd46f393883f completed by vehicle veh25
[Midd4VCServer] job d11453b5-0401-4b86-b118-5cad3a681160 completed by vehicle veh22
[Midd4VCServer] job received: 9b95c449-f2b9-49bf-a8c1-5a8c1d095228
[Midd4VCServer] Assigning job 9b95c449-f2b9-49bf-a8c1-5a8c1d095228 to vehicle veh22
[Midd4VCServer] job 9b95c449-f2b9-49bf-a8c1-5a8c1d095228 completed by vehicle veh22
[Midd4VCServer] job received: b2124236-a002-4a34-9216-640f48c02811
[Midd4VC] Job 5e430d16-3bb5-4b6d-8213-7227e437003e timed out. Re-enqueueing.
[Midd4VC] Job 4b47fb0b-bcf8-41a3-8025-775893753e8b timed out. Re-enqueueing.
[Midd4VCServer] Assigning job 4b47fb0b-bcf8-41a3-8025-775893753e8b to vehicle veh3
[Midd4VCServer] Assigning job 5e430d16-3bb5-4b6d-8213-7227e437003e to vehicle veh36
[Midd4VCServer] Assigning job b2124236-a002-4a34-9216-640f48c02811 to vehicle veh22
[Midd4VCServer] job 4b47fb0b-bcf8-41a3-8025-775893753e8b completed by vehicle veh3
[Midd4VCServer] job 5e430d16-3bb5-4b6d-8213-7227e437003e completed by vehicle veh36
[Midd4VCServer] job b2124236-a002-4a34-9216-640f48c02811 completed by vehicle veh22
[Midd4VCServer] Vehicle veh3 already registered.
[Midd4VCServer] job received: c779e1df-2762-4055-bd55-86d0a396aaa0
[Midd4VCServer] Assigning job c779e1df-2762-4055-bd55-86d0a396aaa0 to vehicle veh3
[Midd4VCServer] job c779e1df-2762-4055-bd55-86d0a396aaa0 completed by vehicle veh3
[Midd4VCServer] job received: dce7e440-f3bf-43ad-8b64-11b465085af2
[Midd4VCServer] Assigning job dce7e440-f3bf-43ad-8b64-11b465085af2 to vehicle veh36
[Midd4VCServer] job dce7e440-f3bf-43ad-8b64-11b465085af2 completed by vehicle veh36
[Midd4VCServer] job received: 552faaeb-b7ad-42b9-b05a-ecbec22b3f80
[Midd4VC] Job 3c477e31-988b-4684-8c63-71dc3c0ea916 timed out. Re-enqueueing.
[Midd4VCServer] Assigning job 3c477e31-988b-4684-8c63-71dc3c0ea916 to vehicle veh3
[Midd4VCServer] Assigning job 552faaeb-b7ad-42b9-b05a-ecbec22b3f80 to vehicle veh24
[Midd4VCServer] job 552faaeb-b7ad-42b9-b05a-ecbec22b3f80 completed by vehicle veh24
[Midd4VCServer] job 3c477e31-988b-4684-8c63-71dc3c0ea916 completed by vehicle veh3
[Midd4VCServer] Vehicle veh28 already registered.
[Midd4VCServer] Vehicle veh20 already registered.
[Midd4VCServer] Vehicle veh19 already registered.
[Midd4VCServer] job received: 1bda65d3-7404-4efd-af03-52e4d9b1e53c
[Midd4VCServer] Assigning job 1bda65d3-7404-4efd-af03-52e4d9b1e53c to vehicle veh36
[Midd4VCServer] job 1bda65d3-7404-4efd-af03-52e4d9b1e53c completed by vehicle veh36
[Midd4VCServer] job received: f61b55f4-f435-47a8-a984-1939f603f707
[Midd4VCServer] Assigning job f61b55f4-f435-47a8-a984-1939f603f707 to vehicle veh32
[Midd4VCServer] job f61b55f4-f435-47a8-a984-1939f603f707 completed by vehicle veh32
[Midd4VCServer] Vehicle veh31 already registered.
[Midd4VCServer] Vehicle veh11 already registered.
[Midd4VCServer] job received: 9d8a2e85-00bc-4baf-bece-1eb7d672e8f9
[Midd4VC] Job 8aaa322e-f809-4891-b00b-f9925d3a4517 timed out. Re-enqueueing.
[Midd4VCServer] Assigning job 8aaa322e-f809-4891-b00b-f9925d3a4517 to vehicle veh13
[Midd4VCServer] Assigning job 9d8a2e85-00bc-4baf-bece-1eb7d672e8f9 to vehicle veh2
[Midd4VCServer] job 9d8a2e85-00bc-4baf-bece-1eb7d672e8f9 completed by vehicle veh2
[Midd4VCServer] job received: 7797c5da-863d-44a2-bf17-a4c7f9e17db6
[Midd4VCServer] Assigning job 7797c5da-863d-44a2-bf17-a4c7f9e17db6 to vehicle veh35
[Midd4VCServer] job received: b71e919b-531a-40ae-8adb-2bef1dc5867b
[Midd4VCServer] Assigning job b71e919b-531a-40ae-8adb-2bef1dc5867b to vehicle veh28
[Midd4VCServer] job b71e919b-531a-40ae-8adb-2bef1dc5867b completed by vehicle veh28
[Midd4VCServer] job received: 6a95f65d-67b5-4029-b8c7-7dd39210d235
[Midd4VCServer] Assigning job 6a95f65d-67b5-4029-b8c7-7dd39210d235 to vehicle veh12
[Midd4VCServer] job 6a95f65d-67b5-4029-b8c7-7dd39210d235 completed by vehicle veh12
[Midd4VCServer] job received: e4ecade3-471b-4d7e-ad90-9d833aa94abc
[Midd4VCServer] Assigning job e4ecade3-471b-4d7e-ad90-9d833aa94abc to vehicle veh11
[Midd4VCServer] job e4ecade3-471b-4d7e-ad90-9d833aa94abc completed by vehicle veh11
[Midd4VCServer] Vehicle veh28 already registered.
[Midd4VCServer] job received: dadafc15-1203-4285-856a-a00c9d3c8400
[Midd4VCServer] Assigning job dadafc15-1203-4285-856a-a00c9d3c8400 to vehicle veh10
[Midd4VCServer] job dadafc15-1203-4285-856a-a00c9d3c8400 completed by vehicle veh10
[Midd4VCServer] Vehicle veh8 already registered.
[Midd4VCServer] Vehicle veh34 already registered.
[Midd4VCServer] Vehicle veh32 already registered.
[Midd4VCServer] Vehicle veh29 already registered.
[Midd4VCServer] Vehicle veh21 already registered.
[Midd4VCServer] Vehicle veh37 already registered.
[Midd4VCServer] job received: 8eb5406c-2080-4c13-b394-cf8462f99c0a
[Midd4VC] Job 0142303e-0e3f-49c0-8e7b-218084703f10 timed out. Re-enqueueing.
[Midd4VC] Job 6ef36abe-b82c-4b0c-bba6-4beece1e412b timed out. Re-enqueueing.
[Midd4VCServer] Assigning job 6ef36abe-b82c-4b0c-bba6-4beece1e412b to vehicle veh9
[Midd4VCServer] Assigning job 0142303e-0e3f-49c0-8e7b-218084703f10 to vehicle veh23
[Midd4VCServer] Assigning job 8eb5406c-2080-4c13-b394-cf8462f99c0a to vehicle veh7
[Midd4VCServer] Vehicle veh15 already registered.
[Midd4VCServer] Vehicle veh40 already registered.
[Midd4VCServer] job received: a8d46d62-47d4-4f4d-a02d-a8149f3ff55e
[Midd4VCServer] Assigning job a8d46d62-47d4-4f4d-a02d-a8149f3ff55e to vehicle veh22
[Midd4VCServer] job a8d46d62-47d4-4f4d-a02d-a8149f3ff55e completed by vehicle veh22
[Midd4VCServer] job received: 5fb0ba10-86a7-4681-8059-0db4ad7c41ae
[Midd4VC] Job 0ea67af5-27a5-4847-baf9-8978bc239631 timed out. Re-enqueueing.
[Midd4VCServer] Assigning job 0ea67af5-27a5-4847-baf9-8978bc239631 to vehicle veh33
[Midd4VCServer] Assigning job 5fb0ba10-86a7-4681-8059-0db4ad7c41ae to vehicle veh3
[Midd4VCServer] Vehicle veh8 already registered.
[Midd4VCServer] job received: 9f3e2587-0aad-479c-8b42-b9c63ff58af3
[Midd4VCServer] Assigning job 9f3e2587-0aad-479c-8b42-b9c63ff58af3 to vehicle veh16
[Midd4VCServer] job received: 5b74cf3e-1d59-4c29-9777-2f02808fef86
[Midd4VCServer] Assigning job 5b74cf3e-1d59-4c29-9777-2f02808fef86 to vehicle veh24
[Midd4VCServer] job 5b74cf3e-1d59-4c29-9777-2f02808fef86 completed by vehicle veh24
[Midd4VCServer] Vehicle veh17 already registered.
[Midd4VCServer] job received: ca3aeb35-d74d-433f-b394-b6f7ae43d40a
[Midd4VC] Job bd218d09-d12e-4c83-83b8-25ede2a1e6bc timed out. Re-enqueueing.
[Midd4VC] Job cbf32dd9-55ce-4d56-aca6-97c2707b9873 timed out. Re-enqueueing.
[Midd4VC] Job e20e9365-737e-48d5-a3b9-3baf59852959 timed out. Re-enqueueing.
[Midd4VC] Job 2bdb9dfb-049f-4cc1-83cf-2d25c2dcdada timed out. Re-enqueueing.
[Midd4VCServer] Assigning job 2bdb9dfb-049f-4cc1-83cf-2d25c2dcdada to vehicle veh26
[Midd4VCServer] Assigning job e20e9365-737e-48d5-a3b9-3baf59852959 to vehicle veh15
[Midd4VCServer] Assigning job cbf32dd9-55ce-4d56-aca6-97c2707b9873 to vehicle veh14
[Midd4VCServer] Assigning job bd218d09-d12e-4c83-83b8-25ede2a1e6bc to vehicle veh17
[Midd4VCServer] Assigning job ca3aeb35-d74d-433f-b394-b6f7ae43d40a to vehicle veh27
[Midd4VCServer] job bd218d09-d12e-4c83-83b8-25ede2a1e6bc completed by vehicle veh17
[Midd4VCServer] job e20e9365-737e-48d5-a3b9-3baf59852959 completed by vehicle veh15
[Midd4VCServer] job received: 9edb3e83-a8a6-428b-9eaa-9350c01e8b11
[Midd4VCServer] Assigning job 9edb3e83-a8a6-428b-9eaa-9350c01e8b11 to vehicle veh15
[Midd4VCServer] job 9edb3e83-a8a6-428b-9eaa-9350c01e8b11 completed by vehicle veh15
[Midd4VCServer] job received: ed2f85b1-8001-406b-b596-5b14c56f48ab
[Midd4VC] Job 4fe94fa5-cd8d-448f-a8a5-533d54b2865c timed out. Re-enqueueing.
[Midd4VCServer] Assigning job 4fe94fa5-cd8d-448f-a8a5-533d54b2865c to vehicle veh6
[Midd4VCServer] Assigning job ed2f85b1-8001-406b-b596-5b14c56f48ab to vehicle veh17
[Midd4VCServer] job ed2f85b1-8001-406b-b596-5b14c56f48ab completed by vehicle veh17
[Midd4VCServer] Vehicle veh30 already registered.
[Midd4VCServer] Vehicle veh24 already registered.
[Midd4VCServer] job received: 66f96088-08dd-49dd-bed0-8b7d097cce2c
[Midd4VCServer] Assigning job 66f96088-08dd-49dd-bed0-8b7d097cce2c to vehicle veh15
[Midd4VCServer] job 66f96088-08dd-49dd-bed0-8b7d097cce2c completed by vehicle veh15
[Midd4VCServer] Vehicle veh33 already registered.
[Midd4VCServer] job received: 12cac91f-690e-4f15-b07a-10067bff2b53
[Midd4VC] Job 046d3537-3135-4a99-83f4-21037e7c1fd6 timed out. Re-enqueueing.
[Midd4VC] Job 2cbfa803-23d9-4dea-b7f8-2f865ddc5588 timed out. Re-enqueueing.
[Midd4VCServer] Assigning job 2cbfa803-23d9-4dea-b7f8-2f865ddc5588 to vehicle veh19
[Midd4VCServer] Assigning job 046d3537-3135-4a99-83f4-21037e7c1fd6 to vehicle veh21
[Midd4VCServer] Assigning job 12cac91f-690e-4f15-b07a-10067bff2b53 to vehicle veh17
[Midd4VCServer] job 12cac91f-690e-4f15-b07a-10067bff2b53 completed by vehicle veh17
[Midd4VCServer] Vehicle veh14 already registered.
[Midd4VCServer] job received: fc293f74-0977-4cca-8e1d-d25cfbfe900c
[Midd4VCServer] Assigning job fc293f74-0977-4cca-8e1d-d25cfbfe900c to vehicle veh15
[Midd4VCServer] Vehicle veh39 already registered.
[Midd4VCServer] job received: 76afc784-9279-4828-a209-e703155bbea4
[Midd4VCServer] Assigning job 76afc784-9279-4828-a209-e703155bbea4 to vehicle veh36
[Midd4VCServer] job 76afc784-9279-4828-a209-e703155bbea4 completed by vehicle veh36
[Midd4VCServer] job received: da4a8f31-52a5-422a-8d9c-12964e9408fe
[Midd4VCServer] Assigning job da4a8f31-52a5-422a-8d9c-12964e9408fe to vehicle veh20
[Midd4VCServer] job da4a8f31-52a5-422a-8d9c-12964e9408fe completed by vehicle veh20
[Midd4VCServer] job received: df58ada1-cb62-4fd0-a0c4-893b7fe1db89
[Midd4VCServer] Assigning job df58ada1-cb62-4fd0-a0c4-893b7fe1db89 to vehicle veh4
[Midd4VCServer] job received: 080acce5-ee54-4869-a718-192ac6ff65ca
[Midd4VCServer] Assigning job 080acce5-ee54-4869-a718-192ac6ff65ca to vehicle veh17
[Midd4VCServer] job 080acce5-ee54-4869-a718-192ac6ff65ca completed by vehicle veh17
[Midd4VCServer] Vehicle veh3 already registered.
[Midd4VCServer] job received: c1ed9116-978e-48ee-9a1d-5b9db48ae70f
[Midd4VCServer] Assigning job c1ed9116-978e-48ee-9a1d-5b9db48ae70f to vehicle veh8
[Midd4VCServer] job c1ed9116-978e-48ee-9a1d-5b9db48ae70f completed by vehicle veh8
[Midd4VCServer] Vehicle veh31 already registered.
[Midd4VCServer] job received: 21cf3dd2-6fb4-42b2-aeed-7ff5691c4d82
[Midd4VC] Job f88d2c59-1687-4960-9b47-4a5d192a166a timed out. Re-enqueueing.
[Midd4VCServer] Assigning job f88d2c59-1687-4960-9b47-4a5d192a166a to vehicle veh1
[Midd4VCServer] Assigning job 21cf3dd2-6fb4-42b2-aeed-7ff5691c4d82 to vehicle veh25
[Midd4VCServer] job received: f4df9537-a557-47cb-b0f9-6e70a397cad0
[Midd4VCServer] Assigning job f4df9537-a557-47cb-b0f9-6e70a397cad0 to vehicle veh32
[Midd4VCServer] job f4df9537-a557-47cb-b0f9-6e70a397cad0 completed by vehicle veh32
[Midd4VCServer] Vehicle veh13 already registered.
[Midd4VCServer] Vehicle veh19 already registered.
[Midd4VCServer] Vehicle veh38 already registered.
[Midd4VCServer] Vehicle veh16 already registered.
[Midd4VCServer] job received: a46c1e67-77e6-4978-945f-a1af9edf3f2f
[Midd4VC] Job ad492b88-0d3a-475d-9e62-f0ebe07b6d38 timed out. Re-enqueueing.
[Midd4VC] Job 8b557e83-8cbb-4be4-bd8b-976e5e47a53b timed out. Re-enqueueing.
[Midd4VCServer] Assigning job 8b557e83-8cbb-4be4-bd8b-976e5e47a53b to vehicle veh18
[Midd4VCServer] Assigning job ad492b88-0d3a-475d-9e62-f0ebe07b6d38 to vehicle veh39
[Midd4VCServer] Assigning job a46c1e67-77e6-4978-945f-a1af9edf3f2f to vehicle veh2
[Midd4VCServer] Vehicle veh4 already registered.
[Midd4VCServer] job received: 7bffb48f-49e1-44c9-8e96-96e176f461dd
[Midd4VCServer] Assigning job 7bffb48f-49e1-44c9-8e96-96e176f461dd to vehicle veh28
[Midd4VCServer] job received: 7f822db7-90cc-4050-9e88-8b3aac99f95a
[Midd4VC] Job 5bb840b4-5592-4f05-808b-1133641aabb4 timed out. Re-enqueueing.
[Midd4VCServer] Assigning job 5bb840b4-5592-4f05-808b-1133641aabb4 to vehicle veh37
[Midd4VCServer] Assigning job 7f822db7-90cc-4050-9e88-8b3aac99f95a to vehicle veh12
[Midd4VCServer] job 5bb840b4-5592-4f05-808b-1133641aabb4 completed by vehicle veh37
[Midd4VCServer] job received: 9af007b5-968c-4267-9cf5-13cc9fcb075f
[Midd4VCServer] Assigning job 9af007b5-968c-4267-9cf5-13cc9fcb075f to vehicle veh37
[Midd4VCServer] job 9af007b5-968c-4267-9cf5-13cc9fcb075f completed by vehicle veh37
[Midd4VCServer] Vehicle veh39 already registered.
[Midd4VCServer] Vehicle veh2 already registered.
[Midd4VCServer] job received: 0900c32f-f06b-410a-b3df-02230a23f0c5
[Midd4VCServer] Assigning job 0900c32f-f06b-410a-b3df-02230a23f0c5 to vehicle veh37
[Midd4VCServer] job 0900c32f-f06b-410a-b3df-02230a23f0c5 completed by vehicle veh37
[Midd4VCServer] Vehicle veh7 already registered.
[Midd4VCServer] job received: 4c38181c-69c8-406b-924b-13e5916d0e4d
[Midd4VCServer] Assigning job 4c38181c-69c8-406b-924b-13e5916d0e4d to vehicle veh11
[Midd4VCServer] Vehicle veh33 already registered.
[Midd4VCServer] Vehicle veh29 already registered.
[Midd4VCServer] Vehicle veh27 already registered.
[Midd4VCServer] job received: 914abc8d-64a9-4c12-9ded-0d19857ea3b0
[Midd4VCServer] Assigning job 914abc8d-64a9-4c12-9ded-0d19857ea3b0 to vehicle veh10
[Midd4VCServer] Vehicle veh23 already registered.
[Midd4VCServer] job received: 0df87b63-6a5b-49c1-b465-be7eab753084
[Midd4VC] Job d5eedab9-e6a9-4117-8ab5-0333089b72ab timed out. Re-enqueueing.
[Midd4VC] Job 3e93dc03-b682-4286-86e9-202a311c7d2a timed out. Re-enqueueing.
[Midd4VC] Job 5c03fba8-0802-4336-9e07-2a5e1685415f timed out. Re-enqueueing.
[Midd4VC] Job 5685ed37-c9c1-4acb-927b-8ff40f434c92 timed out. Re-enqueueing.
[Midd4VCServer] Assigning job 5685ed37-c9c1-4acb-927b-8ff40f434c92 to vehicle veh38
[Midd4VCServer] Assigning job 5c03fba8-0802-4336-9e07-2a5e1685415f to vehicle veh34
[Midd4VCServer] Assigning job 3e93dc03-b682-4286-86e9-202a311c7d2a to vehicle veh29
[Midd4VCServer] Assigning job d5eedab9-e6a9-4117-8ab5-0333089b72ab to vehicle veh5
[Midd4VCServer] Assigning job 0df87b63-6a5b-49c1-b465-be7eab753084 to vehicle veh22
[Midd4VCServer] job 5685ed37-c9c1-4acb-927b-8ff40f434c92 completed by vehicle veh38
[Midd4VCServer] job 3e93dc03-b682-4286-86e9-202a311c7d2a completed by vehicle veh29
[Midd4VCServer] job 5c03fba8-0802-4336-9e07-2a5e1685415f completed by vehicle veh34
[Midd4VCServer] job received: 1aa8e70c-6dab-4d65-8b75-c1cd6293deb0
[Midd4VCServer] Assigning job 1aa8e70c-6dab-4d65-8b75-c1cd6293deb0 to vehicle veh38
[Midd4VCServer] job 1aa8e70c-6dab-4d65-8b75-c1cd6293deb0 completed by vehicle veh38
[Midd4VCServer] Vehicle veh12 already registered.
[Midd4VCServer] Vehicle veh35 already registered.
[Midd4VCServer] Vehicle veh34 already registered.
[Midd4VCServer] job received: 5812c5ff-24d1-4316-859a-30c919f7d76e
[Midd4VCServer] Assigning job 5812c5ff-24d1-4316-859a-30c919f7d76e to vehicle veh38
[Midd4VCServer] job 5812c5ff-24d1-4316-859a-30c919f7d76e completed by vehicle veh38
[Midd4VCServer] job received: 3ce51959-391e-4caf-8809-fd5fbfe96106
[Midd4VCServer] Assigning job 3ce51959-391e-4caf-8809-fd5fbfe96106 to vehicle veh34
[Midd4VCServer] job 3ce51959-391e-4caf-8809-fd5fbfe96106 completed by vehicle veh34
[Midd4VCServer] Vehicle veh33 already registered.
[Midd4VCServer] job received: 24528180-d4d5-4731-b048-96b6177a2e8e
[Midd4VC] Job 617331f5-4f7e-4f13-8222-68d86d4035ca timed out. Re-enqueueing.
[Midd4VC] Job e60f0d33-bd4f-45b4-87cf-b3d2daae6ec6 timed out. Re-enqueueing.
[Midd4VC] Job 7860b53c-f418-4565-90e3-5b6d2cf92b47 timed out. Re-enqueueing.
[Midd4VCServer] Assigning job 7860b53c-f418-4565-90e3-5b6d2cf92b47 to vehicle veh30
[Midd4VCServer] Assigning job e60f0d33-bd4f-45b4-87cf-b3d2daae6ec6 to vehicle veh40
[Midd4VCServer] Assigning job 617331f5-4f7e-4f13-8222-68d86d4035ca to vehicle veh31
[Midd4VCServer] Assigning job 24528180-d4d5-4731-b048-96b6177a2e8e to vehicle veh38
[Midd4VCServer] job 24528180-d4d5-4731-b048-96b6177a2e8e completed by vehicle veh38
[Midd4VCServer] job received: 5fa9aaae-f46f-4df2-b63a-a60b37173239
[Midd4VCServer] Assigning job 5fa9aaae-f46f-4df2-b63a-a60b37173239 to vehicle veh29
[Midd4VCServer] job 5fa9aaae-f46f-4df2-b63a-a60b37173239 completed by vehicle veh29
[Midd4VCServer] job received: bbcf5e19-dd0c-46af-8266-d8ef55873e04
[Midd4VCServer] Assigning job bbcf5e19-dd0c-46af-8266-d8ef55873e04 to vehicle veh34
[Midd4VCServer] job bbcf5e19-dd0c-46af-8266-d8ef55873e04 completed by vehicle veh34
[Midd4VCServer] job received: 3e6ba11f-bbcb-4e0c-ab92-3e5a2c1c93af
[Midd4VCServer] Assigning job 3e6ba11f-bbcb-4e0c-ab92-3e5a2c1c93af to vehicle veh38
[Midd4VCServer] Vehicle veh7 already registered.
[Midd4VCServer] job received: 991b0a41-f716-4854-9191-95e3e7e29dd8
[Midd4VCServer] Assigning job 991b0a41-f716-4854-9191-95e3e7e29dd8 to vehicle veh24
[Midd4VCServer] job received: 726eb904-2333-47d2-91fc-cc75ffa2f88a
[Midd4VCServer] Assigning job 726eb904-2333-47d2-91fc-cc75ffa2f88a to vehicle veh36
[Midd4VCServer] Vehicle veh38 already registered.
[Midd4VCServer] job received: d50c0d2a-71ba-4db6-b142-5184eedf7d05
[Midd4VCServer] Assigning job d50c0d2a-71ba-4db6-b142-5184eedf7d05 to vehicle veh29
[Midd4VCServer] job d50c0d2a-71ba-4db6-b142-5184eedf7d05 completed by vehicle veh29
[Midd4VCServer] job received: 2cdf1258-1029-40d2-bb9a-2855febca516
[Midd4VCServer] Assigning job 2cdf1258-1029-40d2-bb9a-2855febca516 to vehicle veh37
[Midd4VCServer] job 2cdf1258-1029-40d2-bb9a-2855febca516 completed by vehicle veh37
[Midd4VCServer] job received: 68a189bd-49c4-42aa-9b59-f30f18acdfbf
[Midd4VCServer] Assigning job 68a189bd-49c4-42aa-9b59-f30f18acdfbf to vehicle veh20
[Midd4VCServer] job 68a189bd-49c4-42aa-9b59-f30f18acdfbf completed by vehicle veh20
[Midd4VCServer] Vehicle veh31 already registered.
[Midd4VCServer] Vehicle veh16 already registered.
[Midd4VCServer] Vehicle veh1 already registered.
[Midd4VCServer] Vehicle veh20 already registered.
[Midd4VCServer] Vehicle veh40 already registered.
[Midd4VCServer] Vehicle veh25 already registered.
[Midd4VCServer] Vehicle veh22 already registered.
[Midd4VCServer] job received: 26ee096f-5bc0-4aab-b095-38192c43f9a9
[Midd4VC] Job 8aaa322e-f809-4891-b00b-f9925d3a4517 timed out. Re-enqueueing.
[Midd4VCServer] Assigning job 8aaa322e-f809-4891-b00b-f9925d3a4517 to vehicle veh13
[Midd4VCServer] Assigning job 26ee096f-5bc0-4aab-b095-38192c43f9a9 to vehicle veh34
[Midd4VCServer] job 8aaa322e-f809-4891-b00b-f9925d3a4517 completed by vehicle veh13
[Midd4VCServer] Vehicle veh39 already registered.
[Midd4VCServer] Vehicle veh28 already registered.
[Midd4VCServer] Vehicle veh15 already registered.
[Midd4VCServer] job received: d854bf5c-31fb-4412-b4bf-d055b239cbf6
[Midd4VC] Job 7797c5da-863d-44a2-bf17-a4c7f9e17db6 timed out. Re-enqueueing.
[Midd4VCServer] Assigning job 7797c5da-863d-44a2-bf17-a4c7f9e17db6 to vehicle veh13
[Midd4VCServer] Assigning job d854bf5c-31fb-4412-b4bf-d055b239cbf6 to vehicle veh35
[Midd4VCServer] job 7797c5da-863d-44a2-bf17-a4c7f9e17db6 completed by vehicle veh13
[Midd4VCServer] job d854bf5c-31fb-4412-b4bf-d055b239cbf6 completed by vehicle veh35
[Midd4VCServer] Vehicle veh35 already registered.
[Midd4VCServer] job received: 1686a4c2-4a5e-428e-9c06-7b27bb67545a
[Midd4VCServer] Assigning job 1686a4c2-4a5e-428e-9c06-7b27bb67545a to vehicle veh13
[Midd4VCServer] job 1686a4c2-4a5e-428e-9c06-7b27bb67545a completed by vehicle veh13
[Midd4VCServer] job received: a95f9a24-5476-4473-8ead-8817ac6a97fe
[Midd4VCServer] Assigning job a95f9a24-5476-4473-8ead-8817ac6a97fe to vehicle veh13
[Midd4VCServer] job a95f9a24-5476-4473-8ead-8817ac6a97fe completed by vehicle veh13
[Midd4VCServer] Vehicle veh36 already registered.
[Midd4VCServer] job received: 7ba45d3c-f3f6-466f-91ec-514b29180696
[Midd4VCServer] Assigning job 7ba45d3c-f3f6-466f-91ec-514b29180696 to vehicle veh13
[Midd4VCServer] job 7ba45d3c-f3f6-466f-91ec-514b29180696 completed by vehicle veh13
[Midd4VCServer] job received: 5c260979-cf08-482f-9025-7036cf74935a
[Midd4VCServer] Assigning job 5c260979-cf08-482f-9025-7036cf74935a to vehicle veh35
[Midd4VCServer] job 5c260979-cf08-482f-9025-7036cf74935a completed by vehicle veh35
[Midd4VCServer] job received: a9897986-7fb6-4ce2-95bc-aaa273ed8c02
[Midd4VC] Job 6ef36abe-b82c-4b0c-bba6-4beece1e412b timed out. Re-enqueueing.
[Midd4VC] Job 0142303e-0e3f-49c0-8e7b-218084703f10 timed out. Re-enqueueing.
[Midd4VC] Job 8eb5406c-2080-4c13-b394-cf8462f99c0a timed out. Re-enqueueing.
[Midd4VCServer] Assigning job 8eb5406c-2080-4c13-b394-cf8462f99c0a to vehicle veh9
[Midd4VCServer] Assigning job 0142303e-0e3f-49c0-8e7b-218084703f10 to vehicle veh23
[Midd4VCServer] Assigning job 6ef36abe-b82c-4b0c-bba6-4beece1e412b to vehicle veh7
[Midd4VCServer] Assigning job a9897986-7fb6-4ce2-95bc-aaa273ed8c02 to vehicle veh13
[Midd4VCServer] job a9897986-7fb6-4ce2-95bc-aaa273ed8c02 completed by vehicle veh13
[Midd4VCServer] job received: b6863e1d-c761-4e76-b11d-c614891afb2a
[Midd4VCServer] Assigning job b6863e1d-c761-4e76-b11d-c614891afb2a to vehicle veh17
[Midd4VCServer] Vehicle veh30 already registered.
[Midd4VCServer] Vehicle veh18 already registered.
[Midd4VCServer] job received: 77adbd6a-902d-4826-9121-f11cf968064a
[Midd4VC] Job 0ea67af5-27a5-4847-baf9-8978bc239631 timed out. Re-enqueueing.
[Midd4VC] Job 5fb0ba10-86a7-4681-8059-0db4ad7c41ae timed out. Re-enqueueing.
[Midd4VC] Job 9f3e2587-0aad-479c-8b42-b9c63ff58af3 timed out. Re-enqueueing.
[Midd4VCServer] Assigning job 9f3e2587-0aad-479c-8b42-b9c63ff58af3 to vehicle veh33
[Midd4VCServer] Assigning job 5fb0ba10-86a7-4681-8059-0db4ad7c41ae to vehicle veh3
[Midd4VCServer] Assigning job 0ea67af5-27a5-4847-baf9-8978bc239631 to vehicle veh16
[Midd4VCServer] Assigning job 77adbd6a-902d-4826-9121-f11cf968064a to vehicle veh8
[Midd4VCServer] job 9f3e2587-0aad-479c-8b42-b9c63ff58af3 completed by vehicle veh33
[Midd4VCServer] job 0ea67af5-27a5-4847-baf9-8978bc239631 completed by vehicle veh16
[Midd4VCServer] job 5fb0ba10-86a7-4681-8059-0db4ad7c41ae completed by vehicle veh3
[Midd4VCServer] Vehicle veh4 already registered.
[Midd4VCServer] job received: 577ab52d-c8ee-41d7-aee0-de70c143c81d
[Midd4VC] Job 2bdb9dfb-049f-4cc1-83cf-2d25c2dcdada timed out. Re-enqueueing.
[Midd4VC] Job cbf32dd9-55ce-4d56-aca6-97c2707b9873 timed out. Re-enqueueing.
[Midd4VC] Job ca3aeb35-d74d-433f-b394-b6f7ae43d40a timed out. Re-enqueueing.
[Midd4VC] Job 4fe94fa5-cd8d-448f-a8a5-533d54b2865c timed out. Re-enqueueing.
[Midd4VCServer] Assigning job 4fe94fa5-cd8d-448f-a8a5-533d54b2865c to vehicle veh26
[Midd4VCServer] Assigning job ca3aeb35-d74d-433f-b394-b6f7ae43d40a to vehicle veh14
[Midd4VCServer] Assigning job cbf32dd9-55ce-4d56-aca6-97c2707b9873 to vehicle veh33
[Midd4VCServer] Assigning job 2bdb9dfb-049f-4cc1-83cf-2d25c2dcdada to vehicle veh6
[Midd4VCServer] Assigning job 577ab52d-c8ee-41d7-aee0-de70c143c81d to vehicle veh27
[Midd4VCServer] job cbf32dd9-55ce-4d56-aca6-97c2707b9873 completed by vehicle veh33
[Midd4VCServer] job 577ab52d-c8ee-41d7-aee0-de70c143c81d completed by vehicle veh27
[Midd4VCServer] job 2bdb9dfb-049f-4cc1-83cf-2d25c2dcdada completed by vehicle veh6
[Midd4VCServer] Vehicle veh6 already registered.
[Midd4VCServer] job received: c8821b41-2743-46bb-bdae-aa334f8c51b8
[Midd4VCServer] Assigning job c8821b41-2743-46bb-bdae-aa334f8c51b8 to vehicle veh33
[Midd4VCServer] job c8821b41-2743-46bb-bdae-aa334f8c51b8 completed by vehicle veh33
[Midd4VCServer] Vehicle veh21 already registered.
[Midd4VCServer] job received: 15e46bc8-5881-4c02-8cfa-07265f30c042
[Midd4VCServer] Assigning job 15e46bc8-5881-4c02-8cfa-07265f30c042 to vehicle veh6
[Midd4VCServer] job 15e46bc8-5881-4c02-8cfa-07265f30c042 completed by vehicle veh6
[Midd4VCServer] Vehicle veh8 already registered.
[Midd4VCServer] job received: 49677130-6db8-4fa2-8e1a-7ab8973b272f
[Midd4VC] Job 2cbfa803-23d9-4dea-b7f8-2f865ddc5588 timed out. Re-enqueueing.
[Midd4VC] Job 046d3537-3135-4a99-83f4-21037e7c1fd6 timed out. Re-enqueueing.
[Midd4VCServer] Assigning job 046d3537-3135-4a99-83f4-21037e7c1fd6 to vehicle veh19
[Midd4VCServer] Assigning job 2cbfa803-23d9-4dea-b7f8-2f865ddc5588 to vehicle veh21
[Midd4VCServer] Assigning job 49677130-6db8-4fa2-8e1a-7ab8973b272f to vehicle veh33
[Midd4VCServer] job 2cbfa803-23d9-4dea-b7f8-2f865ddc5588 completed by vehicle veh21
[Midd4VCServer] job 046d3537-3135-4a99-83f4-21037e7c1fd6 completed by vehicle veh19
[Midd4VCServer] job received: e3d55c1b-8d71-43e9-acc2-038dca274977
[Midd4VCServer] Assigning job e3d55c1b-8d71-43e9-acc2-038dca274977 to vehicle veh19
[Midd4VCServer] job e3d55c1b-8d71-43e9-acc2-038dca274977 completed by vehicle veh19
[Midd4VCServer] job received: 8410c4cb-6d16-40df-876b-98cfe4959994
[Midd4VCServer] Assigning job 8410c4cb-6d16-40df-876b-98cfe4959994 to vehicle veh21
[Midd4VCServer] job 8410c4cb-6d16-40df-876b-98cfe4959994 completed by vehicle veh21
[Midd4VCServer] job received: d689a36c-720d-4229-9ca2-ea7b43a76e06
[Midd4VCServer] Assigning job d689a36c-720d-4229-9ca2-ea7b43a76e06 to vehicle veh19
[Midd4VCServer] job d689a36c-720d-4229-9ca2-ea7b43a76e06 completed by vehicle veh19
[Midd4VCServer] Vehicle veh7 already registered.
[Midd4VCServer] Vehicle veh28 already registered.
[Midd4VCServer] job received: 17faf0e2-b2e5-4348-831a-6d1951bcc1e6
[Midd4VC] Job fc293f74-0977-4cca-8e1d-d25cfbfe900c timed out. Re-enqueueing.
[Midd4VCServer] Assigning job fc293f74-0977-4cca-8e1d-d25cfbfe900c to vehicle veh21
[Midd4VCServer] Assigning job 17faf0e2-b2e5-4348-831a-6d1951bcc1e6 to vehicle veh19
[Midd4VCServer] job fc293f74-0977-4cca-8e1d-d25cfbfe900c completed by vehicle veh21
[Midd4VCServer] job 17faf0e2-b2e5-4348-831a-6d1951bcc1e6 completed by vehicle veh19
[Midd4VCServer] Vehicle veh25 already registered.
[Midd4VCServer] job received: 9f75b6f0-4887-4e6e-90b5-d4878c15510e
[Midd4VC] Job df58ada1-cb62-4fd0-a0c4-893b7fe1db89 timed out. Re-enqueueing.
[Midd4VCServer] Assigning job df58ada1-cb62-4fd0-a0c4-893b7fe1db89 to vehicle veh15
[Midd4VCServer] Assigning job 9f75b6f0-4887-4e6e-90b5-d4878c15510e to vehicle veh6
[Midd4VCServer] job 9f75b6f0-4887-4e6e-90b5-d4878c15510e completed by vehicle veh6
[Midd4VCServer] job received: f7ae0174-f936-49f7-b851-44058cd54d2d
[Midd4VC] Job f88d2c59-1687-4960-9b47-4a5d192a166a timed out. Re-enqueueing.
[Midd4VC] Job 21cf3dd2-6fb4-42b2-aeed-7ff5691c4d82 timed out. Re-enqueueing.
[Midd4VCServer] Assigning job 21cf3dd2-6fb4-42b2-aeed-7ff5691c4d82 to vehicle veh1
[Midd4VCServer] Assigning job f88d2c59-1687-4960-9b47-4a5d192a166a to vehicle veh21
[Midd4VCServer] Assigning job f7ae0174-f936-49f7-b851-44058cd54d2d to vehicle veh19
[Midd4VCServer] job f7ae0174-f936-49f7-b851-44058cd54d2d completed by vehicle veh19
[Midd4VCServer] Vehicle veh38 already registered.
[Midd4VCServer] Vehicle veh5 already registered.
[Midd4VCServer] job received: 76a92d6e-3ea4-45df-bab0-790ac6f1c7c4
[Midd4VCServer] Assigning job 76a92d6e-3ea4-45df-bab0-790ac6f1c7c4 to vehicle veh4
[Midd4VCServer] Vehicle veh8 already registered.
[Midd4VCServer] job received: 7754692d-7e62-4346-ab7e-cb7cc7330e93
[Midd4VCServer] Assigning job 7754692d-7e62-4346-ab7e-cb7cc7330e93 to vehicle veh25
[Midd4VCServer] job 7754692d-7e62-4346-ab7e-cb7cc7330e93 completed by vehicle veh25
[Midd4VCServer] Vehicle veh35 already registered.
[Midd4VCServer] Vehicle veh22 already registered.
[Midd4VCServer] job received: 4e0c565e-0fdc-4297-8257-0402ae8e0dac
[Midd4VCServer] Assigning job 4e0c565e-0fdc-4297-8257-0402ae8e0dac to vehicle veh6
[Midd4VCServer] job 4e0c565e-0fdc-4297-8257-0402ae8e0dac completed by vehicle veh6
[Midd4VCServer] Vehicle veh7 already registered.
[Midd4VCServer] Vehicle veh26 already registered.
[Midd4VCServer] Vehicle veh13 already registered.
[Midd4VCServer] job received: d7cf096a-ad1a-4e45-bb59-05ac18e37310
[Midd4VC] Job 8b557e83-8cbb-4be4-bd8b-976e5e47a53b timed out. Re-enqueueing.
[Midd4VC] Job ad492b88-0d3a-475d-9e62-f0ebe07b6d38 timed out. Re-enqueueing.
[Midd4VC] Job a46c1e67-77e6-4978-945f-a1af9edf3f2f timed out. Re-enqueueing.
[Midd4VC] Job 7bffb48f-49e1-44c9-8e96-96e176f461dd timed out. Re-enqueueing.
[Midd4VC] Job 7f822db7-90cc-4050-9e88-8b3aac99f95a timed out. Re-enqueueing.
[Midd4VCServer] Assigning job 7f822db7-90cc-4050-9e88-8b3aac99f95a to vehicle veh18
[Midd4VCServer] Assigning job 7bffb48f-49e1-44c9-8e96-96e176f461dd to vehicle veh39
[Midd4VCServer] Assigning job a46c1e67-77e6-4978-945f-a1af9edf3f2f to vehicle veh2
[Midd4VCServer] Assigning job ad492b88-0d3a-475d-9e62-f0ebe07b6d38 to vehicle veh28
[Midd4VCServer] Assigning job 8b557e83-8cbb-4be4-bd8b-976e5e47a53b to vehicle veh12
[Midd4VCServer] Assigning job d7cf096a-ad1a-4e45-bb59-05ac18e37310 to vehicle veh3
[Midd4VCServer] job 7f822db7-90cc-4050-9e88-8b3aac99f95a completed by vehicle veh18
[Midd4VCServer] job ad492b88-0d3a-475d-9e62-f0ebe07b6d38 completed by vehicle veh28
[Midd4VCServer] job d7cf096a-ad1a-4e45-bb59-05ac18e37310 completed by vehicle veh3
[Midd4VCServer] job received: 8b47ef70-8481-4096-8a14-559cc928363e
[Midd4VCServer] Assigning job 8b47ef70-8481-4096-8a14-559cc928363e to vehicle veh18
[Midd4VCServer] job 8b47ef70-8481-4096-8a14-559cc928363e completed by vehicle veh18
[Midd4VCServer] Vehicle veh40 already registered.
[Midd4VCServer] job received: 2a0df7d9-fedb-4a7b-89d0-d6005d9814a8
[Midd4VCServer] Assigning job 2a0df7d9-fedb-4a7b-89d0-d6005d9814a8 to vehicle veh18
[Midd4VCServer] job 2a0df7d9-fedb-4a7b-89d0-d6005d9814a8 completed by vehicle veh18
[Midd4VCServer] Vehicle veh14 already registered.
[Midd4VCServer] job received: cd5684cc-0601-44a2-9f03-e73060c820f8
[Midd4VC] Job 4c38181c-69c8-406b-924b-13e5916d0e4d timed out. Re-enqueueing.
[Midd4VCServer] Assigning job 4c38181c-69c8-406b-924b-13e5916d0e4d to vehicle veh11
[Midd4VCServer] Assigning job cd5684cc-0601-44a2-9f03-e73060c820f8 to vehicle veh18
[Midd4VCServer] job cd5684cc-0601-44a2-9f03-e73060c820f8 completed by vehicle veh18
[Midd4VCServer] Vehicle veh8 already registered.
[Midd4VCServer] job received: f3c78301-ff87-48e1-a07f-3bc70c6050db
[Midd4VCServer] Assigning job f3c78301-ff87-48e1-a07f-3bc70c6050db to vehicle veh16
[Midd4VCServer] Vehicle veh2 already registered.
[Midd4VCServer] Vehicle veh20 already registered.
[Midd4VCServer] job received: fb708ceb-7183-4202-9c7d-f014ca5ef90e
[Midd4VC] Job 914abc8d-64a9-4c12-9ded-0d19857ea3b0 timed out. Re-enqueueing.
[Midd4VCServer] Assigning job 914abc8d-64a9-4c12-9ded-0d19857ea3b0 to vehicle veh10
[Midd4VCServer] Assigning job fb708ceb-7183-4202-9c7d-f014ca5ef90e to vehicle veh19
[Midd4VCServer] Vehicle veh16 already registered.
[Midd4VCServer] Vehicle veh23 already registered.
[Midd4VCServer] Vehicle veh37 already registered.
[Midd4VCServer] Vehicle veh8 already registered.
[Midd4VCServer] job received: ff778165-db30-46c1-92d7-cbce63808639
[Midd4VC] Job d5eedab9-e6a9-4117-8ab5-0333089b72ab timed out. Re-enqueueing.
[Midd4VC] Job 0df87b63-6a5b-49c1-b465-be7eab753084 timed out. Re-enqueueing.
[Midd4VCServer] Assigning job 0df87b63-6a5b-49c1-b465-be7eab753084 to vehicle veh5
[Midd4VCServer] Assigning job d5eedab9-e6a9-4117-8ab5-0333089b72ab to vehicle veh22
[Midd4VCServer] Assigning job ff778165-db30-46c1-92d7-cbce63808639 to vehicle veh27
[Midd4VCServer] Vehicle veh32 already registered.
[Midd4VCServer] Vehicle veh24 already registered.
[Midd4VCServer] job received: 4b715e3f-7f94-41cc-bbab-6edb7ac464a5
[Midd4VCServer] Assigning job 4b715e3f-7f94-41cc-bbab-6edb7ac464a5 to vehicle veh25
[Midd4VCServer] job 4b715e3f-7f94-41cc-bbab-6edb7ac464a5 completed by vehicle veh25
[Midd4VCServer] Vehicle veh12 already registered.
[Midd4VCServer] Vehicle veh25 already registered.
[Midd4VCServer] job received: b4bc464f-70e1-410f-a8b5-63398caa6b75
[Midd4VC] Job 7860b53c-f418-4565-90e3-5b6d2cf92b47 timed out. Re-enqueueing.
[Midd4VC] Job e60f0d33-bd4f-45b4-87cf-b3d2daae6ec6 timed out. Re-enqueueing.
[Midd4VC] Job 617331f5-4f7e-4f13-8222-68d86d4035ca timed out. Re-enqueueing.
[Midd4VCServer] Assigning job 617331f5-4f7e-4f13-8222-68d86d4035ca to vehicle veh30
[Midd4VCServer] Assigning job e60f0d33-bd4f-45b4-87cf-b3d2daae6ec6 to vehicle veh40
[Midd4VCServer] Assigning job 7860b53c-f418-4565-90e3-5b6d2cf92b47 to vehicle veh31
[Midd4VCServer] Assigning job b4bc464f-70e1-410f-a8b5-63398caa6b75 to vehicle veh32
[Midd4VCServer] job b4bc464f-70e1-410f-a8b5-63398caa6b75 completed by vehicle veh32
[Midd4VCServer] job 7860b53c-f418-4565-90e3-5b6d2cf92b47 completed by vehicle veh31
[Midd4VCServer] Vehicle veh4 already registered.
[Midd4VCServer] Vehicle veh27 already registered.
[Midd4VCServer] Vehicle veh5 already registered.
[Midd4VCServer] job received: b574d730-b56b-45d3-961f-75750985d00f
[Midd4VC] Job 3e6ba11f-bbcb-4e0c-ab92-3e5a2c1c93af timed out. Re-enqueueing.
[Midd4VCServer] Assigning job 3e6ba11f-bbcb-4e0c-ab92-3e5a2c1c93af to vehicle veh31
[Midd4VCServer] Assigning job b574d730-b56b-45d3-961f-75750985d00f to vehicle veh38
[Midd4VCServer] job received: 07318edc-d422-4a31-b86e-478c52888c7c
[Midd4VCServer] Assigning job 07318edc-d422-4a31-b86e-478c52888c7c to vehicle veh6
[Midd4VCServer] job 07318edc-d422-4a31-b86e-478c52888c7c completed by vehicle veh6
[Midd4VCServer] job 3e6ba11f-bbcb-4e0c-ab92-3e5a2c1c93af completed by vehicle veh31
[Midd4VCServer] Vehicle veh36 already registered.
[Midd4VCServer] job received: 8c1967d7-8386-4365-8dca-6196a41a0940
[Midd4VCServer] Assigning job 8c1967d7-8386-4365-8dca-6196a41a0940 to vehicle veh31
[Midd4VCServer] job received: 6ec7023a-54f9-4c9c-b052-7209fbead168
[Midd4VC] Job 991b0a41-f716-4854-9191-95e3e7e29dd8 timed out. Re-enqueueing.
[Midd4VC] Job 726eb904-2333-47d2-91fc-cc75ffa2f88a timed out. Re-enqueueing.
[Midd4VCServer] Assigning job 726eb904-2333-47d2-91fc-cc75ffa2f88a to vehicle veh24
[Midd4VCServer] Assigning job 991b0a41-f716-4854-9191-95e3e7e29dd8 to vehicle veh36
[Midd4VCServer] Assigning job 6ec7023a-54f9-4c9c-b052-7209fbead168 to vehicle veh35
[Midd4VCServer] job 991b0a41-f716-4854-9191-95e3e7e29dd8 completed by vehicle veh36
[Midd4VCServer] job 726eb904-2333-47d2-91fc-cc75ffa2f88a completed by vehicle veh24
[Midd4VCServer] job 6ec7023a-54f9-4c9c-b052-7209fbead168 completed by vehicle veh35
[Midd4VCServer] job received: e83f584f-48c1-49fb-a65d-2925540a3653
[Midd4VCServer] Assigning job e83f584f-48c1-49fb-a65d-2925540a3653 to vehicle veh28
[Midd4VCServer] job e83f584f-48c1-49fb-a65d-2925540a3653 completed by vehicle veh28
[Midd4VCServer] Vehicle veh1 already registered.
[Midd4VCServer] job received: 632802d1-d6b2-468a-b3a1-0ca86853263e
[Midd4VCServer] Assigning job 632802d1-d6b2-468a-b3a1-0ca86853263e to vehicle veh13
[Midd4VCServer] job 632802d1-d6b2-468a-b3a1-0ca86853263e completed by vehicle veh13
[Midd4VCServer] Vehicle veh38 already registered.
[Midd4VCServer] job received: 1f0cd152-b20e-48af-ab45-de20bdb36746
[Midd4VCServer] Assigning job 1f0cd152-b20e-48af-ab45-de20bdb36746 to vehicle veh18
[Midd4VCServer] job received: 35417768-e9c3-4750-a776-93a349c00001
[Midd4VCServer] Assigning job 35417768-e9c3-4750-a776-93a349c00001 to vehicle veh3
[Midd4VCServer] Vehicle veh14 already registered.
[Midd4VCServer] job received: 4c7b80ff-df1c-456c-a189-db8087a77345
[Midd4VCServer] Assigning job 4c7b80ff-df1c-456c-a189-db8087a77345 to vehicle veh24
[Midd4VCServer] job 4c7b80ff-df1c-456c-a189-db8087a77345 completed by vehicle veh24
[Midd4VCServer] Vehicle veh10 already registered.
[Midd4VCServer] Vehicle veh21 already registered.
[Midd4VCServer] Vehicle veh27 already registered.
[Midd4VCServer] Vehicle veh3 already registered.
[Midd4VCServer] Vehicle veh30 already registered.
[Midd4VCServer] Vehicle veh5 already registered.
[Midd4VCServer] Vehicle veh20 already registered.
[Midd4VCServer] job received: a22ffe95-d34e-4cf8-8855-f17a7ebd3b71
[Midd4VC] Job 26ee096f-5bc0-4aab-b095-38192c43f9a9 timed out. Re-enqueueing.
[Midd4VCServer] Assigning job 26ee096f-5bc0-4aab-b095-38192c43f9a9 to vehicle veh34
[Midd4VCServer] Assigning job a22ffe95-d34e-4cf8-8855-f17a7ebd3b71 to vehicle veh36
[Midd4VCServer] Vehicle veh22 already registered.
[Midd4VCServer] job received: cdab2cf7-f96e-4685-ad4c-0047c47d8510
[Midd4VCServer] Assigning job cdab2cf7-f96e-4685-ad4c-0047c47d8510 to vehicle veh29
[Midd4VCServer] job received: f2358526-7271-4d7e-b644-eeb6b2081e3e
[Midd4VCServer] Assigning job f2358526-7271-4d7e-b644-eeb6b2081e3e to vehicle veh37
[Midd4VCServer] job received: 7595a505-a3ae-4b8e-920a-754fa6b9bd97
[Midd4VCServer] Assigning job 7595a505-a3ae-4b8e-920a-754fa6b9bd97 to vehicle veh20
[Midd4VCServer] job 7595a505-a3ae-4b8e-920a-754fa6b9bd97 completed by vehicle veh20
[Midd4VCServer] job received: dc33f4d9-4a0c-415a-aa17-82a3c2a88c07
[Midd4VCServer] Assigning job dc33f4d9-4a0c-415a-aa17-82a3c2a88c07 to vehicle veh25
[Midd4VCServer] job received: 0e8055bd-5bf0-4d1d-837a-5e272a3b3f46
[Midd4VC] Job 8eb5406c-2080-4c13-b394-cf8462f99c0a timed out. Re-enqueueing.
[Midd4VC] Job 0142303e-0e3f-49c0-8e7b-218084703f10 timed out. Re-enqueueing.
[Midd4VC] Job 6ef36abe-b82c-4b0c-bba6-4beece1e412b timed out. Re-enqueueing.
[Midd4VC] Job b6863e1d-c761-4e76-b11d-c614891afb2a timed out. Re-enqueueing.
[Midd4VCServer] Assigning job b6863e1d-c761-4e76-b11d-c614891afb2a to vehicle veh9
[Midd4VCServer] Assigning job 6ef36abe-b82c-4b0c-bba6-4beece1e412b to vehicle veh23
[Midd4VCServer] Assigning job 0142303e-0e3f-49c0-8e7b-218084703f10 to vehicle veh7
[Midd4VCServer] Assigning job 8eb5406c-2080-4c13-b394-cf8462f99c0a to vehicle veh17
[Midd4VCServer] Assigning job 0e8055bd-5bf0-4d1d-837a-5e272a3b3f46 to vehicle veh32
[Midd4VCServer] job 8eb5406c-2080-4c13-b394-cf8462f99c0a completed by vehicle veh17
[Midd4VCServer] job 6ef36abe-b82c-4b0c-bba6-4beece1e412b completed by vehicle veh23
[Midd4VCServer] Vehicle veh17 already registered.
[Midd4VCServer] job received: deabc67f-6e8e-4424-9696-3736d5afb5c8
[Midd4VCServer] Assigning job deabc67f-6e8e-4424-9696-3736d5afb5c8 to vehicle veh23
[Midd4VCServer] job deabc67f-6e8e-4424-9696-3736d5afb5c8 completed by vehicle veh23
[Midd4VCServer] job received: f0067c6d-90f5-4a46-863e-2ffe5a33616a
[Midd4VCServer] Assigning job f0067c6d-90f5-4a46-863e-2ffe5a33616a to vehicle veh23
[Midd4VCServer] job f0067c6d-90f5-4a46-863e-2ffe5a33616a completed by vehicle veh23
[Midd4VCServer] Vehicle veh11 already registered.
[Midd4VCServer] job received: 699f3039-f27c-44c9-a091-121439b4ed52
[Midd4VCServer] Assigning job 699f3039-f27c-44c9-a091-121439b4ed52 to vehicle veh23
[Midd4VCServer] job 699f3039-f27c-44c9-a091-121439b4ed52 completed by vehicle veh23
[Midd4VCServer] job received: b2a71697-e981-4f1e-9abd-71307193a4c3
[Midd4VCServer] Assigning job b2a71697-e981-4f1e-9abd-71307193a4c3 to vehicle veh23
[Midd4VCServer] job b2a71697-e981-4f1e-9abd-71307193a4c3 completed by vehicle veh23
[Midd4VCServer] Vehicle veh7 already registered.
[Midd4VCServer] Vehicle veh33 already registered.
[Midd4VCServer] Vehicle veh34 already registered.
[Midd4VCServer] Vehicle veh16 already registered.
[Midd4VCServer] Vehicle veh9 already registered.
[Midd4VCServer] Vehicle veh26 already registered.
[Midd4VCServer] Vehicle veh19 already registered.
[Midd4VCServer] job received: 55c51f9c-9957-46fb-b6e9-d3b6df73f1ad
[Midd4VC] Job 77adbd6a-902d-4826-9121-f11cf968064a timed out. Re-enqueueing.
[Midd4VC] Job 4fe94fa5-cd8d-448f-a8a5-533d54b2865c timed out. Re-enqueueing.
[Midd4VC] Job ca3aeb35-d74d-433f-b394-b6f7ae43d40a timed out. Re-enqueueing.
[Midd4VCServer] Assigning job ca3aeb35-d74d-433f-b394-b6f7ae43d40a to vehicle veh26
[Midd4VCServer] Assigning job 4fe94fa5-cd8d-448f-a8a5-533d54b2865c to vehicle veh14
[Midd4VCServer] Assigning job 77adbd6a-902d-4826-9121-f11cf968064a to vehicle veh23
[Midd4VCServer] Assigning job 55c51f9c-9957-46fb-b6e9-d3b6df73f1ad to vehicle veh8
[Midd4VCServer] job ca3aeb35-d74d-433f-b394-b6f7ae43d40a completed by vehicle veh26
[Midd4VCServer] job 77adbd6a-902d-4826-9121-f11cf968064a completed by vehicle veh23
[Midd4VCServer] Vehicle veh38 already registered.
[Midd4VCServer] job received: 641564fd-7f99-456e-acd1-c310ccb32f00
[Midd4VC] Job 49677130-6db8-4fa2-8e1a-7ab8973b272f timed out. Re-enqueueing.
[Midd4VCServer] Assigning job 49677130-6db8-4fa2-8e1a-7ab8973b272f to vehicle veh26
[Midd4VCServer] Assigning job 641564fd-7f99-456e-acd1-c310ccb32f00 to vehicle veh33
[Midd4VCServer] job 641564fd-7f99-456e-acd1-c310ccb32f00 completed by vehicle veh33
[Midd4VCServer] job 49677130-6db8-4fa2-8e1a-7ab8973b272f completed by vehicle veh26
[Midd4VCServer] job received: 0ebb8fa4-beaf-44e1-8d86-fb8005212186
[Midd4VCServer] Assigning job 0ebb8fa4-beaf-44e1-8d86-fb8005212186 to vehicle veh26
[Midd4VCServer] job 0ebb8fa4-beaf-44e1-8d86-fb8005212186 completed by vehicle veh26
[Midd4VCServer] job received: 2b57e6d1-3feb-4ad5-961f-0bf82f7691c6
[Midd4VCServer] Assigning job 2b57e6d1-3feb-4ad5-961f-0bf82f7691c6 to vehicle veh26
[Midd4VCServer] job 2b57e6d1-3feb-4ad5-961f-0bf82f7691c6 completed by vehicle veh26
[Midd4VCServer] job received: 0b5f52e0-b315-47aa-857f-6de31627ec69
[Midd4VCServer] Assigning job 0b5f52e0-b315-47aa-857f-6de31627ec69 to vehicle veh26
[Midd4VCServer] job 0b5f52e0-b315-47aa-857f-6de31627ec69 completed by vehicle veh26
[Midd4VCServer] Vehicle veh25 already registered.
[Midd4VCServer] Vehicle veh29 already registered.
[Midd4VCServer] job received: af867fbc-9851-41f2-afb4-1c57fc8f2a49
[Midd4VCServer] Assigning job af867fbc-9851-41f2-afb4-1c57fc8f2a49 to vehicle veh26
[Midd4VCServer] job af867fbc-9851-41f2-afb4-1c57fc8f2a49 completed by vehicle veh26
[Midd4VCServer] job received: 10f8140b-60f8-4cab-9222-b5d202946afd
[Midd4VCServer] Assigning job 10f8140b-60f8-4cab-9222-b5d202946afd to vehicle veh26
[Midd4VCServer] job 10f8140b-60f8-4cab-9222-b5d202946afd completed by vehicle veh26
[Midd4VCServer] Vehicle veh7 already registered.
[Midd4VCServer] Vehicle veh9 already registered.
[Midd4VCServer] Vehicle veh31 already registered.
[Midd4VCServer] job received: 22befcd4-3d01-4c29-87a6-e0737eedddcf
[Midd4VCServer] Assigning job 22befcd4-3d01-4c29-87a6-e0737eedddcf to vehicle veh26
[Midd4VCServer] job 22befcd4-3d01-4c29-87a6-e0737eedddcf completed by vehicle veh26
[Midd4VCServer] job received: 4af7a4f5-73b6-425f-ac23-5c9416330dda
[Midd4VCServer] Assigning job 4af7a4f5-73b6-425f-ac23-5c9416330dda to vehicle veh26
[Midd4VCServer] job 4af7a4f5-73b6-425f-ac23-5c9416330dda completed by vehicle veh26
[Midd4VCServer] Vehicle veh8 already registered.
[Midd4VCServer] Vehicle veh17 already registered.
[Midd4VCServer] job received: 6f0e5dfd-cd8f-4f93-842f-ca2e88aa509f
[Midd4VC] Job df58ada1-cb62-4fd0-a0c4-893b7fe1db89 timed out. Re-enqueueing.
[Midd4VC] Job 21cf3dd2-6fb4-42b2-aeed-7ff5691c4d82 timed out. Re-enqueueing.
[Midd4VC] Job f88d2c59-1687-4960-9b47-4a5d192a166a timed out. Re-enqueueing.
[Midd4VC] Job 76a92d6e-3ea4-45df-bab0-790ac6f1c7c4 timed out. Re-enqueueing.
[Midd4VCServer] Assigning job 76a92d6e-3ea4-45df-bab0-790ac6f1c7c4 to vehicle veh1
[Midd4VCServer] Assigning job f88d2c59-1687-4960-9b47-4a5d192a166a to vehicle veh15
[Midd4VCServer] Assigning job 21cf3dd2-6fb4-42b2-aeed-7ff5691c4d82 to vehicle veh26
[Midd4VCServer] Assigning job df58ada1-cb62-4fd0-a0c4-893b7fe1db89 to vehicle veh21
[Midd4VCServer] Assigning job 6f0e5dfd-cd8f-4f93-842f-ca2e88aa509f to vehicle veh4
[Midd4VCServer] Vehicle veh30 already registered.
[Midd4VCServer] job received: 79d763ce-b2fa-4d44-a1a5-a3e5d1ed7b1f
[Midd4VCServer] Assigning job 79d763ce-b2fa-4d44-a1a5-a3e5d1ed7b1f to vehicle veh33
[Midd4VCServer] Vehicle veh37 already registered.
[Midd4VCServer] job received: a2fe7fcb-c2bc-43cb-ba7d-06cc8ce3b72b
[Midd4VCServer] Assigning job a2fe7fcb-c2bc-43cb-ba7d-06cc8ce3b72b to vehicle veh23
[Midd4VCServer] job received: 0c0c39c7-138e-456a-a434-2ab012887f62
[Midd4VC] Job 7bffb48f-49e1-44c9-8e96-96e176f461dd timed out. Re-enqueueing.
[Midd4VC] Job a46c1e67-77e6-4978-945f-a1af9edf3f2f timed out. Re-enqueueing.
[Midd4VC] Job 8b557e83-8cbb-4be4-bd8b-976e5e47a53b timed out. Re-enqueueing.
[Midd4VCServer] Assigning job 8b557e83-8cbb-4be4-bd8b-976e5e47a53b to vehicle veh39
[Midd4VCServer] Assigning job a46c1e67-77e6-4978-945f-a1af9edf3f2f to vehicle veh2
[Midd4VCServer] Assigning job 7bffb48f-49e1-44c9-8e96-96e176f461dd to vehicle veh12
[Midd4VCServer] Assigning job 0c0c39c7-138e-456a-a434-2ab012887f62 to vehicle veh17
[Midd4VCServer] job 8b557e83-8cbb-4be4-bd8b-976e5e47a53b completed by vehicle veh39
[Midd4VCServer] job 0c0c39c7-138e-456a-a434-2ab012887f62 completed by vehicle veh17
[Midd4VCServer] Vehicle veh27 already registered.
[Midd4VCServer] Vehicle veh39 already registered.
[Midd4VCServer] job received: 1e21cadd-e390-4a21-8f24-93516e46b9df
[Midd4VC] Job 4c38181c-69c8-406b-924b-13e5916d0e4d timed out. Re-enqueueing.
[Midd4VCServer] Assigning job 4c38181c-69c8-406b-924b-13e5916d0e4d to vehicle veh39
[Midd4VCServer] Assigning job 1e21cadd-e390-4a21-8f24-93516e46b9df to vehicle veh11
[Midd4VCServer] job 4c38181c-69c8-406b-924b-13e5916d0e4d completed by vehicle veh39
[Midd4VCServer] job received: 20b36e22-2c86-4fc5-b715-962e1dd01b5a
[Midd4VCServer] Assigning job 20b36e22-2c86-4fc5-b715-962e1dd01b5a to vehicle veh39
[Midd4VCServer] job 20b36e22-2c86-4fc5-b715-962e1dd01b5a completed by vehicle veh39
[Midd4VCServer] job received: 4ecfcb9a-5164-4c55-b318-67e4c736438a
[Midd4VC] Job f3c78301-ff87-48e1-a07f-3bc70c6050db timed out. Re-enqueueing.
[Midd4VCServer] Assigning job f3c78301-ff87-48e1-a07f-3bc70c6050db to vehicle veh39
[Midd4VCServer] Assigning job 4ecfcb9a-5164-4c55-b318-67e4c736438a to vehicle veh16
[Midd4VCServer] job f3c78301-ff87-48e1-a07f-3bc70c6050db completed by vehicle veh39
[Midd4VCServer] job received: 546b1046-ce36-4a2f-a1bc-a7f127edd929
[Midd4VCServer] Assigning job 546b1046-ce36-4a2f-a1bc-a7f127edd929 to vehicle veh39
[Midd4VCServer] job 546b1046-ce36-4a2f-a1bc-a7f127edd929 completed by vehicle veh39
[Midd4VCServer] Vehicle veh40 already registered.
[Midd4VCServer] job received: bc930050-3817-4f48-a2ff-6b61eb624843
[Midd4VC] Job 914abc8d-64a9-4c12-9ded-0d19857ea3b0 timed out. Re-enqueueing.
[Midd4VC] Job fb708ceb-7183-4202-9c7d-f014ca5ef90e timed out. Re-enqueueing.
[Midd4VCServer] Assigning job fb708ceb-7183-4202-9c7d-f014ca5ef90e to vehicle veh10
[Midd4VCServer] Assigning job 914abc8d-64a9-4c12-9ded-0d19857ea3b0 to vehicle veh19
[Midd4VCServer] Assigning job bc930050-3817-4f48-a2ff-6b61eb624843 to vehicle veh6
[Midd4VCServer] job received: a932a3ab-604b-4e74-96c6-ab5769b0e85c
[Midd4VCServer] Assigning job a932a3ab-604b-4e74-96c6-ab5769b0e85c to vehicle veh35
[Midd4VCServer] Vehicle veh32 already registered.
[Midd4VCServer] Vehicle veh36 already registered.
[Midd4VCServer] Vehicle veh19 already registered.
[Midd4VCServer] Vehicle veh20 already registered.
[Midd4VCServer] job received: 347f4618-b7cc-425d-901d-90d4d46b6d37
[Midd4VC] Job 0df87b63-6a5b-49c1-b465-be7eab753084 timed out. Re-enqueueing.
[Midd4VC] Job d5eedab9-e6a9-4117-8ab5-0333089b72ab timed out. Re-enqueueing.
[Midd4VC] Job ff778165-db30-46c1-92d7-cbce63808639 timed out. Re-enqueueing.
[Midd4VCServer] Assigning job ff778165-db30-46c1-92d7-cbce63808639 to vehicle veh5
[Midd4VCServer] Assigning job d5eedab9-e6a9-4117-8ab5-0333089b72ab to vehicle veh22
[Midd4VCServer] Assigning job 0df87b63-6a5b-49c1-b465-be7eab753084 to vehicle veh27
[Midd4VCServer] Assigning job 347f4618-b7cc-425d-901d-90d4d46b6d37 to vehicle veh28
[Midd4VCServer] job d5eedab9-e6a9-4117-8ab5-0333089b72ab completed by vehicle veh22
[Midd4VCServer] job received: 5fd69a04-576f-46a3-941f-d50b2d9fc43d
[Midd4VCServer] Assigning job 5fd69a04-576f-46a3-941f-d50b2d9fc43d to vehicle veh22
[Midd4VCServer] job 5fd69a04-576f-46a3-941f-d50b2d9fc43d completed by vehicle veh22
[Midd4VCServer] Vehicle veh4 already registered.
[Midd4VCServer] job received: 9d34a348-b78e-4785-93af-56c2ed8f9849
[Midd4VC] Job 617331f5-4f7e-4f13-8222-68d86d4035ca timed out. Re-enqueueing.
[Midd4VC] Job e60f0d33-bd4f-45b4-87cf-b3d2daae6ec6 timed out. Re-enqueueing.
[Midd4VCServer] Assigning job e60f0d33-bd4f-45b4-87cf-b3d2daae6ec6 to vehicle veh30
[Midd4VCServer] Assigning job 617331f5-4f7e-4f13-8222-68d86d4035ca to vehicle veh40
[Midd4VCServer] Assigning job 9d34a348-b78e-4785-93af-56c2ed8f9849 to vehicle veh13
[Midd4VCServer] job e60f0d33-bd4f-45b4-87cf-b3d2daae6ec6 completed by vehicle veh30
[Midd4VCServer] job 617331f5-4f7e-4f13-8222-68d86d4035ca completed by vehicle veh40
[Midd4VCServer] Vehicle veh11 already registered.
[Midd4VCServer] Vehicle veh1 already registered.
[Midd4VCServer] Vehicle veh30 already registered.
[Midd4VCServer] job received: ea902f06-0ead-4f6d-b6ae-fb149eea67a8
[Midd4VC] Job b574d730-b56b-45d3-961f-75750985d00f timed out. Re-enqueueing.
[Midd4VCServer] Assigning job b574d730-b56b-45d3-961f-75750985d00f to vehicle veh30
[Midd4VCServer] Assigning job ea902f06-0ead-4f6d-b6ae-fb149eea67a8 to vehicle veh40
[Midd4VCServer] job b574d730-b56b-45d3-961f-75750985d00f completed by vehicle veh30
[Midd4VCServer] job ea902f06-0ead-4f6d-b6ae-fb149eea67a8 completed by vehicle veh40
[Midd4VCServer] Vehicle veh23 already registered.
[Midd4VCServer] Vehicle veh37 already registered.
[Midd4VCServer] job received: d451c777-43b7-486f-a033-77f091de5e22
[Midd4VC] Job 8c1967d7-8386-4365-8dca-6196a41a0940 timed out. Re-enqueueing.
[Midd4VCServer] Assigning job 8c1967d7-8386-4365-8dca-6196a41a0940 to vehicle veh30
[Midd4VCServer] Assigning job d451c777-43b7-486f-a033-77f091de5e22 to vehicle veh40
[Midd4VCServer] job d451c777-43b7-486f-a033-77f091de5e22 completed by vehicle veh40
[Midd4VCServer] Vehicle veh18 already registered.
[Midd4VCServer] Vehicle veh21 already registered.
[Midd4VCServer] job received: 2a93da8e-d77b-4887-8d40-e6d444ad24db
[Midd4VCServer] Assigning job 2a93da8e-d77b-4887-8d40-e6d444ad24db to vehicle veh40
[Midd4VCServer] job 2a93da8e-d77b-4887-8d40-e6d444ad24db completed by vehicle veh40
[Midd4VCServer] Vehicle veh14 already registered.
[Midd4VCServer] Vehicle veh5 already registered.
[Midd4VCServer] Vehicle veh4 already registered.
[Midd4VCServer] job received: fb9d0e27-ff2d-401d-9b93-72f4b267e950
[Midd4VC] Job 1f0cd152-b20e-48af-ab45-de20bdb36746 timed out. Re-enqueueing.
[Midd4VC] Job 35417768-e9c3-4750-a776-93a349c00001 timed out. Re-enqueueing.
[Midd4VCServer] Assigning job 35417768-e9c3-4750-a776-93a349c00001 to vehicle veh31
[Midd4VCServer] Assigning job 1f0cd152-b20e-48af-ab45-de20bdb36746 to vehicle veh38
[Midd4VCServer] Assigning job fb9d0e27-ff2d-401d-9b93-72f4b267e950 to vehicle veh40
[Midd4VCServer] job fb9d0e27-ff2d-401d-9b93-72f4b267e950 completed by vehicle veh40
[Midd4VCServer] Vehicle veh27 already registered.
[Midd4VCServer] job received: 56eb8b52-f092-4d49-bf3b-8831474787a5
[Midd4VCServer] Assigning job 56eb8b52-f092-4d49-bf3b-8831474787a5 to vehicle veh18
[Midd4VCServer] Vehicle veh15 already registered.
[Midd4VCServer] job received: 447462e8-a2e7-4dd5-b7aa-210d14423bf4
[Midd4VCServer] Assigning job 447462e8-a2e7-4dd5-b7aa-210d14423bf4 to vehicle veh40
[Midd4VCServer] job 447462e8-a2e7-4dd5-b7aa-210d14423bf4 completed by vehicle veh40
[Midd4VCServer] job received: 004b8920-b15f-4b77-9224-a6d931723845
[Midd4VCServer] Assigning job 004b8920-b15f-4b77-9224-a6d931723845 to vehicle veh3
[Midd4VCServer] Vehicle veh21 already registered.
[Midd4VCServer] job received: 44916ff9-10da-44e5-813d-df17014c48aa
[Midd4VCServer] Assigning job 44916ff9-10da-44e5-813d-df17014c48aa to vehicle veh40
[Midd4VCServer] job 44916ff9-10da-44e5-813d-df17014c48aa completed by vehicle veh40
[Midd4VCServer] job received: 35b0b870-7f65-4804-8ee1-c463f4dba914
[Midd4VCServer] Assigning job 35b0b870-7f65-4804-8ee1-c463f4dba914 to vehicle veh39
[Midd4VCServer] job received: 4ff7d78c-903c-4656-a334-8b1d3f385053
[Midd4VC] Job 26ee096f-5bc0-4aab-b095-38192c43f9a9 timed out. Re-enqueueing.
[Midd4VC] Job a22ffe95-d34e-4cf8-8855-f17a7ebd3b71 timed out. Re-enqueueing.
[Midd4VCServer] Assigning job a22ffe95-d34e-4cf8-8855-f17a7ebd3b71 to vehicle veh34
[Midd4VCServer] Assigning job 26ee096f-5bc0-4aab-b095-38192c43f9a9 to vehicle veh36
[Midd4VCServer] Assigning job 4ff7d78c-903c-4656-a334-8b1d3f385053 to vehicle veh22
[Midd4VCServer] Vehicle veh30 already registered.
[Midd4VCServer] job received: 1948b8f4-42eb-4985-9e4f-fbb4b2b3a0f7
[Midd4VC] Job cdab2cf7-f96e-4685-ad4c-0047c47d8510 timed out. Re-enqueueing.
[Midd4VC] Job f2358526-7271-4d7e-b644-eeb6b2081e3e timed out. Re-enqueueing.
[Midd4VCServer] Assigning job f2358526-7271-4d7e-b644-eeb6b2081e3e to vehicle veh29
[Midd4VCServer] Assigning job cdab2cf7-f96e-4685-ad4c-0047c47d8510 to vehicle veh37
[Midd4VCServer] Assigning job 1948b8f4-42eb-4985-9e4f-fbb4b2b3a0f7 to vehicle veh24
[Midd4VCServer] job cdab2cf7-f96e-4685-ad4c-0047c47d8510 completed by vehicle veh37
[Midd4VCServer] job received: bb53bd67-bf35-440e-8e7d-0f5d21a05352
[Midd4VCServer] Assigning job bb53bd67-bf35-440e-8e7d-0f5d21a05352 to vehicle veh37
[Midd4VCServer] job bb53bd67-bf35-440e-8e7d-0f5d21a05352 completed by vehicle veh37
[Midd4VCServer] job received: 9a2f19b4-2eb8-4cb3-9de6-35a99700c6d7
[Midd4VCServer] Assigning job 9a2f19b4-2eb8-4cb3-9de6-35a99700c6d7 to vehicle veh20
[Midd4VCServer] Vehicle veh37 already registered.
[Midd4VCServer] job received: cbc7b272-4d6e-41ae-baf8-5e68eb4308e8
[Midd4VC] Job dc33f4d9-4a0c-415a-aa17-82a3c2a88c07 timed out. Re-enqueueing.
[Midd4VC] Job b6863e1d-c761-4e76-b11d-c614891afb2a timed out. Re-enqueueing.
[Midd4VC] Job 0142303e-0e3f-49c0-8e7b-218084703f10 timed out. Re-enqueueing.
[Midd4VC] Job 0e8055bd-5bf0-4d1d-837a-5e272a3b3f46 timed out. Re-enqueueing.
[Midd4VCServer] Assigning job 0e8055bd-5bf0-4d1d-837a-5e272a3b3f46 to vehicle veh9
[Midd4VCServer] Assigning job 0142303e-0e3f-49c0-8e7b-218084703f10 to vehicle veh7
[Midd4VCServer] Assigning job b6863e1d-c761-4e76-b11d-c614891afb2a to vehicle veh25
[Midd4VCServer] Assigning job dc33f4d9-4a0c-415a-aa17-82a3c2a88c07 to vehicle veh32
[Midd4VCServer] Assigning job cbc7b272-4d6e-41ae-baf8-5e68eb4308e8 to vehicle veh17
[Midd4VCServer] job cbc7b272-4d6e-41ae-baf8-5e68eb4308e8 completed by vehicle veh17
[Midd4VCServer] Vehicle veh39 already registered.
[Midd4VCServer] Vehicle veh1 already registered.
[Midd4VCServer] job received: f7500f04-4af2-40cb-a885-c9f245b4da96
[Midd4VCServer] Assigning job f7500f04-4af2-40cb-a885-c9f245b4da96 to vehicle veh40
[Midd4VCServer] job f7500f04-4af2-40cb-a885-c9f245b4da96 completed by vehicle veh40
[Midd4VCServer] job received: 9a2f6d62-69fd-414d-852c-ede9ac42da5d
[Midd4VCServer] Assigning job 9a2f6d62-69fd-414d-852c-ede9ac42da5d to vehicle veh37
[Midd4VCServer] job 9a2f6d62-69fd-414d-852c-ede9ac42da5d completed by vehicle veh37
[Midd4VCServer] Vehicle veh19 already registered.
[Midd4VCServer] Vehicle veh10 already registered.
[Midd4VCServer] job received: e7ade61a-9cc4-454e-94d4-e164245ae98d
[Midd4VCServer] Assigning job e7ade61a-9cc4-454e-94d4-e164245ae98d to vehicle veh17
[Midd4VCServer] job e7ade61a-9cc4-454e-94d4-e164245ae98d completed by vehicle veh17
[Midd4VCServer] job received: 30db3eb3-f97b-4b2c-8b2c-3eb7ffa9ba03
[Midd4VCServer] Assigning job 30db3eb3-f97b-4b2c-8b2c-3eb7ffa9ba03 to vehicle veh40
[Midd4VCServer] job 30db3eb3-f97b-4b2c-8b2c-3eb7ffa9ba03 completed by vehicle veh40
[Midd4VCServer] Vehicle veh36 already registered.
[Midd4VCServer] job received: 7a65b252-f4c9-45a1-b27e-5099ceb1c444
[Midd4VCServer] Assigning job 7a65b252-f4c9-45a1-b27e-5099ceb1c444 to vehicle veh37
[Midd4VCServer] job 7a65b252-f4c9-45a1-b27e-5099ceb1c444 completed by vehicle veh37
[Midd4VCServer] job received: db92a133-02b3-4ece-b264-250d35d05509
[Midd4VCServer] Assigning job db92a133-02b3-4ece-b264-250d35d05509 to vehicle veh17
[Midd4VCServer] job db92a133-02b3-4ece-b264-250d35d05509 completed by vehicle veh17
[Midd4VCServer] Vehicle veh20 already registered.
[Midd4VCServer] job received: 97f8cab3-651a-4c25-8d81-35d5f319d48b
[Midd4VC] Job 4fe94fa5-cd8d-448f-a8a5-533d54b2865c timed out. Re-enqueueing.
[Midd4VC] Job 55c51f9c-9957-46fb-b6e9-d3b6df73f1ad timed out. Re-enqueueing.
[Midd4VCServer] Assigning job 55c51f9c-9957-46fb-b6e9-d3b6df73f1ad to vehicle veh14
[Midd4VCServer] Assigning job 4fe94fa5-cd8d-448f-a8a5-533d54b2865c to vehicle veh8
[Midd4VCServer] Assigning job 97f8cab3-651a-4c25-8d81-35d5f319d48b to vehicle veh40
[Midd4VCServer] job 97f8cab3-651a-4c25-8d81-35d5f319d48b completed by vehicle veh40
[Midd4VCServer] Vehicle veh29 already registered.
[Midd4VCServer] job received: 7d05172c-51f8-4167-9e1d-123150287d84
[Midd4VCServer] Assigning job 7d05172c-51f8-4167-9e1d-123150287d84 to vehicle veh37
[Midd4VCServer] job 7d05172c-51f8-4167-9e1d-123150287d84 completed by vehicle veh37
[Midd4VCServer] Vehicle veh8 already registered.
[Midd4VCServer] Vehicle veh11 already registered.
[Midd4VCServer] job received: 9eeb1145-0c8f-4cec-819b-8556650dcb2d
[Midd4VCServer] Assigning job 9eeb1145-0c8f-4cec-819b-8556650dcb2d to vehicle veh17
[Midd4VCServer] Vehicle veh14 already registered.
[Midd4VCServer] job received: 12d48e87-6a46-41b0-8b47-f7077329346f
[Midd4VCServer] Assigning job 12d48e87-6a46-41b0-8b47-f7077329346f to vehicle veh40
[Midd4VCServer] job 12d48e87-6a46-41b0-8b47-f7077329346f completed by vehicle veh40
[Midd4VCServer] job received: d42029e6-4366-4fe7-a4f9-3f1581df01b0
[Midd4VCServer] Assigning job d42029e6-4366-4fe7-a4f9-3f1581df01b0 to vehicle veh37
[Midd4VCServer] job d42029e6-4366-4fe7-a4f9-3f1581df01b0 completed by vehicle veh37
[Midd4VCServer] job received: f3b6e038-e0c1-46d1-b175-ba9ffa417d78
[Midd4VCServer] Assigning job f3b6e038-e0c1-46d1-b175-ba9ffa417d78 to vehicle veh40
[Midd4VCServer] job f3b6e038-e0c1-46d1-b175-ba9ffa417d78 completed by vehicle veh40
[Midd4VCServer] Vehicle veh33 already registered.
[Midd4VCServer] Vehicle veh24 already registered.
[Midd4VCServer] Vehicle veh3 already registered.
[Midd4VCServer] Vehicle veh18 already registered.
[Midd4VCServer] Vehicle veh7 already registered.
[Midd4VCServer] Vehicle veh38 already registered.
[Midd4VCServer] Vehicle veh28 already registered.
[Midd4VCServer] job received: 8db22b86-0bb7-4f20-8e3b-e39e3710a811
[Midd4VCServer] Assigning job 8db22b86-0bb7-4f20-8e3b-e39e3710a811 to vehicle veh37
[Midd4VCServer] job 8db22b86-0bb7-4f20-8e3b-e39e3710a811 completed by vehicle veh37
[Midd4VCServer] Vehicle veh25 already registered.
[Midd4VCServer] job received: 9ed89879-94bb-4eae-864e-db7648372b4d
[Midd4VCServer] Assigning job 9ed89879-94bb-4eae-864e-db7648372b4d to vehicle veh40
[Midd4VCServer] job 9ed89879-94bb-4eae-864e-db7648372b4d completed by vehicle veh40
[Midd4VCServer] job received: 7a3c2f85-517a-4fdf-baf3-6ee408508733
[Midd4VC] Job 76a92d6e-3ea4-45df-bab0-790ac6f1c7c4 timed out. Re-enqueueing.
[Midd4VC] Job f88d2c59-1687-4960-9b47-4a5d192a166a timed out. Re-enqueueing.
[Midd4VC] Job 21cf3dd2-6fb4-42b2-aeed-7ff5691c4d82 timed out. Re-enqueueing.
[Midd4VC] Job df58ada1-cb62-4fd0-a0c4-893b7fe1db89 timed out. Re-enqueueing.
[Midd4VC] Job 6f0e5dfd-cd8f-4f93-842f-ca2e88aa509f timed out. Re-enqueueing.
[Midd4VCServer] Assigning job 6f0e5dfd-cd8f-4f93-842f-ca2e88aa509f to vehicle veh1
[Midd4VCServer] Assigning job df58ada1-cb62-4fd0-a0c4-893b7fe1db89 to vehicle veh15
[Midd4VCServer] Assigning job 21cf3dd2-6fb4-42b2-aeed-7ff5691c4d82 to vehicle veh26
[Midd4VCServer] Assigning job f88d2c59-1687-4960-9b47-4a5d192a166a to vehicle veh21
[Midd4VCServer] Assigning job 76a92d6e-3ea4-45df-bab0-790ac6f1c7c4 to vehicle veh4
[Midd4VCServer] Assigning job 7a3c2f85-517a-4fdf-baf3-6ee408508733 to vehicle veh37
[Midd4VCServer] job f88d2c59-1687-4960-9b47-4a5d192a166a completed by vehicle veh21
[Midd4VCServer] job 7a3c2f85-517a-4fdf-baf3-6ee408508733 completed by vehicle veh37
[Midd4VCServer] Vehicle veh22 already registered.
[Midd4VCServer] Vehicle veh5 already registered.
[Midd4VCServer] Vehicle veh21 already registered.
[Midd4VCServer] job received: bf14ed5f-0061-40e0-adde-f3b688e4dfa9
[Midd4VC] Job 79d763ce-b2fa-4d44-a1a5-a3e5d1ed7b1f timed out. Re-enqueueing.
[Midd4VCServer] Assigning job 79d763ce-b2fa-4d44-a1a5-a3e5d1ed7b1f to vehicle veh33
[Midd4VCServer] Assigning job bf14ed5f-0061-40e0-adde-f3b688e4dfa9 to vehicle veh21
[Midd4VCServer] job 79d763ce-b2fa-4d44-a1a5-a3e5d1ed7b1f completed by vehicle veh33
[Midd4VCServer] job bf14ed5f-0061-40e0-adde-f3b688e4dfa9 completed by vehicle veh21
[Midd4VCServer] job received: c891da39-48d3-4f34-8501-21dcf73c6d1d
[Midd4VC] Job a2fe7fcb-c2bc-43cb-ba7d-06cc8ce3b72b timed out. Re-enqueueing.
[Midd4VC] Job a46c1e67-77e6-4978-945f-a1af9edf3f2f timed out. Re-enqueueing.
[Midd4VC] Job 7bffb48f-49e1-44c9-8e96-96e176f461dd timed out. Re-enqueueing.
[Midd4VCServer] Assigning job 7bffb48f-49e1-44c9-8e96-96e176f461dd to vehicle veh2
[Midd4VCServer] Assigning job a46c1e67-77e6-4978-945f-a1af9edf3f2f to vehicle veh12
[Midd4VCServer] Assigning job a2fe7fcb-c2bc-43cb-ba7d-06cc8ce3b72b to vehicle veh33
[Midd4VCServer] Assigning job c891da39-48d3-4f34-8501-21dcf73c6d1d to vehicle veh21
[Midd4VCServer] job c891da39-48d3-4f34-8501-21dcf73c6d1d completed by vehicle veh21
[Midd4VCServer] job a2fe7fcb-c2bc-43cb-ba7d-06cc8ce3b72b completed by vehicle veh33
[Midd4VCServer] Vehicle veh31 already registered.
[Midd4VCServer] job received: 3a923967-c649-490c-8b3c-21a51b12efda
[Midd4VCServer] Assigning job 3a923967-c649-490c-8b3c-21a51b12efda to vehicle veh23
[Midd4VCServer] Vehicle veh35 already registered.
[Midd4VCServer] job received: fe052e0f-d75b-476b-bfed-9e8ec20caad8
[Midd4VC] Job 1e21cadd-e390-4a21-8f24-93516e46b9df timed out. Re-enqueueing.
[Midd4VCServer] Assigning job 1e21cadd-e390-4a21-8f24-93516e46b9df to vehicle veh11
[Midd4VCServer] Assigning job fe052e0f-d75b-476b-bfed-9e8ec20caad8 to vehicle veh33
[Midd4VCServer] job 1e21cadd-e390-4a21-8f24-93516e46b9df completed by vehicle veh11
[Midd4VCServer] job fe052e0f-d75b-476b-bfed-9e8ec20caad8 completed by vehicle veh33
[Midd4VCServer] Vehicle veh30 already registered.
[Midd4VCServer] Vehicle veh13 already registered.
[Midd4VCServer] Vehicle veh32 already registered.
[Midd4VCServer] Vehicle veh1 already registered.
[Midd4VCServer] job received: a21359af-8b8b-4174-bb26-b2a6990d3b30
[Midd4VC] Job 4ecfcb9a-5164-4c55-b318-67e4c736438a timed out. Re-enqueueing.
[Midd4VC] Job fb708ceb-7183-4202-9c7d-f014ca5ef90e timed out. Re-enqueueing.
[Midd4VC] Job 914abc8d-64a9-4c12-9ded-0d19857ea3b0 timed out. Re-enqueueing.
[Midd4VC] Job bc930050-3817-4f48-a2ff-6b61eb624843 timed out. Re-enqueueing.
[Midd4VC] Job a932a3ab-604b-4e74-96c6-ab5769b0e85c timed out. Re-enqueueing.
[Midd4VCServer] Assigning job a932a3ab-604b-4e74-96c6-ab5769b0e85c to vehicle veh10
[Midd4VCServer] Assigning job bc930050-3817-4f48-a2ff-6b61eb624843 to vehicle veh16
[Midd4VCServer] Assigning job 914abc8d-64a9-4c12-9ded-0d19857ea3b0 to vehicle veh19
[Midd4VCServer] Assigning job fb708ceb-7183-4202-9c7d-f014ca5ef90e to vehicle veh11
[Midd4VCServer] Assigning job 4ecfcb9a-5164-4c55-b318-67e4c736438a to vehicle veh6
[Midd4VCServer] Assigning job a21359af-8b8b-4174-bb26-b2a6990d3b30 to vehicle veh35
[Midd4VCServer] job bc930050-3817-4f48-a2ff-6b61eb624843 completed by vehicle veh16
[Midd4VCServer] job received: c45741c8-df2e-4223-a95f-5bfdc999af0c
[Midd4VCServer] Assigning job c45741c8-df2e-4223-a95f-5bfdc999af0c to vehicle veh16
[Midd4VCServer] job c45741c8-df2e-4223-a95f-5bfdc999af0c completed by vehicle veh16
[Midd4VCServer] job received: 28e98bf4-68b1-4007-a84e-c66a9c237f8c
[Midd4VCServer] Assigning job 28e98bf4-68b1-4007-a84e-c66a9c237f8c to vehicle veh21
[Midd4VCServer] job 28e98bf4-68b1-4007-a84e-c66a9c237f8c completed by vehicle veh21
[Midd4VCServer] Vehicle veh16 already registered.
[Midd4VCServer] job received: 44a761e4-bf3d-43e4-a5de-8a472597acef
[Midd4VCServer] Assigning job 44a761e4-bf3d-43e4-a5de-8a472597acef to vehicle veh16
[Midd4VCServer] job 44a761e4-bf3d-43e4-a5de-8a472597acef completed by vehicle veh16
[Midd4VCServer] Vehicle veh4 already registered.
[Midd4VCServer] job received: 4c7c47b9-4452-494f-abb2-cd50fe7d4d02
[Midd4VC] Job ff778165-db30-46c1-92d7-cbce63808639 timed out. Re-enqueueing.
[Midd4VC] Job 0df87b63-6a5b-49c1-b465-be7eab753084 timed out. Re-enqueueing.
[Midd4VC] Job 347f4618-b7cc-425d-901d-90d4d46b6d37 timed out. Re-enqueueing.
[Midd4VCServer] Assigning job 347f4618-b7cc-425d-901d-90d4d46b6d37 to vehicle veh5
[Midd4VCServer] Assigning job 0df87b63-6a5b-49c1-b465-be7eab753084 to vehicle veh27
[Midd4VCServer] Assigning job ff778165-db30-46c1-92d7-cbce63808639 to vehicle veh28
[Midd4VCServer] Assigning job 4c7c47b9-4452-494f-abb2-cd50fe7d4d02 to vehicle veh33
[Midd4VCServer] job 4c7c47b9-4452-494f-abb2-cd50fe7d4d02 completed by vehicle veh33
[Midd4VCServer] job received: 12a85870-22a7-4804-b2a0-5183ef69c1c1
[Midd4VCServer] Assigning job 12a85870-22a7-4804-b2a0-5183ef69c1c1 to vehicle veh21
[Midd4VCServer] job received: c9c03e7b-00fc-4e13-aaa1-23d44bc62e47
[Midd4VCServer] Assigning job c9c03e7b-00fc-4e13-aaa1-23d44bc62e47 to vehicle veh16
[Midd4VCServer] job c9c03e7b-00fc-4e13-aaa1-23d44bc62e47 completed by vehicle veh16
[Midd4VCServer] job received: 8bb7fffe-1a1e-49f1-b8d9-907e65afd99f
[Midd4VC] Job 9d34a348-b78e-4785-93af-56c2ed8f9849 timed out. Re-enqueueing.
[Midd4VCServer] Assigning job 9d34a348-b78e-4785-93af-56c2ed8f9849 to vehicle veh13
[Midd4VCServer] Assigning job 8bb7fffe-1a1e-49f1-b8d9-907e65afd99f to vehicle veh33
[Midd4VCServer] job received: 1020de67-23e2-4192-ac35-d04e7eeaab92
[Midd4VCServer] Assigning job 1020de67-23e2-4192-ac35-d04e7eeaab92 to vehicle veh16
[Midd4VCServer] job 1020de67-23e2-4192-ac35-d04e7eeaab92 completed by vehicle veh16
[Midd4VCServer] Vehicle veh34 already registered.
[Midd4VCServer] job received: 13b45ab5-2eea-400f-a9e2-c7db139fb77e
[Midd4VCServer] Assigning job 13b45ab5-2eea-400f-a9e2-c7db139fb77e to vehicle veh16
[Midd4VCServer] job 13b45ab5-2eea-400f-a9e2-c7db139fb77e completed by vehicle veh16
[Midd4VCServer] Vehicle veh18 already registered.
[Midd4VCServer] job received: 4a1ce95d-01f8-433d-a170-e2310fe02d10
[Midd4VC] Job 8c1967d7-8386-4365-8dca-6196a41a0940 timed out. Re-enqueueing.
[Midd4VCServer] Assigning job 8c1967d7-8386-4365-8dca-6196a41a0940 to vehicle veh30
[Midd4VCServer] Assigning job 4a1ce95d-01f8-433d-a170-e2310fe02d10 to vehicle veh16
[Midd4VCServer] job 8c1967d7-8386-4365-8dca-6196a41a0940 completed by vehicle veh30
[Midd4VCServer] job 4a1ce95d-01f8-433d-a170-e2310fe02d10 completed by vehicle veh16
[Midd4VCServer] Vehicle veh28 already registered.
[Midd4VCServer] Vehicle veh27 already registered.
[Midd4VCServer] Vehicle veh21 already registered.
[Midd4VCServer] Vehicle veh10 already registered.
[Midd4VCServer] job received: 26aafc75-126b-4e00-a246-da2b3f8d6aa5
[Midd4VCServer] Assigning job 26aafc75-126b-4e00-a246-da2b3f8d6aa5 to vehicle veh30
[Midd4VCServer] job 26aafc75-126b-4e00-a246-da2b3f8d6aa5 completed by vehicle veh30
[Midd4VCServer] Vehicle veh36 already registered.
[Midd4VCServer] Vehicle veh6 already registered.
[Midd4VCServer] job received: 1df11921-d55d-4fbc-8ecc-4f29653e407f
[Midd4VC] Job 35417768-e9c3-4750-a776-93a349c00001 timed out. Re-enqueueing.
[Midd4VC] Job 1f0cd152-b20e-48af-ab45-de20bdb36746 timed out. Re-enqueueing.
[Midd4VC] Job 56eb8b52-f092-4d49-bf3b-8831474787a5 timed out. Re-enqueueing.
[Midd4VCServer] Assigning job 56eb8b52-f092-4d49-bf3b-8831474787a5 to vehicle veh30
[Midd4VCServer] Assigning job 1f0cd152-b20e-48af-ab45-de20bdb36746 to vehicle veh31
[Midd4VCServer] Assigning job 35417768-e9c3-4750-a776-93a349c00001 to vehicle veh38
[Midd4VCServer] Assigning job 1df11921-d55d-4fbc-8ecc-4f29653e407f to vehicle veh18
[Midd4VCServer] job 35417768-e9c3-4750-a776-93a349c00001 completed by vehicle veh38
[Midd4VCServer] job 56eb8b52-f092-4d49-bf3b-8831474787a5 completed by vehicle veh30
[Midd4VCServer] job 1df11921-d55d-4fbc-8ecc-4f29653e407f completed by vehicle veh18
[Midd4VCServer] Vehicle veh33 already registered.
[Midd4VCServer] job received: 39a3010a-a37b-4710-acfe-92de0edff770
[Midd4VCServer] Assigning job 39a3010a-a37b-4710-acfe-92de0edff770 to vehicle veh30
[Midd4VCServer] job 39a3010a-a37b-4710-acfe-92de0edff770 completed by vehicle veh30
[Midd4VCServer] Vehicle veh9 already registered.
[Midd4VCServer] Vehicle veh23 already registered.
[Midd4VCServer] job received: 38bbf332-5f8c-46ea-b250-ff1897e5b9ff
[Midd4VC] Job 004b8920-b15f-4b77-9224-a6d931723845 timed out. Re-enqueueing.
[Midd4VCServer] Assigning job 004b8920-b15f-4b77-9224-a6d931723845 to vehicle veh30
[Midd4VCServer] Assigning job 38bbf332-5f8c-46ea-b250-ff1897e5b9ff to vehicle veh38
[Midd4VCServer] job 004b8920-b15f-4b77-9224-a6d931723845 completed by vehicle veh30
[Midd4VCServer] job 38bbf332-5f8c-46ea-b250-ff1897e5b9ff completed by vehicle veh38
[Midd4VCServer] job received: 79cd1d4e-da5f-4725-88d1-2d9a4ba8b37b
[Midd4VC] Job 35b0b870-7f65-4804-8ee1-c463f4dba914 timed out. Re-enqueueing.
[Midd4VCServer] Assigning job 35b0b870-7f65-4804-8ee1-c463f4dba914 to vehicle veh30
[Midd4VCServer] Assigning job 79cd1d4e-da5f-4725-88d1-2d9a4ba8b37b to vehicle veh3
[Midd4VCServer] job 35b0b870-7f65-4804-8ee1-c463f4dba914 completed by vehicle veh30
[Midd4VCServer] job 79cd1d4e-da5f-4725-88d1-2d9a4ba8b37b completed by vehicle veh3
[Midd4VCServer] Vehicle veh3 already registered.
[Midd4VCServer] job received: b2f6f5cc-36e6-43ff-86b6-d9050bfaba59
[Midd4VC] Job a22ffe95-d34e-4cf8-8855-f17a7ebd3b71 timed out. Re-enqueueing.
[Midd4VC] Job 26ee096f-5bc0-4aab-b095-38192c43f9a9 timed out. Re-enqueueing.
[Midd4VC] Job 4ff7d78c-903c-4656-a334-8b1d3f385053 timed out. Re-enqueueing.
[Midd4VCServer] Assigning job 4ff7d78c-903c-4656-a334-8b1d3f385053 to vehicle veh30
[Midd4VCServer] Assigning job 26ee096f-5bc0-4aab-b095-38192c43f9a9 to vehicle veh34
[Midd4VCServer] Assigning job a22ffe95-d34e-4cf8-8855-f17a7ebd3b71 to vehicle veh36
[Midd4VCServer] Assigning job b2f6f5cc-36e6-43ff-86b6-d9050bfaba59 to vehicle veh18
[Midd4VCServer] job 4ff7d78c-903c-4656-a334-8b1d3f385053 completed by vehicle veh30
[Midd4VCServer] job a22ffe95-d34e-4cf8-8855-f17a7ebd3b71 completed by vehicle veh36
[Midd4VCServer] job b2f6f5cc-36e6-43ff-86b6-d9050bfaba59 completed by vehicle veh18
[Midd4VCServer] Vehicle veh19 already registered.
[Midd4VCServer] job received: 18eeeefa-fc55-41c7-add2-9d7d8fb01485
[Midd4VCServer] Assigning job 18eeeefa-fc55-41c7-add2-9d7d8fb01485 to vehicle veh30
[Midd4VCServer] job 18eeeefa-fc55-41c7-add2-9d7d8fb01485 completed by vehicle veh30
[Midd4VCServer] job received: f377a101-e0c2-4955-8a03-8bf5fd48a402
[Midd4VCServer] Assigning job f377a101-e0c2-4955-8a03-8bf5fd48a402 to vehicle veh30
[Midd4VCServer] job f377a101-e0c2-4955-8a03-8bf5fd48a402 completed by vehicle veh30
[Midd4VCServer] Vehicle veh2 already registered.
[Midd4VCServer] job received: a9c5fdc8-991e-4f7b-8d82-8ee1f887f847
[Midd4VC] Job f2358526-7271-4d7e-b644-eeb6b2081e3e timed out. Re-enqueueing.
[Midd4VC] Job 1948b8f4-42eb-4985-9e4f-fbb4b2b3a0f7 timed out. Re-enqueueing.
[Midd4VCServer] Assigning job 1948b8f4-42eb-4985-9e4f-fbb4b2b3a0f7 to vehicle veh30
[Midd4VCServer] Assigning job f2358526-7271-4d7e-b644-eeb6b2081e3e to vehicle veh29
[Midd4VCServer] Assigning job a9c5fdc8-991e-4f7b-8d82-8ee1f887f847 to vehicle veh38
[Midd4VCServer] job 1948b8f4-42eb-4985-9e4f-fbb4b2b3a0f7 completed by vehicle veh30
[Midd4VCServer] job f2358526-7271-4d7e-b644-eeb6b2081e3e completed by vehicle veh29
[Midd4VCServer] job a9c5fdc8-991e-4f7b-8d82-8ee1f887f847 completed by vehicle veh38
[Midd4VCServer] job received: df300759-5cd3-4204-b88b-ccd597deef81
[Midd4VCServer] Assigning job df300759-5cd3-4204-b88b-ccd597deef81 to vehicle veh30
[Midd4VCServer] Vehicle veh40 already registered.
[Midd4VCServer] Vehicle veh35 already registered.
[Midd4VCServer] job received: 1d01b019-008e-40b0-b6a3-7c8d4aa0716f
[Midd4VC] Job 9a2f19b4-2eb8-4cb3-9de6-35a99700c6d7 timed out. Re-enqueueing.
[Midd4VC] Job 0e8055bd-5bf0-4d1d-837a-5e272a3b3f46 timed out. Re-enqueueing.
[Midd4VC] Job 0142303e-0e3f-49c0-8e7b-218084703f10 timed out. Re-enqueueing.
[Midd4VC] Job b6863e1d-c761-4e76-b11d-c614891afb2a timed out. Re-enqueueing.
[Midd4VC] Job dc33f4d9-4a0c-415a-aa17-82a3c2a88c07 timed out. Re-enqueueing.
[Midd4VCServer] Assigning job dc33f4d9-4a0c-415a-aa17-82a3c2a88c07 to vehicle veh9
[Midd4VCServer] Assigning job b6863e1d-c761-4e76-b11d-c614891afb2a to vehicle veh7
[Midd4VCServer] Assigning job 0142303e-0e3f-49c0-8e7b-218084703f10 to vehicle veh25
[Midd4VCServer] Assigning job 0e8055bd-5bf0-4d1d-837a-5e272a3b3f46 to vehicle veh32
[Midd4VCServer] Assigning job 9a2f19b4-2eb8-4cb3-9de6-35a99700c6d7 to vehicle veh39
[Midd4VCServer] Assigning job 1d01b019-008e-40b0-b6a3-7c8d4aa0716f to vehicle veh22
[Midd4VCServer] job dc33f4d9-4a0c-415a-aa17-82a3c2a88c07 completed by vehicle veh9
[Midd4VCServer] job 0142303e-0e3f-49c0-8e7b-218084703f10 completed by vehicle veh25
[Midd4VCServer] Vehicle veh13 already registered.
[Midd4VCServer] job received: c882f64e-2091-4a25-a476-e9785fde5a93
[Midd4VCServer] Assigning job c882f64e-2091-4a25-a476-e9785fde5a93 to vehicle veh9
[Midd4VCServer] job c882f64e-2091-4a25-a476-e9785fde5a93 completed by vehicle veh9
[Midd4VCServer] job received: b99439bd-5f1e-4097-9d1f-0aca477b3c56
[Midd4VCServer] Assigning job b99439bd-5f1e-4097-9d1f-0aca477b3c56 to vehicle veh9
[Midd4VCServer] job b99439bd-5f1e-4097-9d1f-0aca477b3c56 completed by vehicle veh9
[Midd4VCServer] Vehicle veh12 already registered.
[Midd4VCServer] Vehicle veh20 already registered.
[Midd4VCServer] Vehicle veh15 already registered.
[Midd4VCServer] Vehicle veh21 already registered.
[Midd4VCServer] Vehicle veh10 already registered.
[Midd4VCServer] job received: cf903c1a-aec4-455a-ab37-9fcc5b58ef42
[Midd4VCServer] Assigning job cf903c1a-aec4-455a-ab37-9fcc5b58ef42 to vehicle veh9
[Midd4VCServer] job cf903c1a-aec4-455a-ab37-9fcc5b58ef42 completed by vehicle veh9
[Midd4VCServer] job received: 4f56eba0-b6a8-43c8-a21d-36ce8abe5fc5
[Midd4VCServer] Assigning job 4f56eba0-b6a8-43c8-a21d-36ce8abe5fc5 to vehicle veh9
[Midd4VCServer] job 4f56eba0-b6a8-43c8-a21d-36ce8abe5fc5 completed by vehicle veh9
[Midd4VCServer] Vehicle veh6 already registered.
[Midd4VCServer] job received: 9a3c4b64-abe0-4e4b-97ae-23fb9e72fda9
[Midd4VC] Job 55c51f9c-9957-46fb-b6e9-d3b6df73f1ad timed out. Re-enqueueing.
[Midd4VC] Job 4fe94fa5-cd8d-448f-a8a5-533d54b2865c timed out. Re-enqueueing.
[Midd4VCServer] Assigning job 4fe94fa5-cd8d-448f-a8a5-533d54b2865c to vehicle veh14
[Midd4VCServer] Assigning job 55c51f9c-9957-46fb-b6e9-d3b6df73f1ad to vehicle veh9
[Midd4VCServer] Assigning job 9a3c4b64-abe0-4e4b-97ae-23fb9e72fda9 to vehicle veh8
[Midd4VCServer] job 55c51f9c-9957-46fb-b6e9-d3b6df73f1ad completed by vehicle veh9
[Midd4VCServer] Vehicle veh11 already registered.
[Midd4VCServer] job received: d54cd73e-22e7-4621-96ed-c1957b2e44f0
[Midd4VCServer] Assigning job d54cd73e-22e7-4621-96ed-c1957b2e44f0 to vehicle veh9
[Midd4VCServer] job d54cd73e-22e7-4621-96ed-c1957b2e44f0 completed by vehicle veh9
[Midd4VCServer] Vehicle veh31 already registered.
[Midd4VCServer] Vehicle veh1 already registered.
[Midd4VCServer] Vehicle veh34 already registered.
[Midd4VCServer] job received: 3cbdb3bb-f1ea-4ea8-9c79-54dd1e41f1c3
[Midd4VCServer] Assigning job 3cbdb3bb-f1ea-4ea8-9c79-54dd1e41f1c3 to vehicle veh3
[Midd4VCServer] job received: a60b240b-89fa-4a98-b376-ff070df8259e
[Midd4VCServer] Assigning job a60b240b-89fa-4a98-b376-ff070df8259e to vehicle veh24
[Midd4VCServer] job a60b240b-89fa-4a98-b376-ff070df8259e completed by vehicle veh24
[Midd4VCServer] Vehicle veh22 already registered.
[Midd4VCServer] job received: 3f888b38-a724-4e39-8a9b-c99acfbd55bc
[Midd4VC] Job 9eeb1145-0c8f-4cec-819b-8556650dcb2d timed out. Re-enqueueing.
[Midd4VCServer] Assigning job 9eeb1145-0c8f-4cec-819b-8556650dcb2d to vehicle veh36
[Midd4VCServer] Assigning job 3f888b38-a724-4e39-8a9b-c99acfbd55bc to vehicle veh29
[Midd4VCServer] Vehicle veh35 already registered.
[Midd4VCServer] job received: 9b8be3b4-10f7-4b86-9213-e25bd677e6ab
[Midd4VCServer] Assigning job 9b8be3b4-10f7-4b86-9213-e25bd677e6ab to vehicle veh9
[Midd4VCServer] job 9b8be3b4-10f7-4b86-9213-e25bd677e6ab completed by vehicle veh9
[Midd4VCServer] job received: 338070a8-799b-489f-a8b9-e35c8477235c
[Midd4VCServer] Assigning job 338070a8-799b-489f-a8b9-e35c8477235c to vehicle veh20
[Midd4VCServer] job 338070a8-799b-489f-a8b9-e35c8477235c completed by vehicle veh20
[Midd4VCServer] job received: 20ce9674-2488-4c18-92ea-02ce77700c60
[Midd4VCServer] Assigning job 20ce9674-2488-4c18-92ea-02ce77700c60 to vehicle veh25
[Midd4VCServer] job received: a1039157-552b-49c1-9e15-3a50a29349c0
[Midd4VCServer] Assigning job a1039157-552b-49c1-9e15-3a50a29349c0 to vehicle veh18
[Midd4VCServer] job a1039157-552b-49c1-9e15-3a50a29349c0 completed by vehicle veh18
[Midd4VCServer] Vehicle veh27 already registered.
[Midd4VCServer] Vehicle veh36 already registered.
[Midd4VCServer] job received: f84a9005-8878-4c68-a6eb-2b11d81af2d6
[Midd4VC] Job 6f0e5dfd-cd8f-4f93-842f-ca2e88aa509f timed out. Re-enqueueing.
[Midd4VC] Job df58ada1-cb62-4fd0-a0c4-893b7fe1db89 timed out. Re-enqueueing.
[Midd4VC] Job 21cf3dd2-6fb4-42b2-aeed-7ff5691c4d82 timed out. Re-enqueueing.
[Midd4VC] Job 76a92d6e-3ea4-45df-bab0-790ac6f1c7c4 timed out. Re-enqueueing.
[Midd4VCServer] Assigning job 76a92d6e-3ea4-45df-bab0-790ac6f1c7c4 to vehicle veh1
[Midd4VCServer] Assigning job 21cf3dd2-6fb4-42b2-aeed-7ff5691c4d82 to vehicle veh15
[Midd4VCServer] Assigning job df58ada1-cb62-4fd0-a0c4-893b7fe1db89 to vehicle veh26
[Midd4VCServer] Assigning job 6f0e5dfd-cd8f-4f93-842f-ca2e88aa509f to vehicle veh4
[Midd4VCServer] Assigning job f84a9005-8878-4c68-a6eb-2b11d81af2d6 to vehicle veh38
[Midd4VCServer] job 21cf3dd2-6fb4-42b2-aeed-7ff5691c4d82 completed by vehicle veh15
[Midd4VCServer] Vehicle veh16 already registered.
[Midd4VCServer] job received: cfa0d24b-612e-404e-89c9-e404d9a91373
[Midd4VCServer] Assigning job cfa0d24b-612e-404e-89c9-e404d9a91373 to vehicle veh15
[Midd4VCServer] job cfa0d24b-612e-404e-89c9-e404d9a91373 completed by vehicle veh15
[Midd4VCServer] Vehicle veh10 already registered.
[Midd4VCServer] job received: ece5768e-ceb9-49bf-a6a7-9827084d0014
[Midd4VCServer] Assigning job ece5768e-ceb9-49bf-a6a7-9827084d0014 to vehicle veh15
[Midd4VCServer] job ece5768e-ceb9-49bf-a6a7-9827084d0014 completed by vehicle veh15
[Midd4VCServer] Vehicle veh26 already registered.
[Midd4VCServer] job received: 7beae9b1-d979-48f3-a530-7034f782eee2
[Midd4VCServer] Assigning job 7beae9b1-d979-48f3-a530-7034f782eee2 to vehicle veh15
[Midd4VCServer] job 7beae9b1-d979-48f3-a530-7034f782eee2 completed by vehicle veh15
[Midd4VCServer] Vehicle veh25 already registered.
[Midd4VCServer] Vehicle veh34 already registered.
[Midd4VCServer] job received: 166e65be-ec2d-427b-982a-fb29633f6edc
[Midd4VC] Job 7bffb48f-49e1-44c9-8e96-96e176f461dd timed out. Re-enqueueing.
[Midd4VC] Job a46c1e67-77e6-4978-945f-a1af9edf3f2f timed out. Re-enqueueing.
[Midd4VC] Job 3a923967-c649-490c-8b3c-21a51b12efda timed out. Re-enqueueing.
[Midd4VCServer] Assigning job 3a923967-c649-490c-8b3c-21a51b12efda to vehicle veh2
[Midd4VCServer] Assigning job a46c1e67-77e6-4978-945f-a1af9edf3f2f to vehicle veh12
[Midd4VCServer] Assigning job 7bffb48f-49e1-44c9-8e96-96e176f461dd to vehicle veh23
[Midd4VCServer] Assigning job 166e65be-ec2d-427b-982a-fb29633f6edc to vehicle veh15
[Midd4VCServer] job 7bffb48f-49e1-44c9-8e96-96e176f461dd completed by vehicle veh23
[Midd4VCServer] job 166e65be-ec2d-427b-982a-fb29633f6edc completed by vehicle veh15
[Midd4VCServer] Vehicle veh21 already registered.
[Midd4VCServer] job received: 6a1bdd3c-b99a-4029-97d1-91a3de671840
[Midd4VCServer] Assigning job 6a1bdd3c-b99a-4029-97d1-91a3de671840 to vehicle veh23
[Midd4VCServer] job 6a1bdd3c-b99a-4029-97d1-91a3de671840 completed by vehicle veh23
[Midd4VCServer] job received: 33165e9b-5156-4d65-afee-13ee7a9b783e
[Midd4VCServer] Assigning job 33165e9b-5156-4d65-afee-13ee7a9b783e to vehicle veh24
[Midd4VCServer] job 33165e9b-5156-4d65-afee-13ee7a9b783e completed by vehicle veh24
[Midd4VCServer] Vehicle veh19 already registered.
[Midd4VCServer] Vehicle veh26 already registered.
[Midd4VCServer] job received: b2a7e799-4c66-43df-9e47-d900c4223f80
[Midd4VCServer] Assigning job b2a7e799-4c66-43df-9e47-d900c4223f80 to vehicle veh9
[Midd4VCServer] job b2a7e799-4c66-43df-9e47-d900c4223f80 completed by vehicle veh9
[Midd4VCServer] Vehicle veh17 already registered.
[Midd4VCServer] job received: 4245b15e-e35d-45ac-88e3-113d80aeed1a
[Midd4VC] Job a932a3ab-604b-4e74-96c6-ab5769b0e85c timed out. Re-enqueueing.
[Midd4VC] Job 914abc8d-64a9-4c12-9ded-0d19857ea3b0 timed out. Re-enqueueing.
[Midd4VC] Job fb708ceb-7183-4202-9c7d-f014ca5ef90e timed out. Re-enqueueing.
[Midd4VC] Job 4ecfcb9a-5164-4c55-b318-67e4c736438a timed out. Re-enqueueing.
[Midd4VC] Job a21359af-8b8b-4174-bb26-b2a6990d3b30 timed out. Re-enqueueing.
[Midd4VCServer] Assigning job a21359af-8b8b-4174-bb26-b2a6990d3b30 to vehicle veh10
[Midd4VCServer] Assigning job 4ecfcb9a-5164-4c55-b318-67e4c736438a to vehicle veh19
[Midd4VCServer] Assigning job fb708ceb-7183-4202-9c7d-f014ca5ef90e to vehicle veh11
[Midd4VCServer] Assigning job 914abc8d-64a9-4c12-9ded-0d19857ea3b0 to vehicle veh6
[Midd4VCServer] Assigning job a932a3ab-604b-4e74-96c6-ab5769b0e85c to vehicle veh35
[Midd4VCServer] Assigning job 4245b15e-e35d-45ac-88e3-113d80aeed1a to vehicle veh23
[Midd4VCServer] job 914abc8d-64a9-4c12-9ded-0d19857ea3b0 completed by vehicle veh6
[Midd4VCServer] job 4ecfcb9a-5164-4c55-b318-67e4c736438a completed by vehicle veh19
[Midd4VCServer] job 4245b15e-e35d-45ac-88e3-113d80aeed1a completed by vehicle veh23
[Midd4VCServer] job received: b36e8692-084e-4736-8f73-fc593b9e938c
[Midd4VCServer] Assigning job b36e8692-084e-4736-8f73-fc593b9e938c to vehicle veh19
[Midd4VCServer] job b36e8692-084e-4736-8f73-fc593b9e938c completed by vehicle veh19
[Midd4VCServer] Vehicle veh1 already registered.
[Midd4VCServer] Vehicle veh32 already registered.
[Midd4VCServer] Vehicle veh6 already registered.
[Midd4VCServer] Vehicle veh29 already registered.
[Midd4VCServer] Vehicle veh22 already registered.
[Midd4VCServer] job received: 89c964e3-905d-4b51-8963-e3ad5a0280cf
[Midd4VCServer] Assigning job 89c964e3-905d-4b51-8963-e3ad5a0280cf to vehicle veh19
[Midd4VCServer] job 89c964e3-905d-4b51-8963-e3ad5a0280cf completed by vehicle veh19
[Midd4VCServer] job received: 24d8d35a-8939-4164-9899-e6e4c8f20107
[Midd4VCServer] Assigning job 24d8d35a-8939-4164-9899-e6e4c8f20107 to vehicle veh6
[Midd4VCServer] job 24d8d35a-8939-4164-9899-e6e4c8f20107 completed by vehicle veh6
[Midd4VCServer] Vehicle veh5 already registered.
[Midd4VCServer] Vehicle veh8 already registered.
[Midd4VCServer] job received: 04477886-0276-4b62-90c9-ebf1d96c9622
[Midd4VC] Job 347f4618-b7cc-425d-901d-90d4d46b6d37 timed out. Re-enqueueing.
[Midd4VC] Job 0df87b63-6a5b-49c1-b465-be7eab753084 timed out. Re-enqueueing.
[Midd4VC] Job ff778165-db30-46c1-92d7-cbce63808639 timed out. Re-enqueueing.
[Midd4VC] Job 12a85870-22a7-4804-b2a0-5183ef69c1c1 timed out. Re-enqueueing.
[Midd4VCServer] Assigning job 12a85870-22a7-4804-b2a0-5183ef69c1c1 to vehicle veh5
[Midd4VCServer] Assigning job ff778165-db30-46c1-92d7-cbce63808639 to vehicle veh27
[Midd4VCServer] Assigning job 0df87b63-6a5b-49c1-b465-be7eab753084 to vehicle veh28
[Midd4VCServer] Assigning job 347f4618-b7cc-425d-901d-90d4d46b6d37 to vehicle veh21
[Midd4VCServer] Assigning job 04477886-0276-4b62-90c9-ebf1d96c9622 to vehicle veh19
[Midd4VCServer] job ff778165-db30-46c1-92d7-cbce63808639 completed by vehicle veh27
[Midd4VCServer] job 347f4618-b7cc-425d-901d-90d4d46b6d37 completed by vehicle veh21
[Midd4VCServer] job 04477886-0276-4b62-90c9-ebf1d96c9622 completed by vehicle veh19
[Midd4VCServer] job received: d33858a3-d719-4d1a-9b37-b76d84ae93bb
[Midd4VC] Job 9d34a348-b78e-4785-93af-56c2ed8f9849 timed out. Re-enqueueing.
[Midd4VC] Job 8bb7fffe-1a1e-49f1-b8d9-907e65afd99f timed out. Re-enqueueing.
[Midd4VCServer] Assigning job 8bb7fffe-1a1e-49f1-b8d9-907e65afd99f to vehicle veh27
[Midd4VCServer] Assigning job 9d34a348-b78e-4785-93af-56c2ed8f9849 to vehicle veh13
[Midd4VCServer] Assigning job d33858a3-d719-4d1a-9b37-b76d84ae93bb to vehicle veh20
[Midd4VCServer] job 8bb7fffe-1a1e-49f1-b8d9-907e65afd99f completed by vehicle veh27
[Midd4VCServer] job d33858a3-d719-4d1a-9b37-b76d84ae93bb completed by vehicle veh20
[Midd4VCServer] job 9d34a348-b78e-4785-93af-56c2ed8f9849 completed by vehicle veh13
[Midd4VCServer] job received: 62e83e52-4e42-4714-ad7b-fade5df9a780
[Midd4VCServer] Assigning job 62e83e52-4e42-4714-ad7b-fade5df9a780 to vehicle veh27
[Midd4VCServer] job 62e83e52-4e42-4714-ad7b-fade5df9a780 completed by vehicle veh27
[Midd4VCServer] job received: c13a4a8e-1b06-4514-aa7f-6c3ec59992f2
[Midd4VCServer] Assigning job c13a4a8e-1b06-4514-aa7f-6c3ec59992f2 to vehicle veh13
[Midd4VCServer] job c13a4a8e-1b06-4514-aa7f-6c3ec59992f2 completed by vehicle veh13
[Midd4VCServer] Vehicle veh28 already registered.
[Midd4VCServer] Vehicle veh36 already registered.
[Midd4VCServer] Vehicle veh5 already registered.
[Midd4VCServer] job received: b3e45f9a-6e2e-41c0-b57e-cccf6f2a3f77
[Midd4VCServer] Assigning job b3e45f9a-6e2e-41c0-b57e-cccf6f2a3f77 to vehicle veh27
[Midd4VCServer] job b3e45f9a-6e2e-41c0-b57e-cccf6f2a3f77 completed by vehicle veh27
[Midd4VCServer] Vehicle veh37 already registered.
[Midd4VCServer] job received: e541af1f-7c2b-4b43-b215-53aa52b96621
[Midd4VC] Job 1f0cd152-b20e-48af-ab45-de20bdb36746 timed out. Re-enqueueing.
[Midd4VCServer] Assigning job 1f0cd152-b20e-48af-ab45-de20bdb36746 to vehicle veh31
[Midd4VCServer] Assigning job e541af1f-7c2b-4b43-b215-53aa52b96621 to vehicle veh33
[Midd4VCServer] job 1f0cd152-b20e-48af-ab45-de20bdb36746 completed by vehicle veh31
[Midd4VCServer] job received: 8cc4e9ef-8862-4cae-a655-46e617ac7bc4
[Midd4VCServer] Assigning job 8cc4e9ef-8862-4cae-a655-46e617ac7bc4 to vehicle veh31
[Midd4VCServer] job 8cc4e9ef-8862-4cae-a655-46e617ac7bc4 completed by vehicle veh31
[Midd4VCServer] job received: 89db59a9-d074-4613-a898-e36384c833ab
[Midd4VCServer] Assigning job 89db59a9-d074-4613-a898-e36384c833ab to vehicle veh31
[Midd4VCServer] job 89db59a9-d074-4613-a898-e36384c833ab completed by vehicle veh31
[Midd4VCServer] Vehicle veh23 already registered.
[Midd4VCServer] Vehicle veh21 already registered.
[Midd4VCServer] job received: f091ee55-3b08-45f8-b382-10e8ed04f81b
[Midd4VCServer] Assigning job f091ee55-3b08-45f8-b382-10e8ed04f81b to vehicle veh31
[Midd4VCServer] job f091ee55-3b08-45f8-b382-10e8ed04f81b completed by vehicle veh31
[Midd4VCServer] Vehicle veh9 already registered.
[Midd4VCServer] job received: 2fc7f705-962b-46e0-a3ac-b698456ebf20
[Midd4VCServer] Assigning job 2fc7f705-962b-46e0-a3ac-b698456ebf20 to vehicle veh15
[Midd4VCServer] job received: 452749d9-db13-4b38-9375-52aad8f298cf
[Midd4VCServer] Assigning job 452749d9-db13-4b38-9375-52aad8f298cf to vehicle veh31
[Midd4VCServer] job 452749d9-db13-4b38-9375-52aad8f298cf completed by vehicle veh31
[Midd4VCServer] Vehicle veh40 already registered.
[Midd4VCServer] Vehicle veh28 already registered.
[Midd4VCServer] job received: ced3b9bb-2219-4ec0-ac46-5b45720f13cd
[Midd4VC] Job 26ee096f-5bc0-4aab-b095-38192c43f9a9 timed out. Re-enqueueing.
[Midd4VCServer] Assigning job 26ee096f-5bc0-4aab-b095-38192c43f9a9 to vehicle veh34
[Midd4VCServer] Assigning job ced3b9bb-2219-4ec0-ac46-5b45720f13cd to vehicle veh6
[Midd4VCServer] job ced3b9bb-2219-4ec0-ac46-5b45720f13cd completed by vehicle veh6
[Midd4VCServer] job 26ee096f-5bc0-4aab-b095-38192c43f9a9 completed by vehicle veh34
[Midd4VCServer] job received: 8760d196-c5ec-4d1b-8c4d-e32f502948fa
[Midd4VCServer] Assigning job 8760d196-c5ec-4d1b-8c4d-e32f502948fa to vehicle veh34
[Midd4VCServer] job 8760d196-c5ec-4d1b-8c4d-e32f502948fa completed by vehicle veh34
[Midd4VCServer] Vehicle veh17 already registered.
[Midd4VCServer] job received: bbc35430-e757-4b46-bfad-3e0314f98c73
[Midd4VC] Job df300759-5cd3-4204-b88b-ccd597deef81 timed out. Re-enqueueing.
[Midd4VCServer] Assigning job df300759-5cd3-4204-b88b-ccd597deef81 to vehicle veh30
[Midd4VCServer] Assigning job bbc35430-e757-4b46-bfad-3e0314f98c73 to vehicle veh34
[Midd4VCServer] job bbc35430-e757-4b46-bfad-3e0314f98c73 completed by vehicle veh34
[Midd4VCServer] job received: 3de3b984-0420-40ab-aa48-08f592ee81c0
[Midd4VCServer] Assigning job 3de3b984-0420-40ab-aa48-08f592ee81c0 to vehicle veh34
[Midd4VCServer] job 3de3b984-0420-40ab-aa48-08f592ee81c0 completed by vehicle veh34
[Midd4VCServer] job received: 6e531fc6-346f-49cd-affa-d82a919c6363
[Midd4VC] Job b6863e1d-c761-4e76-b11d-c614891afb2a timed out. Re-enqueueing.
[Midd4VC] Job 0e8055bd-5bf0-4d1d-837a-5e272a3b3f46 timed out. Re-enqueueing.
[Midd4VC] Job 9a2f19b4-2eb8-4cb3-9de6-35a99700c6d7 timed out. Re-enqueueing.
[Midd4VC] Job 1d01b019-008e-40b0-b6a3-7c8d4aa0716f timed out. Re-enqueueing.
[Midd4VCServer] Assigning job 1d01b019-008e-40b0-b6a3-7c8d4aa0716f to vehicle veh7
[Midd4VCServer] Assigning job 9a2f19b4-2eb8-4cb3-9de6-35a99700c6d7 to vehicle veh32
[Midd4VCServer] Assigning job 0e8055bd-5bf0-4d1d-837a-5e272a3b3f46 to vehicle veh39
[Midd4VCServer] Assigning job b6863e1d-c761-4e76-b11d-c614891afb2a to vehicle veh22
[Midd4VCServer] Assigning job 6e531fc6-346f-49cd-affa-d82a919c6363 to vehicle veh13
[Midd4VCServer] job 9a2f19b4-2eb8-4cb3-9de6-35a99700c6d7 completed by vehicle veh32
[Midd4VCServer] job received: e842312e-4878-4d5d-bba5-e19b43bdae40
[Midd4VCServer] Assigning job e842312e-4878-4d5d-bba5-e19b43bdae40 to vehicle veh32
[Midd4VCServer] job e842312e-4878-4d5d-bba5-e19b43bdae40 completed by vehicle veh32
[Midd4VCServer] job received: cbdb6eeb-3532-4526-84a5-d39fe18d00aa
[Midd4VCServer] Assigning job cbdb6eeb-3532-4526-84a5-d39fe18d00aa to vehicle veh32
[Midd4VCServer] job cbdb6eeb-3532-4526-84a5-d39fe18d00aa completed by vehicle veh32
[Midd4VCServer] Vehicle veh20 already registered.
[Midd4VCServer] Vehicle veh38 already registered.
[Midd4VCServer] job received: 2b0a1942-bb29-4740-b5a5-6e57c991d713
[Midd4VCServer] Assigning job 2b0a1942-bb29-4740-b5a5-6e57c991d713 to vehicle veh21
[Midd4VCServer] job 2b0a1942-bb29-4740-b5a5-6e57c991d713 completed by vehicle veh21
[Midd4VCServer] Vehicle veh34 already registered.
[Midd4VCServer] Vehicle veh26 already registered.
[Midd4VCServer] job received: 8e280377-1b02-41b3-9e3b-5bcc817c5995
[Midd4VCServer] Assigning job 8e280377-1b02-41b3-9e3b-5bcc817c5995 to vehicle veh18
[Midd4VCServer] Vehicle veh28 already registered.
[Midd4VCServer] job received: 2e81bfb2-fa48-4f1f-8b00-229acbdee13b
[Midd4VCServer] Assigning job 2e81bfb2-fa48-4f1f-8b00-229acbdee13b to vehicle veh19
[Midd4VCServer] job 2e81bfb2-fa48-4f1f-8b00-229acbdee13b completed by vehicle veh19
[Midd4VCServer] job received: c4e6ccc9-ca2c-440a-b756-3fcccc23e210
[Midd4VCServer] Assigning job c4e6ccc9-ca2c-440a-b756-3fcccc23e210 to vehicle veh24
[Midd4VCServer] Vehicle veh14 already registered.
[Midd4VCServer] Vehicle veh40 already registered.
[Midd4VCServer] Vehicle veh33 already registered.
[Midd4VCServer] job received: 4f0eafc2-fdcd-480d-bb4f-474ee8cfdcf9
[Midd4VC] Job 4fe94fa5-cd8d-448f-a8a5-533d54b2865c timed out. Re-enqueueing.
[Midd4VC] Job 9a3c4b64-abe0-4e4b-97ae-23fb9e72fda9 timed out. Re-enqueueing.
[Midd4VCServer] Assigning job 9a3c4b64-abe0-4e4b-97ae-23fb9e72fda9 to vehicle veh14
[Midd4VCServer] Assigning job 4fe94fa5-cd8d-448f-a8a5-533d54b2865c to vehicle veh8
[Midd4VCServer] Assigning job 4f0eafc2-fdcd-480d-bb4f-474ee8cfdcf9 to vehicle veh27
[Midd4VCServer] job 9a3c4b64-abe0-4e4b-97ae-23fb9e72fda9 completed by vehicle veh14
[Midd4VCServer] job 4f0eafc2-fdcd-480d-bb4f-474ee8cfdcf9 completed by vehicle veh27
[Midd4VCServer] job 4fe94fa5-cd8d-448f-a8a5-533d54b2865c completed by vehicle veh8
[Midd4VCServer] Vehicle veh27 already registered.
[Midd4VCServer] Vehicle veh15 already registered.
[Midd4VCServer] job received: e94166c7-ad4b-42c2-8e09-aacf68ad4696
[Midd4VCServer] Assigning job e94166c7-ad4b-42c2-8e09-aacf68ad4696 to vehicle veh14
[Midd4VCServer] job e94166c7-ad4b-42c2-8e09-aacf68ad4696 completed by vehicle veh14
[Midd4VCServer] Vehicle veh16 already registered.
[Midd4VCServer] Vehicle veh18 already registered.
[Midd4VCServer] Vehicle veh24 already registered.
[Midd4VCServer] Vehicle veh29 already registered.
[Midd4VCServer] Vehicle veh22 already registered.
[Midd4VCServer] job received: d7402fc7-3cd4-4bc4-8263-b75a2ca935e1
[Midd4VC] Job 3cbdb3bb-f1ea-4ea8-9c79-54dd1e41f1c3 timed out. Re-enqueueing.
[Midd4VC] Job 9eeb1145-0c8f-4cec-819b-8556650dcb2d timed out. Re-enqueueing.
[Midd4VC] Job 3f888b38-a724-4e39-8a9b-c99acfbd55bc timed out. Re-enqueueing.
[Midd4VCServer] Assigning job 3f888b38-a724-4e39-8a9b-c99acfbd55bc to vehicle veh14
[Midd4VCServer] Assigning job 9eeb1145-0c8f-4cec-819b-8556650dcb2d to vehicle veh8
[Midd4VCServer] Assigning job 3cbdb3bb-f1ea-4ea8-9c79-54dd1e41f1c3 to vehicle veh3
[Midd4VCServer] Assigning job d7402fc7-3cd4-4bc4-8263-b75a2ca935e1 to vehicle veh36
[Midd4VCServer] job 3f888b38-a724-4e39-8a9b-c99acfbd55bc completed by vehicle veh14
[Midd4VCServer] job 9eeb1145-0c8f-4cec-819b-8556650dcb2d completed by vehicle veh8
[Midd4VCServer] Vehicle veh12 already registered.
[Midd4VCServer] Vehicle veh14 already registered.
[Midd4VCServer] Vehicle veh25 already registered.
[Midd4VCServer] Vehicle veh5 already registered.
[Midd4VCServer] job received: 1384014b-f456-493d-922c-856aa38c251f
[Midd4VCServer] Assigning job 1384014b-f456-493d-922c-856aa38c251f to vehicle veh14
[Midd4VCServer] job 1384014b-f456-493d-922c-856aa38c251f completed by vehicle veh14
[Midd4VCServer] Vehicle veh1 already registered.
[Midd4VCServer] job received: 62cb8024-f2b8-4c37-9ac9-785934b58e42
[Midd4VC] Job 20ce9674-2488-4c18-92ea-02ce77700c60 timed out. Re-enqueueing.
[Midd4VCServer] Assigning job 20ce9674-2488-4c18-92ea-02ce77700c60 to vehicle veh14
[Midd4VCServer] Assigning job 62cb8024-f2b8-4c37-9ac9-785934b58e42 to vehicle veh29
[Midd4VCServer] job 20ce9674-2488-4c18-92ea-02ce77700c60 completed by vehicle veh14
[Midd4VCServer] job 62cb8024-f2b8-4c37-9ac9-785934b58e42 completed by vehicle veh29
[Midd4VCServer] job received: a8493ace-e922-4bb1-ab86-af4d5ef6d9f5
[Midd4VCServer] Assigning job a8493ace-e922-4bb1-ab86-af4d5ef6d9f5 to vehicle veh14
[Midd4VCServer] job a8493ace-e922-4bb1-ab86-af4d5ef6d9f5 completed by vehicle veh14
[Midd4VCServer] Vehicle veh37 already registered.
[Midd4VCServer] job received: 4e14e244-c423-416c-aac4-b532b68bac9d
[Midd4VCServer] Assigning job 4e14e244-c423-416c-aac4-b532b68bac9d to vehicle veh14
[Midd4VCServer] job 4e14e244-c423-416c-aac4-b532b68bac9d completed by vehicle veh14
[Midd4VCServer] job received: 21a9fae2-f971-4b0d-9086-9c66f34e1b06
[Midd4VCServer] Assigning job 21a9fae2-f971-4b0d-9086-9c66f34e1b06 to vehicle veh8
[Midd4VCServer] job received: 35452e20-da3c-43e8-a677-08a332278d28
[Midd4VCServer] Assigning job 35452e20-da3c-43e8-a677-08a332278d28 to vehicle veh25
[Midd4VCServer] Vehicle veh24 already registered.
[Midd4VCServer] Vehicle veh35 already registered.
[Midd4VCServer] Vehicle veh17 already registered.
[Midd4VCServer] Vehicle veh8 already registered.
[Midd4VCServer] job received: 5c97a341-3fd7-40d5-90e5-56fe7cea69be
[Midd4VC] Job 76a92d6e-3ea4-45df-bab0-790ac6f1c7c4 timed out. Re-enqueueing.
[Midd4VC] Job df58ada1-cb62-4fd0-a0c4-893b7fe1db89 timed out. Re-enqueueing.
[Midd4VC] Job 6f0e5dfd-cd8f-4f93-842f-ca2e88aa509f timed out. Re-enqueueing.
[Midd4VC] Job f84a9005-8878-4c68-a6eb-2b11d81af2d6 timed out. Re-enqueueing.
[Midd4VCServer] Assigning job f84a9005-8878-4c68-a6eb-2b11d81af2d6 to vehicle veh1
[Midd4VCServer] Assigning job 6f0e5dfd-cd8f-4f93-842f-ca2e88aa509f to vehicle veh26
[Midd4VCServer] Assigning job df58ada1-cb62-4fd0-a0c4-893b7fe1db89 to vehicle veh4
[Midd4VCServer] Assigning job 76a92d6e-3ea4-45df-bab0-790ac6f1c7c4 to vehicle veh14
[Midd4VCServer] Assigning job 5c97a341-3fd7-40d5-90e5-56fe7cea69be to vehicle veh38
[Midd4VCServer] job 76a92d6e-3ea4-45df-bab0-790ac6f1c7c4 completed by vehicle veh14
[Midd4VCServer] job f84a9005-8878-4c68-a6eb-2b11d81af2d6 completed by vehicle veh1
[Midd4VCServer] job 5c97a341-3fd7-40d5-90e5-56fe7cea69be completed by vehicle veh38
[Midd4VCServer] job received: 06d14af9-d3dc-4528-8770-3e6b317f66c3
[Midd4VCServer] Assigning job 06d14af9-d3dc-4528-8770-3e6b317f66c3 to vehicle veh1
[Midd4VCServer] job 06d14af9-d3dc-4528-8770-3e6b317f66c3 completed by vehicle veh1
[Midd4VCServer] job received: 924dd527-b571-4157-b95f-17917a0b88f4
[Midd4VC] Job 3a923967-c649-490c-8b3c-21a51b12efda timed out. Re-enqueueing.
[Midd4VC] Job a46c1e67-77e6-4978-945f-a1af9edf3f2f timed out. Re-enqueueing.
[Midd4VCServer] Assigning job a46c1e67-77e6-4978-945f-a1af9edf3f2f to vehicle veh1
[Midd4VCServer] Assigning job 3a923967-c649-490c-8b3c-21a51b12efda to vehicle veh2
[Midd4VCServer] Assigning job 924dd527-b571-4157-b95f-17917a0b88f4 to vehicle veh12
[Midd4VCServer] Vehicle veh22 already registered.
[Midd4VCServer] job received: 5988a834-a598-4b12-a91d-b0c7199b8338
[Midd4VCServer] Assigning job 5988a834-a598-4b12-a91d-b0c7199b8338 to vehicle veh29
[Midd4VCServer] job 5988a834-a598-4b12-a91d-b0c7199b8338 completed by vehicle veh29
[Midd4VCServer] job received: 6bf308af-12c3-46ec-bffa-b770bcd1bce8
[Midd4VCServer] Assigning job 6bf308af-12c3-46ec-bffa-b770bcd1bce8 to vehicle veh14
[Midd4VCServer] job 6bf308af-12c3-46ec-bffa-b770bcd1bce8 completed by vehicle veh14
[Midd4VCServer] Vehicle veh28 already registered.
[Midd4VCServer] job received: f0310824-e0f9-4228-bd67-15bff31a860a
[Midd4VC] Job a21359af-8b8b-4174-bb26-b2a6990d3b30 timed out. Re-enqueueing.
[Midd4VC] Job fb708ceb-7183-4202-9c7d-f014ca5ef90e timed out. Re-enqueueing.
[Midd4VC] Job a932a3ab-604b-4e74-96c6-ab5769b0e85c timed out. Re-enqueueing.
[Midd4VCServer] Assigning job a932a3ab-604b-4e74-96c6-ab5769b0e85c to vehicle veh10
[Midd4VCServer] Assigning job fb708ceb-7183-4202-9c7d-f014ca5ef90e to vehicle veh11
[Midd4VCServer] Assigning job a21359af-8b8b-4174-bb26-b2a6990d3b30 to vehicle veh35
[Midd4VCServer] Assigning job f0310824-e0f9-4228-bd67-15bff31a860a to vehicle veh38
[Midd4VCServer] Vehicle veh36 already registered.
[Midd4VCServer] Vehicle veh21 already registered.
[Midd4VCServer] job received: bd400e11-238c-4f87-953f-a5fa6283ba55
[Midd4VCServer] Assigning job bd400e11-238c-4f87-953f-a5fa6283ba55 to vehicle veh29
[Midd4VCServer] job bd400e11-238c-4f87-953f-a5fa6283ba55 completed by vehicle veh29
[Midd4VCServer] Vehicle veh4 already registered.
[Midd4VCServer] Vehicle veh34 already registered.
[Midd4VCServer] job received: 77922e1c-6a20-4e10-ae1e-36c6363eb30b
[Midd4VCServer] Assigning job 77922e1c-6a20-4e10-ae1e-36c6363eb30b to vehicle veh9
[Midd4VCServer] job received: 89cdb3c8-8def-42ca-9b78-04a9751168fe
[Midd4VCServer] Assigning job 89cdb3c8-8def-42ca-9b78-04a9751168fe to vehicle veh23
[Midd4VCServer] Vehicle veh13 already registered.
[Midd4VCServer] Vehicle veh8 already registered.
[Midd4VCServer] Vehicle veh31 already registered.
[Midd4VCServer] Vehicle veh2 already registered.
[Midd4VCServer] job received: 06811328-924b-4e09-a651-8c8bb4ef9639
[Midd4VCServer] Assigning job 06811328-924b-4e09-a651-8c8bb4ef9639 to vehicle veh20
[Midd4VCServer] job received: 8f4066e8-66b1-4a89-94d4-27911c647af8
[Midd4VCServer] Assigning job 8f4066e8-66b1-4a89-94d4-27911c647af8 to vehicle veh34
[Midd4VCServer] job 8f4066e8-66b1-4a89-94d4-27911c647af8 completed by vehicle veh34
[Midd4VCServer] job received: 8a81833f-2555-4919-833c-934820b7e671
[Midd4VCServer] Assigning job 8a81833f-2555-4919-833c-934820b7e671 to vehicle veh14
[Midd4VCServer] job 8a81833f-2555-4919-833c-934820b7e671 completed by vehicle veh14
[Midd4VCServer] job received: ec632cb6-c88e-4107-9e13-4f6335bc2b02
[Midd4VC] Job 12a85870-22a7-4804-b2a0-5183ef69c1c1 timed out. Re-enqueueing.
[Midd4VC] Job 0df87b63-6a5b-49c1-b465-be7eab753084 timed out. Re-enqueueing.
[Midd4VCServer] Assigning job 0df87b63-6a5b-49c1-b465-be7eab753084 to vehicle veh5
[Midd4VCServer] Assigning job 12a85870-22a7-4804-b2a0-5183ef69c1c1 to vehicle veh28
[Midd4VCServer] Assigning job ec632cb6-c88e-4107-9e13-4f6335bc2b02 to vehicle veh32
[Midd4VCServer] job 12a85870-22a7-4804-b2a0-5183ef69c1c1 completed by vehicle veh28
[Midd4VCServer] Vehicle veh25 already registered.
[Midd4VCServer] Vehicle veh7 already registered.
[Midd4VCServer] Vehicle veh9 already registered.
[Midd4VCServer] Vehicle veh29 already registered.
[Midd4VCServer] job received: a5486e16-771d-47b5-9f81-725fd311e3bc
[Midd4VCServer] Assigning job a5486e16-771d-47b5-9f81-725fd311e3bc to vehicle veh28
[Midd4VCServer] Vehicle veh2 already registered.
[Midd4VCServer] Vehicle veh20 already registered.
[Midd4VCServer] job received: f1d49084-6a54-4bc9-bb4b-b27403488d87
[Midd4VCServer] Assigning job f1d49084-6a54-4bc9-bb4b-b27403488d87 to vehicle veh31
[Midd4VCServer] Vehicle veh1 already registered.
[Midd4VCServer] job received: 4ce6712d-3e05-4ea3-a266-bba74a6ca764
[Midd4VCServer] Assigning job 4ce6712d-3e05-4ea3-a266-bba74a6ca764 to vehicle veh6
[Midd4VCServer] job 4ce6712d-3e05-4ea3-a266-bba74a6ca764 completed by vehicle veh6
[Midd4VCServer] job received: ffd0c141-b0d4-4965-a0de-6e9fec6ac1e2
[Midd4VC] Job e541af1f-7c2b-4b43-b215-53aa52b96621 timed out. Re-enqueueing.
[Midd4VCServer] Assigning job e541af1f-7c2b-4b43-b215-53aa52b96621 to vehicle veh33
[Midd4VCServer] Assigning job ffd0c141-b0d4-4965-a0de-6e9fec6ac1e2 to vehicle veh21
[Midd4VCServer] job ffd0c141-b0d4-4965-a0de-6e9fec6ac1e2 completed by vehicle veh21
[Midd4VCServer] job received: cf25f09a-4afb-4786-89a2-bb1fedf9d49b
[Midd4VCServer] Assigning job cf25f09a-4afb-4786-89a2-bb1fedf9d49b to vehicle veh19
[Midd4VCServer] Vehicle veh26 already registered.
[Midd4VCServer] Vehicle veh5 already registered.
[Midd4VCServer] Vehicle veh33 already registered.
[Midd4VCServer] job received: a9d5c411-67ff-4a81-ac4b-c5b73ba0d046
[Midd4VCServer] Assigning job a9d5c411-67ff-4a81-ac4b-c5b73ba0d046 to vehicle veh27
[Midd4VCServer] job received: 5b21f704-460b-458b-94cd-3292bdb0d711
[Midd4VCServer] Assigning job 5b21f704-460b-458b-94cd-3292bdb0d711 to vehicle veh29
[Midd4VCServer] Vehicle veh10 already registered.
[Midd4VCServer] Vehicle veh14 already registered.
[Midd4VCServer] Vehicle veh23 already registered.
[Midd4VCServer] job received: b8bf81a8-62be-4f99-a104-517320a393fd
[Midd4VC] Job 2fc7f705-962b-46e0-a3ac-b698456ebf20 timed out. Re-enqueueing.
[Midd4VCServer] Assigning job 2fc7f705-962b-46e0-a3ac-b698456ebf20 to vehicle veh15
[Midd4VCServer] Assigning job b8bf81a8-62be-4f99-a104-517320a393fd to vehicle veh34
[Midd4VCServer] job received: bb12ba3e-7fef-4ab8-b3d3-adfa0846de34
[Midd4VCServer] Assigning job bb12ba3e-7fef-4ab8-b3d3-adfa0846de34 to vehicle veh17
[Midd4VCServer] Vehicle veh11 already registered.
[Midd4VCServer] Vehicle veh38 already registered.
[Midd4VCServer] job received: 65e6774e-bd90-4f51-a9ee-38515419d129
[Midd4VCServer] Assigning job 65e6774e-bd90-4f51-a9ee-38515419d129 to vehicle veh14
[Midd4VCServer] job 65e6774e-bd90-4f51-a9ee-38515419d129 completed by vehicle veh14
[Midd4VCServer] Vehicle veh36 already registered.
[Midd4VCServer] Vehicle veh9 already registered.
[Midd4VCServer] Vehicle veh37 already registered.
[Midd4VCServer] job received: 073cde26-db50-4db8-a248-a15b957c0093
[Midd4VCServer] Assigning job 073cde26-db50-4db8-a248-a15b957c0093 to vehicle veh6
[Midd4VCServer] job 073cde26-db50-4db8-a248-a15b957c0093 completed by vehicle veh6
[Midd4VCServer] job received: 85e5a8f7-8ff8-4469-a12b-08e05607b1d6
[Midd4VCServer] Assigning job 85e5a8f7-8ff8-4469-a12b-08e05607b1d6 to vehicle veh21
[Midd4VCServer] Vehicle veh17 already registered.
[Midd4VCServer] Vehicle veh34 already registered.
[Midd4VCServer] job received: acd48d59-f2ac-43c2-a599-625e552740f3
[Midd4VC] Job df300759-5cd3-4204-b88b-ccd597deef81 timed out. Re-enqueueing.
[Midd4VCServer] Assigning job df300759-5cd3-4204-b88b-ccd597deef81 to vehicle veh30
[Midd4VCServer] Assigning job acd48d59-f2ac-43c2-a599-625e552740f3 to vehicle veh14
[Midd4VCServer] job acd48d59-f2ac-43c2-a599-625e552740f3 completed by vehicle veh14
[Midd4VCServer] Vehicle veh18 already registered.
[Midd4VCServer] Vehicle veh29 already registered.
[Midd4VCServer] job received: b9df4ec9-3d7e-4441-aad0-f26bf2237be2
[Midd4VC] Job 1d01b019-008e-40b0-b6a3-7c8d4aa0716f timed out. Re-enqueueing.
[Midd4VC] Job 0e8055bd-5bf0-4d1d-837a-5e272a3b3f46 timed out. Re-enqueueing.
[Midd4VC] Job b6863e1d-c761-4e76-b11d-c614891afb2a timed out. Re-enqueueing.
[Midd4VC] Job 6e531fc6-346f-49cd-affa-d82a919c6363 timed out. Re-enqueueing.
[Midd4VC] Job 8e280377-1b02-41b3-9e3b-5bcc817c5995 timed out. Re-enqueueing.
[Midd4VCServer] Assigning job 8e280377-1b02-41b3-9e3b-5bcc817c5995 to vehicle veh7
[Midd4VCServer] Assigning job 6e531fc6-346f-49cd-affa-d82a919c6363 to vehicle veh39
[Midd4VCServer] Assigning job b6863e1d-c761-4e76-b11d-c614891afb2a to vehicle veh22
[Midd4VCServer] Assigning job 0e8055bd-5bf0-4d1d-837a-5e272a3b3f46 to vehicle veh13
[Midd4VCServer] Assigning job 1d01b019-008e-40b0-b6a3-7c8d4aa0716f to vehicle veh18
[Midd4VCServer] Assigning job b9df4ec9-3d7e-4441-aad0-f26bf2237be2 to vehicle veh6
[Midd4VCServer] job 0e8055bd-5bf0-4d1d-837a-5e272a3b3f46 completed by vehicle veh13
[Midd4VCServer] job b6863e1d-c761-4e76-b11d-c614891afb2a completed by vehicle veh22
[Midd4VCServer] job 1d01b019-008e-40b0-b6a3-7c8d4aa0716f completed by vehicle veh18
[Midd4VCServer] job received: c02ee12c-446a-476d-bf25-d96fb8071610
[Midd4VCServer] Assigning job c02ee12c-446a-476d-bf25-d96fb8071610 to vehicle veh22
[Midd4VCServer] job c02ee12c-446a-476d-bf25-d96fb8071610 completed by vehicle veh22
[Midd4VCServer] Vehicle veh22 already registered.
[Midd4VCServer] job received: 7b9c4260-b44b-4d17-a799-0e3d7b6af307
[Midd4VCServer] Assigning job 7b9c4260-b44b-4d17-a799-0e3d7b6af307 to vehicle veh22
[Midd4VCServer] job 7b9c4260-b44b-4d17-a799-0e3d7b6af307 completed by vehicle veh22
[Midd4VCServer] job received: 99f05862-0f37-4f70-9578-ee3cf4695599
[Midd4VCServer] Assigning job 99f05862-0f37-4f70-9578-ee3cf4695599 to vehicle veh13
[Midd4VCServer] job 99f05862-0f37-4f70-9578-ee3cf4695599 completed by vehicle veh13
[Midd4VCServer] Vehicle veh2 already registered.
[Midd4VCServer] job received: 69bfb250-793f-457e-98e3-52aa0251d08e
[Midd4VC] Job c4e6ccc9-ca2c-440a-b756-3fcccc23e210 timed out. Re-enqueueing.
[Midd4VCServer] Assigning job c4e6ccc9-ca2c-440a-b756-3fcccc23e210 to vehicle veh24
[Midd4VCServer] Assigning job 69bfb250-793f-457e-98e3-52aa0251d08e to vehicle veh18
[Midd4VCServer] job 69bfb250-793f-457e-98e3-52aa0251d08e completed by vehicle veh18
[Midd4VCServer] job received: 9fc9e981-c0bb-4abb-8bbe-60c5f6ed2f33
[Midd4VCServer] Assigning job 9fc9e981-c0bb-4abb-8bbe-60c5f6ed2f33 to vehicle veh22
[Midd4VCServer] job 9fc9e981-c0bb-4abb-8bbe-60c5f6ed2f33 completed by vehicle veh22
[Midd4VCServer] Vehicle veh32 already registered.
[Midd4VCServer] job received: 6625da14-b77e-4986-bc53-017bcd55bde3
[Midd4VCServer] Assigning job 6625da14-b77e-4986-bc53-017bcd55bde3 to vehicle veh13
[Midd4VCServer] job 6625da14-b77e-4986-bc53-017bcd55bde3 completed by vehicle veh13
[Midd4VCServer] job received: 0a54c155-eddc-46c3-910e-f2cc32d89f8d
[Midd4VCServer] Assigning job 0a54c155-eddc-46c3-910e-f2cc32d89f8d to vehicle veh18
[Midd4VCServer] job 0a54c155-eddc-46c3-910e-f2cc32d89f8d completed by vehicle veh18
[Midd4VCServer] Vehicle veh21 already registered.
[Midd4VCServer] Vehicle veh9 already registered.
[Midd4VCServer] Vehicle veh1 already registered.
[Midd4VCServer] Vehicle veh14 already registered.
[Midd4VCServer] job received: 7d6d4a9c-bd2e-4e03-80ec-e0ddc7944949
[Midd4VCServer] Assigning job 7d6d4a9c-bd2e-4e03-80ec-e0ddc7944949 to vehicle veh22
[Midd4VCServer] job 7d6d4a9c-bd2e-4e03-80ec-e0ddc7944949 completed by vehicle veh22
[Midd4VCServer] job received: 2a64e881-7274-4ab5-b4f3-bbef2d2ba1c9
[Midd4VCServer] Assigning job 2a64e881-7274-4ab5-b4f3-bbef2d2ba1c9 to vehicle veh13
[Midd4VCServer] Vehicle veh12 already registered.
[Midd4VCServer] Vehicle veh33 already registered.
[Midd4VCServer] job received: ddb25afa-8f93-417b-b96c-6975333d7700
[Midd4VC] Job 3cbdb3bb-f1ea-4ea8-9c79-54dd1e41f1c3 timed out. Re-enqueueing.
[Midd4VC] Job d7402fc7-3cd4-4bc4-8263-b75a2ca935e1 timed out. Re-enqueueing.
[Midd4VCServer] Assigning job d7402fc7-3cd4-4bc4-8263-b75a2ca935e1 to vehicle veh3
[Midd4VCServer] Assigning job 3cbdb3bb-f1ea-4ea8-9c79-54dd1e41f1c3 to vehicle veh36
[Midd4VCServer] Assigning job ddb25afa-8f93-417b-b96c-6975333d7700 to vehicle veh18
[Midd4VCServer] job ddb25afa-8f93-417b-b96c-6975333d7700 completed by vehicle veh18
[Midd4VCServer] job received: ceab49ca-63d3-4af3-95da-c747c52e79cc
[Midd4VCServer] Assigning job ceab49ca-63d3-4af3-95da-c747c52e79cc to vehicle veh22
[Midd4VCServer] Vehicle veh7 already registered.
[Midd4VCServer] Vehicle veh6 already registered.
[Midd4VCServer] Vehicle veh31 already registered.
[Midd4VCServer] job received: 21a76086-171f-4d07-952a-b98ecafea6dc
[Midd4VCServer] Assigning job 21a76086-171f-4d07-952a-b98ecafea6dc to vehicle veh16
[Midd4VCServer] Vehicle veh13 already registered.
[Midd4VCServer] Vehicle veh39 already registered.
[Midd4VCServer] Vehicle veh22 already registered.
[Midd4VCServer] job received: bb77308c-7803-4568-8ac0-d51868037720
[Midd4VC] Job 21a9fae2-f971-4b0d-9086-9c66f34e1b06 timed out. Re-enqueueing.
[Midd4VC] Job 35452e20-da3c-43e8-a677-08a332278d28 timed out. Re-enqueueing.
[Midd4VCServer] Assigning job 35452e20-da3c-43e8-a677-08a332278d28 to vehicle veh8
[Midd4VCServer] Assigning job 21a9fae2-f971-4b0d-9086-9c66f34e1b06 to vehicle veh25
[Midd4VCServer] Assigning job bb77308c-7803-4568-8ac0-d51868037720 to vehicle veh14
[Midd4VCServer] job 35452e20-da3c-43e8-a677-08a332278d28 completed by vehicle veh8
[Midd4VCServer] job bb77308c-7803-4568-8ac0-d51868037720 completed by vehicle veh14
[Midd4VCServer] Vehicle veh29 already registered.
[Midd4VCServer] Vehicle veh8 already registered.
[Midd4VCServer] job received: 26cae561-cb74-489b-87b1-acdf24d8ccca
[Midd4VC] Job 6f0e5dfd-cd8f-4f93-842f-ca2e88aa509f timed out. Re-enqueueing.
[Midd4VC] Job df58ada1-cb62-4fd0-a0c4-893b7fe1db89 timed out. Re-enqueueing.
[Midd4VCServer] Assigning job df58ada1-cb62-4fd0-a0c4-893b7fe1db89 to vehicle veh26
[Midd4VCServer] Assigning job 6f0e5dfd-cd8f-4f93-842f-ca2e88aa509f to vehicle veh4
[Midd4VCServer] Assigning job 26cae561-cb74-489b-87b1-acdf24d8ccca to vehicle veh8
[Midd4VCServer] job received: df86125d-f125-4c20-afea-e5412f2c9897
[Midd4VC] Job a46c1e67-77e6-4978-945f-a1af9edf3f2f timed out. Re-enqueueing.
[Midd4VC] Job 3a923967-c649-490c-8b3c-21a51b12efda timed out. Re-enqueueing.
[Midd4VC] Job 924dd527-b571-4157-b95f-17917a0b88f4 timed out. Re-enqueueing.
[Midd4VCServer] Assigning job 924dd527-b571-4157-b95f-17917a0b88f4 to vehicle veh1
[Midd4VCServer] Assigning job 3a923967-c649-490c-8b3c-21a51b12efda to vehicle veh2
[Midd4VCServer] Assigning job a46c1e67-77e6-4978-945f-a1af9edf3f2f to vehicle veh12
[Midd4VCServer] Assigning job df86125d-f125-4c20-afea-e5412f2c9897 to vehicle veh18
[Midd4VCServer] job df86125d-f125-4c20-afea-e5412f2c9897 completed by vehicle veh18
[Midd4VCServer] job 924dd527-b571-4157-b95f-17917a0b88f4 completed by vehicle veh1
[Midd4VCServer] job received: d8ac21b3-3370-47f8-a4c0-ee1f0c7cf637
[Midd4VCServer] Assigning job d8ac21b3-3370-47f8-a4c0-ee1f0c7cf637 to vehicle veh1
[Midd4VCServer] job d8ac21b3-3370-47f8-a4c0-ee1f0c7cf637 completed by vehicle veh1
[Midd4VCServer] job received: 73e4b3e5-471f-4fd7-864e-74ed7fd14208
[Midd4VCServer] Assigning job 73e4b3e5-471f-4fd7-864e-74ed7fd14208 to vehicle veh1
[Midd4VCServer] job 73e4b3e5-471f-4fd7-864e-74ed7fd14208 completed by vehicle veh1
[Midd4VCServer] job received: 1ad052b3-ad5c-4602-8bb5-1569e56acead
[Midd4VCServer] Assigning job 1ad052b3-ad5c-4602-8bb5-1569e56acead to vehicle veh1
[Midd4VCServer] job 1ad052b3-ad5c-4602-8bb5-1569e56acead completed by vehicle veh1
[Midd4VCServer] Vehicle veh26 already registered.
[Midd4VCServer] Vehicle veh8 already registered.
[Midd4VCServer] job received: 0c7b0d41-26b3-4c4b-a609-93f6ea457529
[Midd4VCServer] Assigning job 0c7b0d41-26b3-4c4b-a609-93f6ea457529 to vehicle veh1
[Midd4VCServer] job 0c7b0d41-26b3-4c4b-a609-93f6ea457529 completed by vehicle veh1
[Midd4VCServer] job received: 7f5a18c6-bb96-4fbf-b0e6-82221a0c37e7
[Midd4VCServer] Assigning job 7f5a18c6-bb96-4fbf-b0e6-82221a0c37e7 to vehicle veh1
[Midd4VCServer] job 7f5a18c6-bb96-4fbf-b0e6-82221a0c37e7 completed by vehicle veh1
[Midd4VCServer] Vehicle veh24 already registered.
[Midd4VCServer] job received: d2ee954b-8b4d-45aa-8154-9b745b614a8e
[Midd4VCServer] Assigning job d2ee954b-8b4d-45aa-8154-9b745b614a8e to vehicle veh1
[Midd4VCServer] job d2ee954b-8b4d-45aa-8154-9b745b614a8e completed by vehicle veh1
[Midd4VCServer] Vehicle veh16 already registered.
[Midd4VCServer] Vehicle veh25 already registered.
[Midd4VCServer] Vehicle veh23 already registered.
[Midd4VCServer] Vehicle veh36 already registered.
[Midd4VCServer] job received: c620e664-ec54-4509-8ce3-5a16e4ee2eb7
[Midd4VC] Job a932a3ab-604b-4e74-96c6-ab5769b0e85c timed out. Re-enqueueing.
[Midd4VC] Job fb708ceb-7183-4202-9c7d-f014ca5ef90e timed out. Re-enqueueing.
[Midd4VC] Job a21359af-8b8b-4174-bb26-b2a6990d3b30 timed out. Re-enqueueing.
[Midd4VC] Job f0310824-e0f9-4228-bd67-15bff31a860a timed out. Re-enqueueing.
[Midd4VC] Job 77922e1c-6a20-4e10-ae1e-36c6363eb30b timed out. Re-enqueueing.
[Midd4VC] Job 89cdb3c8-8def-42ca-9b78-04a9751168fe timed out. Re-enqueueing.
[Midd4VCServer] Assigning job 89cdb3c8-8def-42ca-9b78-04a9751168fe to vehicle veh10
[Midd4VCServer] Assigning job 77922e1c-6a20-4e10-ae1e-36c6363eb30b to vehicle veh11
[Midd4VCServer] Assigning job f0310824-e0f9-4228-bd67-15bff31a860a to vehicle veh35
[Midd4VCServer] Assigning job a21359af-8b8b-4174-bb26-b2a6990d3b30 to vehicle veh38
[Midd4VCServer] Assigning job fb708ceb-7183-4202-9c7d-f014ca5ef90e to vehicle veh9
[Midd4VCServer] Assigning job a932a3ab-604b-4e74-96c6-ab5769b0e85c to vehicle veh23
[Midd4VCServer] Assigning job c620e664-ec54-4509-8ce3-5a16e4ee2eb7 to vehicle veh1
[Midd4VCServer] job a932a3ab-604b-4e74-96c6-ab5769b0e85c completed by vehicle veh23
[Midd4VCServer] job c620e664-ec54-4509-8ce3-5a16e4ee2eb7 completed by vehicle veh1
[Midd4VCServer] Vehicle veh12 already registered.
[Midd4VCServer] job received: a4baa7d4-4db0-4295-b009-728a4caf2897
[Midd4VC] Job 06811328-924b-4e09-a651-8c8bb4ef9639 timed out. Re-enqueueing.
[Midd4VCServer] Assigning job 06811328-924b-4e09-a651-8c8bb4ef9639 to vehicle veh20
[Midd4VCServer] Assigning job a4baa7d4-4db0-4295-b009-728a4caf2897 to vehicle veh23
[Midd4VCServer] job 06811328-924b-4e09-a651-8c8bb4ef9639 completed by vehicle veh20
[Midd4VCServer] job a4baa7d4-4db0-4295-b009-728a4caf2897 completed by vehicle veh23
[Midd4VCServer] job received: a0cdb1d8-1263-478c-a25e-7f87c76287b7
[Midd4VC] Job 0df87b63-6a5b-49c1-b465-be7eab753084 timed out. Re-enqueueing.
[Midd4VC] Job ec632cb6-c88e-4107-9e13-4f6335bc2b02 timed out. Re-enqueueing.
[Midd4VCServer] Assigning job ec632cb6-c88e-4107-9e13-4f6335bc2b02 to vehicle veh5
[Midd4VCServer] Assigning job 0df87b63-6a5b-49c1-b465-be7eab753084 to vehicle veh32
[Midd4VCServer] Assigning job a0cdb1d8-1263-478c-a25e-7f87c76287b7 to vehicle veh20
[Midd4VCServer] job 0df87b63-6a5b-49c1-b465-be7eab753084 completed by vehicle veh32
[Midd4VCServer] job a0cdb1d8-1263-478c-a25e-7f87c76287b7 completed by vehicle veh20
[Midd4VCServer] job received: 6cb8dc3c-1d76-4c52-9388-4092854d23ee
[Midd4VCServer] Assigning job 6cb8dc3c-1d76-4c52-9388-4092854d23ee to vehicle veh32
[Midd4VCServer] job 6cb8dc3c-1d76-4c52-9388-4092854d23ee completed by vehicle veh32
[Midd4VCServer] job received: fe293729-a17e-4f62-a652-ce3629a422cc
[Midd4VCServer] Assigning job fe293729-a17e-4f62-a652-ce3629a422cc to vehicle veh23
[Midd4VCServer] job fe293729-a17e-4f62-a652-ce3629a422cc completed by vehicle veh23
[Midd4VCServer] job received: 3f3d22b4-5abc-4265-90ac-46964e66dc5b
[Midd4VCServer] Assigning job 3f3d22b4-5abc-4265-90ac-46964e66dc5b to vehicle veh20
[Midd4VCServer] job 3f3d22b4-5abc-4265-90ac-46964e66dc5b completed by vehicle veh20
[Midd4VCServer] Vehicle veh32 already registered.
[Midd4VCServer] job received: 0b569297-5d77-4ddc-a195-8c845c163618
[Midd4VC] Job a5486e16-771d-47b5-9f81-725fd311e3bc timed out. Re-enqueueing.
[Midd4VCServer] Assigning job a5486e16-771d-47b5-9f81-725fd311e3bc to vehicle veh28
[Midd4VCServer] Assigning job 0b569297-5d77-4ddc-a195-8c845c163618 to vehicle veh32
[Midd4VCServer] job 0b569297-5d77-4ddc-a195-8c845c163618 completed by vehicle veh32
[Midd4VCServer] Vehicle veh2 already registered.
[Midd4VCServer] job received: 8084b04c-85f4-4ed1-bfc8-8418c266b9b8
[Midd4VC] Job f1d49084-6a54-4bc9-bb4b-b27403488d87 timed out. Re-enqueueing.
[Midd4VCServer] Assigning job f1d49084-6a54-4bc9-bb4b-b27403488d87 to vehicle veh31
[Midd4VCServer] Assigning job 8084b04c-85f4-4ed1-bfc8-8418c266b9b8 to vehicle veh1
[Midd4VCServer] job received: ee77edb0-8108-4bdc-8f4a-ec719de156a3
[Midd4VCServer] Assigning job ee77edb0-8108-4bdc-8f4a-ec719de156a3 to vehicle veh23
[Midd4VCServer] job ee77edb0-8108-4bdc-8f4a-ec719de156a3 completed by vehicle veh23
[Midd4VCServer] Vehicle veh35 already registered.
[Midd4VCServer] Vehicle veh4 already registered.
[Midd4VCServer] Vehicle veh28 already registered.
[Midd4VCServer] job received: 358e68b5-6b62-48f5-86e5-c719dca93254
[Midd4VC] Job e541af1f-7c2b-4b43-b215-53aa52b96621 timed out. Re-enqueueing.
[Midd4VCServer] Assigning job e541af1f-7c2b-4b43-b215-53aa52b96621 to vehicle veh33
[Midd4VCServer] Assigning job 358e68b5-6b62-48f5-86e5-c719dca93254 to vehicle veh20
[Midd4VCServer] job e541af1f-7c2b-4b43-b215-53aa52b96621 completed by vehicle veh33
[Midd4VCServer] job 358e68b5-6b62-48f5-86e5-c719dca93254 completed by vehicle veh20
[Midd4VCServer] job received: ffb816b6-9e56-457a-bc79-d4b560fedc12
[Midd4VCServer] Assigning job ffb816b6-9e56-457a-bc79-d4b560fedc12 to vehicle veh33
[Midd4VCServer] job ffb816b6-9e56-457a-bc79-d4b560fedc12 completed by vehicle veh33
[Midd4VCServer] Vehicle veh19 already registered.
[Midd4VCServer] Vehicle veh9 already registered.
[Midd4VCServer] Vehicle veh11 already registered.
[Midd4VCServer] Vehicle veh16 already registered.
[Midd4VCServer] job received: b660cab6-617a-4685-bd2b-14601a5df426
[Midd4VC] Job cf25f09a-4afb-4786-89a2-bb1fedf9d49b timed out. Re-enqueueing.
[Midd4VC] Job a9d5c411-67ff-4a81-ac4b-c5b73ba0d046 timed out. Re-enqueueing.
[Midd4VC] Job 5b21f704-460b-458b-94cd-3292bdb0d711 timed out. Re-enqueueing.
[Midd4VC] Job 2fc7f705-962b-46e0-a3ac-b698456ebf20 timed out. Re-enqueueing.
[Midd4VC] Job b8bf81a8-62be-4f99-a104-517320a393fd timed out. Re-enqueueing.
[Midd4VC] Job bb12ba3e-7fef-4ab8-b3d3-adfa0846de34 timed out. Re-enqueueing.
[Midd4VCServer] Assigning job bb12ba3e-7fef-4ab8-b3d3-adfa0846de34 to vehicle veh15
[Midd4VCServer] Assigning job b8bf81a8-62be-4f99-a104-517320a393fd to vehicle veh19
[Midd4VCServer] Assigning job 2fc7f705-962b-46e0-a3ac-b698456ebf20 to vehicle veh27
[Midd4VCServer] Assigning job 5b21f704-460b-458b-94cd-3292bdb0d711 to vehicle veh29
[Midd4VCServer] Assigning job a9d5c411-67ff-4a81-ac4b-c5b73ba0d046 to vehicle veh33
[Midd4VCServer] Assigning job cf25f09a-4afb-4786-89a2-bb1fedf9d49b to vehicle veh34
[Midd4VCServer] Assigning job b660cab6-617a-4685-bd2b-14601a5df426 to vehicle veh17
[Midd4VCServer] job b8bf81a8-62be-4f99-a104-517320a393fd completed by vehicle veh19
[Midd4VCServer] job a9d5c411-67ff-4a81-ac4b-c5b73ba0d046 completed by vehicle veh33
[Midd4VCServer] job received: 9d424927-b309-4d3a-bee2-76669d2a654a
[Midd4VCServer] Assigning job 9d424927-b309-4d3a-bee2-76669d2a654a to vehicle veh19
[Midd4VCServer] job 9d424927-b309-4d3a-bee2-76669d2a654a completed by vehicle veh19
[Midd4VCServer] job received: 1c56c980-4926-4950-9a7e-95321f2d8604
[Midd4VCServer] Assigning job 1c56c980-4926-4950-9a7e-95321f2d8604 to vehicle veh33
[Midd4VCServer] job 1c56c980-4926-4950-9a7e-95321f2d8604 completed by vehicle veh33
[Midd4VCServer] job received: a190e3ee-787e-45f7-9451-ae3d3ab97363
[Midd4VCServer] Assigning job a190e3ee-787e-45f7-9451-ae3d3ab97363 to vehicle veh19
[Midd4VCServer] job a190e3ee-787e-45f7-9451-ae3d3ab97363 completed by vehicle veh19
[Midd4VCServer] Vehicle veh3 already registered.
[Midd4VCServer] Vehicle veh39 already registered.
[Midd4VCServer] Vehicle veh29 already registered.
[Midd4VCServer] job received: 52d13a81-55f1-4290-81ea-b040e414ef71
[Midd4VC] Job 85e5a8f7-8ff8-4469-a12b-08e05607b1d6 timed out. Re-enqueueing.
[Midd4VCServer] Assigning job 85e5a8f7-8ff8-4469-a12b-08e05607b1d6 to vehicle veh21
[Midd4VCServer] Assigning job 52d13a81-55f1-4290-81ea-b040e414ef71 to vehicle veh33
[Midd4VCServer] job received: 10f35ac1-f9cb-4364-9b3b-44a9f771e83d
[Midd4VC] Job df300759-5cd3-4204-b88b-ccd597deef81 timed out. Re-enqueueing.
[Midd4VCServer] Assigning job df300759-5cd3-4204-b88b-ccd597deef81 to vehicle veh30
[Midd4VCServer] Assigning job 10f35ac1-f9cb-4364-9b3b-44a9f771e83d to vehicle veh32
[Midd4VCServer] Vehicle veh23 already registered.
[Midd4VCServer] job received: 4f5b5335-1950-4f9c-a596-478b8fd0f0c2
[Midd4VCServer] Assigning job 4f5b5335-1950-4f9c-a596-478b8fd0f0c2 to vehicle veh19
[Midd4VCServer] job 4f5b5335-1950-4f9c-a596-478b8fd0f0c2 completed by vehicle veh19
[Midd4VCServer] Vehicle veh8 already registered.
[Midd4VCServer] job received: 442a9c73-e0e1-4314-8b45-7a60f4283258
[Midd4VCServer] Assigning job 442a9c73-e0e1-4314-8b45-7a60f4283258 to vehicle veh23
[Midd4VCServer] job 442a9c73-e0e1-4314-8b45-7a60f4283258 completed by vehicle veh23
[Midd4VCServer] job received: a61f820c-b6bf-470a-9fd0-978479633a7b
[Midd4VCServer] Assigning job a61f820c-b6bf-470a-9fd0-978479633a7b to vehicle veh20
[Midd4VCServer] job received: c1564ac8-187e-4688-9302-589c1fcf03c2
[Midd4VCServer] Assigning job c1564ac8-187e-4688-9302-589c1fcf03c2 to vehicle veh14
[Midd4VCServer] Vehicle veh40 already registered.
[Midd4VCServer] Vehicle veh26 already registered.
[Midd4VCServer] Vehicle veh33 already registered.
[Midd4VCServer] Vehicle veh7 already registered.
[Midd4VCServer] job received: 3d97b426-a13e-4fb0-9635-03f2cfc60c2d
[Midd4VC] Job 8e280377-1b02-41b3-9e3b-5bcc817c5995 timed out. Re-enqueueing.
[Midd4VC] Job 6e531fc6-346f-49cd-affa-d82a919c6363 timed out. Re-enqueueing.
[Midd4VC] Job b9df4ec9-3d7e-4441-aad0-f26bf2237be2 timed out. Re-enqueueing.
[Midd4VCServer] Assigning job b9df4ec9-3d7e-4441-aad0-f26bf2237be2 to vehicle veh7
[Midd4VCServer] Assigning job 6e531fc6-346f-49cd-affa-d82a919c6363 to vehicle veh39
[Midd4VCServer] Assigning job 8e280377-1b02-41b3-9e3b-5bcc817c5995 to vehicle veh6
[Midd4VCServer] Assigning job 3d97b426-a13e-4fb0-9635-03f2cfc60c2d to vehicle veh18
[Midd4VCServer] job b9df4ec9-3d7e-4441-aad0-f26bf2237be2 completed by vehicle veh7
[Midd4VCServer] job 6e531fc6-346f-49cd-affa-d82a919c6363 completed by vehicle veh39
[Midd4VCServer] Vehicle veh8 already registered.
[Midd4VCServer] job received: 03b3d06b-fc47-4941-acf0-477d82650425
[Midd4VCServer] Assigning job 03b3d06b-fc47-4941-acf0-477d82650425 to vehicle veh7
[Midd4VCServer] job 03b3d06b-fc47-4941-acf0-477d82650425 completed by vehicle veh7
[Midd4VCServer] job received: 40137cbc-7084-495f-96e9-071cb9e46dcc
[Midd4VCServer] Assigning job 40137cbc-7084-495f-96e9-071cb9e46dcc to vehicle veh7
[Midd4VCServer] job 40137cbc-7084-495f-96e9-071cb9e46dcc completed by vehicle veh7
[Midd4VCServer] Vehicle veh21 already registered.
[Midd4VCServer] Vehicle veh1 already registered.
[Midd4VCServer] job received: ea55e4e5-fa97-4428-97ce-f627f7820f07
[Midd4VC] Job c4e6ccc9-ca2c-440a-b756-3fcccc23e210 timed out. Re-enqueueing.
[Midd4VCServer] Assigning job c4e6ccc9-ca2c-440a-b756-3fcccc23e210 to vehicle veh7
[Midd4VCServer] Assigning job ea55e4e5-fa97-4428-97ce-f627f7820f07 to vehicle veh39
[Midd4VCServer] job c4e6ccc9-ca2c-440a-b756-3fcccc23e210 completed by vehicle veh7
[Midd4VCServer] job ea55e4e5-fa97-4428-97ce-f627f7820f07 completed by vehicle veh39
[Midd4VCServer] job received: d8108e29-7a6f-4b6e-be61-d2b85a2e7b07
[Midd4VCServer] Assigning job d8108e29-7a6f-4b6e-be61-d2b85a2e7b07 to vehicle veh7
[Midd4VCServer] job d8108e29-7a6f-4b6e-be61-d2b85a2e7b07 completed by vehicle veh7
[Midd4VCServer] job received: af1986a8-8f35-4a29-b8c3-29e573f30964
[Midd4VCServer] Assigning job af1986a8-8f35-4a29-b8c3-29e573f30964 to vehicle veh7
[Midd4VCServer] job af1986a8-8f35-4a29-b8c3-29e573f30964 completed by vehicle veh7
[Midd4VCServer] Vehicle veh35 already registered.
[Midd4VCServer] Vehicle veh32 already registered.
[Midd4VCServer] job received: eef613a7-08d8-4383-ba32-59619bc9714c
[Midd4VCServer] Assigning job eef613a7-08d8-4383-ba32-59619bc9714c to vehicle veh39
[Midd4VCServer] job eef613a7-08d8-4383-ba32-59619bc9714c completed by vehicle veh39
[Midd4VCServer] job received: b6f56c6f-621e-429e-b59b-263799c8f180
[Midd4VC] Job 2a64e881-7274-4ab5-b4f3-bbef2d2ba1c9 timed out. Re-enqueueing.
[Midd4VCServer] Assigning job 2a64e881-7274-4ab5-b4f3-bbef2d2ba1c9 to vehicle veh24
[Midd4VCServer] Assigning job b6f56c6f-621e-429e-b59b-263799c8f180 to vehicle veh7
[Midd4VCServer] job b6f56c6f-621e-429e-b59b-263799c8f180 completed by vehicle veh7
[Midd4VCServer] Vehicle veh22 already registered.
[Midd4VCServer] job received: 7bb92c58-43cf-4502-a966-ee96f2eabd62
[Midd4VC] Job d7402fc7-3cd4-4bc4-8263-b75a2ca935e1 timed out. Re-enqueueing.
[Midd4VC] Job 3cbdb3bb-f1ea-4ea8-9c79-54dd1e41f1c3 timed out. Re-enqueueing.
[Midd4VC] Job ceab49ca-63d3-4af3-95da-c747c52e79cc timed out. Re-enqueueing.
[Midd4VCServer] Assigning job ceab49ca-63d3-4af3-95da-c747c52e79cc to vehicle veh3
[Midd4VCServer] Assigning job 3cbdb3bb-f1ea-4ea8-9c79-54dd1e41f1c3 to vehicle veh36
[Midd4VCServer] Assigning job d7402fc7-3cd4-4bc4-8263-b75a2ca935e1 to vehicle veh39
[Midd4VCServer] Assigning job 7bb92c58-43cf-4502-a966-ee96f2eabd62 to vehicle veh7
[Midd4VCServer] job 3cbdb3bb-f1ea-4ea8-9c79-54dd1e41f1c3 completed by vehicle veh36
[Midd4VCServer] job 7bb92c58-43cf-4502-a966-ee96f2eabd62 completed by vehicle veh7
[Midd4VCServer] Vehicle veh18 already registered.
[Midd4VCServer] job received: ff4e2eda-4744-47a4-937e-5b9ff5ade9a8
[Midd4VCServer] Assigning job ff4e2eda-4744-47a4-937e-5b9ff5ade9a8 to vehicle veh36
[Midd4VCServer] job ff4e2eda-4744-47a4-937e-5b9ff5ade9a8 completed by vehicle veh36
[Midd4VCServer] job received: 804d0539-58d9-4cf7-9e34-c60dff148eba
[Midd4VCServer] Assigning job 804d0539-58d9-4cf7-9e34-c60dff148eba to vehicle veh36
[Midd4VCServer] job 804d0539-58d9-4cf7-9e34-c60dff148eba completed by vehicle veh36
[Midd4VCServer] Vehicle veh13 already registered.
[Midd4VCServer] Vehicle veh4 already registered.
[Midd4VCServer] job received: 573e3e7b-bc51-41dd-b54e-ae5cc78b0083
[Midd4VC] Job 21a76086-171f-4d07-952a-b98ecafea6dc timed out. Re-enqueueing.
[Midd4VCServer] Assigning job 21a76086-171f-4d07-952a-b98ecafea6dc to vehicle veh36
[Midd4VCServer] Assigning job 573e3e7b-bc51-41dd-b54e-ae5cc78b0083 to vehicle veh13
[Midd4VCServer] job 21a76086-171f-4d07-952a-b98ecafea6dc completed by vehicle veh36
[Midd4VCServer] job 573e3e7b-bc51-41dd-b54e-ae5cc78b0083 completed by vehicle veh13
[Midd4VCServer] Vehicle veh38 already registered.
[Midd4VCServer] job received: a5732826-8274-48d8-8c55-fe0035ab4b84
[Midd4VC] Job 21a9fae2-f971-4b0d-9086-9c66f34e1b06 timed out. Re-enqueueing.
[Midd4VCServer] Assigning job 21a9fae2-f971-4b0d-9086-9c66f34e1b06 to vehicle veh25
[Midd4VCServer] Assigning job a5732826-8274-48d8-8c55-fe0035ab4b84 to vehicle veh36
[Midd4VCServer] job a5732826-8274-48d8-8c55-fe0035ab4b84 completed by vehicle veh36
[Midd4VCServer] job received: bcb72d9e-64e8-455c-a58e-f6d51ae477cb
[Midd4VCServer] Assigning job bcb72d9e-64e8-455c-a58e-f6d51ae477cb to vehicle veh7
[Midd4VCServer] job received: f3d31bc1-3b90-483c-b79c-dffb2a59c8b2
[Midd4VCServer] Assigning job f3d31bc1-3b90-483c-b79c-dffb2a59c8b2 to vehicle veh22
[Midd4VCServer] Vehicle veh30 already registered.
[Midd4VCServer] Vehicle veh25 already registered.
[Midd4VCServer] job received: dbaf9719-44d5-4e9b-a3e2-84c88a5c16c8
[Midd4VC] Job df58ada1-cb62-4fd0-a0c4-893b7fe1db89 timed out. Re-enqueueing.
[Midd4VC] Job 6f0e5dfd-cd8f-4f93-842f-ca2e88aa509f timed out. Re-enqueueing.
[Midd4VC] Job 26cae561-cb74-489b-87b1-acdf24d8ccca timed out. Re-enqueueing.
[Midd4VC] Job 3a923967-c649-490c-8b3c-21a51b12efda timed out. Re-enqueueing.
[Midd4VC] Job a46c1e67-77e6-4978-945f-a1af9edf3f2f timed out. Re-enqueueing.
[Midd4VCServer] Assigning job a46c1e67-77e6-4978-945f-a1af9edf3f2f to vehicle veh26
[Midd4VCServer] Assigning job 3a923967-c649-490c-8b3c-21a51b12efda to vehicle veh4
[Midd4VCServer] Assigning job 26cae561-cb74-489b-87b1-acdf24d8ccca to vehicle veh2
[Midd4VCServer] Assigning job 6f0e5dfd-cd8f-4f93-842f-ca2e88aa509f to vehicle veh12
[Midd4VCServer] Assigning job df58ada1-cb62-4fd0-a0c4-893b7fe1db89 to vehicle veh8
[Midd4VCServer] Assigning job dbaf9719-44d5-4e9b-a3e2-84c88a5c16c8 to vehicle veh16
[Midd4VCServer] job 3a923967-c649-490c-8b3c-21a51b12efda completed by vehicle veh4
[Midd4VCServer] job received: b1acbdcb-9909-49fb-b411-c6390a292705
[Midd4VCServer] Assigning job b1acbdcb-9909-49fb-b411-c6390a292705 to vehicle veh4
[Midd4VCServer] job b1acbdcb-9909-49fb-b411-c6390a292705 completed by vehicle veh4
[Midd4VCServer] job received: 0d310b08-515f-49ce-a0be-d80757428b7e
[Midd4VCServer] Assigning job 0d310b08-515f-49ce-a0be-d80757428b7e to vehicle veh4
[Midd4VCServer] job 0d310b08-515f-49ce-a0be-d80757428b7e completed by vehicle veh4
[Midd4VCServer] job received: dc096b3a-eeef-459e-9e62-135554fd823a
[Midd4VCServer] Assigning job dc096b3a-eeef-459e-9e62-135554fd823a to vehicle veh4
[Midd4VCServer] job dc096b3a-eeef-459e-9e62-135554fd823a completed by vehicle veh4
[Midd4VCServer] job received: e4f4d925-6b5b-4060-b80c-d21b66eb971e
[Midd4VCServer] Assigning job e4f4d925-6b5b-4060-b80c-d21b66eb971e to vehicle veh4
[Midd4VCServer] job e4f4d925-6b5b-4060-b80c-d21b66eb971e completed by vehicle veh4
[Midd4VCServer] job received: 3d5a6d10-cc1b-4921-b344-4bf676993021
[Midd4VCServer] Assigning job 3d5a6d10-cc1b-4921-b344-4bf676993021 to vehicle veh4
[Midd4VCServer] job 3d5a6d10-cc1b-4921-b344-4bf676993021 completed by vehicle veh4
[Midd4VCServer] Vehicle veh14 already registered.
[Midd4VCServer] Vehicle veh31 already registered.
[Midd4VCServer] job received: 681ba50d-cbeb-4991-8902-fc7c47995780
[Midd4VCServer] Assigning job 681ba50d-cbeb-4991-8902-fc7c47995780 to vehicle veh4
[Midd4VCServer] job 681ba50d-cbeb-4991-8902-fc7c47995780 completed by vehicle veh4
[Midd4VCServer] Vehicle veh29 already registered.
[Midd4VCServer] Vehicle veh28 already registered.
[Midd4VCServer] Vehicle veh15 already registered.
[Midd4VCServer] job received: 08889055-8550-4a11-97db-427850c98839
[Midd4VC] Job 89cdb3c8-8def-42ca-9b78-04a9751168fe timed out. Re-enqueueing.
[Midd4VC] Job 77922e1c-6a20-4e10-ae1e-36c6363eb30b timed out. Re-enqueueing.
[Midd4VC] Job f0310824-e0f9-4228-bd67-15bff31a860a timed out. Re-enqueueing.
[Midd4VC] Job a21359af-8b8b-4174-bb26-b2a6990d3b30 timed out. Re-enqueueing.
[Midd4VC] Job fb708ceb-7183-4202-9c7d-f014ca5ef90e timed out. Re-enqueueing.
[Midd4VCServer] Assigning job fb708ceb-7183-4202-9c7d-f014ca5ef90e to vehicle veh10
[Midd4VCServer] Assigning job a21359af-8b8b-4174-bb26-b2a6990d3b30 to vehicle veh11
[Midd4VCServer] Assigning job f0310824-e0f9-4228-bd67-15bff31a860a to vehicle veh35
[Midd4VCServer] Assigning job 77922e1c-6a20-4e10-ae1e-36c6363eb30b to vehicle veh38
[Midd4VCServer] Assigning job 89cdb3c8-8def-42ca-9b78-04a9751168fe to vehicle veh9
[Midd4VCServer] Assigning job 08889055-8550-4a11-97db-427850c98839 to vehicle veh4
[Midd4VCServer] job f0310824-e0f9-4228-bd67-15bff31a860a completed by vehicle veh35
[Midd4VCServer] job 08889055-8550-4a11-97db-427850c98839 completed by vehicle veh4
[Midd4VCServer] job a21359af-8b8b-4174-bb26-b2a6990d3b30 completed by vehicle veh11
[Midd4VCServer] job 89cdb3c8-8def-42ca-9b78-04a9751168fe completed by vehicle veh9
[Midd4VCServer] job received: a90e1433-9c60-4b8f-aa74-f45e159e985a
[Midd4VCServer] Assigning job a90e1433-9c60-4b8f-aa74-f45e159e985a to vehicle veh11
[Midd4VCServer] job a90e1433-9c60-4b8f-aa74-f45e159e985a completed by vehicle veh11
[Midd4VCServer] job received: 793a2921-42cb-4d5f-8c0e-3b0b37408151
[Midd4VCServer] Assigning job 793a2921-42cb-4d5f-8c0e-3b0b37408151 to vehicle veh35
[Midd4VCServer] job 793a2921-42cb-4d5f-8c0e-3b0b37408151 completed by vehicle veh35
[Midd4VCServer] Vehicle veh9 already registered.
[Midd4VCServer] Vehicle veh17 already registered.
[Midd4VCServer] Vehicle veh11 already registered.
[Midd4VCServer] Vehicle veh16 already registered.
[Midd4VCServer] job received: e1a93a0d-c16d-4f00-bfd3-9b642b80a093
[Midd4VCServer] Assigning job e1a93a0d-c16d-4f00-bfd3-9b642b80a093 to vehicle veh11
[Midd4VCServer] job e1a93a0d-c16d-4f00-bfd3-9b642b80a093 completed by vehicle veh11
[Midd4VCServer] Vehicle veh32 already registered.
[Midd4VCServer] job received: 5705490d-51ea-406b-a9b9-9e9c3ec65cbe
[Midd4VCServer] Assigning job 5705490d-51ea-406b-a9b9-9e9c3ec65cbe to vehicle veh35
[Midd4VCServer] job received: 3dc7a4e5-6ee8-44a3-8e81-209a5557f3b0
[Midd4VC] Job ec632cb6-c88e-4107-9e13-4f6335bc2b02 timed out. Re-enqueueing.
[Midd4VC] Job a5486e16-771d-47b5-9f81-725fd311e3bc timed out. Re-enqueueing.
[Midd4VCServer] Assigning job a5486e16-771d-47b5-9f81-725fd311e3bc to vehicle veh5
[Midd4VCServer] Assigning job ec632cb6-c88e-4107-9e13-4f6335bc2b02 to vehicle veh28
[Midd4VCServer] Assigning job 3dc7a4e5-6ee8-44a3-8e81-209a5557f3b0 to vehicle veh11
[Midd4VCServer] job 3dc7a4e5-6ee8-44a3-8e81-209a5557f3b0 completed by vehicle veh11
[Midd4VCServer] job ec632cb6-c88e-4107-9e13-4f6335bc2b02 completed by vehicle veh28
[Midd4VCServer] Vehicle veh25 already registered.
[Midd4VCServer] Vehicle veh33 already registered.
[Midd4VCServer] job received: 548dae52-db1b-4957-8be5-c2ca389b4580
[Midd4VC] Job f1d49084-6a54-4bc9-bb4b-b27403488d87 timed out. Re-enqueueing.
[Midd4VC] Job 8084b04c-85f4-4ed1-bfc8-8418c266b9b8 timed out. Re-enqueueing.
[Midd4VCServer] Assigning job 8084b04c-85f4-4ed1-bfc8-8418c266b9b8 to vehicle veh28
[Midd4VCServer] Assigning job f1d49084-6a54-4bc9-bb4b-b27403488d87 to vehicle veh31
[Midd4VCServer] Assigning job 548dae52-db1b-4957-8be5-c2ca389b4580 to vehicle veh11
[Midd4VCServer] job 548dae52-db1b-4957-8be5-c2ca389b4580 completed by vehicle veh11
[Midd4VCServer] job 8084b04c-85f4-4ed1-bfc8-8418c266b9b8 completed by vehicle veh28
[Midd4VCServer] job received: 0b9459cc-a59b-49df-af1f-f926a0a38636
[Midd4VCServer] Assigning job 0b9459cc-a59b-49df-af1f-f926a0a38636 to vehicle veh28
[Midd4VCServer] job 0b9459cc-a59b-49df-af1f-f926a0a38636 completed by vehicle veh28
[Midd4VCServer] job received: 85f2213e-47f5-42ba-b30a-f2897b783853
[Midd4VCServer] Assigning job 85f2213e-47f5-42ba-b30a-f2897b783853 to vehicle veh9
[Midd4VCServer] job 85f2213e-47f5-42ba-b30a-f2897b783853 completed by vehicle veh9
[Midd4VCServer] Vehicle veh12 already registered.
[Midd4VCServer] Vehicle veh2 already registered.
[Midd4VCServer] job received: 18bc8d6f-2e4f-4e69-94c3-a2e1f3e3446c
[Midd4VCServer] Assigning job 18bc8d6f-2e4f-4e69-94c3-a2e1f3e3446c to vehicle veh28
[Midd4VCServer] job 18bc8d6f-2e4f-4e69-94c3-a2e1f3e3446c completed by vehicle veh28
[Midd4VCServer] job received: b782d99e-b9b2-4cdd-88bb-8d29510080ae
[Midd4VCServer] Assigning job b782d99e-b9b2-4cdd-88bb-8d29510080ae to vehicle veh11
[Midd4VCServer] job b782d99e-b9b2-4cdd-88bb-8d29510080ae completed by vehicle veh11
[Midd4VCServer] Vehicle veh7 already registered.
[Midd4VCServer] Vehicle veh24 already registered.
[Midd4VCServer] Vehicle veh22 already registered.
[Midd4VCServer] Vehicle veh26 already registered.
[Midd4VCServer] Vehicle veh21 already registered.
[Midd4VCServer] job received: 84d65ad9-052e-4a45-a1a5-7adf39b00c03
[Midd4VC] Job bb12ba3e-7fef-4ab8-b3d3-adfa0846de34 timed out. Re-enqueueing.
[Midd4VC] Job 2fc7f705-962b-46e0-a3ac-b698456ebf20 timed out. Re-enqueueing.
[Midd4VC] Job 5b21f704-460b-458b-94cd-3292bdb0d711 timed out. Re-enqueueing.
[Midd4VC] Job cf25f09a-4afb-4786-89a2-bb1fedf9d49b timed out. Re-enqueueing.
[Midd4VC] Job b660cab6-617a-4685-bd2b-14601a5df426 timed out. Re-enqueueing.
[Midd4VCServer] Assigning job b660cab6-617a-4685-bd2b-14601a5df426 to vehicle veh15
[Midd4VCServer] Assigning job cf25f09a-4afb-4786-89a2-bb1fedf9d49b to vehicle veh27
[Midd4VCServer] Assigning job 5b21f704-460b-458b-94cd-3292bdb0d711 to vehicle veh29
[Midd4VCServer] Assigning job 2fc7f705-962b-46e0-a3ac-b698456ebf20 to vehicle veh34
[Midd4VCServer] Assigning job bb12ba3e-7fef-4ab8-b3d3-adfa0846de34 to vehicle veh17
[Midd4VCServer] Assigning job 84d65ad9-052e-4a45-a1a5-7adf39b00c03 to vehicle veh9
[Midd4VCServer] job 84d65ad9-052e-4a45-a1a5-7adf39b00c03 completed by vehicle veh9
[Midd4VCServer] job b660cab6-617a-4685-bd2b-14601a5df426 completed by vehicle veh15
[Midd4VCServer] job received: 29caa92b-a3f9-4428-bc79-be9b8475f927
[Midd4VCServer] Assigning job 29caa92b-a3f9-4428-bc79-be9b8475f927 to vehicle veh15
[Midd4VCServer] job 29caa92b-a3f9-4428-bc79-be9b8475f927 completed by vehicle veh15
[Midd4VCServer] job received: c7f911a4-fa1b-4383-9980-7bb31e880e92
[Midd4VCServer] Assigning job c7f911a4-fa1b-4383-9980-7bb31e880e92 to vehicle veh15
[Midd4VCServer] job c7f911a4-fa1b-4383-9980-7bb31e880e92 completed by vehicle veh15
[Midd4VCServer] Vehicle veh33 already registered.
[Midd4VCServer] job received: 63b8a209-bcd2-47f4-9c62-215fac0c88a0
[Midd4VCServer] Assigning job 63b8a209-bcd2-47f4-9c62-215fac0c88a0 to vehicle veh15
[Midd4VCServer] job 63b8a209-bcd2-47f4-9c62-215fac0c88a0 completed by vehicle veh15
[Midd4VCServer] Vehicle veh34 already registered.
[Midd4VCServer] job received: f1c7cdba-b28b-43e9-9583-25073436a354
[Midd4VC] Job 85e5a8f7-8ff8-4469-a12b-08e05607b1d6 timed out. Re-enqueueing.
[Midd4VC] Job 52d13a81-55f1-4290-81ea-b040e414ef71 timed out. Re-enqueueing.
[Midd4VCServer] Assigning job 52d13a81-55f1-4290-81ea-b040e414ef71 to vehicle veh21
[Midd4VCServer] Assigning job 85e5a8f7-8ff8-4469-a12b-08e05607b1d6 to vehicle veh28
[Midd4VCServer] Assigning job f1c7cdba-b28b-43e9-9583-25073436a354 to vehicle veh11
[Midd4VCServer] job 52d13a81-55f1-4290-81ea-b040e414ef71 completed by vehicle veh21
[Midd4VCServer] job received: 10e0567e-d878-41de-8b59-17fa961f3459
[Midd4VCServer] Assigning job 10e0567e-d878-41de-8b59-17fa961f3459 to vehicle veh21
[Midd4VCServer] job 10e0567e-d878-41de-8b59-17fa961f3459 completed by vehicle veh21
[Midd4VCServer] Vehicle veh27 already registered.
[Midd4VCServer] job received: 77f8810f-f164-4526-90fa-1cc31911bd8e
[Midd4VC] Job df300759-5cd3-4204-b88b-ccd597deef81 timed out. Re-enqueueing.
[Midd4VC] Job 10f35ac1-f9cb-4364-9b3b-44a9f771e83d timed out. Re-enqueueing.
[Midd4VCServer] Assigning job 10f35ac1-f9cb-4364-9b3b-44a9f771e83d to vehicle veh30
[Midd4VCServer] Assigning job df300759-5cd3-4204-b88b-ccd597deef81 to vehicle veh1
[Midd4VCServer] Assigning job 77f8810f-f164-4526-90fa-1cc31911bd8e to vehicle veh36
[Midd4VCServer] Vehicle veh38 already registered.
[Midd4VCServer] Vehicle veh30 already registered.
[Midd4VCServer] job received: 84c86013-210a-4d0c-91b1-17385971fe51
[Midd4VC] Job a61f820c-b6bf-470a-9fd0-978479633a7b timed out. Re-enqueueing.
[Midd4VC] Job c1564ac8-187e-4688-9302-589c1fcf03c2 timed out. Re-enqueueing.
[Midd4VCServer] Assigning job c1564ac8-187e-4688-9302-589c1fcf03c2 to vehicle veh9
[Midd4VCServer] Assigning job a61f820c-b6bf-470a-9fd0-978479633a7b to vehicle veh4
[Midd4VCServer] Assigning job 84c86013-210a-4d0c-91b1-17385971fe51 to vehicle veh33
[Midd4VCServer] job c1564ac8-187e-4688-9302-589c1fcf03c2 completed by vehicle veh9
[Midd4VCServer] job received: 777b2ae8-2ba8-4ce8-ac0f-f134a522afeb
[Midd4VCServer] Assigning job 777b2ae8-2ba8-4ce8-ac0f-f134a522afeb to vehicle veh15
[Midd4VCServer] job received: 8c7ee784-8db5-4499-aa88-3b12fdd089f9
[Midd4VCServer] Assigning job 8c7ee784-8db5-4499-aa88-3b12fdd089f9 to vehicle veh32
[Midd4VCServer] job 8c7ee784-8db5-4499-aa88-3b12fdd089f9 completed by vehicle veh32
[Midd4VCServer] Vehicle veh20 already registered.
[Midd4VCServer] Vehicle veh8 already registered.
[Midd4VCServer] Vehicle veh13 already registered.
[Midd4VCServer] Vehicle veh4 already registered.
[Midd4VCServer] Vehicle veh19 already registered.
[Midd4VCServer] Vehicle veh34 already registered.
[Midd4VCServer] Vehicle veh15 already registered.
[Midd4VCServer] job received: 94c7a0b7-879a-4a5f-96da-463d124cc977
[Midd4VC] Job 8e280377-1b02-41b3-9e3b-5bcc817c5995 timed out. Re-enqueueing.
[Midd4VC] Job 3d97b426-a13e-4fb0-9635-03f2cfc60c2d timed out. Re-enqueueing.
[Midd4VCServer] Assigning job 3d97b426-a13e-4fb0-9635-03f2cfc60c2d to vehicle veh6
[Midd4VCServer] Assigning job 8e280377-1b02-41b3-9e3b-5bcc817c5995 to vehicle veh13
[Midd4VCServer] Assigning job 94c7a0b7-879a-4a5f-96da-463d124cc977 to vehicle veh21
[Midd4VCServer] job 94c7a0b7-879a-4a5f-96da-463d124cc977 completed by vehicle veh21
[Midd4VCServer] job 8e280377-1b02-41b3-9e3b-5bcc817c5995 completed by vehicle veh13
[Midd4VCServer] Vehicle veh33 already registered.
[Midd4VCServer] job received: 253d8e43-b56b-4398-a440-c1ba0400615a
[Midd4VCServer] Assigning job 253d8e43-b56b-4398-a440-c1ba0400615a to vehicle veh9
[Midd4VCServer] job 253d8e43-b56b-4398-a440-c1ba0400615a completed by vehicle veh9
[Midd4VCServer] job received: 5d125afe-dc3c-475a-b326-8b1b17252e61
[Midd4VCServer] Assigning job 5d125afe-dc3c-475a-b326-8b1b17252e61 to vehicle veh20
[Midd4VCServer] job 5d125afe-dc3c-475a-b326-8b1b17252e61 completed by vehicle veh20
[Midd4VCServer] Vehicle veh28 already registered.
[Midd4VCServer] Vehicle veh39 already registered.
[Midd4VCServer] job received: 09cc992d-08dd-426c-a0ac-9d6acade05ac
[Midd4VCServer] Assigning job 09cc992d-08dd-426c-a0ac-9d6acade05ac to vehicle veh14
[Midd4VCServer] Vehicle veh29 already registered.
[Midd4VCServer] job received: d71e4b43-a8af-45db-be49-75ab13f25b60
[Midd4VCServer] Assigning job d71e4b43-a8af-45db-be49-75ab13f25b60 to vehicle veh32
[Midd4VCServer] Vehicle veh36 already registered.
[Midd4VCServer] Vehicle veh35 already registered.
[Midd4VCServer] Vehicle veh18 already registered.
[Midd4VCServer] job received: a8a05bf9-1d98-4c41-936a-4bc5606e2349
[Midd4VC] Job 2a64e881-7274-4ab5-b4f3-bbef2d2ba1c9 timed out. Re-enqueueing.
[Midd4VCServer] Assigning job 2a64e881-7274-4ab5-b4f3-bbef2d2ba1c9 to vehicle veh24
[Midd4VCServer] Assigning job a8a05bf9-1d98-4c41-936a-4bc5606e2349 to vehicle veh13
[Midd4VCServer] job 2a64e881-7274-4ab5-b4f3-bbef2d2ba1c9 completed by vehicle veh24
[Midd4VCServer] job received: fed85a94-15a4-4dd2-a928-58d667c12230
[Midd4VCServer] Assigning job fed85a94-15a4-4dd2-a928-58d667c12230 to vehicle veh24
[Midd4VCServer] job fed85a94-15a4-4dd2-a928-58d667c12230 completed by vehicle veh24
[Midd4VCServer] Vehicle veh21 already registered.
[Midd4VCServer] Vehicle veh5 already registered.
[Midd4VCServer] job received: 90fdc16c-e4f4-4466-bf0e-6bbf2dd73b8c
[Midd4VC] Job ceab49ca-63d3-4af3-95da-c747c52e79cc timed out. Re-enqueueing.
[Midd4VC] Job d7402fc7-3cd4-4bc4-8263-b75a2ca935e1 timed out. Re-enqueueing.
[Midd4VCServer] Assigning job d7402fc7-3cd4-4bc4-8263-b75a2ca935e1 to vehicle veh3
[Midd4VCServer] Assigning job ceab49ca-63d3-4af3-95da-c747c52e79cc to vehicle veh39
[Midd4VCServer] Assigning job 90fdc16c-e4f4-4466-bf0e-6bbf2dd73b8c to vehicle veh24
[Midd4VCServer] job 90fdc16c-e4f4-4466-bf0e-6bbf2dd73b8c completed by vehicle veh24
[Midd4VCServer] job received: 6c7984b2-f8e7-4ed6-89c1-cb1f1ffd865e
[Midd4VCServer] Assigning job 6c7984b2-f8e7-4ed6-89c1-cb1f1ffd865e to vehicle veh24
[Midd4VCServer] job 6c7984b2-f8e7-4ed6-89c1-cb1f1ffd865e completed by vehicle veh24
[Midd4VCServer] job received: 41b5c2f3-712e-4d1c-b60a-14811f26f9b6
[Midd4VCServer] Assigning job 41b5c2f3-712e-4d1c-b60a-14811f26f9b6 to vehicle veh24
[Midd4VCServer] job 41b5c2f3-712e-4d1c-b60a-14811f26f9b6 completed by vehicle veh24
[Midd4VCServer] job received: 650a18d6-1451-4125-9a71-a2caff78b586
[Midd4VCServer] Assigning job 650a18d6-1451-4125-9a71-a2caff78b586 to vehicle veh21
[Midd4VCServer] job 650a18d6-1451-4125-9a71-a2caff78b586 completed by vehicle veh21
[Midd4VCServer] job received: 81bbacc4-ceb3-4629-bf65-75cbac7533c9
[Midd4VCServer] Assigning job 81bbacc4-ceb3-4629-bf65-75cbac7533c9 to vehicle veh18
[Midd4VCServer] job 81bbacc4-ceb3-4629-bf65-75cbac7533c9 completed by vehicle veh18
[Midd4VCServer] Vehicle veh10 already registered.
[Midd4VCServer] job received: cef590d3-5d11-4b7e-a946-ab75b2395538
[Midd4VCServer] Assigning job cef590d3-5d11-4b7e-a946-ab75b2395538 to vehicle veh40
[Midd4VCServer] Vehicle veh26 already registered.
[Midd4VCServer] Vehicle veh36 already registered.
[Midd4VCServer] Vehicle veh17 already registered.
[Midd4VCServer] Vehicle veh16 already registered.
[Midd4VCServer] Vehicle veh34 already registered.
[Midd4VCServer] job received: 2864c641-b666-4391-a365-e9c12445cb1c
[Midd4VC] Job 21a9fae2-f971-4b0d-9086-9c66f34e1b06 timed out. Re-enqueueing.
[Midd4VC] Job bcb72d9e-64e8-455c-a58e-f6d51ae477cb timed out. Re-enqueueing.
[Midd4VC] Job f3d31bc1-3b90-483c-b79c-dffb2a59c8b2 timed out. Re-enqueueing.
[Midd4VCServer] Assigning job f3d31bc1-3b90-483c-b79c-dffb2a59c8b2 to vehicle veh25
[Midd4VCServer] Assigning job bcb72d9e-64e8-455c-a58e-f6d51ae477cb to vehicle veh7
[Midd4VCServer] Assigning job 21a9fae2-f971-4b0d-9086-9c66f34e1b06 to vehicle veh22
[Midd4VCServer] Assigning job 2864c641-b666-4391-a365-e9c12445cb1c to vehicle veh19
[Midd4VCServer] job 21a9fae2-f971-4b0d-9086-9c66f34e1b06 completed by vehicle veh22
[Midd4VCServer] Vehicle veh31 already registered.
[Midd4VCServer] job received: 6ed8034a-1523-46f4-bc31-e3703fdec651
[Midd4VC] Job a46c1e67-77e6-4978-945f-a1af9edf3f2f timed out. Re-enqueueing.
[Midd4VC] Job 26cae561-cb74-489b-87b1-acdf24d8ccca timed out. Re-enqueueing.
[Midd4VC] Job 6f0e5dfd-cd8f-4f93-842f-ca2e88aa509f timed out. Re-enqueueing.
[Midd4VC] Job df58ada1-cb62-4fd0-a0c4-893b7fe1db89 timed out. Re-enqueueing.
[Midd4VC] Job dbaf9719-44d5-4e9b-a3e2-84c88a5c16c8 timed out. Re-enqueueing.
[Midd4VCServer] Assigning job dbaf9719-44d5-4e9b-a3e2-84c88a5c16c8 to vehicle veh26
[Midd4VCServer] Assigning job df58ada1-cb62-4fd0-a0c4-893b7fe1db89 to vehicle veh2
[Midd4VCServer] Assigning job 6f0e5dfd-cd8f-4f93-842f-ca2e88aa509f to vehicle veh12
[Midd4VCServer] Assigning job 26cae561-cb74-489b-87b1-acdf24d8ccca to vehicle veh8
[Midd4VCServer] Assigning job a46c1e67-77e6-4978-945f-a1af9edf3f2f to vehicle veh16
[Midd4VCServer] Assigning job 6ed8034a-1523-46f4-bc31-e3703fdec651 to vehicle veh22
[Midd4VCServer] job dbaf9719-44d5-4e9b-a3e2-84c88a5c16c8 completed by vehicle veh26
[Midd4VCServer] job 6f0e5dfd-cd8f-4f93-842f-ca2e88aa509f completed by vehicle veh12
[Midd4VCServer] job 26cae561-cb74-489b-87b1-acdf24d8ccca completed by vehicle veh8
[Midd4VCServer] job 6ed8034a-1523-46f4-bc31-e3703fdec651 completed by vehicle veh22
[Midd4VCServer] Vehicle veh1 already registered.
[Midd4VCServer] Vehicle veh25 already registered.
[Midd4VCServer] Vehicle veh40 already registered.
[Midd4VCServer] job received: 76b60750-5ac2-4951-a63c-d89f79823326
[Midd4VCServer] Assigning job 76b60750-5ac2-4951-a63c-d89f79823326 to vehicle veh26
[Midd4VCServer] job 76b60750-5ac2-4951-a63c-d89f79823326 completed by vehicle veh26
[Midd4VCServer] Vehicle veh16 already registered.
[Midd4VCServer] job received: 1d231a2e-6e6a-45d2-887c-d215e0e8aaf6
[Midd4VCServer] Assigning job 1d231a2e-6e6a-45d2-887c-d215e0e8aaf6 to vehicle veh12
[Midd4VCServer] job 1d231a2e-6e6a-45d2-887c-d215e0e8aaf6 completed by vehicle veh12
[Midd4VCServer] job received: cf33110f-90b4-4617-ae19-c26461644aa4
[Midd4VCServer] Assigning job cf33110f-90b4-4617-ae19-c26461644aa4 to vehicle veh26
[Midd4VCServer] job cf33110f-90b4-4617-ae19-c26461644aa4 completed by vehicle veh26
[Midd4VCServer] job received: a0e34a2a-552d-4b58-8ceb-01f34512debb
[Midd4VCServer] Assigning job a0e34a2a-552d-4b58-8ceb-01f34512debb to vehicle veh12
[Midd4VCServer] job a0e34a2a-552d-4b58-8ceb-01f34512debb completed by vehicle veh12
[Midd4VCServer] job received: ecab2048-220a-4e53-8789-312d894aaa5c
[Midd4VCServer] Assigning job ecab2048-220a-4e53-8789-312d894aaa5c to vehicle veh26
[Midd4VCServer] job ecab2048-220a-4e53-8789-312d894aaa5c completed by vehicle veh26
[Midd4VCServer] Vehicle veh14 already registered.
[Midd4VCServer] Vehicle veh29 already registered.
[Midd4VCServer] job received: 7ef2805c-f2a0-4812-8295-d6c14b4bac07
[Midd4VC] Job fb708ceb-7183-4202-9c7d-f014ca5ef90e timed out. Re-enqueueing.
[Midd4VC] Job 77922e1c-6a20-4e10-ae1e-36c6363eb30b timed out. Re-enqueueing.
[Midd4VCServer] Assigning job 77922e1c-6a20-4e10-ae1e-36c6363eb30b to vehicle veh10
[Midd4VCServer] Assigning job fb708ceb-7183-4202-9c7d-f014ca5ef90e to vehicle veh12
[Midd4VCServer] Assigning job 7ef2805c-f2a0-4812-8295-d6c14b4bac07 to vehicle veh26
[Midd4VCServer] job 77922e1c-6a20-4e10-ae1e-36c6363eb30b completed by vehicle veh10
[Midd4VCServer] job fb708ceb-7183-4202-9c7d-f014ca5ef90e completed by vehicle veh12
[Midd4VCServer] job 7ef2805c-f2a0-4812-8295-d6c14b4bac07 completed by vehicle veh26
[Midd4VCServer] Vehicle veh36 already registered.
[Midd4VCServer] Vehicle veh2 already registered.
[Midd4VCServer] job received: 21f09558-42a3-47f3-815b-7659e747d4c4
[Midd4VCServer] Assigning job 21f09558-42a3-47f3-815b-7659e747d4c4 to vehicle veh10
[Midd4VCServer] job 21f09558-42a3-47f3-815b-7659e747d4c4 completed by vehicle veh10
[Midd4VC] Job 5705490d-51ea-406b-a9b9-9e9c3ec65cbe timed out. Re-enqueueing.
[Midd4VCServer] Assigning job 5705490d-51ea-406b-a9b9-9e9c3ec65cbe to vehicle veh10
[Midd4VCServer] job 5705490d-51ea-406b-a9b9-9e9c3ec65cbe completed by vehicle veh10
[Midd4VCServer] job received: 48a83c45-35d8-4775-8d7d-9de28251e251
[Midd4VCServer] Assigning job 48a83c45-35d8-4775-8d7d-9de28251e251 to vehicle veh10
[Midd4VCServer] job 48a83c45-35d8-4775-8d7d-9de28251e251 completed by vehicle veh10
[Midd4VCServer] Vehicle veh9 already registered.
[Midd4VCServer] job received: 05c9e43a-e555-415c-a416-47b441e618de
[Midd4VC] Job a5486e16-771d-47b5-9f81-725fd311e3bc timed out. Re-enqueueing.
[Midd4VCServer] Assigning job a5486e16-771d-47b5-9f81-725fd311e3bc to vehicle veh5
[Midd4VCServer] Assigning job 05c9e43a-e555-415c-a416-47b441e618de to vehicle veh35
[Midd4VCServer] job a5486e16-771d-47b5-9f81-725fd311e3bc completed by vehicle veh5
[Midd4VCServer] job 05c9e43a-e555-415c-a416-47b441e618de completed by vehicle veh35
[Midd4VCServer] Vehicle veh33 already registered.
[Midd4VCServer] Vehicle veh27 already registered.
[Midd4VCServer] Vehicle veh37 already registered.
[Midd4VCServer] job received: 53ad6d9c-15df-4735-af39-0322d242a696
[Midd4VC] Job f1d49084-6a54-4bc9-bb4b-b27403488d87 timed out. Re-enqueueing.
[Midd4VCServer] Assigning job f1d49084-6a54-4bc9-bb4b-b27403488d87 to vehicle veh5
[Midd4VCServer] Assigning job 53ad6d9c-15df-4735-af39-0322d242a696 to vehicle veh12
[Midd4VCServer] job f1d49084-6a54-4bc9-bb4b-b27403488d87 completed by vehicle veh5
[Midd4VCServer] job received: c60e594a-342a-47ab-9808-3bb3448a5341
[Midd4VCServer] Assigning job c60e594a-342a-47ab-9808-3bb3448a5341 to vehicle veh5
[Midd4VCServer] job c60e594a-342a-47ab-9808-3bb3448a5341 completed by vehicle veh5
[Midd4VCServer] Vehicle veh21 already registered.
[Midd4VCServer] job received: a9c9e3ee-943f-4ba5-87d5-a7e3493b6206
[Midd4VCServer] Assigning job a9c9e3ee-943f-4ba5-87d5-a7e3493b6206 to vehicle veh5
[Midd4VCServer] job a9c9e3ee-943f-4ba5-87d5-a7e3493b6206 completed by vehicle veh5
[Midd4VCServer] Vehicle veh34 already registered.
[Midd4VCServer] Vehicle veh1 already registered.
[Midd4VCServer] job received: a90cc37c-9e61-422b-9803-45ae526aa216
[Midd4VCServer] Assigning job a90cc37c-9e61-422b-9803-45ae526aa216 to vehicle veh5
[Midd4VCServer] job a90cc37c-9e61-422b-9803-45ae526aa216 completed by vehicle veh5
[Midd4VCServer] Vehicle veh24 already registered.
[Midd4VCServer] job received: ae5f34c7-cf1e-4fc1-9864-3626f396823b
[Midd4VCServer] Assigning job ae5f34c7-cf1e-4fc1-9864-3626f396823b to vehicle veh5
[Midd4VCServer] job ae5f34c7-cf1e-4fc1-9864-3626f396823b completed by vehicle veh5
[Midd4VCServer] Vehicle veh2 already registered.
[Midd4VCServer] Vehicle veh39 already registered.
[Midd4VCServer] Vehicle veh28 already registered.
[Midd4VCServer] job received: 5462c2da-d05c-4521-b0a7-e9a4193dcec2
[Midd4VCServer] Assigning job 5462c2da-d05c-4521-b0a7-e9a4193dcec2 to vehicle veh26
[Midd4VCServer] job 5462c2da-d05c-4521-b0a7-e9a4193dcec2 completed by vehicle veh26
[Midd4VCServer] Vehicle veh37 already registered.
[Midd4VCServer] job received: dfcf00f3-5e3d-4242-bcf6-0e9983eea44d
[Midd4VC] Job cf25f09a-4afb-4786-89a2-bb1fedf9d49b timed out. Re-enqueueing.
[Midd4VC] Job 5b21f704-460b-458b-94cd-3292bdb0d711 timed out. Re-enqueueing.
[Midd4VC] Job 2fc7f705-962b-46e0-a3ac-b698456ebf20 timed out. Re-enqueueing.
[Midd4VC] Job bb12ba3e-7fef-4ab8-b3d3-adfa0846de34 timed out. Re-enqueueing.
[Midd4VCServer] Assigning job bb12ba3e-7fef-4ab8-b3d3-adfa0846de34 to vehicle veh10
[Midd4VCServer] Assigning job 2fc7f705-962b-46e0-a3ac-b698456ebf20 to vehicle veh38
[Midd4VCServer] Assigning job 5b21f704-460b-458b-94cd-3292bdb0d711 to vehicle veh5
[Midd4VCServer] Assigning job cf25f09a-4afb-4786-89a2-bb1fedf9d49b to vehicle veh8
[Midd4VCServer] Assigning job dfcf00f3-5e3d-4242-bcf6-0e9983eea44d to vehicle veh31
[Midd4VCServer] job 2fc7f705-962b-46e0-a3ac-b698456ebf20 completed by vehicle veh38
[Midd4VCServer] job bb12ba3e-7fef-4ab8-b3d3-adfa0846de34 completed by vehicle veh10
[Midd4VCServer] job dfcf00f3-5e3d-4242-bcf6-0e9983eea44d completed by vehicle veh31
[Midd4VCServer] job 5b21f704-460b-458b-94cd-3292bdb0d711 completed by vehicle veh5
[Midd4VCServer] job cf25f09a-4afb-4786-89a2-bb1fedf9d49b completed by vehicle veh8
[Midd4VCServer] Vehicle veh38 already registered.
[Midd4VCServer] job received: c1e9bd35-f4fb-4908-ad6f-47077ffe676a
[Midd4VCServer] Assigning job c1e9bd35-f4fb-4908-ad6f-47077ffe676a to vehicle veh35
[Midd4VCServer] job received: 053ae997-c73b-482c-bcb9-10496ef7c7ef
[Midd4VCServer] Assigning job 053ae997-c73b-482c-bcb9-10496ef7c7ef to vehicle veh26
[Midd4VCServer] job 053ae997-c73b-482c-bcb9-10496ef7c7ef completed by vehicle veh26
[Midd4VCServer] job received: f0a9fa8a-2e71-4b9f-a00c-782d7a2f9c83
[Midd4VCServer] Assigning job f0a9fa8a-2e71-4b9f-a00c-782d7a2f9c83 to vehicle veh10
[Midd4VCServer] job f0a9fa8a-2e71-4b9f-a00c-782d7a2f9c83 completed by vehicle veh10
[Midd4VCServer] job received: ef8af3a5-ec39-4f89-bfbd-0da73b8aeb27
[Midd4VC] Job 85e5a8f7-8ff8-4469-a12b-08e05607b1d6 timed out. Re-enqueueing.
[Midd4VC] Job f1c7cdba-b28b-43e9-9583-25073436a354 timed out. Re-enqueueing.
[Midd4VCServer] Assigning job f1c7cdba-b28b-43e9-9583-25073436a354 to vehicle veh38
[Midd4VCServer] Assigning job 85e5a8f7-8ff8-4469-a12b-08e05607b1d6 to vehicle veh27
[Midd4VCServer] Assigning job ef8af3a5-ec39-4f89-bfbd-0da73b8aeb27 to vehicle veh29
[Midd4VCServer] job 85e5a8f7-8ff8-4469-a12b-08e05607b1d6 completed by vehicle veh27
[Midd4VCServer] job f1c7cdba-b28b-43e9-9583-25073436a354 completed by vehicle veh38
[Midd4VCServer] Vehicle veh35 already registered.
[Midd4VCServer] job received: f672e72c-89f9-47ff-8734-194727f7c5c7
[Midd4VCServer] Assigning job f672e72c-89f9-47ff-8734-194727f7c5c7 to vehicle veh5
[Midd4VCServer] Vehicle veh27 already registered.
[Midd4VCServer] Vehicle veh4 already registered.
[Midd4VCServer] job received: 5b46968b-0f80-4dc8-a181-03511a37ffbc
[Midd4VC] Job 10f35ac1-f9cb-4364-9b3b-44a9f771e83d timed out. Re-enqueueing.
[Midd4VC] Job df300759-5cd3-4204-b88b-ccd597deef81 timed out. Re-enqueueing.
[Midd4VC] Job 77f8810f-f164-4526-90fa-1cc31911bd8e timed out. Re-enqueueing.
[Midd4VCServer] Assigning job 77f8810f-f164-4526-90fa-1cc31911bd8e to vehicle veh30
[Midd4VCServer] Assigning job df300759-5cd3-4204-b88b-ccd597deef81 to vehicle veh34
[Midd4VCServer] Assigning job 10f35ac1-f9cb-4364-9b3b-44a9f771e83d to vehicle veh17
[Midd4VCServer] Assigning job 5b46968b-0f80-4dc8-a181-03511a37ffbc to vehicle veh8
[Midd4VCServer] Vehicle veh20 already registered.
[Midd4VCServer] Vehicle veh15 already registered.
[Midd4VCServer] job received: e9ee0238-c3d1-4973-84e1-4607a878d7de
[Midd4VC] Job a61f820c-b6bf-470a-9fd0-978479633a7b timed out. Re-enqueueing.
[Midd4VC] Job 84c86013-210a-4d0c-91b1-17385971fe51 timed out. Re-enqueueing.
[Midd4VC] Job 777b2ae8-2ba8-4ce8-ac0f-f134a522afeb timed out. Re-enqueueing.
[Midd4VCServer] Assigning job 777b2ae8-2ba8-4ce8-ac0f-f134a522afeb to vehicle veh31
[Midd4VCServer] Assigning job 84c86013-210a-4d0c-91b1-17385971fe51 to vehicle veh26
[Midd4VCServer] Assigning job a61f820c-b6bf-470a-9fd0-978479633a7b to vehicle veh10
[Midd4VCServer] Assigning job e9ee0238-c3d1-4973-84e1-4607a878d7de to vehicle veh38
[Midd4VCServer] job 84c86013-210a-4d0c-91b1-17385971fe51 completed by vehicle veh26
[Midd4VCServer] job e9ee0238-c3d1-4973-84e1-4607a878d7de completed by vehicle veh38
[Midd4VCServer] job a61f820c-b6bf-470a-9fd0-978479633a7b completed by vehicle veh10
[Midd4VCServer] Vehicle veh36 already registered.
[Midd4VCServer] job received: a78fab9f-7b9d-4ec9-b4c0-a48e16b96e08
[Midd4VCServer] Assigning job a78fab9f-7b9d-4ec9-b4c0-a48e16b96e08 to vehicle veh27
[Midd4VCServer] job a78fab9f-7b9d-4ec9-b4c0-a48e16b96e08 completed by vehicle veh27
[Midd4VCServer] job received: 2eadacc6-350b-464d-accd-7408303b2d50
[Midd4VC] Job 3d97b426-a13e-4fb0-9635-03f2cfc60c2d timed out. Re-enqueueing.
[Midd4VCServer] Assigning job 3d97b426-a13e-4fb0-9635-03f2cfc60c2d to vehicle veh6
[Midd4VCServer] Assigning job 2eadacc6-350b-464d-accd-7408303b2d50 to vehicle veh28
[Midd4VCServer] job 2eadacc6-350b-464d-accd-7408303b2d50 completed by vehicle veh28
[Midd4VCServer] job received: 5e3b96a1-dbbb-479d-abd2-40fec19c990d
[Midd4VCServer] Assigning job 5e3b96a1-dbbb-479d-abd2-40fec19c990d to vehicle veh26
[Midd4VCServer] Vehicle veh33 already registered.
[Midd4VCServer] Vehicle veh14 already registered.
[Midd4VCServer] Vehicle veh23 already registered.
[Midd4VCServer] Vehicle veh9 already registered.
[Midd4VCServer] job received: ea33f7f9-ce9f-4aaf-b61e-7a0543403ff3
[Midd4VCServer] Assigning job ea33f7f9-ce9f-4aaf-b61e-7a0543403ff3 to vehicle veh11
[Midd4VCServer] job ea33f7f9-ce9f-4aaf-b61e-7a0543403ff3 completed by vehicle veh11
[Midd4VCServer] Vehicle veh11 already registered.
[Midd4VCServer] job received: 093fe2e7-724d-4815-9bfd-fd85986e34d3
[Midd4VC] Job 09cc992d-08dd-426c-a0ac-9d6acade05ac timed out. Re-enqueueing.
[Midd4VCServer] Assigning job 09cc992d-08dd-426c-a0ac-9d6acade05ac to vehicle veh10
[Midd4VCServer] Assigning job 093fe2e7-724d-4815-9bfd-fd85986e34d3 to vehicle veh1
[Midd4VCServer] Vehicle veh18 already registered.
[Midd4VCServer] job received: 7f7dcfd3-1e30-46f0-9baf-ac311482e2e3
[Midd4VC] Job d71e4b43-a8af-45db-be49-75ab13f25b60 timed out. Re-enqueueing.
[Midd4VCServer] Assigning job d71e4b43-a8af-45db-be49-75ab13f25b60 to vehicle veh38
[Midd4VCServer] Assigning job 7f7dcfd3-1e30-46f0-9baf-ac311482e2e3 to vehicle veh27
[Midd4VCServer] job 7f7dcfd3-1e30-46f0-9baf-ac311482e2e3 completed by vehicle veh27
[Midd4VCServer] job d71e4b43-a8af-45db-be49-75ab13f25b60 completed by vehicle veh38
[Midd4VCServer] Vehicle veh37 already registered.
[Midd4VCServer] job received: 71254d12-217c-4a0a-81ce-08a33c37016a
[Midd4VCServer] Assigning job 71254d12-217c-4a0a-81ce-08a33c37016a to vehicle veh36
[Midd4VCServer] job 71254d12-217c-4a0a-81ce-08a33c37016a completed by vehicle veh36
[Midd4VCServer] Vehicle veh13 already registered.
[Midd4VCServer] Vehicle veh40 already registered.
[Midd4VCServer] job received: 04a96958-0447-49bd-8c61-f57fbcbefbdf
[Midd4VC] Job a8a05bf9-1d98-4c41-936a-4bc5606e2349 timed out. Re-enqueueing.
[Midd4VCServer] Assigning job a8a05bf9-1d98-4c41-936a-4bc5606e2349 to vehicle veh4
[Midd4VCServer] Assigning job 04a96958-0447-49bd-8c61-f57fbcbefbdf to vehicle veh33
[Midd4VCServer] job received: 92310c68-12dc-4253-a630-88835b09fc3f
[Midd4VCServer] Assigning job 92310c68-12dc-4253-a630-88835b09fc3f to vehicle veh15
[Midd4VCServer] job 92310c68-12dc-4253-a630-88835b09fc3f completed by vehicle veh15
[Midd4VCServer] Vehicle veh34 already registered.
[Midd4VCServer] Vehicle veh7 already registered.
[Midd4VCServer] Vehicle veh12 already registered.
[Midd4VCServer] job received: ab6ba881-2928-46f1-be84-b756c586d9e7
[Midd4VCServer] Assigning job ab6ba881-2928-46f1-be84-b756c586d9e7 to vehicle veh28
[Midd4VCServer] job ab6ba881-2928-46f1-be84-b756c586d9e7 completed by vehicle veh28
[Midd4VCServer] job received: 8d59f79f-308a-4370-afbe-dd1f24fd8333
[Midd4VC] Job d7402fc7-3cd4-4bc4-8263-b75a2ca935e1 timed out. Re-enqueueing.
[Midd4VC] Job ceab49ca-63d3-4af3-95da-c747c52e79cc timed out. Re-enqueueing.
[Midd4VCServer] Assigning job ceab49ca-63d3-4af3-95da-c747c52e79cc to vehicle veh3
[Midd4VCServer] Assigning job d7402fc7-3cd4-4bc4-8263-b75a2ca935e1 to vehicle veh39
[Midd4VCServer] Assigning job 8d59f79f-308a-4370-afbe-dd1f24fd8333 to vehicle veh11
[Midd4VCServer] job 8d59f79f-308a-4370-afbe-dd1f24fd8333 completed by vehicle veh11
[Midd4VCServer] job d7402fc7-3cd4-4bc4-8263-b75a2ca935e1 completed by vehicle veh39
[Midd4VCServer] Vehicle veh26 already registered.
[Midd4VCServer] Vehicle veh6 already registered.
[Midd4VCServer] job received: 59a32723-7dab-438d-b98c-a987f8679761
[Midd4VCServer] Assigning job 59a32723-7dab-438d-b98c-a987f8679761 to vehicle veh39
[Midd4VCServer] job 59a32723-7dab-438d-b98c-a987f8679761 completed by vehicle veh39
[Midd4VCServer] job received: 5c0dc9b0-41e7-4683-a741-47eded2fa19d
[Midd4VC] Job cef590d3-5d11-4b7e-a946-ab75b2395538 timed out. Re-enqueueing.
[Midd4VCServer] Assigning job cef590d3-5d11-4b7e-a946-ab75b2395538 to vehicle veh39
[Midd4VCServer] Assigning job 5c0dc9b0-41e7-4683-a741-47eded2fa19d to vehicle veh38
[Midd4VCServer] job cef590d3-5d11-4b7e-a946-ab75b2395538 completed by vehicle veh39
[Midd4VCServer] job 5c0dc9b0-41e7-4683-a741-47eded2fa19d completed by vehicle veh38
[Midd4VCServer] Vehicle veh9 already registered.
[Midd4VCServer] job received: b375a140-e01f-4e78-bf99-5af8242645fc
[Midd4VCServer] Assigning job b375a140-e01f-4e78-bf99-5af8242645fc to vehicle veh39
[Midd4VCServer] job b375a140-e01f-4e78-bf99-5af8242645fc completed by vehicle veh39
[Midd4VCServer] Vehicle veh22 already registered.
[Midd4VCServer] Vehicle veh3 already registered.
[Midd4VCServer] Vehicle veh2 already registered.
[Midd4VCServer] Vehicle veh1 already registered.
[Midd4VCServer] job received: c5b46326-d792-4594-ab92-9b38db9e208a
[Midd4VC] Job f3d31bc1-3b90-483c-b79c-dffb2a59c8b2 timed out. Re-enqueueing.
[Midd4VC] Job bcb72d9e-64e8-455c-a58e-f6d51ae477cb timed out. Re-enqueueing.
[Midd4VC] Job 2864c641-b666-4391-a365-e9c12445cb1c timed out. Re-enqueueing.
[Midd4VCServer] Assigning job 2864c641-b666-4391-a365-e9c12445cb1c to vehicle veh25
[Midd4VCServer] Assigning job bcb72d9e-64e8-455c-a58e-f6d51ae477cb to vehicle veh7
[Midd4VCServer] Assigning job f3d31bc1-3b90-483c-b79c-dffb2a59c8b2 to vehicle veh27
[Midd4VCServer] Assigning job c5b46326-d792-4594-ab92-9b38db9e208a to vehicle veh36
[Midd4VCServer] job bcb72d9e-64e8-455c-a58e-f6d51ae477cb completed by vehicle veh7
[Midd4VCServer] job 2864c641-b666-4391-a365-e9c12445cb1c completed by vehicle veh25
[Midd4VCServer] job received: 77fc6942-6b85-463d-abec-edb6cd98c072
[Midd4VCServer] Assigning job 77fc6942-6b85-463d-abec-edb6cd98c072 to vehicle veh25
[Midd4VCServer] job 77fc6942-6b85-463d-abec-edb6cd98c072 completed by vehicle veh25
[Midd4VCServer] job received: f49a875c-753a-46f1-8222-4b55f4fa1efd
[Midd4VC] Job df58ada1-cb62-4fd0-a0c4-893b7fe1db89 timed out. Re-enqueueing.
[Midd4VC] Job a46c1e67-77e6-4978-945f-a1af9edf3f2f timed out. Re-enqueueing.
[Midd4VCServer] Assigning job a46c1e67-77e6-4978-945f-a1af9edf3f2f to vehicle veh2
[Midd4VCServer] Assigning job df58ada1-cb62-4fd0-a0c4-893b7fe1db89 to vehicle veh25
[Midd4VCServer] Assigning job f49a875c-753a-46f1-8222-4b55f4fa1efd to vehicle veh16
[Midd4VCServer] job df58ada1-cb62-4fd0-a0c4-893b7fe1db89 completed by vehicle veh25
[Midd4VCServer] Vehicle veh27 already registered.
[Midd4VCServer] job received: 52ff8492-7530-4bf9-8bd0-75c445fcef67
[Midd4VCServer] Assigning job 52ff8492-7530-4bf9-8bd0-75c445fcef67 to vehicle veh25
[Midd4VCServer] job 52ff8492-7530-4bf9-8bd0-75c445fcef67 completed by vehicle veh25
[Midd4VCServer] job received: 6f515aba-b681-432f-8a9f-da44a694a993
[Midd4VCServer] Assigning job 6f515aba-b681-432f-8a9f-da44a694a993 to vehicle veh25
[Midd4VCServer] job 6f515aba-b681-432f-8a9f-da44a694a993 completed by vehicle veh25
[Midd4VCServer] Vehicle veh36 already registered.
[Midd4VCServer] job received: e4b34886-baed-4332-9017-6361983b84b3
[Midd4VCServer] Assigning job e4b34886-baed-4332-9017-6361983b84b3 to vehicle veh25
[Midd4VCServer] job e4b34886-baed-4332-9017-6361983b84b3 completed by vehicle veh25
[Midd4VCServer] job received: 2c209c14-6649-4bca-b288-90d8353bd4ef
[Midd4VCServer] Assigning job 2c209c14-6649-4bca-b288-90d8353bd4ef to vehicle veh7
[Midd4VCServer] job received: 17ddbb0f-f5ef-4ab9-b529-59ee5d8590b2
[Midd4VCServer] Assigning job 17ddbb0f-f5ef-4ab9-b529-59ee5d8590b2 to vehicle veh15
[Midd4VCServer] job received: f31e4591-f522-4602-9411-0a34abd96885
[Midd4VCServer] Assigning job f31e4591-f522-4602-9411-0a34abd96885 to vehicle veh25
[Midd4VCServer] job f31e4591-f522-4602-9411-0a34abd96885 completed by vehicle veh25
[Midd4VCServer] Vehicle veh32 already registered.
[Midd4VCServer] Vehicle veh17 already registered.
[Midd4VCServer] Vehicle veh14 already registered.
[Midd4VCServer] Vehicle veh15 already registered.
[Midd4VCServer] job received: afe85146-5845-4d2a-b9e6-5bbaaa27b9d8
[Midd4VCServer] Assigning job afe85146-5845-4d2a-b9e6-5bbaaa27b9d8 to vehicle veh14
[Midd4VCServer] job afe85146-5845-4d2a-b9e6-5bbaaa27b9d8 completed by vehicle veh14
[Midd4VCServer] job received: 965cc250-adea-4796-9287-2c9d4244e66b
[Midd4VCServer] Assigning job 965cc250-adea-4796-9287-2c9d4244e66b to vehicle veh32
[Midd4VCServer] job 965cc250-adea-4796-9287-2c9d4244e66b completed by vehicle veh32
[Midd4VCServer] job received: e7f79428-bd1f-44df-a686-aa88cab049c1
[Midd4VCServer] Assigning job e7f79428-bd1f-44df-a686-aa88cab049c1 to vehicle veh28
[Midd4VCServer] job e7f79428-bd1f-44df-a686-aa88cab049c1 completed by vehicle veh28
[Midd4VCServer] Vehicle veh10 already registered.
[Midd4VCServer] Vehicle veh11 already registered.
[Midd4VCServer] job received: 5fcc6947-f961-440f-8a01-29e6979d5735
[Midd4VCServer] Assigning job 5fcc6947-f961-440f-8a01-29e6979d5735 to vehicle veh13
[Midd4VCServer] job received: 7e4341ac-4a36-4599-8b8a-89c942d9e0fe
[Midd4VC] Job 53ad6d9c-15df-4735-af39-0322d242a696 timed out. Re-enqueueing.
[Midd4VCServer] Assigning job 53ad6d9c-15df-4735-af39-0322d242a696 to vehicle veh12
[Midd4VCServer] Assigning job 7e4341ac-4a36-4599-8b8a-89c942d9e0fe to vehicle veh11
[Midd4VCServer] job 7e4341ac-4a36-4599-8b8a-89c942d9e0fe completed by vehicle veh11
[Midd4VCServer] job received: 587d2ca5-05a7-4160-9b8e-d1f1be224213
[Midd4VCServer] Assigning job 587d2ca5-05a7-4160-9b8e-d1f1be224213 to vehicle veh38
[Midd4VCServer] job 587d2ca5-05a7-4160-9b8e-d1f1be224213 completed by vehicle veh38
[Midd4VCServer] job received: 0956eaf2-6ce2-4c7a-a189-edb57591589a
[Midd4VCServer] Assigning job 0956eaf2-6ce2-4c7a-a189-edb57591589a to vehicle veh40
[Midd4VCServer] Vehicle veh16 already registered.
[Midd4VCServer] Vehicle veh8 already registered.
[Midd4VCServer] Vehicle veh23 already registered.
[Midd4VCServer] Vehicle veh31 already registered.
[Midd4VCServer] job received: a93d85c7-1368-4f8c-b0c3-7ef9d26108f2
[Midd4VCServer] Assigning job a93d85c7-1368-4f8c-b0c3-7ef9d26108f2 to vehicle veh39
[Midd4VCServer] job a93d85c7-1368-4f8c-b0c3-7ef9d26108f2 completed by vehicle veh39
[Midd4VCServer] Vehicle veh33 already registered.
[Midd4VCServer] Vehicle veh19 already registered.
[Midd4VCServer] Vehicle veh5 already registered.
[Midd4VCServer] Vehicle veh21 already registered.
[Midd4VCServer] job received: f0df8697-f54a-4c5b-9d93-3ab6eba6da1d
[Midd4VCServer] Assigning job f0df8697-f54a-4c5b-9d93-3ab6eba6da1d to vehicle veh22
[Midd4VCServer] Vehicle veh2 already registered.
[Midd4VCServer] job received: 25efbd80-2c0d-4c1f-9de0-52f82153ddb7
[Midd4VCServer] Assigning job 25efbd80-2c0d-4c1f-9de0-52f82153ddb7 to vehicle veh19
[Midd4VCServer] job 25efbd80-2c0d-4c1f-9de0-52f82153ddb7 completed by vehicle veh19
[Midd4VCServer] Vehicle veh38 already registered.
[Midd4VCServer] job received: c8e79b3e-1f1b-4894-bfa3-4a9f30824142
[Midd4VC] Job c1e9bd35-f4fb-4908-ad6f-47077ffe676a timed out. Re-enqueueing.
[Midd4VCServer] Assigning job c1e9bd35-f4fb-4908-ad6f-47077ffe676a to vehicle veh35
[Midd4VCServer] Assigning job c8e79b3e-1f1b-4894-bfa3-4a9f30824142 to vehicle veh24
[Midd4VCServer] job c1e9bd35-f4fb-4908-ad6f-47077ffe676a completed by vehicle veh35
[Midd4VCServer] Vehicle veh3 already registered.
[Midd4VCServer] Vehicle veh35 already registered.
[Midd4VCServer] job received: 88b85ce9-5ace-4971-ad6d-64b7447b2fa0
[Midd4VCServer] Assigning job 88b85ce9-5ace-4971-ad6d-64b7447b2fa0 to vehicle veh35
[Midd4VCServer] job 88b85ce9-5ace-4971-ad6d-64b7447b2fa0 completed by vehicle veh35
[Midd4VCServer] job received: fd519963-d1bb-4022-8a65-fe9c44f4bad6
[Midd4VCServer] Assigning job fd519963-d1bb-4022-8a65-fe9c44f4bad6 to vehicle veh35
[Midd4VCServer] job fd519963-d1bb-4022-8a65-fe9c44f4bad6 completed by vehicle veh35
[Midd4VCServer] job received: 2cef44e2-5dd3-4c41-aa9d-a97f6af333fc
[Midd4VCServer] Assigning job 2cef44e2-5dd3-4c41-aa9d-a97f6af333fc to vehicle veh35
[Midd4VCServer] job 2cef44e2-5dd3-4c41-aa9d-a97f6af333fc completed by vehicle veh35
[Midd4VCServer] Vehicle veh5 already registered.
[Midd4VCServer] job received: 05c3094a-999b-4d23-9a20-596ff877f3c3
[Midd4VC] Job ef8af3a5-ec39-4f89-bfbd-0da73b8aeb27 timed out. Re-enqueueing.
[Midd4VC] Job f672e72c-89f9-47ff-8734-194727f7c5c7 timed out. Re-enqueueing.
[Midd4VCServer] Assigning job f672e72c-89f9-47ff-8734-194727f7c5c7 to vehicle veh29
[Midd4VCServer] Assigning job ef8af3a5-ec39-4f89-bfbd-0da73b8aeb27 to vehicle veh5
[Midd4VCServer] Assigning job 05c3094a-999b-4d23-9a20-596ff877f3c3 to vehicle veh35
[Midd4VCServer] job ef8af3a5-ec39-4f89-bfbd-0da73b8aeb27 completed by vehicle veh5
[Midd4VCServer] job 05c3094a-999b-4d23-9a20-596ff877f3c3 completed by vehicle veh35
[Midd4VCServer] Vehicle veh1 already registered.
[Midd4VCServer] job received: 319542c4-b552-422e-9ddf-d9368b611d58
[Midd4VC] Job 77f8810f-f164-4526-90fa-1cc31911bd8e timed out. Re-enqueueing.
[Midd4VC] Job df300759-5cd3-4204-b88b-ccd597deef81 timed out. Re-enqueueing.
[Midd4VC] Job 10f35ac1-f9cb-4364-9b3b-44a9f771e83d timed out. Re-enqueueing.
[Midd4VC] Job 5b46968b-0f80-4dc8-a181-03511a37ffbc timed out. Re-enqueueing.
[Midd4VCServer] Assigning job 5b46968b-0f80-4dc8-a181-03511a37ffbc to vehicle veh30
[Midd4VCServer] Assigning job 10f35ac1-f9cb-4364-9b3b-44a9f771e83d to vehicle veh34
[Midd4VCServer] Assigning job df300759-5cd3-4204-b88b-ccd597deef81 to vehicle veh17
[Midd4VCServer] Assigning job 77f8810f-f164-4526-90fa-1cc31911bd8e to vehicle veh8
[Midd4VCServer] Assigning job 319542c4-b552-422e-9ddf-d9368b611d58 to vehicle veh5
[Midd4VCServer] job 77f8810f-f164-4526-90fa-1cc31911bd8e completed by vehicle veh8
[Midd4VCServer] job received: 334871f4-9aac-412e-bb5a-7e892e3c88cd
[Midd4VCServer] Assigning job 334871f4-9aac-412e-bb5a-7e892e3c88cd to vehicle veh8
[Midd4VCServer] job 334871f4-9aac-412e-bb5a-7e892e3c88cd completed by vehicle veh8
[Midd4VCServer] job received: 7d41543e-fa46-417e-bbc1-a2c0fe042afd
[Midd4VC] Job 777b2ae8-2ba8-4ce8-ac0f-f134a522afeb timed out. Re-enqueueing.
[Midd4VCServer] Assigning job 777b2ae8-2ba8-4ce8-ac0f-f134a522afeb to vehicle veh31
[Midd4VCServer] Assigning job 7d41543e-fa46-417e-bbc1-a2c0fe042afd to vehicle veh8
[Midd4VCServer] job received: c51660d0-7754-4572-9242-25cad612582e
[Midd4VCServer] Assigning job c51660d0-7754-4572-9242-25cad612582e to vehicle veh9
[Midd4VCServer] job 777b2ae8-2ba8-4ce8-ac0f-f134a522afeb completed by vehicle veh31
[Midd4VCServer] job 7d41543e-fa46-417e-bbc1-a2c0fe042afd completed by vehicle veh8
[Midd4VCServer] job received: 285466f7-0b25-4683-bd3d-29ebead3eb36
[Midd4VCServer] Assigning job 285466f7-0b25-4683-bd3d-29ebead3eb36 to vehicle veh31
[Midd4VCServer] job 285466f7-0b25-4683-bd3d-29ebead3eb36 completed by vehicle veh31
[Midd4VCServer] Vehicle veh34 already registered.
[Midd4VCServer] Vehicle veh30 already registered.
[Midd4VCServer] job received: e26752ea-86ed-4b93-a257-2b3ec0d260bf
[Midd4VC] Job 3d97b426-a13e-4fb0-9635-03f2cfc60c2d timed out. Re-enqueueing.
[Midd4VC] Job 5e3b96a1-dbbb-479d-abd2-40fec19c990d timed out. Re-enqueueing.
[Midd4VCServer] Assigning job 5e3b96a1-dbbb-479d-abd2-40fec19c990d to vehicle veh6
[Midd4VCServer] Assigning job 3d97b426-a13e-4fb0-9635-03f2cfc60c2d to vehicle veh26
[Midd4VCServer] Assigning job e26752ea-86ed-4b93-a257-2b3ec0d260bf to vehicle veh31
[Midd4VCServer] job e26752ea-86ed-4b93-a257-2b3ec0d260bf completed by vehicle veh31
[Midd4VCServer] Vehicle veh36 already registered.
[Midd4VCServer] job received: 893fb7ea-f72a-4157-a722-3cc58e9d631c
[Midd4VCServer] Assigning job 893fb7ea-f72a-4157-a722-3cc58e9d631c to vehicle veh8
[Midd4VCServer] job 893fb7ea-f72a-4157-a722-3cc58e9d631c completed by vehicle veh8
[Midd4VCServer] job received: 93bb8c41-3ceb-4de6-882f-8b441260b9e4
[Midd4VCServer] Assigning job 93bb8c41-3ceb-4de6-882f-8b441260b9e4 to vehicle veh31
[Midd4VCServer] job 93bb8c41-3ceb-4de6-882f-8b441260b9e4 completed by vehicle veh31
[Midd4VCServer] job received: 0be66b80-55e2-405c-a42d-13f756b22aa2
[Midd4VCServer] Assigning job 0be66b80-55e2-405c-a42d-13f756b22aa2 to vehicle veh37
[Midd4VCServer] job received: 6446041b-5628-4478-86ef-614b84051fca
[Midd4VCServer] Assigning job 6446041b-5628-4478-86ef-614b84051fca to vehicle veh23
[Midd4VCServer] Vehicle veh25 already registered.
[Midd4VCServer] Vehicle veh40 already registered.
[Midd4VCServer] Vehicle veh33 already registered.
[Midd4VCServer] job received: 69ee6282-ac33-4765-b1d3-8a9706970489
[Midd4VC] Job 09cc992d-08dd-426c-a0ac-9d6acade05ac timed out. Re-enqueueing.
[Midd4VC] Job 093fe2e7-724d-4815-9bfd-fd85986e34d3 timed out. Re-enqueueing.
[Midd4VCServer] Assigning job 093fe2e7-724d-4815-9bfd-fd85986e34d3 to vehicle veh10
[Midd4VCServer] Assigning job 09cc992d-08dd-426c-a0ac-9d6acade05ac to vehicle veh1
[Midd4VCServer] Assigning job 69ee6282-ac33-4765-b1d3-8a9706970489 to vehicle veh20
[Midd4VCServer] job 09cc992d-08dd-426c-a0ac-9d6acade05ac completed by vehicle veh1
[Midd4VCServer] Vehicle veh6 already registered.
[Midd4VCServer] Vehicle veh5 already registered.
[Midd4VCServer] Vehicle veh4 already registered.
[Midd4VCServer] Vehicle veh7 already registered.
[Midd4VCServer] job received: 44c244d4-b4de-44c7-b385-bf0871320d49
[Midd4VC] Job a8a05bf9-1d98-4c41-936a-4bc5606e2349 timed out. Re-enqueueing.
[Midd4VC] Job 04a96958-0447-49bd-8c61-f57fbcbefbdf timed out. Re-enqueueing.
[Midd4VCServer] Assigning job 04a96958-0447-49bd-8c61-f57fbcbefbdf to vehicle veh4
[Midd4VCServer] Assigning job a8a05bf9-1d98-4c41-936a-4bc5606e2349 to vehicle veh33
[Midd4VCServer] Assigning job 44c244d4-b4de-44c7-b385-bf0871320d49 to vehicle veh1
[Midd4VCServer] job 04a96958-0447-49bd-8c61-f57fbcbefbdf completed by vehicle veh4
[Midd4VCServer] job 44c244d4-b4de-44c7-b385-bf0871320d49 completed by vehicle veh1
[Midd4VCServer] Vehicle veh20 already registered.
[Midd4VCServer] job received: bda31c62-cf48-40e5-9780-d57ce497314b
[Midd4VCServer] Assigning job bda31c62-cf48-40e5-9780-d57ce497314b to vehicle veh4
[Midd4VCServer] job bda31c62-cf48-40e5-9780-d57ce497314b completed by vehicle veh4
[Midd4VCServer] Vehicle veh17 already registered.
[Midd4VCServer] Vehicle veh29 already registered.
[Midd4VCServer] Vehicle veh11 already registered.
[Midd4VCServer] Vehicle veh33 already registered.
[Midd4VCServer] job received: e6cd41a6-25f1-47ff-8346-f27ffa2f0208
[Midd4VC] Job ceab49ca-63d3-4af3-95da-c747c52e79cc timed out. Re-enqueueing.
[Midd4VCServer] Assigning job ceab49ca-63d3-4af3-95da-c747c52e79cc to vehicle veh3
[Midd4VCServer] Assigning job e6cd41a6-25f1-47ff-8346-f27ffa2f0208 to vehicle veh1
[Midd4VCServer] job ceab49ca-63d3-4af3-95da-c747c52e79cc completed by vehicle veh3
[Midd4VCServer] job e6cd41a6-25f1-47ff-8346-f27ffa2f0208 completed by vehicle veh1
[Midd4VCServer] Vehicle veh3 already registered.
[Midd4VCServer] Vehicle veh12 already registered.
[Midd4VCServer] Vehicle veh8 already registered.
[Midd4VCServer] Vehicle veh7 already registered.
[Midd4VCServer] job received: 5ba04fd0-a9df-492e-a693-d239046ad6d9
[Midd4VCServer] Assigning job 5ba04fd0-a9df-492e-a693-d239046ad6d9 to vehicle veh3
[Midd4VCServer] job 5ba04fd0-a9df-492e-a693-d239046ad6d9 completed by vehicle veh3
[Midd4VCServer] job received: 8a91e89a-30b9-4c17-8a2a-33778f6dc443
[Midd4VCServer] Assigning job 8a91e89a-30b9-4c17-8a2a-33778f6dc443 to vehicle veh3
[Midd4VCServer] job 8a91e89a-30b9-4c17-8a2a-33778f6dc443 completed by vehicle veh3
[Midd4VCServer] job received: 94d8b0d9-9a53-4183-8258-d708f5bb9727
[Midd4VCServer] Assigning job 94d8b0d9-9a53-4183-8258-d708f5bb9727 to vehicle veh3
[Midd4VCServer] job 94d8b0d9-9a53-4183-8258-d708f5bb9727 completed by vehicle veh3
[Midd4VCServer] job received: a4cf5d8b-1a3e-4527-b312-0848337fcdc3
[Midd4VCServer] Assigning job a4cf5d8b-1a3e-4527-b312-0848337fcdc3 to vehicle veh3
[Midd4VCServer] job a4cf5d8b-1a3e-4527-b312-0848337fcdc3 completed by vehicle veh3
[Midd4VCServer] job received: 7476e440-1e25-4f0b-9b77-4efe897382b7
[Midd4VCServer] Assigning job 7476e440-1e25-4f0b-9b77-4efe897382b7 to vehicle veh3
[Midd4VCServer] job 7476e440-1e25-4f0b-9b77-4efe897382b7 completed by vehicle veh3
[Midd4VCServer] Vehicle veh26 already registered.
[Midd4VCServer] job received: dd4ea852-9e5c-4770-a28f-43ca39f49a3c
[Midd4VC] Job f3d31bc1-3b90-483c-b79c-dffb2a59c8b2 timed out. Re-enqueueing.
[Midd4VC] Job c5b46326-d792-4594-ab92-9b38db9e208a timed out. Re-enqueueing.
[Midd4VCServer] Assigning job c5b46326-d792-4594-ab92-9b38db9e208a to vehicle veh3
[Midd4VCServer] Assigning job f3d31bc1-3b90-483c-b79c-dffb2a59c8b2 to vehicle veh27
[Midd4VCServer] Assigning job dd4ea852-9e5c-4770-a28f-43ca39f49a3c to vehicle veh36
[Midd4VCServer] job c5b46326-d792-4594-ab92-9b38db9e208a completed by vehicle veh3
[Midd4VCServer] job received: d4ad2b81-3879-4e7c-a76e-18e35dd44616
[Midd4VCServer] Assigning job d4ad2b81-3879-4e7c-a76e-18e35dd44616 to vehicle veh3
[Midd4VCServer] job d4ad2b81-3879-4e7c-a76e-18e35dd44616 completed by vehicle veh3
[Midd4VCServer] Vehicle veh38 already registered.
[Midd4VCServer] job received: d4e0e5af-e381-4003-aee0-21cfc3a8165e
[Midd4VCServer] Assigning job d4e0e5af-e381-4003-aee0-21cfc3a8165e to vehicle veh4
[Midd4VCServer] job d4e0e5af-e381-4003-aee0-21cfc3a8165e completed by vehicle veh4
[Midd4VCServer] Vehicle veh28 already registered.
[Midd4VCServer] Vehicle veh24 already registered.
[Midd4VCServer] Vehicle veh35 already registered.
[Midd4VCServer] job received: 2dc91ea2-f4d6-4458-8e24-5aeece860f0c
[Midd4VC] Job a46c1e67-77e6-4978-945f-a1af9edf3f2f timed out. Re-enqueueing.
[Midd4VC] Job f49a875c-753a-46f1-8222-4b55f4fa1efd timed out. Re-enqueueing.
[Midd4VCServer] Assigning job f49a875c-753a-46f1-8222-4b55f4fa1efd to vehicle veh2
[Midd4VCServer] Assigning job a46c1e67-77e6-4978-945f-a1af9edf3f2f to vehicle veh16
[Midd4VCServer] Assigning job 2dc91ea2-f4d6-4458-8e24-5aeece860f0c to vehicle veh8
[Midd4VCServer] Vehicle veh22 already registered.
[Midd4VCServer] Vehicle veh32 already registered.
[Midd4VCServer] Vehicle veh38 already registered.
[Midd4VCServer] job received: 7773e40e-54fb-4d4e-9bf7-ec90bde461c4
[Midd4VC] Job 2c209c14-6649-4bca-b288-90d8353bd4ef timed out. Re-enqueueing.
[Midd4VCServer] Assigning job 2c209c14-6649-4bca-b288-90d8353bd4ef to vehicle veh7
[Midd4VCServer] Assigning job 7773e40e-54fb-4d4e-9bf7-ec90bde461c4 to vehicle veh25
[Midd4VCServer] job received: 853593f6-cefd-4d84-9d1d-d2bb0c419a32
[Midd4VC] Job 17ddbb0f-f5ef-4ab9-b529-59ee5d8590b2 timed out. Re-enqueueing.
[Midd4VCServer] Assigning job 17ddbb0f-f5ef-4ab9-b529-59ee5d8590b2 to vehicle veh15
[Midd4VCServer] Assigning job 853593f6-cefd-4d84-9d1d-d2bb0c419a32 to vehicle veh14
[Midd4VCServer] Vehicle veh23 already registered.
[Midd4VCServer] job received: a3c18708-864a-4c1b-83ec-727f1cc7d06b
[Midd4VCServer] Assigning job a3c18708-864a-4c1b-83ec-727f1cc7d06b to vehicle veh32
[Midd4VCServer] job a3c18708-864a-4c1b-83ec-727f1cc7d06b completed by vehicle veh32
[Midd4VCServer] job received: 01fc7721-93b2-44bf-9360-59e19dad7d44
[Midd4VCServer] Assigning job 01fc7721-93b2-44bf-9360-59e19dad7d44 to vehicle veh31
[Midd4VCServer] job received: 0db1f9d4-aaf9-488b-b4fc-95e884f2e9c8
[Midd4VCServer] Assigning job 0db1f9d4-aaf9-488b-b4fc-95e884f2e9c8 to vehicle veh35
[Midd4VCServer] job 0db1f9d4-aaf9-488b-b4fc-95e884f2e9c8 completed by vehicle veh35
[Midd4VCServer] Vehicle veh33 already registered.
[Midd4VCServer] job received: 1baaf134-d0ab-4386-a61c-40d7bbc03445
[Midd4VCServer] Assigning job 1baaf134-d0ab-4386-a61c-40d7bbc03445 to vehicle veh28
[Midd4VCServer] Vehicle veh39 already registered.
[Midd4VCServer] Vehicle veh14 already registered.
[Midd4VCServer] job received: 52dbbcd4-7ff0-4f5c-a5ce-13f509f101cd
[Midd4VCServer] Assigning job 52dbbcd4-7ff0-4f5c-a5ce-13f509f101cd to vehicle veh11
[Midd4VCServer] job received: 3e5c71e4-aaec-426b-b5ac-a797d935fb52
[Midd4VCServer] Assigning job 3e5c71e4-aaec-426b-b5ac-a797d935fb52 to vehicle veh21
[Midd4VCServer] job 3e5c71e4-aaec-426b-b5ac-a797d935fb52 completed by vehicle veh21
[Midd4VCServer] job received: 91071f9d-007f-4fa3-84c3-092fb76d49c4
[Midd4VCServer] Assigning job 91071f9d-007f-4fa3-84c3-092fb76d49c4 to vehicle veh1
[Midd4VCServer] Vehicle veh37 already registered.
[Midd4VCServer] Vehicle veh21 already registered.
[Midd4VCServer] Vehicle veh34 already registered.
[Midd4VCServer] Vehicle veh16 already registered.
[Midd4VCServer] job received: 51d52096-ec6a-487b-8db3-ae1add173470
[Midd4VC] Job 5fcc6947-f961-440f-8a01-29e6979d5735 timed out. Re-enqueueing.
[Midd4VC] Job 53ad6d9c-15df-4735-af39-0322d242a696 timed out. Re-enqueueing.
[Midd4VC] Job 0956eaf2-6ce2-4c7a-a189-edb57591589a timed out. Re-enqueueing.
[Midd4VCServer] Assigning job 0956eaf2-6ce2-4c7a-a189-edb57591589a to vehicle veh12
[Midd4VCServer] Assigning job 53ad6d9c-15df-4735-af39-0322d242a696 to vehicle veh13
[Midd4VCServer] Assigning job 5fcc6947-f961-440f-8a01-29e6979d5735 to vehicle veh40
[Midd4VCServer] Assigning job 51d52096-ec6a-487b-8db3-ae1add173470 to vehicle veh18
[Midd4VCServer] job 0956eaf2-6ce2-4c7a-a189-edb57591589a completed by vehicle veh12
[Midd4VCServer] Vehicle veh31 already registered.
[Midd4VCServer] Vehicle veh21 already registered.
[Midd4VCServer] job received: 6ccc1eae-345f-4913-b94d-4dc3c7126ccf
[Midd4VC] Job f0df8697-f54a-4c5b-9d93-3ab6eba6da1d timed out. Re-enqueueing.
[Midd4VCServer] Assigning job f0df8697-f54a-4c5b-9d93-3ab6eba6da1d to vehicle veh12
[Midd4VCServer] Assigning job 6ccc1eae-345f-4913-b94d-4dc3c7126ccf to vehicle veh22
[Midd4VCServer] job f0df8697-f54a-4c5b-9d93-3ab6eba6da1d completed by vehicle veh12
[Midd4VCServer] job 6ccc1eae-345f-4913-b94d-4dc3c7126ccf completed by vehicle veh22
[Midd4VCServer] job received: 26549645-f83f-4183-ab72-c05203cd96c0
[Midd4VCServer] Assigning job 26549645-f83f-4183-ab72-c05203cd96c0 to vehicle veh12
[Midd4VCServer] job 26549645-f83f-4183-ab72-c05203cd96c0 completed by vehicle veh12
[Midd4VCServer] job received: 386307f9-9454-4845-9084-1685d59b4c8f
[Midd4VCServer] Assigning job 386307f9-9454-4845-9084-1685d59b4c8f to vehicle veh12
[Midd4VCServer] Vehicle veh10 already registered.
[Midd4VCServer] job received: 7b531b56-abce-485a-968a-5b1a9abbf3fe
[Midd4VC] Job c8e79b3e-1f1b-4894-bfa3-4a9f30824142 timed out. Re-enqueueing.
[Midd4VCServer] Assigning job c8e79b3e-1f1b-4894-bfa3-4a9f30824142 to vehicle veh24
[Midd4VCServer] Assigning job 7b531b56-abce-485a-968a-5b1a9abbf3fe to vehicle veh38
[Midd4VCServer] job received: 068e1068-c305-48c8-8679-7fb61f8ed0c2
[Midd4VCServer] Assigning job 068e1068-c305-48c8-8679-7fb61f8ed0c2 to vehicle veh39
[Midd4VCServer] job 068e1068-c305-48c8-8679-7fb61f8ed0c2 completed by vehicle veh39
[Midd4VCServer] Vehicle veh6 already registered.
[Midd4VCServer] job received: 2cac1922-287e-43e7-b876-49344e0fb3d3
[Midd4VCServer] Assigning job 2cac1922-287e-43e7-b876-49344e0fb3d3 to vehicle veh22
[Midd4VCServer] job 2cac1922-287e-43e7-b876-49344e0fb3d3 completed by vehicle veh22
[Midd4VCServer] Vehicle veh18 already registered.
[Midd4VCServer] job received: 457482a5-684e-4a75-9e56-c91567783036
[Midd4VCServer] Assigning job 457482a5-684e-4a75-9e56-c91567783036 to vehicle veh3
[Midd4VCServer] job 457482a5-684e-4a75-9e56-c91567783036 completed by vehicle veh3
[Midd4VCServer] Vehicle veh37 already registered.
[Midd4VCServer] Vehicle veh30 already registered.
[Midd4VCServer] job received: 137d5a75-7fd9-4dd6-99e1-b45f865901a5
[Midd4VC] Job f672e72c-89f9-47ff-8734-194727f7c5c7 timed out. Re-enqueueing.
[Midd4VCServer] Assigning job f672e72c-89f9-47ff-8734-194727f7c5c7 to vehicle veh29
[Midd4VCServer] Assigning job 137d5a75-7fd9-4dd6-99e1-b45f865901a5 to vehicle veh19
[Midd4VCServer] job received: c4206aef-78d7-4c96-9219-85da7d29cc93
[Midd4VCServer] Assigning job c4206aef-78d7-4c96-9219-85da7d29cc93 to vehicle veh4
[Midd4VCServer] job c4206aef-78d7-4c96-9219-85da7d29cc93 completed by vehicle veh4
[Midd4VCServer] job received: 5700fba1-32b0-468a-838d-3b916f12a6b8
[Midd4VCServer] Assigning job 5700fba1-32b0-468a-838d-3b916f12a6b8 to vehicle veh32
[Midd4VCServer] job 5700fba1-32b0-468a-838d-3b916f12a6b8 completed by vehicle veh32
[Midd4VCServer] job received: 3a92ad12-468e-4fdc-8f7d-8d8d1450a692
[Midd4VC] Job 5b46968b-0f80-4dc8-a181-03511a37ffbc timed out. Re-enqueueing.
[Midd4VC] Job 10f35ac1-f9cb-4364-9b3b-44a9f771e83d timed out. Re-enqueueing.
[Midd4VC] Job df300759-5cd3-4204-b88b-ccd597deef81 timed out. Re-enqueueing.
[Midd4VC] Job 319542c4-b552-422e-9ddf-d9368b611d58 timed out. Re-enqueueing.
[Midd4VC] Job c51660d0-7754-4572-9242-25cad612582e timed out. Re-enqueueing.
[Midd4VCServer] Assigning job c51660d0-7754-4572-9242-25cad612582e to vehicle veh30
[Midd4VCServer] Assigning job 319542c4-b552-422e-9ddf-d9368b611d58 to vehicle veh34
[Midd4VCServer] Assigning job df300759-5cd3-4204-b88b-ccd597deef81 to vehicle veh17
[Midd4VCServer] Assigning job 10f35ac1-f9cb-4364-9b3b-44a9f771e83d to vehicle veh5
[Midd4VCServer] Assigning job 5b46968b-0f80-4dc8-a181-03511a37ffbc to vehicle veh9
[Midd4VCServer] Assigning job 3a92ad12-468e-4fdc-8f7d-8d8d1450a692 to vehicle veh35
[Midd4VCServer] job c51660d0-7754-4572-9242-25cad612582e completed by vehicle veh30
[Midd4VCServer] Vehicle veh2 already registered.
[Midd4VCServer] job received: 8603f0e2-75a5-4281-a7ea-d08bde9e1fea
[Midd4VCServer] Assigning job 8603f0e2-75a5-4281-a7ea-d08bde9e1fea to vehicle veh30
[Midd4VCServer] job 8603f0e2-75a5-4281-a7ea-d08bde9e1fea completed by vehicle veh30
[Midd4VCServer] job received: 69124d17-406a-4b15-ab95-82ed9cd1e409
[Midd4VCServer] Assigning job 69124d17-406a-4b15-ab95-82ed9cd1e409 to vehicle veh30
[Midd4VCServer] job 69124d17-406a-4b15-ab95-82ed9cd1e409 completed by vehicle veh30
[Midd4VCServer] job received: 4221807f-050c-4a30-b13e-ba02ef126a02
[Midd4VC] Job 5e3b96a1-dbbb-479d-abd2-40fec19c990d timed out. Re-enqueueing.
[Midd4VC] Job 3d97b426-a13e-4fb0-9635-03f2cfc60c2d timed out. Re-enqueueing.
[Midd4VCServer] Assigning job 3d97b426-a13e-4fb0-9635-03f2cfc60c2d to vehicle veh30
[Midd4VCServer] Assigning job 5e3b96a1-dbbb-479d-abd2-40fec19c990d to vehicle veh6
[Midd4VCServer] Assigning job 4221807f-050c-4a30-b13e-ba02ef126a02 to vehicle veh26
[Midd4VCServer] job 3d97b426-a13e-4fb0-9635-03f2cfc60c2d completed by vehicle veh30
[Midd4VCServer] job 5e3b96a1-dbbb-479d-abd2-40fec19c990d completed by vehicle veh6
[Midd4VCServer] job 4221807f-050c-4a30-b13e-ba02ef126a02 completed by vehicle veh26
[Midd4VCServer] job received: f15045e4-234a-4071-9254-da6fa53fde37
[Midd4VCServer] Assigning job f15045e4-234a-4071-9254-da6fa53fde37 to vehicle veh30
[Midd4VCServer] job f15045e4-234a-4071-9254-da6fa53fde37 completed by vehicle veh30
[Midd4VCServer] Vehicle veh19 already registered.
[Midd4VCServer] Vehicle veh14 already registered.
[Midd4VCServer] Vehicle veh11 already registered.
[Midd4VCServer] Vehicle veh7 already registered.
[Midd4VCServer] Vehicle veh17 already registered.
[Midd4VCServer] job received: 75f394af-3752-45c4-ba2c-c30bcb563b13
[Midd4VC] Job 0be66b80-55e2-405c-a42d-13f756b22aa2 timed out. Re-enqueueing.
[Midd4VC] Job 6446041b-5628-4478-86ef-614b84051fca timed out. Re-enqueueing.
[Midd4VC] Job 093fe2e7-724d-4815-9bfd-fd85986e34d3 timed out. Re-enqueueing.
[Midd4VC] Job 69ee6282-ac33-4765-b1d3-8a9706970489 timed out. Re-enqueueing.
[Midd4VCServer] Assigning job 69ee6282-ac33-4765-b1d3-8a9706970489 to vehicle veh30
[Midd4VCServer] Assigning job 093fe2e7-724d-4815-9bfd-fd85986e34d3 to vehicle veh10
[Midd4VCServer] Assigning job 6446041b-5628-4478-86ef-614b84051fca to vehicle veh6
[Midd4VCServer] Assigning job 0be66b80-55e2-405c-a42d-13f756b22aa2 to vehicle veh26
[Midd4VCServer] Assigning job 75f394af-3752-45c4-ba2c-c30bcb563b13 to vehicle veh37
[Midd4VCServer] job 75f394af-3752-45c4-ba2c-c30bcb563b13 completed by vehicle veh37
[Midd4VCServer] job 69ee6282-ac33-4765-b1d3-8a9706970489 completed by vehicle veh30
[Midd4VCServer] job 6446041b-5628-4478-86ef-614b84051fca completed by vehicle veh6
[Midd4VCServer] job 0be66b80-55e2-405c-a42d-13f756b22aa2 completed by vehicle veh26
[Midd4VCServer] job received: ae5f991e-9b3d-400e-88da-01d25b4ce795
[Midd4VC] Job a8a05bf9-1d98-4c41-936a-4bc5606e2349 timed out. Re-enqueueing.
[Midd4VCServer] Assigning job a8a05bf9-1d98-4c41-936a-4bc5606e2349 to vehicle veh30
[Midd4VCServer] Assigning job ae5f991e-9b3d-400e-88da-01d25b4ce795 to vehicle veh33
[Midd4VCServer] job a8a05bf9-1d98-4c41-936a-4bc5606e2349 completed by vehicle veh30
[Midd4VCServer] job ae5f991e-9b3d-400e-88da-01d25b4ce795 completed by vehicle veh33
[Midd4VCServer] Vehicle veh37 already registered.
[Midd4VCServer] job received: b66ddaea-05c1-450b-9f37-04970ecb7a6c
[Midd4VCServer] Assigning job b66ddaea-05c1-450b-9f37-04970ecb7a6c to vehicle veh30
[Midd4VCServer] job b66ddaea-05c1-450b-9f37-04970ecb7a6c completed by vehicle veh30
[Midd4VCServer] Vehicle veh24 already registered.
[Midd4VCServer] job received: e625ea61-3934-4565-9142-615385764bbb
[Midd4VCServer] Assigning job e625ea61-3934-4565-9142-615385764bbb to vehicle veh30
[Midd4VCServer] job e625ea61-3934-4565-9142-615385764bbb completed by vehicle veh30
[Midd4VCServer] Vehicle veh23 already registered.
[Midd4VCServer] Vehicle veh22 already registered.
[Midd4VCServer] Vehicle veh9 already registered.
[Midd4VCServer] job received: ccc5006f-0ab9-40b4-8d05-75ca4d506008
[Midd4VCServer] Assigning job ccc5006f-0ab9-40b4-8d05-75ca4d506008 to vehicle veh33
[Midd4VCServer] job received: 1a818680-5b6a-480a-909a-e4d37c854851
[Midd4VCServer] Assigning job 1a818680-5b6a-480a-909a-e4d37c854851 to vehicle veh30
[Midd4VCServer] job 1a818680-5b6a-480a-909a-e4d37c854851 completed by vehicle veh30
[Midd4VCServer] job received: bd4ce730-51d3-4b14-bebe-b04ccd75686c
[Midd4VCServer] Assigning job bd4ce730-51d3-4b14-bebe-b04ccd75686c to vehicle veh6
[Midd4VCServer] job bd4ce730-51d3-4b14-bebe-b04ccd75686c completed by vehicle veh6
[Midd4VCServer] Vehicle veh38 already registered.
[Midd4VCServer] Vehicle veh2 already registered.
[Midd4VCServer] job received: 021daa94-916b-4dfa-86e6-3f30580ae710
[Midd4VCServer] Assigning job 021daa94-916b-4dfa-86e6-3f30580ae710 to vehicle veh26
[Midd4VCServer] Vehicle veh17 already registered.
[Midd4VCServer] job received: 6b05449c-b140-4526-8840-7a9f58fb652e
[Midd4VCServer] Assigning job 6b05449c-b140-4526-8840-7a9f58fb652e to vehicle veh23
[Midd4VCServer] Vehicle veh18 already registered.
[Midd4VCServer] Vehicle veh39 already registered.
[Midd4VCServer] job received: 6fa1be4f-2aa2-4a75-bd17-6451c6440d74
[Midd4VCServer] Assigning job 6fa1be4f-2aa2-4a75-bd17-6451c6440d74 to vehicle veh20
[Midd4VCServer] job received: 082c17fe-dc07-4528-974a-7ba840ac9449
[Midd4VCServer] Assigning job 082c17fe-dc07-4528-974a-7ba840ac9449 to vehicle veh30
[Midd4VCServer] job 082c17fe-dc07-4528-974a-7ba840ac9449 completed by vehicle veh30
[Midd4VCServer] Vehicle veh8 already registered.
[Midd4VCServer] job received: e9ab9dab-ad24-4c71-8c84-ec90d5f31dff
[Midd4VC] Job f3d31bc1-3b90-483c-b79c-dffb2a59c8b2 timed out. Re-enqueueing.
[Midd4VC] Job dd4ea852-9e5c-4770-a28f-43ca39f49a3c timed out. Re-enqueueing.
[Midd4VC] Job f49a875c-753a-46f1-8222-4b55f4fa1efd timed out. Re-enqueueing.
[Midd4VC] Job a46c1e67-77e6-4978-945f-a1af9edf3f2f timed out. Re-enqueueing.
[Midd4VC] Job 2dc91ea2-f4d6-4458-8e24-5aeece860f0c timed out. Re-enqueueing.
[Midd4VCServer] Assigning job 2dc91ea2-f4d6-4458-8e24-5aeece860f0c to vehicle veh2
[Midd4VCServer] Assigning job a46c1e67-77e6-4978-945f-a1af9edf3f2f to vehicle veh16
[Midd4VCServer] Assigning job f49a875c-753a-46f1-8222-4b55f4fa1efd to vehicle veh27
[Midd4VCServer] Assigning job dd4ea852-9e5c-4770-a28f-43ca39f49a3c to vehicle veh36
[Midd4VCServer] Assigning job f3d31bc1-3b90-483c-b79c-dffb2a59c8b2 to vehicle veh8
[Midd4VCServer] Assigning job e9ab9dab-ad24-4c71-8c84-ec90d5f31dff to vehicle veh6
[Midd4VCServer] job f3d31bc1-3b90-483c-b79c-dffb2a59c8b2 completed by vehicle veh8
[Midd4VCServer] job 2dc91ea2-f4d6-4458-8e24-5aeece860f0c completed by vehicle veh2
[Midd4VCServer] Vehicle veh33 already registered.
[Midd4VCServer] job received: 74f45f2c-b6a0-435f-85b9-96b75140880c
[Midd4VCServer] Assigning job 74f45f2c-b6a0-435f-85b9-96b75140880c to vehicle veh2
[Midd4VCServer] job 74f45f2c-b6a0-435f-85b9-96b75140880c completed by vehicle veh2
[Midd4VCServer] job received: 05c36649-ea9c-4fe4-8510-2202ee742da1
[Midd4VCServer] Assigning job 05c36649-ea9c-4fe4-8510-2202ee742da1 to vehicle veh2
[Midd4VCServer] job 05c36649-ea9c-4fe4-8510-2202ee742da1 completed by vehicle veh2
[Midd4VCServer] job received: 006718be-2530-4430-88d5-0c58e9631b78
[Midd4VCServer] Assigning job 006718be-2530-4430-88d5-0c58e9631b78 to vehicle veh2
[Midd4VCServer] job 006718be-2530-4430-88d5-0c58e9631b78 completed by vehicle veh2
[Midd4VCServer] Vehicle veh25 already registered.
[Midd4VCServer] Vehicle veh29 already registered.
[Midd4VCServer] job received: d665ce0e-4a8d-4f50-8c3c-7a7213c1e3ce
[Midd4VCServer] Assigning job d665ce0e-4a8d-4f50-8c3c-7a7213c1e3ce to vehicle veh2
[Midd4VCServer] job d665ce0e-4a8d-4f50-8c3c-7a7213c1e3ce completed by vehicle veh2
[Midd4VCServer] Vehicle veh5 already registered.
[Midd4VCServer] Vehicle veh20 already registered.
[Midd4VCServer] job received: 98aecd62-b447-40a9-aff2-a0858df12562
[Midd4VC] Job 2c209c14-6649-4bca-b288-90d8353bd4ef timed out. Re-enqueueing.
[Midd4VC] Job 7773e40e-54fb-4d4e-9bf7-ec90bde461c4 timed out. Re-enqueueing.
[Midd4VCServer] Assigning job 7773e40e-54fb-4d4e-9bf7-ec90bde461c4 to vehicle veh2
[Midd4VCServer] Assigning job 2c209c14-6649-4bca-b288-90d8353bd4ef to vehicle veh7
[Midd4VCServer] Assigning job 98aecd62-b447-40a9-aff2-a0858df12562 to vehicle veh25
[Midd4VCServer] job 2c209c14-6649-4bca-b288-90d8353bd4ef completed by vehicle veh7
[Midd4VCServer] job 98aecd62-b447-40a9-aff2-a0858df12562 completed by vehicle veh25
[Midd4VCServer] job 7773e40e-54fb-4d4e-9bf7-ec90bde461c4 completed by vehicle veh2
[Midd4VCServer] Vehicle veh36 already registered.
[Midd4VCServer] job received: 94840a55-93d8-4773-ac8b-10fa7135badb
[Midd4VC] Job 17ddbb0f-f5ef-4ab9-b529-59ee5d8590b2 timed out. Re-enqueueing.
[Midd4VC] Job 853593f6-cefd-4d84-9d1d-d2bb0c419a32 timed out. Re-enqueueing.
[Midd4VCServer] Assigning job 853593f6-cefd-4d84-9d1d-d2bb0c419a32 to vehicle veh2
[Midd4VCServer] Assigning job 17ddbb0f-f5ef-4ab9-b529-59ee5d8590b2 to vehicle veh15
[Midd4VCServer] Assigning job 94840a55-93d8-4773-ac8b-10fa7135badb to vehicle veh7
[Midd4VCServer] job 853593f6-cefd-4d84-9d1d-d2bb0c419a32 completed by vehicle veh2
[Midd4VCServer] job 94840a55-93d8-4773-ac8b-10fa7135badb completed by vehicle veh7
[Midd4VCServer] Vehicle veh33 already registered.
[Midd4VCServer] job received: d5eb23fd-7183-4a76-89d9-b07e51b7c73d
[Midd4VCServer] Assigning job d5eb23fd-7183-4a76-89d9-b07e51b7c73d to vehicle veh2
[Midd4VCServer] job d5eb23fd-7183-4a76-89d9-b07e51b7c73d completed by vehicle veh2
[Midd4VCServer] Vehicle veh14 already registered.
[Midd4VCServer] Vehicle veh3 already registered.
[Midd4VCServer] Vehicle veh23 already registered.
[Midd4VCServer] Vehicle veh32 already registered.
[Midd4VCServer] Vehicle veh11 already registered.
[Midd4VCServer] job received: 253e8ac7-b06a-4fc8-8f91-f545585d1a6c
[Midd4VC] Job 01fc7721-93b2-44bf-9360-59e19dad7d44 timed out. Re-enqueueing.
[Midd4VCServer] Assigning job 01fc7721-93b2-44bf-9360-59e19dad7d44 to vehicle veh2
[Midd4VCServer] Assigning job 253e8ac7-b06a-4fc8-8f91-f545585d1a6c to vehicle veh14
[Midd4VCServer] job 253e8ac7-b06a-4fc8-8f91-f545585d1a6c completed by vehicle veh14
[Midd4VCServer] job 01fc7721-93b2-44bf-9360-59e19dad7d44 completed by vehicle veh2
[Midd4VCServer] Vehicle veh39 already registered.
[Midd4VCServer] job received: 8a10fb19-c14c-4cc8-b313-d743a3ab40ae
[Midd4VC] Job 1baaf134-d0ab-4386-a61c-40d7bbc03445 timed out. Re-enqueueing.
[Midd4VC] Job 52dbbcd4-7ff0-4f5c-a5ce-13f509f101cd timed out. Re-enqueueing.
[Midd4VC] Job 91071f9d-007f-4fa3-84c3-092fb76d49c4 timed out. Re-enqueueing.
[Midd4VCServer] Assigning job 91071f9d-007f-4fa3-84c3-092fb76d49c4 to vehicle veh2
[Midd4VCServer] Assigning job 52dbbcd4-7ff0-4f5c-a5ce-13f509f101cd to vehicle veh31
[Midd4VCServer] Assigning job 1baaf134-d0ab-4386-a61c-40d7bbc03445 to vehicle veh28
[Midd4VCServer] Assigning job 8a10fb19-c14c-4cc8-b313-d743a3ab40ae to vehicle veh11
[Midd4VCServer] job 91071f9d-007f-4fa3-84c3-092fb76d49c4 completed by vehicle veh2
[Midd4VCServer] job 8a10fb19-c14c-4cc8-b313-d743a3ab40ae completed by vehicle veh11
[Midd4VCServer] job received: 64fabd71-8581-4876-8e2f-bc07cdc9be9b
[Midd4VCServer] Assigning job 64fabd71-8581-4876-8e2f-bc07cdc9be9b to vehicle veh2
[Midd4VCServer] job 64fabd71-8581-4876-8e2f-bc07cdc9be9b completed by vehicle veh2
[Midd4VCServer] Vehicle veh10 already registered.
[Midd4VCServer] Vehicle veh15 already registered.
[Midd4VCServer] Vehicle veh19 already registered.
[Midd4VCServer] job received: 0166bf56-aad1-4bd4-81a9-72504c106fee
[Midd4VCServer] Assigning job 0166bf56-aad1-4bd4-81a9-72504c106fee to vehicle veh7
[Midd4VCServer] job 0166bf56-aad1-4bd4-81a9-72504c106fee completed by vehicle veh7
[Midd4VCServer] job received: 85abaaf9-cddf-483d-a45e-985e9bbf6a4f
[Midd4VC] Job 53ad6d9c-15df-4735-af39-0322d242a696 timed out. Re-enqueueing.
[Midd4VC] Job 5fcc6947-f961-440f-8a01-29e6979d5735 timed out. Re-enqueueing.
[Midd4VC] Job 51d52096-ec6a-487b-8db3-ae1add173470 timed out. Re-enqueueing.
[Midd4VCServer] Assigning job 51d52096-ec6a-487b-8db3-ae1add173470 to vehicle veh13
[Midd4VCServer] Assigning job 5fcc6947-f961-440f-8a01-29e6979d5735 to vehicle veh40
[Midd4VCServer] Assigning job 53ad6d9c-15df-4735-af39-0322d242a696 to vehicle veh1
[Midd4VCServer] Assigning job 85abaaf9-cddf-483d-a45e-985e9bbf6a4f to vehicle veh18
[Midd4VCServer] job 85abaaf9-cddf-483d-a45e-985e9bbf6a4f completed by vehicle veh18
[Midd4VCServer] job received: 0ed7290f-26ed-4873-a6f0-2f4b4ca7367e
[Midd4VCServer] Assigning job 0ed7290f-26ed-4873-a6f0-2f4b4ca7367e to vehicle veh37
[Midd4VCServer] job 0ed7290f-26ed-4873-a6f0-2f4b4ca7367e completed by vehicle veh37
[Midd4VCServer] Vehicle veh40 already registered.
[Midd4VCServer] job received: f202b8b5-937e-49a0-ae1b-08623f8136b3
[Midd4VC] Job 386307f9-9454-4845-9084-1685d59b4c8f timed out. Re-enqueueing.
[Midd4VCServer] Assigning job 386307f9-9454-4845-9084-1685d59b4c8f to vehicle veh12
[Midd4VCServer] Assigning job f202b8b5-937e-49a0-ae1b-08623f8136b3 to vehicle veh30
[Midd4VCServer] job f202b8b5-937e-49a0-ae1b-08623f8136b3 completed by vehicle veh30
[Midd4VCServer] job received: ea941957-c153-4997-a550-27beb826854a
[Midd4VCServer] Assigning job ea941957-c153-4997-a550-27beb826854a to vehicle veh8
[Midd4VCServer] job received: a518f280-869b-4803-9c7f-84759f385c4e
[Midd4VCServer] Assigning job a518f280-869b-4803-9c7f-84759f385c4e to vehicle veh25
[Midd4VCServer] job received: 2cb0457a-017a-4f89-a1b0-d5f0516d8ee5
[Midd4VCServer] Assigning job 2cb0457a-017a-4f89-a1b0-d5f0516d8ee5 to vehicle veh14
[Midd4VCServer] job received: e2a641dd-bffe-492a-bcec-b3af2ad5d8d3
[Midd4VC] Job c8e79b3e-1f1b-4894-bfa3-4a9f30824142 timed out. Re-enqueueing.
[Midd4VC] Job 7b531b56-abce-485a-968a-5b1a9abbf3fe timed out. Re-enqueueing.
[Midd4VCServer] Assigning job 7b531b56-abce-485a-968a-5b1a9abbf3fe to vehicle veh24
[Midd4VCServer] Assigning job c8e79b3e-1f1b-4894-bfa3-4a9f30824142 to vehicle veh38
[Midd4VCServer] Assigning job e2a641dd-bffe-492a-bcec-b3af2ad5d8d3 to vehicle veh2
[Midd4VCServer] job 7b531b56-abce-485a-968a-5b1a9abbf3fe completed by vehicle veh24
[Midd4VCServer] job e2a641dd-bffe-492a-bcec-b3af2ad5d8d3 completed by vehicle veh2
[Midd4VCServer] Vehicle veh31 already registered.
[Midd4VCServer] job received: 8282036d-56c6-4f06-858c-de8db14e28cb
[Midd4VCServer] Assigning job 8282036d-56c6-4f06-858c-de8db14e28cb to vehicle veh24
[Midd4VCServer] job 8282036d-56c6-4f06-858c-de8db14e28cb completed by vehicle veh24
[Midd4VCServer] job received: 5ef54c1e-c8c9-4512-805d-2017853c64db
[Midd4VCServer] Assigning job 5ef54c1e-c8c9-4512-805d-2017853c64db to vehicle veh11
[Midd4VCServer] Vehicle veh26 already registered.
[Midd4VCServer] job received: 0404147b-ada7-42ae-ac8b-69d5290df591
[Midd4VCServer] Assigning job 0404147b-ada7-42ae-ac8b-69d5290df591 to vehicle veh21
[Midd4VCServer] Vehicle veh18 already registered.
[Midd4VCServer] Vehicle veh28 already registered.
[Midd4VCServer] Vehicle veh13 already registered.
[Midd4VCServer] Vehicle veh16 already registered.
[Midd4VCServer] Vehicle veh32 already registered.
[Midd4VCServer] Vehicle veh9 already registered.
[Midd4VCServer] job received: 0842272e-d019-40c8-b91d-c468a66cbc7a
[Midd4VC] Job f672e72c-89f9-47ff-8734-194727f7c5c7 timed out. Re-enqueueing.
[Midd4VC] Job 137d5a75-7fd9-4dd6-99e1-b45f865901a5 timed out. Re-enqueueing.
[Midd4VC] Job 319542c4-b552-422e-9ddf-d9368b611d58 timed out. Re-enqueueing.
[Midd4VC] Job df300759-5cd3-4204-b88b-ccd597deef81 timed out. Re-enqueueing.
[Midd4VC] Job 10f35ac1-f9cb-4364-9b3b-44a9f771e83d timed out. Re-enqueueing.
[Midd4VC] Job 5b46968b-0f80-4dc8-a181-03511a37ffbc timed out. Re-enqueueing.
[Midd4VC] Job 3a92ad12-468e-4fdc-8f7d-8d8d1450a692 timed out. Re-enqueueing.
[Midd4VCServer] Assigning job 3a92ad12-468e-4fdc-8f7d-8d8d1450a692 to vehicle veh29
[Midd4VCServer] Assigning job 5b46968b-0f80-4dc8-a181-03511a37ffbc to vehicle veh34
[Midd4VCServer] Assigning job 10f35ac1-f9cb-4364-9b3b-44a9f771e83d to vehicle veh17
[Midd4VCServer] Assigning job df300759-5cd3-4204-b88b-ccd597deef81 to vehicle veh5
[Midd4VCServer] Assigning job 319542c4-b552-422e-9ddf-d9368b611d58 to vehicle veh9
[Midd4VCServer] Assigning job 137d5a75-7fd9-4dd6-99e1-b45f865901a5 to vehicle veh19
[Midd4VCServer] Assigning job f672e72c-89f9-47ff-8734-194727f7c5c7 to vehicle veh35
[Midd4VCServer] Assigning job 0842272e-d019-40c8-b91d-c468a66cbc7a to vehicle veh7
[Midd4VCServer] job 0842272e-d019-40c8-b91d-c468a66cbc7a completed by vehicle veh7
[Midd4VCServer] job 319542c4-b552-422e-9ddf-d9368b611d58 completed by vehicle veh9
[Midd4VCServer] job 137d5a75-7fd9-4dd6-99e1-b45f865901a5 completed by vehicle veh19
[Midd4VCServer] job received: b6cf0fc3-d098-4984-83f9-33e6ec5ba56f
[Midd4VCServer] Assigning job b6cf0fc3-d098-4984-83f9-33e6ec5ba56f to vehicle veh9
[Midd4VCServer] job b6cf0fc3-d098-4984-83f9-33e6ec5ba56f completed by vehicle veh9
[Midd4VCServer] job received: fd488a9f-11b5-4d03-a51f-e1da501d78a1
[Midd4VCServer] Assigning job fd488a9f-11b5-4d03-a51f-e1da501d78a1 to vehicle veh18
[Midd4VCServer] job fd488a9f-11b5-4d03-a51f-e1da501d78a1 completed by vehicle veh18
[Midd4VCServer] Vehicle veh27 already registered.
[Midd4VCServer] job received: e0ecf230-95a8-4bd0-bc60-562893a129f5
[Midd4VCServer] Assigning job e0ecf230-95a8-4bd0-bc60-562893a129f5 to vehicle veh39
[Midd4VCServer] Vehicle veh6 already registered.
[Midd4VCServer] Vehicle veh23 already registered.
[Midd4VCServer] job received: 3089ef93-de85-4534-b8ee-8793dfc41eb2
[Midd4VCServer] Assigning job 3089ef93-de85-4534-b8ee-8793dfc41eb2 to vehicle veh22
[Midd4VCServer] Vehicle veh38 already registered.
[Midd4VCServer] Vehicle veh39 already registered.
[Midd4VCServer] Vehicle veh33 already registered.
[Midd4VCServer] Vehicle veh37 already registered.
[Midd4VCServer] job received: 4ba12c82-875d-469d-add8-e7ce02e5788f
[Midd4VCServer] Assigning job 4ba12c82-875d-469d-add8-e7ce02e5788f to vehicle veh3
[Midd4VCServer] job received: 093aa353-0d42-4140-9125-4113dbd91bf0
[Midd4VCServer] Assigning job 093aa353-0d42-4140-9125-4113dbd91bf0 to vehicle veh19
[Midd4VCServer] job 093aa353-0d42-4140-9125-4113dbd91bf0 completed by vehicle veh19
[Midd4VCServer] job received: cdc1c7a4-a73f-4473-b3a4-75f6e27ef856
[Midd4VCServer] Assigning job cdc1c7a4-a73f-4473-b3a4-75f6e27ef856 to vehicle veh24
[Midd4VCServer] Vehicle veh11 already registered.
[Midd4VCServer] Vehicle veh26 already registered.
[Midd4VCServer] job received: 778ee14a-94bd-4de3-91b3-d83aba7f500c
[Midd4VC] Job 093fe2e7-724d-4815-9bfd-fd85986e34d3 timed out. Re-enqueueing.
[Midd4VCServer] Assigning job 093fe2e7-724d-4815-9bfd-fd85986e34d3 to vehicle veh10
[Midd4VCServer] Assigning job 778ee14a-94bd-4de3-91b3-d83aba7f500c to vehicle veh9
[Midd4VCServer] Vehicle veh36 already registered.
[Midd4VCServer] Vehicle veh40 already registered.
[Midd4VCServer] Vehicle veh18 already registered.
[Midd4VCServer] job received: abfc6da2-0fd4-452f-8eae-c84109ad7651
[Midd4VCServer] Assigning job abfc6da2-0fd4-452f-8eae-c84109ad7651 to vehicle veh37
[Midd4VCServer] job abfc6da2-0fd4-452f-8eae-c84109ad7651 completed by vehicle veh37
[Midd4VCServer] Vehicle veh35 already registered.
[Midd4VCServer] Vehicle veh25 already registered.
[Midd4VCServer] job received: afc537dc-dea9-474f-aa19-1092e197dca6
[Midd4VC] Job ccc5006f-0ab9-40b4-8d05-75ca4d506008 timed out. Re-enqueueing.
[Midd4VCServer] Assigning job ccc5006f-0ab9-40b4-8d05-75ca4d506008 to vehicle veh33
[Midd4VCServer] Assigning job afc537dc-dea9-474f-aa19-1092e197dca6 to vehicle veh4
[Midd4VCServer] job received: 7f8c4543-d17c-4ee3-9089-f147a7dfd4ef
[Midd4VCServer] Assigning job 7f8c4543-d17c-4ee3-9089-f147a7dfd4ef to vehicle veh30
[Midd4VCServer] Vehicle veh19 already registered.
[Midd4VCServer] job received: 696045a6-a7fc-402a-8513-a844d748de16
[Midd4VC] Job 021daa94-916b-4dfa-86e6-3f30580ae710 timed out. Re-enqueueing.
[Midd4VC] Job 6b05449c-b140-4526-8840-7a9f58fb652e timed out. Re-enqueueing.
[Midd4VCServer] Assigning job 6b05449c-b140-4526-8840-7a9f58fb652e to vehicle veh26
[Midd4VCServer] Assigning job 021daa94-916b-4dfa-86e6-3f30580ae710 to vehicle veh23
[Midd4VCServer] Assigning job 696045a6-a7fc-402a-8513-a844d748de16 to vehicle veh32
[Midd4VCServer] Vehicle veh12 already registered.
[Midd4VCServer] job received: 88e7712f-d874-4edc-a719-e20b9ee17000
[Midd4VCServer] Assigning job 88e7712f-d874-4edc-a719-e20b9ee17000 to vehicle veh2
[Midd4VCServer] job received: 5ab2af53-1713-4e4b-b167-ea8b4b313f4b
[Midd4VCServer] Assigning job 5ab2af53-1713-4e4b-b167-ea8b4b313f4b to vehicle veh7
[Midd4VCServer] Vehicle veh17 already registered.
[Midd4VCServer] Vehicle veh4 already registered.
[Midd4VCServer] Vehicle veh20 already registered.
[Midd4VCServer] Vehicle veh32 already registered.
[Midd4VCServer] job received: edbe025a-ddfc-4f91-a5f1-cdbc05939f00
[Midd4VC] Job 6fa1be4f-2aa2-4a75-bd17-6451c6440d74 timed out. Re-enqueueing.
[Midd4VCServer] Assigning job 6fa1be4f-2aa2-4a75-bd17-6451c6440d74 to vehicle veh20
[Midd4VCServer] Assigning job edbe025a-ddfc-4f91-a5f1-cdbc05939f00 to vehicle veh18
[Midd4VCServer] job 6fa1be4f-2aa2-4a75-bd17-6451c6440d74 completed by vehicle veh20
[Midd4VCServer] Vehicle veh26 already registered.
[Midd4VCServer] Vehicle veh6 already registered.
[Midd4VCServer] Vehicle veh16 already registered.
[Midd4VCServer] job received: 13e41c99-8b0f-4504-a959-b3abb97c4126
[Midd4VCServer] Assigning job 13e41c99-8b0f-4504-a959-b3abb97c4126 to vehicle veh20
[Midd4VCServer] job 13e41c99-8b0f-4504-a959-b3abb97c4126 completed by vehicle veh20
[Midd4VCServer] Vehicle veh11 already registered.
[Midd4VCServer] job received: d86b51ec-048b-4568-a774-431353d3880c
[Midd4VCServer] Assigning job d86b51ec-048b-4568-a774-431353d3880c to vehicle veh20
[Midd4VCServer] job d86b51ec-048b-4568-a774-431353d3880c completed by vehicle veh20
[Midd4VCServer] job received: 9a150b5b-d1e8-4d2f-ba34-56c8047d95ee
[Midd4VC] Job a46c1e67-77e6-4978-945f-a1af9edf3f2f timed out. Re-enqueueing.
[Midd4VC] Job f49a875c-753a-46f1-8222-4b55f4fa1efd timed out. Re-enqueueing.
[Midd4VC] Job dd4ea852-9e5c-4770-a28f-43ca39f49a3c timed out. Re-enqueueing.
[Midd4VC] Job e9ab9dab-ad24-4c71-8c84-ec90d5f31dff timed out. Re-enqueueing.
[Midd4VCServer] Assigning job e9ab9dab-ad24-4c71-8c84-ec90d5f31dff to vehicle veh16
[Midd4VCServer] Assigning job dd4ea852-9e5c-4770-a28f-43ca39f49a3c to vehicle veh27
[Midd4VCServer] Assigning job f49a875c-753a-46f1-8222-4b55f4fa1efd to vehicle veh36
[Midd4VCServer] Assigning job a46c1e67-77e6-4978-945f-a1af9edf3f2f to vehicle veh6
[Midd4VCServer] Assigning job 9a150b5b-d1e8-4d2f-ba34-56c8047d95ee to vehicle veh19
[Midd4VCServer] job f49a875c-753a-46f1-8222-4b55f4fa1efd completed by vehicle veh36
[Midd4VCServer] job dd4ea852-9e5c-4770-a28f-43ca39f49a3c completed by vehicle veh27
[Midd4VCServer] job a46c1e67-77e6-4978-945f-a1af9edf3f2f completed by vehicle veh6
[Midd4VCServer] job received: d2577fe9-569d-43b5-bc43-8ab3bcbf6106
[Midd4VCServer] Assigning job d2577fe9-569d-43b5-bc43-8ab3bcbf6106 to vehicle veh27
[Midd4VCServer] job d2577fe9-569d-43b5-bc43-8ab3bcbf6106 completed by vehicle veh27
[Midd4VCServer] Vehicle veh2 already registered.
[Midd4VCServer] job received: 80983f25-559a-4f59-8cc8-814c96cceff7
[Midd4VCServer] Assigning job 80983f25-559a-4f59-8cc8-814c96cceff7 to vehicle veh36
[Midd4VCServer] job 80983f25-559a-4f59-8cc8-814c96cceff7 completed by vehicle veh36
[Midd4VCServer] Vehicle veh16 already registered.
[Midd4VCServer] Vehicle veh37 already registered.
[Midd4VCServer] job received: 0187df47-47f5-44e5-8abc-646fab259fd2
[Midd4VC] Job 17ddbb0f-f5ef-4ab9-b529-59ee5d8590b2 timed out. Re-enqueueing.
[Midd4VCServer] Assigning job 17ddbb0f-f5ef-4ab9-b529-59ee5d8590b2 to vehicle veh15
[Midd4VCServer] Assigning job 0187df47-47f5-44e5-8abc-646fab259fd2 to vehicle veh27
[Midd4VCServer] Vehicle veh10 already registered.
[Midd4VCServer] job received: 9692c3c4-5b1c-4665-9158-c73d869769a1
[Midd4VCServer] Assigning job 9692c3c4-5b1c-4665-9158-c73d869769a1 to vehicle veh36
[Midd4VCServer] job 9692c3c4-5b1c-4665-9158-c73d869769a1 completed by vehicle veh36
[Midd4VCServer] job received: d72437b1-7c26-49ba-8922-c269d8126e6f
[Midd4VCServer] Assigning job d72437b1-7c26-49ba-8922-c269d8126e6f to vehicle veh6
[Midd4VCServer] job d72437b1-7c26-49ba-8922-c269d8126e6f completed by vehicle veh6
[Midd4VCServer] job received: c56aaf05-e96b-4491-82f5-525792bd7122
[Midd4VCServer] Assigning job c56aaf05-e96b-4491-82f5-525792bd7122 to vehicle veh36
[Midd4VCServer] job c56aaf05-e96b-4491-82f5-525792bd7122 completed by vehicle veh36
[Midd4VCServer] job received: d3d54cae-1daf-4a35-b25f-ff5322bc304e
[Midd4VCServer] Assigning job d3d54cae-1daf-4a35-b25f-ff5322bc304e to vehicle veh6
[Midd4VCServer] job d3d54cae-1daf-4a35-b25f-ff5322bc304e completed by vehicle veh6
[Midd4VCServer] Vehicle veh9 already registered.
[Midd4VCServer] Vehicle veh4 already registered.
[Midd4VCServer] job received: 8ba9f75c-9d5a-41d3-87c3-a699599301d2
[Midd4VCServer] Assigning job 8ba9f75c-9d5a-41d3-87c3-a699599301d2 to vehicle veh36
[Midd4VCServer] job 8ba9f75c-9d5a-41d3-87c3-a699599301d2 completed by vehicle veh36
[Midd4VCServer] Vehicle veh20 already registered.
[Midd4VCServer] job received: a713e0d6-5e94-4c46-bb02-d7d7a72b0bd2
[Midd4VCServer] Assigning job a713e0d6-5e94-4c46-bb02-d7d7a72b0bd2 to vehicle veh37
[Midd4VCServer] job a713e0d6-5e94-4c46-bb02-d7d7a72b0bd2 completed by vehicle veh37
[Midd4VCServer] Vehicle veh7 already registered.
[Midd4VCServer] job received: f7ecad81-4c6a-4bf3-bb53-f9260499b60c
[Midd4VC] Job 52dbbcd4-7ff0-4f5c-a5ce-13f509f101cd timed out. Re-enqueueing.
[Midd4VC] Job 1baaf134-d0ab-4386-a61c-40d7bbc03445 timed out. Re-enqueueing.
[Midd4VCServer] Assigning job 1baaf134-d0ab-4386-a61c-40d7bbc03445 to vehicle veh31
[Midd4VCServer] Assigning job 52dbbcd4-7ff0-4f5c-a5ce-13f509f101cd to vehicle veh28
[Midd4VCServer] Assigning job f7ecad81-4c6a-4bf3-bb53-f9260499b60c to vehicle veh20
[Midd4VCServer] job 52dbbcd4-7ff0-4f5c-a5ce-13f509f101cd completed by vehicle veh28
[Midd4VCServer] job f7ecad81-4c6a-4bf3-bb53-f9260499b60c completed by vehicle veh20
[Midd4VCServer] Vehicle veh17 already registered.
[Midd4VCServer] job received: e027f64c-fa19-4def-8108-31e06ac108e1
[Midd4VCServer] Assigning job e027f64c-fa19-4def-8108-31e06ac108e1 to vehicle veh28
[Midd4VCServer] job e027f64c-fa19-4def-8108-31e06ac108e1 completed by vehicle veh28
[Midd4VCServer] Vehicle veh26 already registered.
[Midd4VCServer] Vehicle veh18 already registered.
[Midd4VCServer] Vehicle veh34 already registered.
[Midd4VCServer] job received: 1c2198c7-72a6-42c9-ad0b-6f1d4451c7cf
[Midd4VC] Job 51d52096-ec6a-487b-8db3-ae1add173470 timed out. Re-enqueueing.
[Midd4VC] Job 5fcc6947-f961-440f-8a01-29e6979d5735 timed out. Re-enqueueing.
[Midd4VC] Job 53ad6d9c-15df-4735-af39-0322d242a696 timed out. Re-enqueueing.
[Midd4VCServer] Assigning job 53ad6d9c-15df-4735-af39-0322d242a696 to vehicle veh13
[Midd4VCServer] Assigning job 5fcc6947-f961-440f-8a01-29e6979d5735 to vehicle veh40
[Midd4VCServer] Assigning job 51d52096-ec6a-487b-8db3-ae1add173470 to vehicle veh1
[Midd4VCServer] Assigning job 1c2198c7-72a6-42c9-ad0b-6f1d4451c7cf to vehicle veh28
[Midd4VCServer] job 1c2198c7-72a6-42c9-ad0b-6f1d4451c7cf completed by vehicle veh28
[Midd4VCServer] job received: a6e20950-cd01-4091-aa5b-14ad3f7adf9d
[Midd4VCServer] Assigning job a6e20950-cd01-4091-aa5b-14ad3f7adf9d to vehicle veh6
[Midd4VCServer] job a6e20950-cd01-4091-aa5b-14ad3f7adf9d completed by vehicle veh6
[Midd4VCServer] Vehicle veh40 already registered.
[Midd4VCServer] Vehicle veh38 already registered.
[Midd4VCServer] Vehicle veh21 already registered.
[Midd4VCServer] job received: fc550e09-72e2-4f68-92a2-7552e218079b
[Midd4VC] Job 386307f9-9454-4845-9084-1685d59b4c8f timed out. Re-enqueueing.
[Midd4VCServer] Assigning job 386307f9-9454-4845-9084-1685d59b4c8f to vehicle veh12
[Midd4VCServer] Assigning job fc550e09-72e2-4f68-92a2-7552e218079b to vehicle veh28
[Midd4VCServer] job fc550e09-72e2-4f68-92a2-7552e218079b completed by vehicle veh28
[Midd4VCServer] Vehicle veh32 already registered.
[Midd4VCServer] job received: 8f1f1443-76b6-4d93-94e9-eac952d85f88
[Midd4VC] Job ea941957-c153-4997-a550-27beb826854a timed out. Re-enqueueing.
[Midd4VCServer] Assigning job ea941957-c153-4997-a550-27beb826854a to vehicle veh8
[Midd4VCServer] Assigning job 8f1f1443-76b6-4d93-94e9-eac952d85f88 to vehicle veh36
[Midd4VCServer] Vehicle veh26 already registered.
[Midd4VCServer] job received: d5fb80f4-6a6c-430f-b67d-9d6f9a57fa17
[Midd4VC] Job a518f280-869b-4803-9c7f-84759f385c4e timed out. Re-enqueueing.
[Midd4VCServer] Assigning job a518f280-869b-4803-9c7f-84759f385c4e to vehicle veh25
[Midd4VCServer] Assigning job d5fb80f4-6a6c-430f-b67d-9d6f9a57fa17 to vehicle veh37
[Midd4VCServer] Vehicle veh30 already registered.
[Midd4VCServer] Vehicle veh15 already registered.
[Midd4VCServer] job received: c3fafba9-4715-47eb-b1a9-b7b7b0a3b895
[Midd4VC] Job 2cb0457a-017a-4f89-a1b0-d5f0516d8ee5 timed out. Re-enqueueing.
[Midd4VCServer] Assigning job 2cb0457a-017a-4f89-a1b0-d5f0516d8ee5 to vehicle veh14
[Midd4VCServer] Assigning job c3fafba9-4715-47eb-b1a9-b7b7b0a3b895 to vehicle veh20
[Midd4VCServer] job c3fafba9-4715-47eb-b1a9-b7b7b0a3b895 completed by vehicle veh20
[Midd4VCServer] job received: 44386f84-68f2-4d3a-a5c2-79704945279d
[Midd4VCServer] Assigning job 44386f84-68f2-4d3a-a5c2-79704945279d to vehicle veh6
[Midd4VCServer] job 44386f84-68f2-4d3a-a5c2-79704945279d completed by vehicle veh6
[Midd4VCServer] Vehicle veh10 already registered.
[Midd4VCServer] Vehicle veh29 already registered.
[Midd4VCServer] job received: 11649906-dc11-463f-85f0-bce56445c3c4
[Midd4VC] Job c8e79b3e-1f1b-4894-bfa3-4a9f30824142 timed out. Re-enqueueing.
[Midd4VCServer] Assigning job c8e79b3e-1f1b-4894-bfa3-4a9f30824142 to vehicle veh38
[Midd4VCServer] Assigning job 11649906-dc11-463f-85f0-bce56445c3c4 to vehicle veh28
[Midd4VCServer] job c8e79b3e-1f1b-4894-bfa3-4a9f30824142 completed by vehicle veh38
[Midd4VCServer] job 11649906-dc11-463f-85f0-bce56445c3c4 completed by vehicle veh28
[Midd4VCServer] Vehicle veh16 already registered.
[Midd4VCServer] job received: c0b90811-09a8-4886-b390-24b50c9d7618
[Midd4VC] Job 5ef54c1e-c8c9-4512-805d-2017853c64db timed out. Re-enqueueing.
[Midd4VC] Job 0404147b-ada7-42ae-ac8b-69d5290df591 timed out. Re-enqueueing.
[Midd4VCServer] Assigning job 0404147b-ada7-42ae-ac8b-69d5290df591 to vehicle veh11
[Midd4VCServer] Assigning job 5ef54c1e-c8c9-4512-805d-2017853c64db to vehicle veh21
[Midd4VCServer] Assigning job c0b90811-09a8-4886-b390-24b50c9d7618 to vehicle veh38
[Midd4VCServer] job 0404147b-ada7-42ae-ac8b-69d5290df591 completed by vehicle veh11
[Midd4VCServer] job 5ef54c1e-c8c9-4512-805d-2017853c64db completed by vehicle veh21
[Midd4VCServer] job c0b90811-09a8-4886-b390-24b50c9d7618 completed by vehicle veh38
[Midd4VCServer] job received: 39ff2b6e-8e22-4106-b7c3-d7e677c1f1bf
[Midd4VCServer] Assigning job 39ff2b6e-8e22-4106-b7c3-d7e677c1f1bf to vehicle veh11
[Midd4VCServer] job 39ff2b6e-8e22-4106-b7c3-d7e677c1f1bf completed by vehicle veh11
[Midd4VCServer] Vehicle veh14 already registered.
[Midd4VCServer] Vehicle veh1 already registered.
[Midd4VCServer] Vehicle veh36 already registered.
[Midd4VCServer] Vehicle veh37 already registered.
[Midd4VCServer] job received: adb3b9e3-faf0-4dc8-8cd6-acb1d4399a17
[Midd4VC] Job 3a92ad12-468e-4fdc-8f7d-8d8d1450a692 timed out. Re-enqueueing.
[Midd4VC] Job 5b46968b-0f80-4dc8-a181-03511a37ffbc timed out. Re-enqueueing.
[Midd4VC] Job 10f35ac1-f9cb-4364-9b3b-44a9f771e83d timed out. Re-enqueueing.
[Midd4VC] Job df300759-5cd3-4204-b88b-ccd597deef81 timed out. Re-enqueueing.
[Midd4VC] Job f672e72c-89f9-47ff-8734-194727f7c5c7 timed out. Re-enqueueing.
[Midd4VCServer] Assigning job f672e72c-89f9-47ff-8734-194727f7c5c7 to vehicle veh29
[Midd4VCServer] Assigning job df300759-5cd3-4204-b88b-ccd597deef81 to vehicle veh34
[Midd4VCServer] Assigning job 10f35ac1-f9cb-4364-9b3b-44a9f771e83d to vehicle veh17
[Midd4VCServer] Assigning job 5b46968b-0f80-4dc8-a181-03511a37ffbc to vehicle veh5
[Midd4VCServer] Assigning job 3a92ad12-468e-4fdc-8f7d-8d8d1450a692 to vehicle veh35
[Midd4VCServer] Assigning job adb3b9e3-faf0-4dc8-8cd6-acb1d4399a17 to vehicle veh21
[Midd4VCServer] job f672e72c-89f9-47ff-8734-194727f7c5c7 completed by vehicle veh29
[Midd4VCServer] job 10f35ac1-f9cb-4364-9b3b-44a9f771e83d completed by vehicle veh17
[Midd4VCServer] job 3a92ad12-468e-4fdc-8f7d-8d8d1450a692 completed by vehicle veh35
[Midd4VCServer] job df300759-5cd3-4204-b88b-ccd597deef81 completed by vehicle veh34
[Midd4VCServer] job adb3b9e3-faf0-4dc8-8cd6-acb1d4399a17 completed by vehicle veh21
[Midd4VCServer] Vehicle veh27 already registered.
[Midd4VCServer] Vehicle veh40 already registered.
[Midd4VCServer] Vehicle veh8 already registered.
[Midd4VCServer] job received: 6969f9b0-a397-469c-8713-ebf40c9d638e
[Midd4VCServer] Assigning job 6969f9b0-a397-469c-8713-ebf40c9d638e to vehicle veh29
[Midd4VCServer] job 6969f9b0-a397-469c-8713-ebf40c9d638e completed by vehicle veh29
[Midd4VCServer] Disconnected with result code 7
[Midd4VCServer] Connected with result code 0
